"unique_id"|"competitor_name"|"store_name"|"store_addressline1"|"store_addressline2"|"store_suburb"|"store_state"|"store_postcode"|"store_addressid"|"extraction_date"|"product_name"|"brand"|"brand_type"|"grammage_quantity"|"grammage_unit"|"drained_weight"|"producthierarchy_level1"|"producthierarchy_level2"|"producthierarchy_level3"|"producthierarchy_level4"|"producthierarchy_level5"|"producthierarchy_level6"|"producthierarchy_level7"|"regular_price"|"selling_price"|"price_was"|"promotion_price"|"promotion_valid_from"|"promotion_valid_upto"|"promotion_type"|"percentage_discount"|"promotion_description"|"package_sizeof_sellingprice"|"per_unit_sizedescription"|"price_valid_from"|"price_per_unit"|"multi_buy_item_count"|"multi_buy_items_price_total"|"currency"|"breadcrumb"|"pdp_url"|"variants"|"product_description"|"instructions"|"storage_instructions"|"preparationinstructions"|"instructionforuse"|"country_of_origin"|"allergens"|"age_of_the_product"|"age_recommendations"|"flavour"|"nutritions"|"nutritional_information"|"vitamins"|"labelling"|"grade"|"region"|"packaging"|"receipies"|"processed_food"|"barcode"|"frozen"|"chilled"|"organictype"|"cooking_part"|"handmade"|"max_heating_temperature"|"special_information"|"label_information"|"dimensions"|"special_nutrition_purpose"|"feeding_recommendation"|"warranty"|"color"|"model_number"|"material"|"usp"|"dosage_recommendation"|"tasting_note"|"food_preservation"|"size"|"rating"|"review"|"file_name_1"|"image_url_1"|"file_name_2"|"image_url_2"|"file_name_3"|"image_url_3"|"file_name_4"|"image_url_4"|"file_name_5"|"image_url_5"|"file_name_6"|"image_url_6"|"competitor_product_key"|"fit_guide"|"occasion"|"material_composition"|"style"|"care_instructions"|"heel_type"|"heel_height"|"upc"|"features"|"dietary_lifestyle"|"manufacturer_address"|"importer_address"|"distributor_address"|"vinification_details"|"recycling_information"|"return_address"|"alchol_by_volume"|"beer_deg"|"netcontent"|"netweight"|"site_shown_uom"|"ingredients"|"random_weight_flag"|"instock"|"promo_limit"|"product_unique_key"|"multibuy_items_pricesingle"|"perfect_match"|"servings_per_pack"|"warning"|"suitable_for"|"standard_drinks"|"environmental"|"grape_variety"|"retail_limit"
"5331"|"colruyt"|""|""|""|""|""|""|""|"2026-03-13"|"COCA-COLA Regular Original Taste"|"COCA-COLA"|""|"33"|"cl"|""|"Dranken"|"Frisdrank"|"Cola"|"Regular/Origna Taste"|"COCA-COLA Regular Original Taste"|""|""|"0.81"|"0.81"|""|""|""|""|""|""|""|""|""|""|"2.48"|""|""|"EUR"|"Dranken > Frisdrank > Cola > Regular/Origna Taste > COCA-COLA Regular Original Taste"|"https://www.colruyt.be/nl/producten/5331"|""|"Bruisend, Bevat cafeïne"|""|""|""|""|"BELGIË"|"Sulfieten"|""|""|""|""|""|""|""|""|""|""|""|""|""|""|""|""|""|""|""|""|""|""|""|""|""|""|""|""|""|""|""|""|""|""|""|""|"https://static.colruytgroup.com/images/500x500/std.lang.all/48/06/asset-3824806.jpg"|""|""|""|""|""|""|""|""|""|""|""|""|""|""|""|""|""|""|""|""|""|""|""|""|""|""|""|""|""|""|""|"33cl"|""|""|"True"|""|"5331P"|""|""|""|""|""|""|""|""|""
"5656"|"colruyt"|""|""|""|""|""|""|""|"2026-03-13"|"COCA-COLA Zero Sugar"|"COCA-COLA"|""|"33"|"cl"|""|"Dranken"|"Frisdrank"|"Cola"|"Zero/Light"|"COCA-COLA Zero Sugar"|""|""|"0.81"|"0.81"|""|""|""|""|""|""|""|""|""|""|"2.48"|""|""|"EUR"|"Dranken > Frisdrank > Cola > Zero/Light > COCA-COLA Zero Sugar"|"https://www.colruyt.be/nl/producten/5656"|""|"Bruisend, Met zoetstoffen, Bevat cafeïne"|""|""|""|""|"BELGIË"|"Sulfieten"|""|""|""|""|""|""|""|""|""|""|""|""|""|""|""|""|""|""|""|""|""|""|""|""|""|""|""|""|""|""|""|""|""|""|""|""|"https://static.colruytgroup.com/images/500x500/std.lang.all/47/89/asset-3824789.jpg"|""|""|""|""|""|""|""|""|""|""|""|""|""|""|""|""|""|""|""|""|""|""|""|""|""|""|""|""|""|""|""|"33cl"|""|""|"True"|""|"5656P"|""|""|""|""|""|""|""|""|""
"5531"|"colruyt"|""|""|""|""|""|""|""|"2026-03-13"|"RODEO energiedrank blik"|"RODEO"|""|"25"|"cl"|""|"Dranken"|"Frisdrank"|"Energydrinks"|"RODEO energiedrank blik"|""|""|""|"0.45"|"0.45"|""|""|""|""|""|""|"0.41 vanaf 24 st"|""|""|""|"1.8"|""|""|"EUR"|"Dranken > Frisdrank > Energydrinks > RODEO energiedrank blik"|"https://www.colruyt.be/nl/producten/5531"|""|"Energiedrank, Taurine/cafeïne"|""|""|""|""|"NEDERLAND"|"Sulfieten"|""|""|""|""|""|""|""|""|""|""|""|""|""|""|""|""|""|""|""|""|""|""|""|""|""|""|""|""|""|""|""|""|""|""|""|""|"https://static.colruytgroup.com/images/500x500/std.lang.all/66/18/asset-956618.jpg"|""|""|""|""|""|""|""|""|""|""|""|""|""|""|""|""|""|""|""|""|""|""|""|""|""|""|""|""|""|""|""|"25cl"|""|""|"True"|""|"5531P"|""|""|""|""|""|""|""|""|""
"5329"|"colruyt"|""|""|""|""|""|""|""|"2026-03-13"|"PEPSI Zero Sugar Cola"|"PEPSI"|""|"33"|"cl"|""|"Dranken"|"Frisdrank"|"Cola"|"Zero/Light"|"PEPSI Zero Sugar Cola"|""|""|"0.46"|"0.46"|""|""|""|""|""|""|""|""|""|""|"1.41"|""|""|"EUR"|"Dranken > Frisdrank > Cola > Zero/Light > PEPSI Zero Sugar Cola"|"https://www.colruyt.be/nl/producten/5329"|""|"Frisdrank, Cola, Met zoetstoffen"|""|""|""|""|"EUROPA"|"Sulfieten"|""|""|""|""|""|""|""|""|""|""|""|""|""|""|""|""|""|""|""|""|""|""|""|""|""|""|""|""|""|""|""|""|""|""|""|""|"https://static.colruytgroup.com/images/500x500/std.lang.all/82/80/asset-3428280.jpg"|""|""|""|""|""|""|""|""|""|""|""|""|""|""|""|""|""|""|""|""|""|""|""|""|""|""|""|""|""|""|""|"33cl"|""|""|"True"|""|"5329P"|""|""|""|""|""|""|""|""|""
"42810"|"colruyt"|""|""|""|""|""|""|""|"2026-03-13"|"COCA-COLA Regular Original Taste"|"COCA-COLA"|""|"1,5"|"L"|""|"Dranken"|"Frisdrank"|"Cola"|"Regular/Origna Taste"|"COCA-COLA Regular Original Taste"|""|""|"2.33"|"2.33"|""|""|"11-03-2026"|"24-03-2026"|""|""|""|""|""|"11-03-2026"|"1.56"|""|""|"EUR"|"Dranken > Frisdrank > Cola > Regular/Origna Taste > COCA-COLA Regular Original Taste"|"https://www.colruyt.be/nl/producten/42810"|""|"Bruisend, Bevat cafeïne"|""|""|""|""|"BELGIË"|"Sulfieten"|""|""|""|""|""|""|""|""|""|""|""|""|""|""|""|""|""|""|""|""|""|""|""|""|""|""|""|""|""|""|""|""|""|""|""|""|"https://static.colruytgroup.com/images/500x500/std.lang.all/24/06/asset-3182406.jpg"|""|""|""|""|""|""|""|""|""|""|""|""|""|""|""|""|""|""|""|""|""|""|""|""|""|""|""|""|""|""|""|"1,5L"|""|""|"True"|""|"42810P"|""|""|""|""|""|""|""|""|""
"5214"|"colruyt"|""|""|""|""|""|""|""|"2026-03-13"|"RED BULL energiedrank"|"RED BULL"|""|"25"|"cl"|""|"Dranken"|"Frisdrank"|"Energydrinks"|"RED BULL energiedrank"|""|""|""|"1.17"|"1.17"|""|""|""|""|""|""|""|""|""|""|"5.0"|""|""|"EUR"|"Dranken > Frisdrank > Energydrinks > RED BULL energiedrank"|"https://www.colruyt.be/nl/producten/5214"|""|"Energiedrank, Taurine/Cafeïne"|""|""|""|""|"OOSTENRIJK"|""|""|""|""|""|""|""|""|""|""|""|""|""|""|""|""|""|""|""|""|""|""|""|""|""|""|""|""|""|""|""|""|""|""|""|""|""|"https://static.colruytgroup.com/images/500x500/std.lang.all/71/79/asset-387179.jpg"|""|""|""|""|""|""|""|""|""|""|""|""|""|""|""|""|""|""|""|""|""|""|""|""|""|""|""|""|""|""|""|"25cl"|""|""|"True"|""|"5214P"|""|""|""|""|""|""|""|""|""
"5013"|"colruyt"|""|""|""|""|""|""|""|"2026-03-13"|"EVERYDAY cola regular"|"EVERYDAY"|""|"1,5"|"L"|""|"Dranken"|"Frisdrank"|"Cola"|"Regular/Origna Taste"|"EVERYDAY cola regular"|""|""|"0.56"|"0.56"|""|""|""|""|""|""|""|""|""|""|"0.38"|""|""|"EUR"|"Dranken > Frisdrank > Cola > Regular/Origna Taste > EVERYDAY cola regular"|"https://www.colruyt.be/nl/producten/5013"|""|"Bruisend, Bevat cafeïne"|""|""|""|""|"BELGIË"|"Sulfieten"|""|""|""|""|""|""|""|""|""|""|""|""|""|""|""|""|""|""|""|""|""|""|""|""|""|""|""|""|""|""|""|""|""|""|""|""|"https://static.colruytgroup.com/images/500x500/std.lang.all/07/21/asset-640721.jpg"|""|""|""|""|""|""|""|""|""|""|""|""|""|""|""|""|""|""|""|""|""|""|""|""|""|""|""|""|""|""|""|"1,5L"|""|""|"True"|""|"5013P"|""|""|""|""|""|""|""|""|""
"37990"|"colruyt"|""|""|""|""|""|""|""|"2026-03-13"|"COCA-COLA Zero Sugar"|"COCA-COLA"|""|"1,5"|"L"|""|"Dranken"|"Frisdrank"|"Cola"|"Zero/Light"|"COCA-COLA Zero Sugar"|""|""|"2.29"|"2.29"|""|""|"11-03-2026"|"24-03-2026"|""|""|""|""|""|"11-03-2026"|"1.53"|""|""|"EUR"|"Dranken > Frisdrank > Cola > Zero/Light > COCA-COLA Zero Sugar"|"https://www.colruyt.be/nl/producten/37990"|""|"Met zoetstoffen, Bevat cafeïne"|""|""|""|""|"BELGIË"|"Sulfieten"|""|""|""|""|""|""|""|""|""|""|""|""|""|""|""|""|""|""|""|""|""|""|""|""|""|""|""|""|""|""|""|""|""|""|""|""|"https://static.colruytgroup.com/images/500x500/std.lang.all/35/58/asset-3643558.jpg"|""|""|""|""|""|""|""|""|""|""|""|""|""|""|""|""|""|""|""|""|""|""|""|""|""|""|""|""|""|""|""|"1,5L"|""|""|"True"|""|"37990P"|""|""|""|""|""|""|""|""|""
"5373"|"colruyt"|""|""|""|""|""|""|""|"2026-03-13"|"COCA-COLA Regular Original Taste"|"COCA-COLA"|""|"1"|"L"|""|"Dranken"|"Frisdrank"|"Cola"|"Regular/Origna Taste"|"COCA-COLA Regular Original Taste"|""|""|"1.50"|"1.50"|""|""|""|""|""|""|""|""|""|""|"1.5"|""|""|"EUR"|"Dranken > Frisdrank > Cola > Regular/Origna Taste > COCA-COLA Regular Original Taste"|"https://www.colruyt.be/nl/producten/5373"|""|"Bruisend, Bevat cafeïne"|""|""|""|""|"BELGIË"|"Sulfieten"|""|""|""|""|""|""|""|""|""|""|""|""|""|""|""|""|""|""|""|""|""|""|""|""|""|""|""|""|""|""|""|""|""|""|""|""|"https://static.colruytgroup.com/images/500x500/std.lang.all/24/04/asset-3182404.jpg"|""|""|""|""|""|""|""|""|""|""|""|""|""|""|""|""|""|""|""|""|""|""|""|""|""|""|""|""|""|""|""|"1L"|""|""|"True"|""|"5373P"|""|""|""|""|""|""|""|""|""
"1189"|"colruyt"|""|""|""|""|""|""|""|"2026-03-13"|"BONI Iced Tea Peach niet-bruisend"|"BONI"|""|"1,5"|"L"|""|"Dranken"|"Frisdrank"|"Iced tea"|"Niet-bruisende Iced tea"|"BONI Iced Tea Peach niet-bruisend"|""|""|"0.81"|"0.81"|""|""|""|""|""|""|""|""|""|""|"0.55"|""|""|"EUR"|"Dranken > Frisdrank > Iced tea > Niet-bruisende Iced tea > BONI Iced Tea Peach niet-bruisend"|"https://www.colruyt.be/nl/producten/1189"|""|"Smaak: perzik, Niet-bruisend"|""|""|""|""|"DUITSLAND"|""|""|""|""|""|""|""|""|""|""|""|""|""|""|""|""|""|""|""|""|""|""|""|""|""|""|""|""|""|""|""|""|""|""|""|""|""|"https://static.colruytgroup.com/images/500x500/std.lang.all/41/55/asset-3224155.jpg"|""|""|""|""|""|""|""|""|""|""|""|""|""|""|""|""|""|""|""|""|""|""|""|""|""|""|""|""|""|""|""|"1,5L"|""|""|"True"|""|"1189P"|""|""|""|""|""|""|""|""|""
"5019"|"colruyt"|""|""|""|""|""|""|""|"2026-03-13"|"COCA-COLA Zero Sugar"|"COCA-COLA"|""|"1"|"L"|""|"Dranken"|"Frisdrank"|"Cola"|"Zero/Light"|"COCA-COLA Zero Sugar"|""|""|"1.50"|"1.50"|""|""|""|""|""|""|""|""|""|""|"1.5"|""|""|"EUR"|"Dranken > Frisdrank > Cola > Zero/Light > COCA-COLA Zero Sugar"|"https://www.colruyt.be/nl/producten/5019"|""|"Bruisend, Met zoetstoffen, Bevat cafeïne"|""|""|""|""|"BELGIË"|"Sulfieten"|""|""|""|""|""|""|""|""|""|""|""|""|""|""|""|""|""|""|""|""|""|""|""|""|""|""|""|""|""|""|""|""|""|""|""|""|"https://static.colruytgroup.com/images/500x500/std.lang.all/24/05/asset-3182405.jpg"|""|""|""|""|""|""|""|""|""|""|""|""|""|""|""|""|""|""|""|""|""|""|""|""|""|""|""|""|""|""|""|"1L"|""|""|"True"|""|"5019P"|""|""|""|""|""|""|""|""|""
"5405"|"colruyt"|""|""|""|""|""|""|""|"2026-03-13"|"COCA-COLA Regular Original Taste"|"COCA-COLA"|""|"50"|"cl"|""|"Dranken"|"Frisdrank"|"Cola"|"Regular/Origna Taste"|"COCA-COLA Regular Original Taste"|""|""|"1.35"|"1.35"|""|""|""|""|""|""|""|""|""|""|"2.7"|""|""|"EUR"|"Dranken > Frisdrank > Cola > Regular/Origna Taste > COCA-COLA Regular Original Taste"|"https://www.colruyt.be/nl/producten/5405"|""|"Bruisend, Bevat cafeïne"|""|""|""|""|"BELGIË"|"Sulfieten"|""|""|""|""|""|""|""|""|""|""|""|""|""|""|""|""|""|""|""|""|""|""|""|""|""|""|""|""|""|""|""|""|""|""|""|""|"https://static.colruytgroup.com/images/500x500/std.lang.all/90/15/asset-3209015.jpg"|""|""|""|""|""|""|""|""|""|""|""|""|""|""|""|""|""|""|""|""|""|""|""|""|""|""|""|""|""|""|""|"50cl"|""|""|"True"|""|"5405P"|""|""|""|""|""|""|""|""|""
"1064"|"colruyt"|""|""|""|""|""|""|""|"2026-03-13"|"LIPTON Ice Tea Original bruisend"|"LIPTON"|""|"1,5"|"L"|""|"Dranken"|"Frisdrank"|"Iced tea"|"Bruisend Iced tea"|"LIPTON Ice Tea Original bruisend"|""|""|"1.88"|"1.88"|""|""|"11-03-2026"|"24-03-2026"|""|""|""|""|""|"11-03-2026"|"1.26"|""|""|"EUR"|"Dranken > Frisdrank > Iced tea > Bruisend Iced tea > LIPTON Ice Tea Original bruisend"|"https://www.colruyt.be/nl/producten/1064"|""|"Ice tea, Perziksmaak, Sparkling, Ijs thee, Soft drink"|""|""|""|""|"BELGIË"|"Pindanoten, Sulfieten, Mosterd, Gluten, Noten, Lupine, Sesamzaden, Soja, Selder"|""|""|""|""|""|""|""|""|""|""|""|""|""|""|""|""|""|""|""|""|""|""|""|""|""|""|""|""|""|""|""|""|""|""|""|""|"https://static.colruytgroup.com/images/500x500/std.lang.all/62/03/asset-3796203.jpg"|""|""|""|""|""|""|""|""|""|""|""|""|""|""|""|""|""|""|""|""|""|""|""|""|""|""|""|""|""|""|""|"1,5L"|""|""|"True"|""|"1064P"|""|""|""|""|""|""|""|""|""
"5225"|"colruyt"|""|""|""|""|""|""|""|"2026-03-13"|"BONI Limonade Orange"|"BONI"|""|"1,5"|"L"|""|"Dranken"|"Frisdrank"|"Bruisende limonade"|"Bruisende limonade sinaas"|"BONI Limonade Orange"|""|""|"0.65"|"0.65"|""|""|""|""|""|""|""|""|""|""|"0.439"|""|""|"EUR"|"Dranken > Frisdrank > Bruisende limonade > Bruisende limonade sinaas > BONI Limonade Orange"|"https://www.colruyt.be/nl/producten/5225"|""|"Bruisende limonade, Smaak: sinaasappel"|""|""|""|""|"FRANKRIJK"|""|""|""|""|""|""|""|""|""|""|""|""|""|""|""|""|""|""|""|""|""|""|""|""|""|""|""|""|""|""|""|""|""|""|""|""|""|"https://static.colruytgroup.com/images/500x500/std.lang.all/74/71/asset-3977471.jpg"|""|""|""|""|""|""|""|""|""|""|""|""|""|""|""|""|""|""|""|""|""|""|""|""|""|""|""|""|""|""|""|"1,5L"|""|""|"True"|""|"5225P"|""|""|""|""|""|""|""|""|""
"5073"|"colruyt"|""|""|""|""|""|""|""|"2026-03-13"|"EVERYDAY cola regular"|"EVERYDAY"|""|"50"|"cl"|""|"Dranken"|"Frisdrank"|"Cola"|"Regular/Origna Taste"|"EVERYDAY cola regular"|""|""|"0.25"|"0.25"|""|""|""|""|""|""|""|""|""|""|"0.5"|""|""|"EUR"|"Dranken > Frisdrank > Cola > Regular/Origna Taste > EVERYDAY cola regular"|"https://www.colruyt.be/nl/producten/5073"|""|"Bruisend, Met suiker, Bevat cafeïne"|""|""|""|""|"BELGIË"|"Sulfieten"|""|""|""|""|""|""|""|""|""|""|""|""|""|""|""|""|""|""|""|""|""|""|""|""|""|""|""|""|""|""|""|""|""|""|""|""|"https://static.colruytgroup.com/images/500x500/std.lang.all/47/76/asset-1524776.jpg"|""|""|""|""|""|""|""|""|""|""|""|""|""|""|""|""|""|""|""|""|""|""|""|""|""|""|""|""|""|""|""|"50cl"|""|""|"True"|""|"5073P"|""|""|""|""|""|""|""|""|""
"5017"|"colruyt"|""|""|""|""|""|""|""|"2026-03-13"|"COCA-COLA Zero Sugar"|"COCA-COLA"|""|"50"|"cl"|""|"Dranken"|"Frisdrank"|"Cola"|"Zero/Light"|"COCA-COLA Zero Sugar"|""|""|"1.39"|"1.39"|""|""|""|""|""|""|""|""|""|""|"2.78"|""|""|"EUR"|"Dranken > Frisdrank > Cola > Zero/Light > COCA-COLA Zero Sugar"|"https://www.colruyt.be/nl/producten/5017"|""|"Bruisend, Met zoetstoffen, Bevat cafeïne"|""|""|""|""|"BELGIË"|"Sulfieten"|""|""|""|""|""|""|""|""|""|""|""|""|""|""|""|""|""|""|""|""|""|""|""|""|""|""|""|""|""|""|""|""|""|""|""|""|"https://static.colruytgroup.com/images/500x500/std.lang.all/90/18/asset-3209018.jpg"|""|""|""|""|""|""|""|""|""|""|""|""|""|""|""|""|""|""|""|""|""|""|""|""|""|""|""|""|""|""|""|"50cl"|""|""|"True"|""|"5017P"|""|""|""|""|""|""|""|""|""
"5333"|"colruyt"|""|""|""|""|""|""|""|"2026-03-13"|"FANTA Orange"|"FANTA"|""|"33"|"cl"|""|"Dranken"|"Frisdrank"|"Bruisende limonade"|"Bruisende limonade sinaas"|"FANTA Orange"|""|""|"0.84"|"0.84"|""|""|""|""|""|""|""|""|""|""|"2.58"|""|""|"EUR"|"Dranken > Frisdrank > Bruisende limonade > Bruisende limonade sinaas > FANTA Orange"|"https://www.colruyt.be/nl/producten/5333"|""|"Bruisende limonade, Smaak: sinaasappel"|""|""|""|""|"BELGIË"|""|""|""|""|""|""|""|""|""|""|""|""|""|""|""|""|""|""|""|""|""|""|""|""|""|""|""|""|""|""|""|""|""|""|""|""|""|"https://static.colruytgroup.com/images/500x500/std.lang.all/74/81/asset-3497481.jpg"|""|""|""|""|""|""|""|""|""|""|""|""|""|""|""|""|""|""|""|""|""|""|""|""|""|""|""|""|""|""|""|"33cl"|""|""|"True"|""|"5333P"|""|""|""|""|""|""|""|""|""
"11610"|"colruyt"|""|""|""|""|""|""|""|"2026-03-13"|"PEPSI Zero Sugar Cola"|"PEPSI"|""|"1,5"|"L"|""|"Dranken"|"Frisdrank"|"Cola"|"Zero/Light"|"PEPSI Zero Sugar Cola"|""|""|"2.25"|"2.25"|""|""|""|""|""|""|""|""|""|""|"1.5"|""|""|"EUR"|"Dranken > Frisdrank > Cola > Zero/Light > PEPSI Zero Sugar Cola"|"https://www.colruyt.be/nl/producten/11610"|""|"Frisdrank, Cola, Met zoetstoffen"|""|""|""|""|"EUROPA"|"Sulfieten"|""|""|""|""|""|""|""|""|""|""|""|""|""|""|""|""|""|""|""|""|""|""|""|""|""|""|""|""|""|""|""|""|""|""|""|""|"https://static.colruytgroup.com/images/500x500/std.lang.all/25/73/asset-3432573.jpg"|""|""|""|""|""|""|""|""|""|""|""|""|""|""|""|""|""|""|""|""|""|""|""|""|""|""|""|""|""|""|""|"1,5L"|""|""|"True"|""|"11610P"|""|""|""|""|""|""|""|""|""
"5055"|"colruyt"|""|""|""|""|""|""|""|"2026-03-13"|"COCA-COLA Regular Original Taste"|"COCA-COLA"|""|"2"|"L"|""|"Dranken"|"Frisdrank"|"Cola"|"Regular/Origna Taste"|"COCA-COLA Regular Original Taste"|""|""|"2.95"|"2.95"|""|""|""|""|""|""|""|""|""|""|"1.48"|""|""|"EUR"|"Dranken > Frisdrank > Cola > Regular/Origna Taste > COCA-COLA Regular Original Taste"|"https://www.colruyt.be/nl/producten/5055"|""|"Bruisend, Bevat cafeïne"|""|""|""|""|"BELGIË"|"Sulfieten"|""|""|""|""|""|""|""|""|""|""|""|""|""|""|""|""|""|""|""|""|""|""|""|""|""|""|""|""|""|""|""|""|""|""|""|""|"https://static.colruytgroup.com/images/500x500/std.lang.all/90/13/asset-3209013.jpg"|""|""|""|""|""|""|""|""|""|""|""|""|""|""|""|""|""|""|""|""|""|""|""|""|""|""|""|""|""|""|""|"2L"|""|""|"True"|""|"5055P"|""|""|""|""|""|""|""|""|""
"44474"|"colruyt"|""|""|""|""|""|""|""|"2026-03-13"|"FANTA Orange"|"FANTA"|""|"1,5"|"L"|""|"Dranken"|"Frisdrank"|"Bruisende limonade"|"Bruisende limonade sinaas"|"FANTA Orange"|""|""|"2.04"|"2.04"|""|""|"11-03-2026"|"24-03-2026"|""|""|""|""|""|"11-03-2026"|"1.37"|""|""|"EUR"|"Dranken > Frisdrank > Bruisende limonade > Bruisende limonade sinaas > FANTA Orange"|"https://www.colruyt.be/nl/producten/44474"|""|"Bruisende limonade, Smaak: sinaasappel"|""|""|""|""|"BELGIË"|""|""|""|""|""|""|""|""|""|""|""|""|""|""|""|""|""|""|""|""|""|""|""|""|""|""|""|""|""|""|""|""|""|""|""|""|""|"https://static.colruytgroup.com/images/500x500/std.lang.all/72/54/asset-3497254.jpg"|""|""|""|""|""|""|""|""|""|""|""|""|""|""|""|""|""|""|""|""|""|""|""|""|""|""|""|""|""|""|""|"1,5L"|""|""|"True"|""|"44474P"|""|""|""|""|""|""|""|""|""
"4671"|"colruyt"|""|""|""|""|""|""|""|"2026-03-13"|"LIPTON Ice Tea Zero bruisend"|"LIPTON"|""|"33"|"cl"|""|"Dranken"|"Frisdrank"|"Iced tea"|"Bruisend Iced tea"|"LIPTON Ice Tea Zero bruisend"|""|""|"0.74"|"0.74"|""|""|""|""|""|""|""|""|""|""|"2.27"|""|""|"EUR"|"Dranken > Frisdrank > Iced tea > Bruisend Iced tea > LIPTON Ice Tea Zero bruisend"|"https://www.colruyt.be/nl/producten/4671"|""|"Ice tea, Zwarte theesmaak, Sparkling, Ijs thee, Soft drink"|""|""|""|""|"NEDERLAND"|"Pindanoten, Sulfieten, Mosterd, Gluten, Noten, Lupine, Sesamzaden, Soja, Selder"|""|""|""|""|""|""|""|""|""|""|""|""|""|""|""|""|""|""|""|""|""|""|""|""|""|""|""|""|""|""|""|""|""|""|""|""|"https://static.colruytgroup.com/images/500x500/std.lang.all/53/39/asset-3205339.jpg"|""|""|""|""|""|""|""|""|""|""|""|""|""|""|""|""|""|""|""|""|""|""|""|""|""|""|""|""|""|""|""|"33cl"|""|""|"True"|""|"4671P"|""|""|""|""|""|""|""|""|""
"5330"|"colruyt"|""|""|""|""|""|""|""|"2026-03-13"|"FANTA Zero Sugar Orange"|"FANTA"|""|"33"|"cl"|""|"Dranken"|"Frisdrank"|"Bruisende limonade"|"Bruisende limonade sinaas"|"FANTA Zero Sugar Orange"|""|""|"0.94"|"0.94"|""|""|""|""|""|""|""|""|""|""|"2.88"|""|""|"EUR"|"Dranken > Frisdrank > Bruisende limonade > Bruisende limonade sinaas > FANTA Zero Sugar Orange"|"https://www.colruyt.be/nl/producten/5330"|""|"Smaak: sinaasappel, Bruisend, Met zoetstoffen"|""|""|""|""|"BELGIË"|""|""|""|""|""|""|""|""|""|""|""|""|""|""|""|""|""|""|""|""|""|""|""|""|""|""|""|""|""|""|""|""|""|""|""|""|""|"https://static.colruytgroup.com/images/500x500/std.lang.all/01/58/asset-3710158.jpg"|""|""|""|""|""|""|""|""|""|""|""|""|""|""|""|""|""|""|""|""|""|""|""|""|""|""|""|""|""|""|""|"33cl"|""|""|"True"|""|"5330P"|""|""|""|""|""|""|""|""|""
"13037"|"colruyt"|""|""|""|""|""|""|""|"2026-03-13"|"EVERYDAY cola zero"|"EVERYDAY"|""|"1,5"|"L"|""|"Dranken"|"Frisdrank"|"Cola"|"Zero/Light"|"EVERYDAY cola zero"|""|""|"0.56"|"0.56"|""|""|""|""|""|""|""|""|""|""|"0.38"|""|""|"EUR"|"Dranken > Frisdrank > Cola > Zero/Light > EVERYDAY cola zero"|"https://www.colruyt.be/nl/producten/13037"|""|"Bruisend, Met zoetstoffen, Bevat cafeïne"|""|""|""|""|"BELGIË"|"Sulfieten"|""|""|""|""|""|""|""|""|""|""|""|""|""|""|""|""|""|""|""|""|""|""|""|""|""|""|""|""|""|""|""|""|""|""|""|""|"https://static.colruytgroup.com/images/500x500/std.lang.all/84/18/asset-958418.jpg"|""|""|""|""|""|""|""|""|""|""|""|""|""|""|""|""|""|""|""|""|""|""|""|""|""|""|""|""|""|""|""|"1,5L"|""|""|"True"|""|"13037P"|""|""|""|""|""|""|""|""|""
"4436"|"colruyt"|""|""|""|""|""|""|""|"2026-03-13"|"COCA-COLA Regular Original Taste"|"COCA-COLA"|""|"15"|"cl"|""|"Dranken"|"Frisdrank"|"Cola"|"Regular/Origna Taste"|"COCA-COLA Regular Original Taste"|""|""|"0.53"|"0.53"|""|""|""|""|""|""|""|""|""|""|"3.58"|""|""|"EUR"|"Dranken > Frisdrank > Cola > Regular/Origna Taste > COCA-COLA Regular Original Taste"|"https://www.colruyt.be/nl/producten/4436"|""|"Bruisend, Bevat cafeïne"|""|""|""|""|"BELGIË"|"Sulfieten"|""|""|""|""|""|""|""|""|""|""|""|""|""|""|""|""|""|""|""|""|""|""|""|""|""|""|""|""|""|""|""|""|""|""|""|""|"https://static.colruytgroup.com/images/500x500/std.lang.all/47/17/asset-2554717.jpg"|""|""|""|""|""|""|""|""|""|""|""|""|""|""|""|""|""|""|""|""|""|""|""|""|""|""|""|""|""|""|""|"15cl"|""|""|"True"|""|"4436P"|""|""|""|""|""|""|""|""|""
"5653"|"colruyt"|""|""|""|""|""|""|""|"2026-03-13"|"COCA-COLA Zero Sugar"|"COCA-COLA"|""|"2"|"L"|""|"Dranken"|"Frisdrank"|"Cola"|"Zero/Light"|"COCA-COLA Zero Sugar"|""|""|"2.75"|"2.75"|""|""|""|""|""|""|""|""|""|""|"1.38"|""|""|"EUR"|"Dranken > Frisdrank > Cola > Zero/Light > COCA-COLA Zero Sugar"|"https://www.colruyt.be/nl/producten/5653"|""|"Coca cola zero is een softdrink op basis van cafeine en vervang-suikers. Koel drinken."|""|""|""|""|"BELGIË"|"Sulfieten"|""|""|""|""|""|""|""|""|""|""|""|""|""|""|""|""|""|""|""|""|""|""|""|""|""|""|""|""|""|""|""|""|""|""|""|""|"https://static.colruytgroup.com/images/500x500/std.lang.all/91/23/asset-3209123.jpg"|""|""|""|""|""|""|""|""|""|""|""|""|""|""|""|""|""|""|""|""|""|""|""|""|""|""|""|""|""|""|""|"2L"|""|""|"True"|""|"5653P"|""|""|""|""|""|""|""|""|""
"24361"|"colruyt"|""|""|""|""|""|""|""|"2026-03-13"|"EVERYDAY cola zero"|"EVERYDAY"|""|"50"|"cl"|""|"Dranken"|"Frisdrank"|"Cola"|"Zero/Light"|"EVERYDAY cola zero"|""|""|"0.25"|"0.25"|""|""|""|""|""|""|""|""|""|""|"0.5"|""|""|"EUR"|"Dranken > Frisdrank > Cola > Zero/Light > EVERYDAY cola zero"|"https://www.colruyt.be/nl/producten/24361"|""|"Bruisend, Met zoetstoffen, Bevat cafeïne"|""|""|""|""|"BELGIË"|"Sulfieten"|""|""|""|""|""|""|""|""|""|""|""|""|""|""|""|""|""|""|""|""|""|""|""|""|""|""|""|""|""|""|""|""|""|""|""|""|"https://static.colruytgroup.com/images/500x500/std.lang.all/88/18/asset-1508818.jpg"|""|""|""|""|""|""|""|""|""|""|""|""|""|""|""|""|""|""|""|""|""|""|""|""|""|""|""|""|""|""|""|"50cl"|""|""|"True"|""|"24361P"|""|""|""|""|""|""|""|""|""
"5437"|"colruyt"|""|""|""|""|""|""|""|"2026-03-13"|"COCA-COLA Regular Origin. Taste PET"|"COCA-COLA"|""|"25"|"cl"|""|"Dranken"|"Frisdrank"|"Cola"|"Regular/Origna Taste"|"COCA-COLA Regular Origin. Taste PET"|""|""|"1.04"|"1.04"|""|""|""|""|""|""|""|""|""|""|"4.16"|""|""|"EUR"|"Dranken > Frisdrank > Cola > Regular/Origna Taste > COCA-COLA Regular Origin. Taste PET"|"https://www.colruyt.be/nl/producten/5437"|""|"Bruisend, Bevat cafeïne"|""|""|""|""|"BELGIË"|"Sulfieten"|""|""|""|""|""|""|""|""|""|""|""|""|""|""|""|""|""|""|""|""|""|""|""|""|""|""|""|""|""|""|""|""|""|""|""|""|"https://static.colruytgroup.com/images/500x500/std.lang.all/91/22/asset-3209122.jpg"|""|""|""|""|""|""|""|""|""|""|""|""|""|""|""|""|""|""|""|""|""|""|""|""|""|""|""|""|""|""|""|"25cl"|""|""|"True"|""|"5437P"|""|""|""|""|""|""|""|""|""
"5470"|"colruyt"|""|""|""|""|""|""|""|"2026-03-13"|"NALU energiedrank"|"NALU"|""|"25"|"cl"|""|"Dranken"|"Frisdrank"|"Energydrinks"|"NALU energiedrank"|""|""|""|"1.05"|"1.05"|""|""|""|""|""|""|""|""|""|""|"4.2"|""|""|"EUR"|"Dranken > Frisdrank > Energydrinks > NALU energiedrank"|"https://www.colruyt.be/nl/producten/5470"|""|"Energiedrank, Cafeïne, Suiker/zoetstoffen"|""|""|""|""|"BELGIË"|""|""|""|""|""|""|""|""|""|""|""|""|""|""|""|""|""|""|""|""|""|""|""|""|""|""|""|""|""|""|""|""|""|""|""|""|""|"https://static.colruytgroup.com/images/500x500/std.lang.all/49/75/asset-2294975.jpg"|""|""|""|""|""|""|""|""|""|""|""|""|""|""|""|""|""|""|""|""|""|""|""|""|""|""|""|""|""|""|""|"25cl"|""|""|"True"|""|"5470P"|""|""|""|""|""|""|""|""|""
"3075"|"colruyt"|""|""|""|""|""|""|""|"2026-03-13"|"COCA-COLA Zero Sugar"|"COCA-COLA"|""|"15"|"cl"|""|"Dranken"|"Frisdrank"|"Cola"|"Zero/Light"|"COCA-COLA Zero Sugar"|""|""|"0.52"|"0.52"|""|""|""|""|""|""|""|""|""|""|"3.5"|""|""|"EUR"|"Dranken > Frisdrank > Cola > Zero/Light > COCA-COLA Zero Sugar"|"https://www.colruyt.be/nl/producten/3075"|""|"Bruisend, Met zoetstoffen, Bevat cafeïne"|""|""|""|""|"BELGIË"|"Sulfieten"|""|""|""|""|""|""|""|""|""|""|""|""|""|""|""|""|""|""|""|""|""|""|""|""|""|""|""|""|""|""|""|""|""|""|""|""|"https://static.colruytgroup.com/images/500x500/std.lang.all/80/05/asset-2538005.jpg"|""|""|""|""|""|""|""|""|""|""|""|""|""|""|""|""|""|""|""|""|""|""|""|""|""|""|""|""|""|""|""|"15cl"|""|""|"True"|""|"3075P"|""|""|""|""|""|""|""|""|""
"18868"|"colruyt"|""|""|""|""|""|""|""|"2026-03-13"|"BONI Sportdrank Red Peach"|"BONI"|""|"50"|"cl"|""|"Dranken"|"Frisdrank"|"Sportdrinks"|"BONI Sportdrank Red Peach"|""|""|""|"0.66"|"0.66"|""|""|""|""|""|""|""|""|""|""|"1.33"|""|""|"EUR"|"Dranken > Frisdrank > Sportdrinks > BONI Sportdrank Red Peach"|"https://www.colruyt.be/nl/producten/18868"|""|"Sportdrank, Smaak: perzik"|""|""|""|""|"NEDERLAND"|""|""|""|""|""|""|""|""|""|""|""|""|""|""|""|""|""|""|""|""|""|""|""|""|""|""|""|""|""|""|""|""|""|""|""|""|""|"https://static.colruytgroup.com/images/500x500/std.lang.all/33/90/asset-3493390.jpg"|""|""|""|""|""|""|""|""|""|""|""|""|""|""|""|""|""|""|""|""|""|""|""|""|""|""|""|""|""|""|""|"50cl"|""|""|"True"|""|"18868P"|""|""|""|""|""|""|""|""|""
"5014"|"colruyt"|""|""|""|""|""|""|""|"2026-03-13"|"BONI Limonade citroen"|"BONI"|""|"1,5"|"L"|""|"Dranken"|"Frisdrank"|"Bruisende limonade"|"Bruisende limonade citroen/limoen"|"BONI Limonade citroen"|""|""|"0.65"|"0.65"|""|""|""|""|""|""|""|""|""|""|"0.434"|""|""|"EUR"|"Dranken > Frisdrank > Bruisende limonade > Bruisende limonade citroen/limoen > BONI Limonade citroen"|"https://www.colruyt.be/nl/producten/5014"|""|"Bruisende limonade, Smaak: citroen"|""|""|""|""|"BELGIË"|""|""|""|""|""|""|""|""|""|""|""|""|""|""|""|""|""|""|""|""|""|""|""|""|""|""|""|""|""|""|""|""|""|""|""|""|""|"https://static.colruytgroup.com/images/500x500/std.lang.all/59/21/asset-3815921.jpg"|""|""|""|""|""|""|""|""|""|""|""|""|""|""|""|""|""|""|""|""|""|""|""|""|""|""|""|""|""|""|""|"1,5L"|""|""|"True"|""|"5014P"|""|""|""|""|""|""|""|""|""
"11490"|"colruyt"|""|""|""|""|""|""|""|"2026-03-13"|"BONI Iced Tea Peach niet-bruisend"|"BONI"|""|"50"|"cl"|""|"Dranken"|"Frisdrank"|"Iced tea"|"Niet-bruisende Iced tea"|"BONI Iced Tea Peach niet-bruisend"|""|""|"0.49"|"0.49"|""|""|""|""|""|""|""|""|""|""|"0.98"|""|""|"EUR"|"Dranken > Frisdrank > Iced tea > Niet-bruisende Iced tea > BONI Iced Tea Peach niet-bruisend"|"https://www.colruyt.be/nl/producten/11490"|""|"Smaak: perzik, Niet-bruisend"|""|""|""|""|"DUITSLAND"|""|""|""|""|""|""|""|""|""|""|""|""|""|""|""|""|""|""|""|""|""|""|""|""|""|""|""|""|""|""|""|""|""|""|""|""|""|"https://static.colruytgroup.com/images/500x500/std.lang.all/50/07/asset-1125007.jpg"|""|""|""|""|""|""|""|""|""|""|""|""|""|""|""|""|""|""|""|""|""|""|""|""|""|""|""|""|""|""|""|"50cl"|""|""|"True"|""|"11490P"|""|""|""|""|""|""|""|""|""
"41517"|"colruyt"|""|""|""|""|""|""|""|"2026-03-13"|"MONSTER Zero Sugar Ultra blik"|"MONSTER"|""|"50"|"cl"|""|"Dranken"|"Frisdrank"|"Energydrinks"|"MONSTER Zero Sugar Ultra blik"|""|""|""|"1.75"|"1.75"|""|""|""|""|""|""|"1.68 vanaf 24 st"|""|""|""|"3.5"|""|""|"EUR"|"Dranken > Frisdrank > Energydrinks > MONSTER Zero Sugar Ultra blik"|"https://www.colruyt.be/nl/producten/41517"|""|"Energiedrank, Taurine/cafeïne, Met zoetstoffen"|""|""|""|""|"BELGIË"|""|""|""|""|""|""|""|""|""|""|""|""|""|""|""|""|""|""|""|""|""|""|""|""|""|""|""|""|""|""|""|""|""|""|""|""|""|"https://static.colruytgroup.com/images/500x500/std.lang.all/49/76/asset-2294976.jpg"|""|""|""|""|""|""|""|""|""|""|""|""|""|""|""|""|""|""|""|""|""|""|""|""|""|""|""|""|""|""|""|"50cl"|""|""|"True"|""|"41517P"|""|""|""|""|""|""|""|""|""
"5386"|"colruyt"|""|""|""|""|""|""|""|"2026-03-13"|"PEPSI Zero Sugar Cola"|"PEPSI"|""|"50"|"cl"|""|"Dranken"|"Frisdrank"|"Cola"|"Zero/Light"|"PEPSI Zero Sugar Cola"|""|""|"0.99"|"0.99"|""|""|""|""|""|""|"0.95 vanaf 48 st"|""|""|""|"1.98"|""|""|"EUR"|"Dranken > Frisdrank > Cola > Zero/Light > PEPSI Zero Sugar Cola"|"https://www.colruyt.be/nl/producten/5386"|""|"Frisdrank, Cola, Met zoetstoffen"|""|""|""|""|"EUROPA"|"Sulfieten"|""|""|""|""|""|""|""|""|""|""|""|""|""|""|""|""|""|""|""|""|""|""|""|""|""|""|""|""|""|""|""|""|""|""|""|""|"https://static.colruytgroup.com/images/500x500/std.lang.all/25/65/asset-3432565.jpg"|""|""|""|""|""|""|""|""|""|""|""|""|""|""|""|""|""|""|""|""|""|""|""|""|""|""|""|""|""|""|""|"50cl"|""|""|"True"|""|"5386P"|""|""|""|""|""|""|""|""|""
"6298"|"colruyt"|""|""|""|""|""|""|""|"2026-03-13"|"BONI Agrum' zero"|"BONI"|""|"50"|"cl"|""|"Dranken"|"Frisdrank"|"Bruisende limonade"|"Bruisende limonade andere smaken"|"BONI Agrum' zero"|""|""|"0.37"|"0.37"|""|""|""|""|""|""|""|""|""|""|"0.76"|""|""|"EUR"|"Dranken > Frisdrank > Bruisende limonade > Bruisende limonade andere smaken > BONI Agrum' zero"|"https://www.colruyt.be/nl/producten/6298"|""|"Smaak: citrus, Bruisend, Met zoetstoffen"|""|""|""|""|"BELGIË"|""|""|""|""|""|""|""|""|""|""|""|""|""|""|""|""|""|""|""|""|""|""|""|""|""|""|""|""|""|""|""|""|""|""|""|""|""|"https://static.colruytgroup.com/images/500x500/std.lang.all/13/19/asset-2231319.jpg"|""|""|""|""|""|""|""|""|""|""|""|""|""|""|""|""|""|""|""|""|""|""|""|""|""|""|""|""|""|""|""|"50cl"|""|""|"True"|""|"6298P"|""|""|""|""|""|""|""|""|""
"10864"|"colruyt"|""|""|""|""|""|""|""|"2026-03-13"|"BONI Iced Tea bruisend"|"BONI"|""|"33"|"cl"|""|"Dranken"|"Frisdrank"|"Iced tea"|"Bruisend Iced tea"|"BONI Iced Tea bruisend"|""|""|"0.44"|"0.44"|""|""|""|""|""|""|""|""|""|""|"1.36"|""|""|"EUR"|"Dranken > Frisdrank > Iced tea > Bruisend Iced tea > BONI Iced Tea bruisend"|"https://www.colruyt.be/nl/producten/10864"|""|"Ice Tea, Bruisend"|""|""|""|""|"NEDERLAND"|"Soja"|""|""|""|""|""|""|""|""|""|""|""|""|""|""|""|""|""|""|""|""|""|""|""|""|""|""|""|""|""|""|""|""|""|""|""|""|"https://static.colruytgroup.com/images/500x500/std.lang.all/26/03/asset-4012603.jpg"|""|""|""|""|""|""|""|""|""|""|""|""|""|""|""|""|""|""|""|""|""|""|""|""|""|""|""|""|""|""|""|"33cl"|""|""|"True"|""|"10864P"|""|""|""|""|""|""|""|""|""
"21365"|"colruyt"|""|""|""|""|""|""|""|"2026-03-13"|"BONI Ice Tea Green niet-bruisend"|"BONI"|""|"33"|"cl"|""|"Dranken"|"Frisdrank"|"Iced tea"|"Niet-bruisende Iced tea"|"BONI Ice Tea Green niet-bruisend"|""|""|"0.43"|"0.43"|""|""|""|""|""|""|""|""|""|""|"1.33"|""|""|"EUR"|"Dranken > Frisdrank > Iced tea > Niet-bruisende Iced tea > BONI Ice Tea Green niet-bruisend"|"https://www.colruyt.be/nl/producten/21365"|""|"Smaak: groene thee, Niet-bruisend, Met suiker en, zoetstoffen"|""|""|""|""|"NEDERLAND"|""|""|""|""|""|""|""|""|""|""|""|""|""|""|""|""|""|""|""|""|""|""|""|""|""|""|""|""|""|""|""|""|""|""|""|""|""|"https://static.colruytgroup.com/images/500x500/std.lang.all/97/23/asset-4039723.jpg"|""|""|""|""|""|""|""|""|""|""|""|""|""|""|""|""|""|""|""|""|""|""|""|""|""|""|""|""|""|""|""|"33cl"|""|""|"True"|""|"21365P"|""|""|""|""|""|""|""|""|""
"5407"|"colruyt"|""|""|""|""|""|""|""|"2026-03-13"|"FANTA Orange"|"FANTA"|""|"50"|"cl"|""|"Dranken"|"Frisdrank"|"Bruisende limonade"|"Bruisende limonade sinaas"|"FANTA Orange"|""|""|"1.19"|"1.19"|""|""|""|""|""|""|""|""|""|""|"2.38"|""|""|"EUR"|"Dranken > Frisdrank > Bruisende limonade > Bruisende limonade sinaas > FANTA Orange"|"https://www.colruyt.be/nl/producten/5407"|""|"Smaak: sinaasappel, Bruisend, Met suiker"|""|""|""|""|"BELGIË"|""|""|""|""|""|""|""|""|""|""|""|""|""|""|""|""|""|""|""|""|""|""|""|""|""|""|""|""|""|""|""|""|""|""|""|""|""|"https://static.colruytgroup.com/images/500x500/std.lang.all/74/82/asset-3497482.jpg"|""|""|""|""|""|""|""|""|""|""|""|""|""|""|""|""|""|""|""|""|""|""|""|""|""|""|""|""|""|""|""|"50cl"|""|""|"True"|""|"5407P"|""|""|""|""|""|""|""|""|""
"5237"|"colruyt"|""|""|""|""|""|""|""|"2026-03-13"|"BONI Limonade Orange"|"BONI"|""|"50"|"cl"|""|"Dranken"|"Frisdrank"|"Bruisende limonade"|"Bruisende limonade sinaas"|"BONI Limonade Orange"|""|""|"0.34"|"0.34"|""|""|""|""|""|""|""|""|""|""|"0.7"|""|""|"EUR"|"Dranken > Frisdrank > Bruisende limonade > Bruisende limonade sinaas > BONI Limonade Orange"|"https://www.colruyt.be/nl/producten/5237"|""|"Smaak: sinaasappel, Bruisend"|""|""|""|""|"NEDERLAND"|""|""|""|""|""|""|""|""|""|""|""|""|""|""|""|""|""|""|""|""|""|""|""|""|""|""|""|""|""|""|""|""|""|""|""|""|""|"https://static.colruytgroup.com/images/500x500/std.lang.all/56/26/asset-3995626.jpg"|""|""|""|""|""|""|""|""|""|""|""|""|""|""|""|""|""|""|""|""|""|""|""|""|""|""|""|""|""|""|""|"50cl"|""|""|"True"|""|"5237P"|""|""|""|""|""|""|""|""|""
"6348"|"colruyt"|""|""|""|""|""|""|""|"2026-03-13"|"MONSTER Energy blik"|"MONSTER"|""|"50"|"cl"|""|"Dranken"|"Frisdrank"|"Energydrinks"|"MONSTER Energy blik"|""|""|""|"1.35"|"1.35"|""|""|""|""|""|""|""|""|""|""|"2.7"|""|""|"EUR"|"Dranken > Frisdrank > Energydrinks > MONSTER Energy blik"|"https://www.colruyt.be/nl/producten/6348"|""|"Energiedrank, Taurine/cafeïne, Suiker/zoetstoffen"|""|""|""|""|"NEDERLAND"|"Sulfieten"|""|""|""|""|""|""|""|""|""|""|""|""|""|""|""|""|""|""|""|""|""|""|""|""|""|""|""|""|""|""|""|""|""|""|""|""|"https://static.colruytgroup.com/images/500x500/std.lang.all/52/55/asset-2295255.jpg"|""|""|""|""|""|""|""|""|""|""|""|""|""|""|""|""|""|""|""|""|""|""|""|""|""|""|""|""|""|""|""|"50cl"|""|""|"True"|""|"6348P"|""|""|""|""|""|""|""|""|""
"5148"|"colruyt"|""|""|""|""|""|""|""|"2026-03-13"|"BONI Limonade grenadine"|"BONI"|""|"1,5"|"L"|""|"Dranken"|"Frisdrank"|"Bruisende limonade"|"Bruisende limonade andere smaken"|"BONI Limonade grenadine"|""|""|"0.99"|"0.99"|""|""|""|""|""|""|""|""|""|""|"0.66"|""|""|"EUR"|"Dranken > Frisdrank > Bruisende limonade > Bruisende limonade andere smaken > BONI Limonade grenadine"|"https://www.colruyt.be/nl/producten/5148"|""|"Bruisende limonade"|""|""|""|""|"BELGIË"|""|""|""|""|""|""|""|""|""|""|""|""|""|""|""|""|""|""|""|""|""|""|""|""|""|""|""|""|""|""|""|""|""|""|""|""|""|"https://static.colruytgroup.com/images/500x500/std.lang.all/62/02/asset-1746202.jpg"|""|""|""|""|""|""|""|""|""|""|""|""|""|""|""|""|""|""|""|""|""|""|""|""|""|""|""|""|""|""|""|"1,5L"|""|""|"True"|""|"5148P"|""|""|""|""|""|""|""|""|""
"40689"|"colruyt"|""|""|""|""|""|""|""|"2026-03-13"|"BONI Limonade Orange Zero"|"BONI"|""|"1,5"|"L"|""|"Dranken"|"Frisdrank"|"Bruisende limonade"|"Bruisende limonade sinaas"|"BONI Limonade Orange Zero"|""|""|"0.89"|"0.89"|""|""|""|""|""|""|""|""|""|""|"0.6"|""|""|"EUR"|"Dranken > Frisdrank > Bruisende limonade > Bruisende limonade sinaas > BONI Limonade Orange Zero"|"https://www.colruyt.be/nl/producten/40689"|""|"Bruisende limonade, Smaak: sinaasappel, Met zoetstoffen"|""|""|""|""|"BELGIË"|""|""|""|""|""|""|""|""|""|""|""|""|""|""|""|""|""|""|""|""|""|""|""|""|""|""|""|""|""|""|""|""|""|""|""|""|""|"https://static.colruytgroup.com/images/500x500/std.lang.all/56/35/asset-3995635.jpg"|""|""|""|""|""|""|""|""|""|""|""|""|""|""|""|""|""|""|""|""|""|""|""|""|""|""|""|""|""|""|""|"1,5L"|""|""|"True"|""|"40689P"|""|""|""|""|""|""|""|""|""
"5853"|"colruyt"|""|""|""|""|""|""|""|"2026-03-13"|"OASIS MINI Tropical"|"OASIS MINI"|""|"25"|"cl"|""|"Dranken"|"Frisdrank"|"Niet-bruisende limonades"|"OASIS MINI Tropical"|""|""|""|"0.83"|"0.83"|""|""|""|""|""|""|""|""|""|""|"3.33"|""|""|"EUR"|"Dranken > Frisdrank > Niet-bruisende limonades > OASIS MINI Tropical"|"https://www.colruyt.be/nl/producten/5853"|""|"Limonade, Niet bruisend, Smaak:, multivruchten"|""|""|""|""|"FRANKRIJK"|""|""|""|""|""|""|""|""|""|""|""|""|""|""|""|""|""|""|""|""|""|""|""|""|""|""|""|""|""|""|""|""|""|""|""|""|""|"https://static.colruytgroup.com/images/500x500/std.lang.all/00/95/asset-3270095.jpg"|""|""|""|""|""|""|""|""|""|""|""|""|""|""|""|""|""|""|""|""|""|""|""|""|""|""|""|""|""|""|""|"25cl"|""|""|"True"|""|"5853P"|""|""|""|""|""|""|""|""|""
"5442"|"colruyt"|""|""|""|""|""|""|""|"2026-03-13"|"LIPTON Ice Tea bruisend"|"LIPTON"|""|"50"|"cl"|""|"Dranken"|"Frisdrank"|"Iced tea"|"Bruisend Iced tea"|"LIPTON Ice Tea bruisend"|""|""|"1.45"|"1.45"|""|""|""|""|""|""|"1.39 vanaf 24 st"|""|""|""|"2.9"|""|""|"EUR"|"Dranken > Frisdrank > Iced tea > Bruisend Iced tea > LIPTON Ice Tea bruisend"|"https://www.colruyt.be/nl/producten/5442"|""|"Ice tea, Zwarte theesmaak, Sparkling, Ijs thee, Soft drink"|""|""|""|""|"NEDERLAND"|""|""|""|""|""|""|""|""|""|""|""|""|""|""|""|""|""|""|""|""|""|""|""|""|""|""|""|""|""|""|""|""|""|""|""|""|""|"https://static.colruytgroup.com/images/500x500/std.lang.all/13/13/asset-1421313.jpg"|""|""|""|""|""|""|""|""|""|""|""|""|""|""|""|""|""|""|""|""|""|""|""|""|""|""|""|""|""|""|""|"50cl"|""|""|"True"|""|"5442P"|""|""|""|""|""|""|""|""|""
"21936"|"colruyt"|""|""|""|""|""|""|""|"2026-03-13"|"RED BULL energiedrank"|"RED BULL"|""|"35,5"|"cl"|""|"Dranken"|"Frisdrank"|"Energydrinks"|"RED BULL energiedrank"|""|""|""|"1.68"|"1.68"|""|""|""|""|""|""|""|""|""|""|"4.74"|""|""|"EUR"|"Dranken > Frisdrank > Energydrinks > RED BULL energiedrank"|"https://www.colruyt.be/nl/producten/21936"|""|"Energiedrank, Taurine/Cafeïne"|""|""|""|""|"OOSTENRIJK"|"Melk, Soja"|""|""|""|""|""|""|""|""|""|""|""|""|""|""|""|""|""|""|""|""|""|""|""|""|""|""|""|""|""|""|""|""|""|""|""|""|"https://static.colruytgroup.com/images/500x500/std.lang.all/37/03/asset-1183703.jpg"|""|""|""|""|""|""|""|""|""|""|""|""|""|""|""|""|""|""|""|""|""|""|""|""|""|""|""|""|""|""|""|"35,5cl"|""|""|"True"|""|"21936P"|""|""|""|""|""|""|""|""|""
"5163"|"colruyt"|""|""|""|""|""|""|""|"2026-03-13"|"TÖNISSTEINER limonade Orange Fit"|"TÖNISSTEINER"|""|"33"|"cl"|""|"Dranken"|"Frisdrank"|"Bruisende limonade"|"Bruisende limonade sinaas"|"TÖNISSTEINER limonade Orange Fit"|""|""|"0.99"|"0.99"|""|""|""|""|""|""|"0.959 vanaf 24 st"|""|""|""|"3.03"|""|""|"EUR"|"Dranken > Frisdrank > Bruisende limonade > Bruisende limonade sinaas > TÖNISSTEINER limonade Orange Fit"|"https://www.colruyt.be/nl/producten/5163"|""|"Smaak: sinaasappel, Bruisend, Met zoetstoffen"|""|""|""|""|"DUITSLAND"|""|""|""|""|""|""|""|""|""|""|""|""|""|""|""|""|""|""|""|""|""|""|""|""|""|""|""|""|""|""|""|""|""|""|""|""|""|"https://static.colruytgroup.com/images/500x500/std.lang.all/91/89/asset-1549189.jpg"|""|""|""|""|""|""|""|""|""|""|""|""|""|""|""|""|""|""|""|""|""|""|""|""|""|""|""|""|""|""|""|"33cl"|""|""|"True"|""|"5163P"|""|""|""|""|""|""|""|""|""
"8755"|"colruyt"|""|""|""|""|""|""|""|"2026-03-13"|"BONI Agrum'"|"BONI"|""|"50"|"cl"|""|"Dranken"|"Frisdrank"|"Bruisende limonade"|"Bruisende limonade andere smaken"|"BONI Agrum'"|""|""|"0.37"|"0.37"|""|""|""|""|""|""|""|""|""|""|"0.76"|""|""|"EUR"|"Dranken > Frisdrank > Bruisende limonade > Bruisende limonade andere smaken > BONI Agrum'"|"https://www.colruyt.be/nl/producten/8755"|""|"Smaak: citrus, Bruisend"|""|""|""|""|"BELGIË"|""|""|""|""|""|""|""|""|""|""|""|""|""|""|""|""|""|""|""|""|""|""|""|""|""|""|""|""|""|""|""|""|""|""|""|""|""|"https://static.colruytgroup.com/images/500x500/std.lang.all/72/53/asset-3417253.jpg"|""|""|""|""|""|""|""|""|""|""|""|""|""|""|""|""|""|""|""|""|""|""|""|""|""|""|""|""|""|""|""|"50cl"|""|""|"True"|""|"8755P"|""|""|""|""|""|""|""|""|""
"41459"|"colruyt"|""|""|""|""|""|""|""|"2026-03-13"|"BONI Limonade zero citroen"|"BONI"|""|"1,5"|"L"|""|"Dranken"|"Frisdrank"|"Bruisende limonade"|"Bruisende limonade citroen/limoen"|"BONI Limonade zero citroen"|""|""|"0.69"|"0.69"|""|""|""|""|""|""|""|""|""|""|"0.46"|""|""|"EUR"|"Dranken > Frisdrank > Bruisende limonade > Bruisende limonade citroen/limoen > BONI Limonade zero citroen"|"https://www.colruyt.be/nl/producten/41459"|""|"Bruisende limonade, Smaak: citroen, Met zoetstoffen"|""|""|""|""|"BELGIË"|""|""|""|""|""|""|""|""|""|""|""|""|""|""|""|""|""|""|""|""|""|""|""|""|""|""|""|""|""|""|""|""|""|""|""|""|""|"https://static.colruytgroup.com/images/500x500/std.lang.all/59/23/asset-3815923.jpg"|""|""|""|""|""|""|""|""|""|""|""|""|""|""|""|""|""|""|""|""|""|""|""|""|""|""|""|""|""|""|""|"1,5L"|""|""|"True"|""|"41459P"|""|""|""|""|""|""|""|""|""
"39286"|"colruyt"|""|""|""|""|""|""|""|"2026-03-13"|"RED BULL witte perzik"|"RED BULL"|""|"25"|"cl"|""|"Dranken"|"Frisdrank"|"Energydrinks"|"RED BULL witte perzik"|""|""|""|"1.69"|"1.69"|""|""|""|""|""|""|"1.33 vanaf 24 st"|""|""|""|"6.76"|""|""|"EUR"|"Dranken > Frisdrank > Energydrinks > RED BULL witte perzik"|"https://www.colruyt.be/nl/producten/39286"|""|"Energiedrank, Taurine/Cafeïne"|""|""|""|""|"OOSTENRIJK"|""|""|""|""|""|""|""|""|""|""|""|""|""|""|""|""|""|""|""|""|""|""|""|""|""|""|""|""|""|""|""|""|""|""|""|""|""|"https://static.colruytgroup.com/images/500x500/std.lang.all/33/45/asset-3953345.jpg"|""|""|""|""|""|""|""|""|""|""|""|""|""|""|""|""|""|""|""|""|""|""|""|""|""|""|""|""|""|""|""|"25cl"|""|""|"True"|""|"39286P"|""|""|""|""|""|""|""|""|""
"5126"|"colruyt"|""|""|""|""|""|""|""|"2026-03-13"|"BONI tonic"|"BONI"|""|"50"|"cl"|""|"Dranken"|"Frisdrank"|"Tonic"|"BONI tonic"|""|""|""|"0.37"|"0.37"|""|""|""|""|""|""|""|""|""|""|"0.76"|""|""|"EUR"|"Dranken > Frisdrank > Tonic > BONI tonic"|"https://www.colruyt.be/nl/producten/5126"|""|"Bruisend, Met suiker, Bevat kinine"|""|""|""|""|"FRANKRIJK"|""|""|""|""|""|""|""|""|""|""|""|""|""|""|""|""|""|""|""|""|""|""|""|""|""|""|""|""|""|""|""|""|""|""|""|""|""|"https://static.colruytgroup.com/images/500x500/std.lang.all/41/65/asset-2064165.jpg"|""|""|""|""|""|""|""|""|""|""|""|""|""|""|""|""|""|""|""|""|""|""|""|""|""|""|""|""|""|""|""|"50cl"|""|""|"True"|""|"5126P"|""|""|""|""|""|""|""|""|""
"5070"|"colruyt"|""|""|""|""|""|""|""|"2026-03-13"|"SPRITE Zero Sugar Lemon-Lime"|"SPRITE"|""|"33"|"cl"|""|"Dranken"|"Frisdrank"|"Bruisende limonade"|"Bruisende limonade citroen/limoen"|"SPRITE Zero Sugar Lemon-Lime"|""|""|"0.92"|"0.92"|""|""|""|""|""|""|""|""|""|""|"2.81"|""|""|"EUR"|"Dranken > Frisdrank > Bruisende limonade > Bruisende limonade citroen/limoen > SPRITE Zero Sugar Lemon-Lime"|"https://www.colruyt.be/nl/producten/5070"|""|"Bruisend, Met zoetstoffen"|""|""|""|""|"BELGIË"|""|""|""|""|""|""|""|""|""|""|""|""|""|""|""|""|""|""|""|""|""|""|""|""|""|""|""|""|""|""|""|""|""|""|""|""|""|"https://static.colruytgroup.com/images/500x500/std.lang.all/37/08/asset-3243708.jpg"|""|""|""|""|""|""|""|""|""|""|""|""|""|""|""|""|""|""|""|""|""|""|""|""|""|""|""|""|""|""|""|"33cl"|""|""|"True"|""|"5070P"|""|""|""|""|""|""|""|""|""
"5550"|"colruyt"|""|""|""|""|""|""|""|"2026-03-13"|"RODEO energiedrank Zero blik"|"RODEO"|""|"25"|"cl"|""|"Dranken"|"Frisdrank"|"Energydrinks"|"RODEO energiedrank Zero blik"|""|""|""|"0.46"|"0.46"|""|""|""|""|""|""|"0.42 vanaf 24 st"|""|""|""|"1.84"|""|""|"EUR"|"Dranken > Frisdrank > Energydrinks > RODEO energiedrank Zero blik"|"https://www.colruyt.be/nl/producten/5550"|""|"Energiedrank, Taurine/cafeïne, Met zoetstoffen"|""|""|""|""|"NEDERLAND"|"Sulfieten"|""|""|""|""|""|""|""|""|""|""|""|""|""|""|""|""|""|""|""|""|""|""|""|""|""|""|""|""|""|""|""|""|""|""|""|""|"https://static.colruytgroup.com/images/500x500/std.lang.all/80/24/asset-928024.jpg"|""|""|""|""|""|""|""|""|""|""|""|""|""|""|""|""|""|""|""|""|""|""|""|""|""|""|""|""|""|""|""|"25cl"|""|""|"True"|""|"5550P"|""|""|""|""|""|""|""|""|""
"4570"|"colruyt"|""|""|""|""|""|""|""|"2026-03-13"|"COCA-COLA Zero Sugar PET"|"COCA-COLA"|""|"25"|"cl"|""|"Dranken"|"Frisdrank"|"Cola"|"Zero/Light"|"COCA-COLA Zero Sugar PET"|""|""|"1.06"|"1.06"|""|""|""|""|""|""|""|""|""|""|"4.24"|""|""|"EUR"|"Dranken > Frisdrank > Cola > Zero/Light > COCA-COLA Zero Sugar PET"|"https://www.colruyt.be/nl/producten/4570"|""|"Bruisend, Met zoetstoffen, Bevat cafeïne"|""|""|""|""|"BELGIË"|""|""|""|""|""|""|""|""|""|""|""|""|""|""|""|""|""|""|""|""|""|""|""|""|""|""|""|""|""|""|""|""|""|""|""|""|""|"https://static.colruytgroup.com/images/500x500/std.lang.all/91/25/asset-3209125.jpg"|""|""|""|""|""|""|""|""|""|""|""|""|""|""|""|""|""|""|""|""|""|""|""|""|""|""|""|""|""|""|""|"25cl"|""|""|"True"|""|"4570P"|""|""|""|""|""|""|""|""|""
"5425"|"colruyt"|""|""|""|""|""|""|""|"2026-03-13"|"LIPTON Ice Tea Peach"|"LIPTON"|""|"1,5"|"L"|""|"Dranken"|"Frisdrank"|"Iced tea"|"Niet-bruisende Iced tea"|"LIPTON Ice Tea Peach"|""|""|"2.42"|"2.42"|""|""|"11-03-2026"|"24-03-2026"|""|""|""|""|""|"11-03-2026"|"1.62"|""|""|"EUR"|"Dranken > Frisdrank > Iced tea > Niet-bruisende Iced tea > LIPTON Ice Tea Peach"|"https://www.colruyt.be/nl/producten/5425"|""|"Ice tea, Perziksmaak, Non-sparkling, Ijs thee, Soft drink"|""|""|""|""|"BELGIË"|"Pindanoten, Sulfieten, Mosterd, Gluten, Noten, Lupine, Sesamzaden, Soja"|""|""|""|""|""|""|""|""|""|""|""|""|""|""|""|""|""|""|""|""|""|""|""|""|""|""|""|""|""|""|""|""|""|""|""|""|"https://static.colruytgroup.com/images/500x500/std.lang.all/53/37/asset-3205337.jpg"|""|""|""|""|""|""|""|""|""|""|""|""|""|""|""|""|""|""|""|""|""|""|""|""|""|""|""|""|""|""|""|"1,5L"|""|""|"True"|""|"5425P"|""|""|""|""|""|""|""|""|""
"41008"|"colruyt"|""|""|""|""|""|""|""|"2026-03-13"|"BONI tonic zero"|"BONI"|""|"50"|"cl"|""|"Dranken"|"Frisdrank"|"Tonic"|"BONI tonic zero"|""|""|""|"0.49"|"0.49"|""|""|""|""|""|""|"0.47 vanaf 48 st"|""|""|""|"0.98"|""|""|"EUR"|"Dranken > Frisdrank > Tonic > BONI tonic zero"|"https://www.colruyt.be/nl/producten/41008"|""|"Bruisend, Bevat kinine, Met zoetstof"|""|""|""|""|"FRANKRIJK"|""|""|""|""|""|""|""|""|""|""|""|""|""|""|""|""|""|""|""|""|""|""|""|""|""|""|""|""|""|""|""|""|""|""|""|""|""|"https://static.colruytgroup.com/images/500x500/std.lang.all/00/39/asset-2330039.jpg"|""|""|""|""|""|""|""|""|""|""|""|""|""|""|""|""|""|""|""|""|""|""|""|""|""|""|""|""|""|""|""|"50cl"|""|""|"True"|""|"41008P"|""|""|""|""|""|""|""|""|""
"18853"|"colruyt"|""|""|""|""|""|""|""|"2026-03-13"|"BONI Sportdrank Lemon"|"BONI"|""|"50"|"cl"|""|"Dranken"|"Frisdrank"|"Sportdrinks"|"BONI Sportdrank Lemon"|""|""|""|"0.66"|"0.66"|""|""|""|""|""|""|""|""|""|""|"1.33"|""|""|"EUR"|"Dranken > Frisdrank > Sportdrinks > BONI Sportdrank Lemon"|"https://www.colruyt.be/nl/producten/18853"|""|"Sportdrank, Smaak: citroen"|""|""|""|""|"NEDERLAND"|""|""|""|""|""|""|""|""|""|""|""|""|""|""|""|""|""|""|""|""|""|""|""|""|""|""|""|""|""|""|""|""|""|""|""|""|""|"https://static.colruytgroup.com/images/500x500/std.lang.all/33/89/asset-3493389.jpg"|""|""|""|""|""|""|""|""|""|""|""|""|""|""|""|""|""|""|""|""|""|""|""|""|""|""|""|""|""|""|""|"50cl"|""|""|"True"|""|"18853P"|""|""|""|""|""|""|""|""|""
"19260"|"colruyt"|""|""|""|""|""|""|""|"2026-03-13"|"BONI limonade Tropical niet-bruis."|"BONI"|""|"1,5"|"L"|""|"Dranken"|"Frisdrank"|"Niet-bruisende limonades"|"BONI limonade Tropical niet-bruis."|""|""|""|"1.20"|"1.20"|""|""|""|""|""|""|""|""|""|""|"0.8"|""|""|"EUR"|"Dranken > Frisdrank > Niet-bruisende limonades > BONI limonade Tropical niet-bruis."|"https://www.colruyt.be/nl/producten/19260"|""|"Niet bruisende limonade, Smaak: multivruchten"|""|""|""|""|"FRANKRIJK"|""|""|""|""|""|""|""|""|""|""|""|""|""|""|""|""|""|""|""|""|""|""|""|""|""|""|""|""|""|""|""|""|""|""|""|""|""|"https://static.colruytgroup.com/images/500x500/std.lang.all/97/17/asset-2869717.jpg"|""|""|""|""|""|""|""|""|""|""|""|""|""|""|""|""|""|""|""|""|""|""|""|""|""|""|""|""|""|""|""|"1,5L"|""|""|"True"|""|"19260P"|""|""|""|""|""|""|""|""|""
"5115"|"colruyt"|""|""|""|""|""|""|""|"2026-03-13"|"SPRITE Lemon-Lime"|"SPRITE"|""|"1,5"|"L"|""|"Dranken"|"Frisdrank"|"Bruisende limonade"|"Bruisende limonade citroen/limoen"|"SPRITE Lemon-Lime"|""|""|"1.99"|"1.99"|""|""|"11-03-2026"|"24-03-2026"|""|""|""|""|""|"11-03-2026"|"1.33"|""|""|"EUR"|"Dranken > Frisdrank > Bruisende limonade > Bruisende limonade citroen/limoen > SPRITE Lemon-Lime"|"https://www.colruyt.be/nl/producten/5115"|""|"Bruisend"|""|""|""|""|"BELGIË"|""|""|""|""|""|""|""|""|""|""|""|""|""|""|""|""|""|""|""|""|""|""|""|""|""|""|""|""|""|""|""|""|""|""|""|""|""|"https://static.colruytgroup.com/images/500x500/std.lang.all/40/19/asset-1854019.jpg"|""|""|""|""|""|""|""|""|""|""|""|""|""|""|""|""|""|""|""|""|""|""|""|""|""|""|""|""|""|""|""|"1,5L"|""|""|"True"|""|"5115P"|""|""|""|""|""|""|""|""|""
"5174"|"colruyt"|""|""|""|""|""|""|""|"2026-03-13"|"TÖNISSTEINER limonade Zitrone Fit"|"TÖNISSTEINER"|""|"33"|"cl"|""|"Dranken"|"Frisdrank"|"Bruisende limonade"|"Bruisende limonade citroen/limoen"|"TÖNISSTEINER limonade Zitrone Fit"|""|""|"0.96"|"0.96"|""|""|""|""|""|""|"0.925 vanaf 24 st"|""|""|""|"2.93"|""|""|"EUR"|"Dranken > Frisdrank > Bruisende limonade > Bruisende limonade citroen/limoen > TÖNISSTEINER limonade Zitrone Fit"|"https://www.colruyt.be/nl/producten/5174"|""|"Smaak: citroen, Bruisend, Met zoetstoffen"|""|""|""|""|"DUITSLAND"|""|""|""|""|""|""|""|""|""|""|""|""|""|""|""|""|""|""|""|""|""|""|""|""|""|""|""|""|""|""|""|""|""|""|""|""|""|"https://static.colruytgroup.com/images/500x500/std.lang.all/91/90/asset-1549190.jpg"|""|""|""|""|""|""|""|""|""|""|""|""|""|""|""|""|""|""|""|""|""|""|""|""|""|""|""|""|""|""|""|"33cl"|""|""|"True"|""|"5174P"|""|""|""|""|""|""|""|""|""
"13890"|"colruyt"|""|""|""|""|""|""|""|"2026-03-13"|"COCA-COLA Zero Sugar No Caffeine"|"COCA-COLA"|""|"33"|"cl"|""|"Dranken"|"Frisdrank"|"Cola"|"Zero/Light"|"COCA-COLA Zero Sugar No Caffeine"|""|""|"0.94"|"0.94"|""|""|""|""|""|""|""|""|""|""|"2.88"|""|""|"EUR"|"Dranken > Frisdrank > Cola > Zero/Light > COCA-COLA Zero Sugar No Caffeine"|"https://www.colruyt.be/nl/producten/13890"|""|"Bruisend, Met zoetstoffen, Zonder cafeïne"|""|""|""|""|"BELGIË"|"Sulfieten"|""|""|""|""|""|""|""|""|""|""|""|""|""|""|""|""|""|""|""|""|""|""|""|""|""|""|""|""|""|""|""|""|""|""|""|""|"https://static.colruytgroup.com/images/500x500/std.lang.all/55/61/asset-4065561.jpg"|""|""|""|""|""|""|""|""|""|""|""|""|""|""|""|""|""|""|""|""|""|""|""|""|""|""|""|""|""|""|""|"33cl"|""|""|"True"|""|"13890P"|""|""|""|""|""|""|""|""|""
"5434"|"colruyt"|""|""|""|""|""|""|""|"2026-03-13"|"LIPTON Ice Tea Peach"|"LIPTON"|""|"33"|"cl"|""|"Dranken"|"Frisdrank"|"Iced tea"|"Niet-bruisende Iced tea"|"LIPTON Ice Tea Peach"|""|""|"0.69"|"0.69"|""|""|""|""|""|""|""|""|""|""|"2.1"|""|""|"EUR"|"Dranken > Frisdrank > Iced tea > Niet-bruisende Iced tea > LIPTON Ice Tea Peach"|"https://www.colruyt.be/nl/producten/5434"|""|"Ice tea, Perziksmaak, Non-sparkling, Ijs thee, Soft drink"|""|""|""|""|"NEDERLAND"|"Sulfieten"|""|""|""|""|""|""|""|""|""|""|""|""|""|""|""|""|""|""|""|""|""|""|""|""|""|""|""|""|""|""|""|""|""|""|""|""|"https://static.colruytgroup.com/images/500x500/std.lang.all/53/38/asset-3205338.jpg"|""|""|""|""|""|""|""|""|""|""|""|""|""|""|""|""|""|""|""|""|""|""|""|""|""|""|""|""|""|""|""|"33cl"|""|""|"True"|""|"5434P"|""|""|""|""|""|""|""|""|""
"5843"|"colruyt"|""|""|""|""|""|""|""|"2026-03-13"|"LIPTON Ice Tea Green"|"LIPTON"|""|"1,5"|"L"|""|"Dranken"|"Frisdrank"|"Iced tea"|"Niet-bruisende Iced tea"|"LIPTON Ice Tea Green"|""|""|"2.25"|"2.25"|""|""|"11-03-2026"|"24-03-2026"|""|""|""|""|""|"11-03-2026"|"1.5"|""|""|"EUR"|"Dranken > Frisdrank > Iced tea > Niet-bruisende Iced tea > LIPTON Ice Tea Green"|"https://www.colruyt.be/nl/producten/5843"|""|"Ice tea, Groene theesmaak, Non-sparkling, Ijs thee, Soft drink"|""|""|""|""|"BELGIË"|""|""|""|""|""|""|""|""|""|""|""|""|""|""|""|""|""|""|""|""|""|""|""|""|""|""|""|""|""|""|""|""|""|""|""|""|""|"https://static.colruytgroup.com/images/500x500/std.lang.all/62/01/asset-3796201.jpg"|""|""|""|""|""|""|""|""|""|""|""|""|""|""|""|""|""|""|""|""|""|""|""|""|""|""|""|""|""|""|""|"1,5L"|""|""|"True"|""|"5843P"|""|""|""|""|""|""|""|""|""
"14261"|"colruyt"|""|""|""|""|""|""|""|"2026-03-13"|"TÖNISSTEINER limonade Orange Fit"|"TÖNISSTEINER"|""|"1"|"L"|""|"Dranken"|"Frisdrank"|"Bruisende limonade"|"Bruisende limonade sinaas"|"TÖNISSTEINER limonade Orange Fit"|""|""|"2.19"|"2.19"|""|""|""|""|""|""|"2.1 vanaf 18 st"|""|""|""|"2.09"|""|""|"EUR"|"Dranken > Frisdrank > Bruisende limonade > Bruisende limonade sinaas > TÖNISSTEINER limonade Orange Fit"|"https://www.colruyt.be/nl/producten/14261"|""|"Smaak: sinaasappel, Bruisend, Met zoetstoffen"|""|""|""|""|"DUITSLAND"|""|""|""|""|""|""|""|""|""|""|""|""|""|""|""|""|""|""|""|""|""|""|""|""|""|""|""|""|""|""|""|""|""|""|""|""|""|"https://static.colruytgroup.com/images/500x500/nl_be/73/65/asset-907365.jpg"|""|""|""|""|""|""|""|""|""|""|""|""|""|""|""|""|""|""|""|""|""|""|""|""|""|""|""|""|""|""|""|"1L"|""|""|"True"|""|"14261P"|""|""|""|""|""|""|""|""|""
"40402"|"colruyt"|""|""|""|""|""|""|""|"2026-03-13"|"FUZE TEA Black Tea Peach-Hibiscus"|"FUZE TEA"|""|"1,25"|"L"|""|"Dranken"|"Frisdrank"|"Iced tea"|"Niet-bruisende Iced tea"|"FUZE TEA Black Tea Peach-Hibiscus"|""|""|"1.50"|"1.50"|""|""|""|""|""|""|""|""|""|""|"1.2"|""|""|"EUR"|"Dranken > Frisdrank > Iced tea > Niet-bruisende Iced tea > FUZE TEA Black Tea Peach-Hibiscus"|"https://www.colruyt.be/nl/producten/40402"|""|"Smaak: perzik, hibiscus, Niet-bruisend"|""|""|""|""|"FRANKRIJK"|""|""|""|""|""|""|""|""|""|""|""|""|""|""|""|""|""|""|""|""|""|""|""|""|""|""|""|""|""|""|""|""|""|""|""|""|""|"https://static.colruytgroup.com/images/500x500/std.lang.all/51/94/asset-3935194.jpg"|""|""|""|""|""|""|""|""|""|""|""|""|""|""|""|""|""|""|""|""|""|""|""|""|""|""|""|""|""|""|""|"1,25L"|""|""|"True"|""|"40402P"|""|""|""|""|""|""|""|""|""
"5339"|"colruyt"|""|""|""|""|""|""|""|"2026-03-13"|"SPRITE Lemon-Lime"|"SPRITE"|""|"33"|"cl"|""|"Dranken"|"Frisdrank"|"Bruisende limonade"|"Bruisende limonade citroen/limoen"|"SPRITE Lemon-Lime"|""|""|"0.91"|"0.91"|""|""|""|""|""|""|""|""|""|""|"2.78"|""|""|"EUR"|"Dranken > Frisdrank > Bruisende limonade > Bruisende limonade citroen/limoen > SPRITE Lemon-Lime"|"https://www.colruyt.be/nl/producten/5339"|""|"Bruisende limonade, Suiker, zoetstoffen"|""|""|""|""|"FRANKRIJK"|""|""|""|""|""|""|""|""|""|""|""|""|""|""|""|""|""|""|""|""|""|""|""|""|""|""|""|""|""|""|""|""|""|""|""|""|""|"https://static.colruytgroup.com/images/500x500/std.lang.all/37/02/asset-3243702.jpg"|""|""|""|""|""|""|""|""|""|""|""|""|""|""|""|""|""|""|""|""|""|""|""|""|""|""|""|""|""|""|""|"33cl"|""|""|"True"|""|"5339P"|""|""|""|""|""|""|""|""|""
"5392"|"colruyt"|""|""|""|""|""|""|""|"2026-03-13"|"AQUARIUS Daily Hydration Red Peach"|"AQUARIUS"|""|"50"|"cl"|""|"Dranken"|"Frisdrank"|"Sportdrinks"|"AQUARIUS Daily Hydration Red Peach"|""|""|""|"1.88"|"1.88"|""|""|"11-03-2026"|"24-03-2026"|""|""|""|""|""|"11-03-2026"|"3.76"|""|""|"EUR"|"Dranken > Frisdrank > Sportdrinks > AQUARIUS Daily Hydration Red Peach"|"https://www.colruyt.be/nl/producten/5392"|""|"Smaak: perzik"|""|""|""|""|"BELGIË"|""|""|""|""|""|""|""|""|""|""|""|""|""|""|""|""|""|""|""|""|""|""|""|""|""|""|""|""|""|""|""|""|""|""|""|""|""|"https://static.colruytgroup.com/images/500x500/std.lang.all/37/06/asset-3243706.jpg"|""|""|""|""|""|""|""|""|""|""|""|""|""|""|""|""|""|""|""|""|""|""|""|""|""|""|""|""|""|""|""|"50cl"|""|""|"True"|""|"5392P"|""|""|""|""|""|""|""|""|""
"5067"|"colruyt"|""|""|""|""|""|""|""|"2026-03-13"|"SAN PELLEGRINO Aranciata Rossa"|"SAN PELLEGRINO"|""|"33"|"cl"|""|"Dranken"|"Frisdrank"|"Bruisende limonade"|"Bruisende limonade sinaas"|"SAN PELLEGRINO Aranciata Rossa"|""|""|"1.07"|"1.07"|""|""|""|""|""|""|""|""|""|""|"3.25"|""|""|"EUR"|"Dranken > Frisdrank > Bruisende limonade > Bruisende limonade sinaas > SAN PELLEGRINO Aranciata Rossa"|"https://www.colruyt.be/nl/producten/5067"|""|"Smaak:, bloedsinaasappel, Bruisend"|""|""|""|""|"ITALIË"|"Sulfieten"|""|""|""|""|""|""|""|""|""|""|""|""|""|""|""|""|""|""|""|""|""|""|""|""|""|""|""|""|""|""|""|""|""|""|""|""|"https://static.colruytgroup.com/images/500x500/std.lang.all/45/22/asset-3894522.jpg"|""|""|""|""|""|""|""|""|""|""|""|""|""|""|""|""|""|""|""|""|""|""|""|""|""|""|""|""|""|""|""|"33cl"|""|""|"True"|""|"5067P"|""|""|""|""|""|""|""|""|""
"31421"|"colruyt"|""|""|""|""|""|""|""|"2026-03-13"|"RODEO energiedrank blik"|"RODEO"|""|"50"|"cl"|""|"Dranken"|"Frisdrank"|"Energydrinks"|"RODEO energiedrank blik"|""|""|""|"0.89"|"0.89"|""|""|""|""|""|""|""|""|""|""|"1.78"|""|""|"EUR"|"Dranken > Frisdrank > Energydrinks > RODEO energiedrank blik"|"https://www.colruyt.be/nl/producten/31421"|""|"Energiedrank, Taurine/Cafeïne"|""|""|""|""|"NEDERLAND"|"Sulfieten"|""|""|""|""|""|""|""|""|""|""|""|""|""|""|""|""|""|""|""|""|""|""|""|""|""|""|""|""|""|""|""|""|""|""|""|""|"https://static.colruytgroup.com/images/500x500/std.lang.all/11/80/asset-1581180.jpg"|""|""|""|""|""|""|""|""|""|""|""|""|""|""|""|""|""|""|""|""|""|""|""|""|""|""|""|""|""|""|""|"50cl"|""|""|"True"|""|"31421P"|""|""|""|""|""|""|""|""|""
"8363"|"colruyt"|""|""|""|""|""|""|""|"2026-03-13"|"SCHWEPPES Indian tonic"|"SCHWEPPES"|""|"33"|"cl"|""|"Dranken"|"Frisdrank"|"Tonic"|"SCHWEPPES Indian tonic"|""|""|""|"0.96"|"0.96"|""|""|""|""|""|""|""|""|""|""|"2.94"|""|""|"EUR"|"Dranken > Frisdrank > Tonic > SCHWEPPES Indian tonic"|"https://www.colruyt.be/nl/producten/8363"|""|"Bruisend, Bevat kinine"|""|""|""|""|"FRANKRIJK"|""|""|""|""|""|""|""|""|""|""|""|""|""|""|""|""|""|""|""|""|""|""|""|""|""|""|""|""|""|""|""|""|""|""|""|""|""|"https://static.colruytgroup.com/images/500x500/std.lang.all/80/05/asset-3908005.jpg"|""|""|""|""|""|""|""|""|""|""|""|""|""|""|""|""|""|""|""|""|""|""|""|""|""|""|""|""|""|""|""|"33cl"|""|""|"True"|""|"8363P"|""|""|""|""|""|""|""|""|""
"5322"|"colruyt"|""|""|""|""|""|""|""|"2026-03-13"|"FANTA Zero Sugar Orange"|"FANTA"|""|"1,5"|"L"|""|"Dranken"|"Frisdrank"|"Bruisende limonade"|"Bruisende limonade sinaas"|"FANTA Zero Sugar Orange"|""|""|"2.25"|"2.25"|""|""|"11-03-2026"|"24-03-2026"|""|""|""|""|""|"11-03-2026"|"1.5"|""|""|"EUR"|"Dranken > Frisdrank > Bruisende limonade > Bruisende limonade sinaas > FANTA Zero Sugar Orange"|"https://www.colruyt.be/nl/producten/5322"|""|"Smaak: sinaasappel, Bruisend, Met zoetstoffen"|""|""|""|""|"BELGIË"|""|""|""|""|""|""|""|""|""|""|""|""|""|""|""|""|""|""|""|""|""|""|""|""|""|""|""|""|""|""|""|""|""|""|""|""|""|"https://static.colruytgroup.com/images/500x500/std.lang.all/74/83/asset-3497483.jpg"|""|""|""|""|""|""|""|""|""|""|""|""|""|""|""|""|""|""|""|""|""|""|""|""|""|""|""|""|""|""|""|"1,5L"|""|""|"True"|""|"5322P"|""|""|""|""|""|""|""|""|""
"12686"|"colruyt"|""|""|""|""|""|""|""|"2026-03-13"|"BONI Limonade Orange Zero"|"BONI"|""|"50"|"cl"|""|"Dranken"|"Frisdrank"|"Bruisende limonade"|"Bruisende limonade sinaas"|"BONI Limonade Orange Zero"|""|""|"0.48"|"0.48"|""|""|""|""|""|""|""|""|""|""|"0.97"|""|""|"EUR"|"Dranken > Frisdrank > Bruisende limonade > Bruisende limonade sinaas > BONI Limonade Orange Zero"|"https://www.colruyt.be/nl/producten/12686"|""|"Bruisende limonade, Smaak: sinaasappel, Met zoetstoffen"|""|""|""|""|"BELGIË"|""|""|""|""|""|""|""|""|""|""|""|""|""|""|""|""|""|""|""|""|""|""|""|""|""|""|""|""|""|""|""|""|""|""|""|""|""|"https://static.colruytgroup.com/images/500x500/std.lang.all/56/28/asset-3995628.jpg"|""|""|""|""|""|""|""|""|""|""|""|""|""|""|""|""|""|""|""|""|""|""|""|""|""|""|""|""|""|""|""|"50cl"|""|""|"True"|""|"12686P"|""|""|""|""|""|""|""|""|""
"5160"|"colruyt"|""|""|""|""|""|""|""|"2026-03-13"|"AQUARIUS Daily Hydration Lemon"|"AQUARIUS"|""|"50"|"cl"|""|"Dranken"|"Frisdrank"|"Sportdrinks"|"AQUARIUS Daily Hydration Lemon"|""|""|""|"1.64"|"1.64"|""|""|"11-03-2026"|"24-03-2026"|""|""|""|""|""|"11-03-2026"|"3.28"|""|""|"EUR"|"Dranken > Frisdrank > Sportdrinks > AQUARIUS Daily Hydration Lemon"|"https://www.colruyt.be/nl/producten/5160"|""|"Smaak: citroen"|""|""|""|""|"BELGIË"|""|""|""|""|""|""|""|""|""|""|""|""|""|""|""|""|""|""|""|""|""|""|""|""|""|""|""|""|""|""|""|""|""|""|""|""|""|"https://static.colruytgroup.com/images/500x500/std.lang.all/38/04/asset-3243804.jpg"|""|""|""|""|""|""|""|""|""|""|""|""|""|""|""|""|""|""|""|""|""|""|""|""|""|""|""|""|""|""|""|"50cl"|""|""|"True"|""|"5160P"|""|""|""|""|""|""|""|""|""
"4863"|"colruyt"|""|""|""|""|""|""|""|"2026-03-13"|"SAN PELLEGRINO Melograno & Arancia"|"SAN PELLEGRINO"|""|"33"|"cl"|""|"Dranken"|"Frisdrank"|"Bruisende limonade"|"Bruisende limonade andere smaken"|"SAN PELLEGRINO Melograno & Arancia"|""|""|"1.09"|"1.09"|""|""|""|""|""|""|""|""|""|""|"3.31"|""|""|"EUR"|"Dranken > Frisdrank > Bruisende limonade > Bruisende limonade andere smaken > SAN PELLEGRINO Melograno & Arancia"|"https://www.colruyt.be/nl/producten/4863"|""|"Bruisende limonade, Smaak: granaatappel, en sinaasappel"|""|""|""|""|"ITALIË"|""|""|""|""|""|""|""|""|""|""|""|""|""|""|""|""|""|""|""|""|""|""|""|""|""|""|""|""|""|""|""|""|""|""|""|""|""|"https://static.colruytgroup.com/images/500x500/nl_be/08/62/asset-3920862.jpg"|""|""|""|""|""|""|""|""|""|""|""|""|""|""|""|""|""|""|""|""|""|""|""|""|""|""|""|""|""|""|""|"33cl"|""|""|"True"|""|"4863P"|""|""|""|""|""|""|""|""|""
"24636"|"colruyt"|""|""|""|""|""|""|""|"2026-03-13"|"TÖNISSTEINER limonade Exotic Fit"|"TÖNISSTEINER"|""|"33"|"cl"|""|"Dranken"|"Frisdrank"|"Bruisende limonade"|"Bruisende limonade andere smaken"|"TÖNISSTEINER limonade Exotic Fit"|""|""|"1.09"|"1.09"|""|""|""|""|""|""|"1.05 vanaf 24 st"|""|""|""|"3.31"|""|""|"EUR"|"Dranken > Frisdrank > Bruisende limonade > Bruisende limonade andere smaken > TÖNISSTEINER limonade Exotic Fit"|"https://www.colruyt.be/nl/producten/24636"|""|"Bruisende limonade"|""|""|""|""|"DUITSLAND"|""|""|""|""|""|""|""|""|""|""|""|""|""|""|""|""|""|""|""|""|""|""|""|""|""|""|""|""|""|""|""|""|""|""|""|""|""|"https://static.colruytgroup.com/images/500x500/std.lang.all/88/71/asset-3948871.jpg"|""|""|""|""|""|""|""|""|""|""|""|""|""|""|""|""|""|""|""|""|""|""|""|""|""|""|""|""|""|""|""|"33cl"|""|""|"True"|""|"24636P"|""|""|""|""|""|""|""|""|""
"5367"|"colruyt"|""|""|""|""|""|""|""|"2026-03-13"|"SCHWEPPES Agrum'"|"SCHWEPPES"|""|"33"|"cl"|""|"Dranken"|"Frisdrank"|"Bruisende limonade"|"Bruisende limonade andere smaken"|"SCHWEPPES Agrum'"|""|""|"0.74"|"0.74"|""|""|"11-03-2026"|"24-03-2026"|""|""|""|""|""|"11-03-2026"|"2.27"|""|""|"EUR"|"Dranken > Frisdrank > Bruisende limonade > Bruisende limonade andere smaken > SCHWEPPES Agrum'"|"https://www.colruyt.be/nl/producten/5367"|""|"Smaak: citrus, Bruisend, Suiker,zoetstoffen"|""|""|""|""|"FRANKRIJK"|""|""|""|""|""|""|""|""|""|""|""|""|""|""|""|""|""|""|""|""|""|""|""|""|""|""|""|""|""|""|""|""|""|""|""|""|""|"https://static.colruytgroup.com/images/500x500/std.lang.all/79/94/asset-3907994.jpg"|""|""|""|""|""|""|""|""|""|""|""|""|""|""|""|""|""|""|""|""|""|""|""|""|""|""|""|""|""|""|""|"33cl"|""|""|"True"|""|"5367P"|""|""|""|""|""|""|""|""|""
"18969"|"colruyt"|""|""|""|""|""|""|""|"2026-03-13"|"CAPRI-SUN Multivitamin"|"CAPRI-SUN"|""|"10x20"|"cl"|""|"Dranken"|"Frisdrank"|"Niet-bruisende limonades"|"CAPRI-SUN Multivitamin"|""|""|""|"4.49"|"4.49"|""|""|""|""|""|""|""|""|""|""|"2.0"|""|""|"EUR"|"Dranken > Frisdrank > Niet-bruisende limonades > CAPRI-SUN Multivitamin"|"https://www.colruyt.be/nl/producten/18969"|""|"Multivruchtendrank, Uit sapconcentraat, Met 12 % vruchten, Zonder pulp"|""|""|""|""|"DUITSLAND"|""|""|""|""|""|""|""|""|""|""|""|""|""|""|""|""|""|""|""|""|""|""|""|""|""|""|""|""|""|""|""|""|""|""|""|""|""|"https://static.colruytgroup.com/images/500x500/std.lang.all/94/57/asset-3869457.jpg"|""|""|""|""|""|""|""|""|""|""|""|""|""|""|""|""|""|""|""|""|""|""|""|""|""|""|""|""|""|""|""|"10x20cl"|""|""|"True"|""|"18969P"|""|""|""|""|""|""|""|""|""
"40647"|"colruyt"|""|""|""|""|""|""|""|"2026-03-13"|"BONI Agrum' zero"|"BONI"|""|"1,5"|"L"|""|"Dranken"|"Frisdrank"|"Bruisende limonade"|"Bruisende limonade andere smaken"|"BONI Agrum' zero"|""|""|"0.99"|"0.99"|""|""|""|""|""|""|""|""|""|""|"0.66"|""|""|"EUR"|"Dranken > Frisdrank > Bruisende limonade > Bruisende limonade andere smaken > BONI Agrum' zero"|"https://www.colruyt.be/nl/producten/40647"|""|"Smaak: citrus, Bruisend, Met zoetstoffen"|""|""|""|""|"BELGIË"|"Vis"|""|""|""|""|""|""|""|""|""|""|""|""|""|""|""|""|""|""|""|""|""|""|""|""|""|""|""|""|""|""|""|""|""|""|""|""|"https://static.colruytgroup.com/images/500x500/std.lang.all/72/56/asset-3417256.jpg"|""|""|""|""|""|""|""|""|""|""|""|""|""|""|""|""|""|""|""|""|""|""|""|""|""|""|""|""|""|""|""|"1,5L"|""|""|"True"|""|"40647P"|""|""|""|""|""|""|""|""|""
"16209"|"colruyt"|""|""|""|""|""|""|""|"2026-03-13"|"FUZE TEA Black Tea Peach-Hibiscus"|"FUZE TEA"|""|"40"|"cl"|""|"Dranken"|"Frisdrank"|"Iced tea"|"Niet-bruisende Iced tea"|"FUZE TEA Black Tea Peach-Hibiscus"|""|""|"1.29"|"1.29"|""|""|""|""|""|""|""|""|""|""|"3.23"|""|""|"EUR"|"Dranken > Frisdrank > Iced tea > Niet-bruisende Iced tea > FUZE TEA Black Tea Peach-Hibiscus"|"https://www.colruyt.be/nl/producten/16209"|""|"Smaak: perzik, hibiscus, Niet-bruisend"|""|""|""|""|"FRANKRIJK"|""|""|""|""|""|""|""|""|""|""|""|""|""|""|""|""|""|""|""|""|""|""|""|""|""|""|""|""|""|""|""|""|""|""|""|""|""|"https://static.colruytgroup.com/images/500x500/std.lang.all/51/92/asset-3935192.jpg"|""|""|""|""|""|""|""|""|""|""|""|""|""|""|""|""|""|""|""|""|""|""|""|""|""|""|""|""|""|""|""|"40cl"|""|""|"True"|""|"16209P"|""|""|""|""|""|""|""|""|""
"18483"|"colruyt"|""|""|""|""|""|""|""|"2026-03-13"|"BONI Rode vruchten niet-bruisend"|"BONI"|""|"1,5"|"L"|""|"Dranken"|"Frisdrank"|"Niet-bruisende limonades"|"BONI Rode vruchten niet-bruisend"|""|""|""|"1.27"|"1.27"|""|""|""|""|""|""|""|""|""|""|"0.85"|""|""|"EUR"|"Dranken > Frisdrank > Niet-bruisende limonades > BONI Rode vruchten niet-bruisend"|"https://www.colruyt.be/nl/producten/18483"|""|"Limonade, Niet-bruisend, Smaak: rode, vruchten"|""|""|""|""|"FRANKRIJK"|""|""|""|""|""|""|""|""|""|""|""|""|""|""|""|""|""|""|""|""|""|""|""|""|""|""|""|""|""|""|""|""|""|""|""|""|""|"https://static.colruytgroup.com/images/500x500/std.lang.all/85/81/asset-3328581.jpg"|""|""|""|""|""|""|""|""|""|""|""|""|""|""|""|""|""|""|""|""|""|""|""|""|""|""|""|""|""|""|""|"1,5L"|""|""|"True"|""|"18483P"|""|""|""|""|""|""|""|""|""
"38369"|"colruyt"|""|""|""|""|""|""|""|"2026-03-13"|"OASIS MINI Appel-zwarte bes-framb."|"OASIS MINI"|""|"25"|"cl"|""|"Dranken"|"Frisdrank"|"Niet-bruisende limonades"|"OASIS MINI Appel-zwarte bes-framb."|""|""|""|"0.96"|"0.96"|""|""|""|""|""|""|""|""|""|""|"3.86"|""|""|"EUR"|"Dranken > Frisdrank > Niet-bruisende limonades > OASIS MINI Appel-zwarte bes-framb."|"https://www.colruyt.be/nl/producten/38369"|""|"Limonade, Niet bruisend, Smaak: zwarte bes, appel, framboos"|""|""|""|""|"BELGIË"|""|""|""|""|""|""|""|""|""|""|""|""|""|""|""|""|""|""|""|""|""|""|""|""|""|""|""|""|""|""|""|""|""|""|""|""|""|"https://static.colruytgroup.com/images/500x500/nl_be/01/63/asset-3270163.jpg"|""|""|""|""|""|""|""|""|""|""|""|""|""|""|""|""|""|""|""|""|""|""|""|""|""|""|""|""|""|""|""|"25cl"|""|""|"True"|""|"38369P"|""|""|""|""|""|""|""|""|""
"43844"|"colruyt"|""|""|""|""|""|""|""|"2026-03-13"|"FANTA Lemon"|"FANTA"|""|"33"|"cl"|""|"Dranken"|"Frisdrank"|"Bruisende limonade"|"Bruisende limonade citroen/limoen"|"FANTA Lemon"|""|""|"0.94"|"0.94"|""|""|""|""|""|""|""|""|""|""|"2.88"|""|""|"EUR"|"Dranken > Frisdrank > Bruisende limonade > Bruisende limonade citroen/limoen > FANTA Lemon"|"https://www.colruyt.be/nl/producten/43844"|""|"Smaak: citroen, Bruisend"|""|""|""|""|"BELGIË"|""|""|""|""|""|""|""|""|""|""|""|""|""|""|""|""|""|""|""|""|""|""|""|""|""|""|""|""|""|""|""|""|""|""|""|""|""|"https://static.colruytgroup.com/images/500x500/std.lang.all/72/53/asset-3497253.jpg"|""|""|""|""|""|""|""|""|""|""|""|""|""|""|""|""|""|""|""|""|""|""|""|""|""|""|""|""|""|""|""|"33cl"|""|""|"True"|""|"43844P"|""|""|""|""|""|""|""|""|""
"5165"|"colruyt"|""|""|""|""|""|""|""|"2026-03-13"|"PEPSI Zero Sugar Cola Lemon"|"PEPSI"|""|"33"|"cl"|""|"Dranken"|"Frisdrank"|"Cola"|"Zero/Light"|"PEPSI Zero Sugar Cola Lemon"|""|""|"0.83"|"0.83"|""|""|""|""|""|""|"0.799 vanaf 24 st"|""|""|""|"2.52"|""|""|"EUR"|"Dranken > Frisdrank > Cola > Zero/Light > PEPSI Zero Sugar Cola Lemon"|"https://www.colruyt.be/nl/producten/5165"|""|"Frisdrank, Cola, Met zoetstoffen"|""|""|""|""|"EUROPA"|"Sulfieten"|""|""|""|""|""|""|""|""|""|""|""|""|""|""|""|""|""|""|""|""|""|""|""|""|""|""|""|""|""|""|""|""|""|""|""|""|"https://static.colruytgroup.com/images/500x500/std.lang.all/25/66/asset-3432566.jpg"|""|""|""|""|""|""|""|""|""|""|""|""|""|""|""|""|""|""|""|""|""|""|""|""|""|""|""|""|""|""|""|"33cl"|""|""|"True"|""|"5165P"|""|""|""|""|""|""|""|""|""
"5327"|"colruyt"|""|""|""|""|""|""|""|"2026-03-13"|"PEPSI cola"|"PEPSI"|""|"33"|"cl"|""|"Dranken"|"Frisdrank"|"Cola"|"Regular/Origna Taste"|"PEPSI cola"|""|""|"0.69"|"0.69"|""|""|""|""|""|""|"0.671 vanaf 8 st"|""|""|""|"2.12"|""|""|"EUR"|"Dranken > Frisdrank > Cola > Regular/Origna Taste > PEPSI cola"|"https://www.colruyt.be/nl/producten/5327"|""|"Frisdrank, Cola"|""|""|""|""|"EUROPA"|"Sulfieten"|""|""|""|""|""|""|""|""|""|""|""|""|""|""|""|""|""|""|""|""|""|""|""|""|""|""|""|""|""|""|""|""|""|""|""|""|"https://static.colruytgroup.com/images/500x500/std.lang.all/48/70/asset-3424870.jpg"|""|""|""|""|""|""|""|""|""|""|""|""|""|""|""|""|""|""|""|""|""|""|""|""|""|""|""|""|""|""|""|"33cl"|""|""|"True"|""|"5327P"|""|""|""|""|""|""|""|""|""
"5139"|"colruyt"|""|""|""|""|""|""|""|"2026-03-13"|"OASIS Tropical"|"OASIS"|""|"2"|"L"|""|"Dranken"|"Frisdrank"|"Niet-bruisende limonades"|"OASIS Tropical"|""|""|""|"3.11"|"3.11"|""|""|"11-03-2026"|"24-03-2026"|""|""|""|""|""|"11-03-2026"|"1.56"|""|""|"EUR"|"Dranken > Frisdrank > Niet-bruisende limonades > OASIS Tropical"|"https://www.colruyt.be/nl/producten/5139"|""|"Limonade, Niet-bruisend, Smaak: multivruchten"|""|""|""|""|"FRANKRIJK"|"Sulfieten"|""|""|""|""|""|""|""|""|""|""|""|""|""|""|""|""|""|""|""|""|""|""|""|""|""|""|""|""|""|""|""|""|""|""|""|""|"https://static.colruytgroup.com/images/500x500/std.lang.all/58/50/asset-3915850.jpg"|""|""|""|""|""|""|""|""|""|""|""|""|""|""|""|""|""|""|""|""|""|""|""|""|""|""|""|""|""|""|""|"2L"|""|""|"True"|""|"5139P"|""|""|""|""|""|""|""|""|""
"6552"|"colruyt"|""|""|""|""|""|""|""|"2026-03-13"|"BONI Tropical pouch"|"BONI"|""|"10x20"|"cl"|""|"Dranken"|"Frisdrank"|"Niet-bruisende limonades"|"BONI Tropical pouch"|""|""|""|"2.85"|"2.85"|""|""|""|""|""|""|""|""|""|""|"1.43"|""|""|"EUR"|"Dranken > Frisdrank > Niet-bruisende limonades > BONI Tropical pouch"|"https://www.colruyt.be/nl/producten/6552"|""|"Multivruchtendrank, Niet-bruisend, Uit sapconcentraat, Zonder pulp"|""|""|""|""|"DUITSLAND"|""|""|""|""|""|""|""|""|""|""|""|""|""|""|""|""|""|""|""|""|""|""|""|""|""|""|""|""|""|""|""|""|""|""|""|""|""|"https://static.colruytgroup.com/images/500x500/std.lang.all/71/74/asset-4057174.jpg"|""|""|""|""|""|""|""|""|""|""|""|""|""|""|""|""|""|""|""|""|""|""|""|""|""|""|""|""|""|""|""|"10x20cl"|""|""|"True"|""|"6552P"|""|""|""|""|""|""|""|""|""
"5233"|"colruyt"|""|""|""|""|""|""|""|"2026-03-13"|"BONI Limonade citroen"|"BONI"|""|"50"|"cl"|""|"Dranken"|"Frisdrank"|"Bruisende limonade"|"Bruisende limonade citroen/limoen"|"BONI Limonade citroen"|""|""|"0.34"|"0.34"|""|""|""|""|""|""|""|""|""|""|"0.7"|""|""|"EUR"|"Dranken > Frisdrank > Bruisende limonade > Bruisende limonade citroen/limoen > BONI Limonade citroen"|"https://www.colruyt.be/nl/producten/5233"|""|"Smaak: citroen, Bruisend, Suiker"|""|""|""|""|"BELGIË"|""|""|""|""|""|""|""|""|""|""|""|""|""|""|""|""|""|""|""|""|""|""|""|""|""|""|""|""|""|""|""|""|""|""|""|""|""|"https://static.colruytgroup.com/images/500x500/std.lang.all/71/49/asset-3857149.jpg"|""|""|""|""|""|""|""|""|""|""|""|""|""|""|""|""|""|""|""|""|""|""|""|""|""|""|""|""|""|""|""|"50cl"|""|""|"True"|""|"5233P"|""|""|""|""|""|""|""|""|""
"16048"|"colruyt"|""|""|""|""|""|""|""|"2026-03-13"|"TÖNISSTEINER limonade Pink Fit"|"TÖNISSTEINER"|""|"33"|"cl"|""|"Dranken"|"Frisdrank"|"Bruisende limonade"|"Bruisende limonade andere smaken"|"TÖNISSTEINER limonade Pink Fit"|""|""|"1.09"|"1.09"|""|""|""|""|""|""|"1.05 vanaf 24 st"|""|""|""|"3.31"|""|""|"EUR"|"Dranken > Frisdrank > Bruisende limonade > Bruisende limonade andere smaken > TÖNISSTEINER limonade Pink Fit"|"https://www.colruyt.be/nl/producten/16048"|""|""|""|""|""|""|"DUITSLAND"|""|""|""|""|""|""|""|""|""|""|""|""|""|""|""|""|""|""|""|""|""|""|""|""|""|""|""|""|""|""|""|""|""|""|""|""|""|"https://static.colruytgroup.com/images/500x500/std.lang.all/16/34/asset-3861634.jpg"|""|""|""|""|""|""|""|""|""|""|""|""|""|""|""|""|""|""|""|""|""|""|""|""|""|""|""|""|""|""|""|"33cl"|""|""|"True"|""|"16048P"|""|""|""|""|""|""|""|""|""
"39521"|"colruyt"|""|""|""|""|""|""|""|"2026-03-13"|"TROPICO Original sinaas-ananas"|"TROPICO"|""|"33"|"cl"|""|"Dranken"|"Frisdrank"|"Niet-bruisende limonades"|"TROPICO Original sinaas-ananas"|""|""|""|"0.99"|"0.99"|""|""|""|""|""|""|"0.95 vanaf 24 st"|""|""|""|"3.0"|""|""|"EUR"|"Dranken > Frisdrank > Niet-bruisende limonades > TROPICO Original sinaas-ananas"|"https://www.colruyt.be/nl/producten/39521"|""|"Smaak: multivruchten, Niet-bruisend"|""|""|""|""|"BELGIË"|""|""|""|""|""|""|""|""|""|""|""|""|""|""|""|""|""|""|""|""|""|""|""|""|""|""|""|""|""|""|""|""|""|""|""|""|""|"https://static.colruytgroup.com/images/500x500/std.lang.all/21/33/asset-1852133.jpg"|""|""|""|""|""|""|""|""|""|""|""|""|""|""|""|""|""|""|""|""|""|""|""|""|""|""|""|""|""|""|""|"33cl"|""|""|"True"|""|"39521P"|""|""|""|""|""|""|""|""|""
"14840"|"colruyt"|""|""|""|""|""|""|""|"2026-03-13"|"TÖNISSTEINER Red Orange"|"TÖNISSTEINER"|""|"33"|"cl"|""|"Dranken"|"Frisdrank"|"Bruisende limonade"|"Bruisende limonade sinaas"|"TÖNISSTEINER Red Orange"|""|""|"1.05"|"1.05"|""|""|""|""|""|""|"1.01 vanaf 24 st"|""|""|""|"3.19"|""|""|"EUR"|"Dranken > Frisdrank > Bruisende limonade > Bruisende limonade sinaas > TÖNISSTEINER Red Orange"|"https://www.colruyt.be/nl/producten/14840"|""|""|""|""|""|""|"DUITSLAND"|""|""|""|""|""|""|""|""|""|""|""|""|""|""|""|""|""|""|""|""|""|""|""|""|""|""|""|""|""|""|""|""|""|""|""|""|""|"https://static.colruytgroup.com/images/500x500/std.lang.all/79/90/asset-3907990.jpg"|""|""|""|""|""|""|""|""|""|""|""|""|""|""|""|""|""|""|""|""|""|""|""|""|""|""|""|""|""|""|""|"33cl"|""|""|"True"|""|"14840P"|""|""|""|""|""|""|""|""|""
"5213"|"colruyt"|""|""|""|""|""|""|""|"2026-03-13"|"SCHWEPPES Zero Agrum'"|"SCHWEPPES"|""|"33"|"cl"|""|"Dranken"|"Frisdrank"|"Bruisende limonade"|"Bruisende limonade andere smaken"|"SCHWEPPES Zero Agrum'"|""|""|"0.74"|"0.74"|""|""|"11-03-2026"|"24-03-2026"|""|""|""|""|""|"11-03-2026"|"2.27"|""|""|"EUR"|"Dranken > Frisdrank > Bruisende limonade > Bruisende limonade andere smaken > SCHWEPPES Zero Agrum'"|"https://www.colruyt.be/nl/producten/5213"|""|"Smaak: pompelmoes, limoen, mandarijn, Bruisend, Met zoetstoffen"|""|""|""|""|"SPANJE"|""|""|""|""|""|""|""|""|""|""|""|""|""|""|""|""|""|""|""|""|""|""|""|""|""|""|""|""|""|""|""|""|""|""|""|""|""|"https://static.colruytgroup.com/images/500x500/std.lang.all/79/98/asset-3907998.jpg"|""|""|""|""|""|""|""|""|""|""|""|""|""|""|""|""|""|""|""|""|""|""|""|""|""|""|""|""|""|""|""|"33cl"|""|""|"True"|""|"5213P"|""|""|""|""|""|""|""|""|""
"39149"|"colruyt"|""|""|""|""|""|""|""|"2026-03-13"|"CARA NRG Regular blik"|"CARA"|""|"25"|"cl"|""|"Dranken"|"Frisdrank"|"Energydrinks"|"CARA NRG Regular blik"|""|""|""|"0.28"|"0.28"|""|""|""|""|""|""|""|""|""|""|"1.16"|""|""|"EUR"|"Dranken > Frisdrank > Energydrinks > CARA NRG Regular blik"|"https://www.colruyt.be/nl/producten/39149"|""|""|""|""|""|""|"NEDERLAND"|"Sulfieten"|""|""|""|""|""|""|""|""|""|""|""|""|""|""|""|""|""|""|""|""|""|""|""|""|""|""|""|""|""|""|""|""|""|""|""|""|"https://static.colruytgroup.com/images/500x500/std.lang.all/09/75/asset-3920975.jpg"|""|""|""|""|""|""|""|""|""|""|""|""|""|""|""|""|""|""|""|""|""|""|""|""|""|""|""|""|""|""|""|"25cl"|""|""|"True"|""|"39149P"|""|""|""|""|""|""|""|""|""
"16626"|"colruyt"|""|""|""|""|""|""|""|"2026-03-13"|"AA DRINK High Energy Orange"|"AA DRINK"|""|"50"|"cl"|""|"Dranken"|"Frisdrank"|"Sportdrinks"|"AA DRINK High Energy Orange"|""|""|""|"1.19"|"1.19"|""|""|""|""|""|""|"1.14 vanaf 24 st"|""|""|""|"2.38"|""|""|"EUR"|"Dranken > Frisdrank > Sportdrinks > AA DRINK High Energy Orange"|"https://www.colruyt.be/nl/producten/16626"|""|"Sportdrank"|""|""|""|""|"NEDERLAND"|""|""|""|""|""|""|""|""|""|""|""|""|""|""|""|""|""|""|""|""|""|""|""|""|""|""|""|""|""|""|""|""|""|""|""|""|""|"https://static.colruytgroup.com/images/500x500/std.lang.all/89/07/asset-2148907.jpg"|""|""|""|""|""|""|""|""|""|""|""|""|""|""|""|""|""|""|""|""|""|""|""|""|""|""|""|""|""|""|""|"50cl"|""|""|"True"|""|"16626P"|""|""|""|""|""|""|""|""|""
"5346"|"colruyt"|""|""|""|""|""|""|""|"2026-03-13"|"GINI Lemon bruisend"|"GINI"|""|"33"|"cl"|""|"Dranken"|"Frisdrank"|"Bruisende limonade"|"Bruisende limonade citroen/limoen"|"GINI Lemon bruisend"|""|""|"0.83"|"0.83"|""|""|""|""|""|""|""|""|""|""|"2.52"|""|""|"EUR"|"Dranken > Frisdrank > Bruisende limonade > Bruisende limonade citroen/limoen > GINI Lemon bruisend"|"https://www.colruyt.be/nl/producten/5346"|""|"Smaak: citroen, Bruisend, Suiker,zoetstoffen, Bevat kinine"|""|""|""|""|"FRANKRIJK"|""|""|""|""|""|""|""|""|""|""|""|""|""|""|""|""|""|""|""|""|""|""|""|""|""|""|""|""|""|""|""|""|""|""|""|""|""|"https://static.colruytgroup.com/images/500x500/std.lang.all/75/26/asset-2037526.jpg"|""|""|""|""|""|""|""|""|""|""|""|""|""|""|""|""|""|""|""|""|""|""|""|""|""|""|""|""|""|""|""|"33cl"|""|""|"True"|""|"5346P"|""|""|""|""|""|""|""|""|""
"5355"|"colruyt"|""|""|""|""|""|""|""|"2026-03-13"|"RED BULL Sugarfree energiedrank"|"RED BULL"|""|"25"|"cl"|""|"Dranken"|"Frisdrank"|"Energydrinks"|"RED BULL Sugarfree energiedrank"|""|""|""|"1.29"|"1.29"|""|""|""|""|""|""|""|""|""|""|"5.16"|""|""|"EUR"|"Dranken > Frisdrank > Energydrinks > RED BULL Sugarfree energiedrank"|"https://www.colruyt.be/nl/producten/5355"|""|"Energiedrank, Taurine/cafeïne, Met zoetstoffen"|""|""|""|""|"OOSTENRIJK"|""|""|""|""|""|""|""|""|""|""|""|""|""|""|""|""|""|""|""|""|""|""|""|""|""|""|""|""|""|""|""|""|""|""|""|""|""|"https://static.colruytgroup.com/images/500x500/std.lang.all/95/76/asset-389576.jpg"|""|""|""|""|""|""|""|""|""|""|""|""|""|""|""|""|""|""|""|""|""|""|""|""|""|""|""|""|""|""|""|"25cl"|""|""|"True"|""|"5355P"|""|""|""|""|""|""|""|""|""
"5353"|"colruyt"|""|""|""|""|""|""|""|"2026-03-13"|"CANADA DRY Ginger Ale"|"CANADA DRY"|""|"33"|"cl"|""|"Dranken"|"Frisdrank"|"Bruisende limonade"|"Bruisende limonade andere smaken"|"CANADA DRY Ginger Ale"|""|""|"0.99"|"0.99"|""|""|""|""|""|""|""|""|""|""|"3.01"|""|""|"EUR"|"Dranken > Frisdrank > Bruisende limonade > Bruisende limonade andere smaken > CANADA DRY Ginger Ale"|"https://www.colruyt.be/nl/producten/5353"|""|"Bruisend, Suiker, zoetstoffen"|""|""|""|""|"FRANKRIJK"|"Sulfieten"|""|""|""|""|""|""|""|""|""|""|""|""|""|""|""|""|""|""|""|""|""|""|""|""|""|""|""|""|""|""|""|""|""|""|""|""|"https://static.colruytgroup.com/images/500x500/std.lang.all/62/85/asset-3156285.jpg"|""|""|""|""|""|""|""|""|""|""|""|""|""|""|""|""|""|""|""|""|""|""|""|""|""|""|""|""|""|""|""|"33cl"|""|""|"True"|""|"5353P"|""|""|""|""|""|""|""|""|""
"41372"|"colruyt"|""|""|""|""|""|""|""|"2026-03-13"|"FEVER-TREE tonic Mediterranean"|"FEVER-TREE"|""|"4x20"|"cl"|""|"Dranken"|"Frisdrank"|"Tonic"|"FEVER-TREE tonic Mediterranean"|""|""|""|"5.49"|"5.49"|""|""|""|""|""|""|""|""|""|""|"6.87"|""|""|"EUR"|"Dranken > Frisdrank > Tonic > FEVER-TREE tonic Mediterranean"|"https://www.colruyt.be/nl/producten/41372"|""|"Bruisend, Bevat kinine, Kruidige tonic"|""|""|""|""|"VERENIGD KONINKRIJK"|""|""|""|""|""|""|""|""|""|""|""|""|""|""|""|""|""|""|""|""|""|""|""|""|""|""|""|""|""|""|""|""|""|""|""|""|""|"https://static.colruytgroup.com/images/500x500/std.lang.all/11/14/asset-3551114.jpg"|""|""|""|""|""|""|""|""|""|""|""|""|""|""|""|""|""|""|""|""|""|""|""|""|""|""|""|""|""|""|""|"4x20cl"|""|""|"True"|""|"41372P"|""|""|""|""|""|""|""|""|""
"8362"|"colruyt"|""|""|""|""|""|""|""|"2026-03-13"|"SCHWEPPES Indian tonic"|"SCHWEPPES"|""|"1,5"|"L"|""|"Dranken"|"Frisdrank"|"Tonic"|"SCHWEPPES Indian tonic"|""|""|""|"2.88"|"2.88"|""|""|""|""|""|""|""|""|""|""|"1.92"|""|""|"EUR"|"Dranken > Frisdrank > Tonic > SCHWEPPES Indian tonic"|"https://www.colruyt.be/nl/producten/8362"|""|"Bruisend, Bevat kinine"|""|""|""|""|"FRANKRIJK"|""|""|""|""|""|""|""|""|""|""|""|""|""|""|""|""|""|""|""|""|""|""|""|""|""|""|""|""|""|""|""|""|""|""|""|""|""|"https://static.colruytgroup.com/images/500x500/nl_be/83/16/asset-3908316.jpg"|""|""|""|""|""|""|""|""|""|""|""|""|""|""|""|""|""|""|""|""|""|""|""|""|""|""|""|""|""|""|""|"1,5L"|""|""|"True"|""|"8362P"|""|""|""|""|""|""|""|""|""
"11284"|"colruyt"|""|""|""|""|""|""|""|"2026-03-13"|"TÖNISSTEINER Lemon-Ginger Fit"|"TÖNISSTEINER"|""|"33"|"cl"|""|"Dranken"|"Frisdrank"|"Tonic"|"TÖNISSTEINER Lemon-Ginger Fit"|""|""|""|"1.17"|"1.17"|""|""|""|""|""|""|"0.777 vanaf 18 st"|""|""|""|"3.55"|""|""|"EUR"|"Dranken > Frisdrank > Tonic > TÖNISSTEINER Lemon-Ginger Fit"|"https://www.colruyt.be/nl/producten/11284"|""|"Smaak: sinaasappel, Smaak: citroen, gember, Met zoetstoffen"|""|""|""|""|"DUITSLAND"|""|""|""|""|""|""|""|""|""|""|""|""|""|""|""|""|""|""|""|""|""|""|""|""|""|""|""|""|""|""|""|""|""|""|""|""|""|"https://static.colruytgroup.com/images/500x500/std.lang.all/97/29/asset-2869729.jpg"|""|""|""|""|""|""|""|""|""|""|""|""|""|""|""|""|""|""|""|""|""|""|""|""|""|""|""|""|""|""|""|"33cl"|""|""|"True"|""|"11284P"|""|""|""|""|""|""|""|""|""
"11903"|"colruyt"|""|""|""|""|""|""|""|"2026-03-13"|"TÖNISSTEINER limonade Zitrone Fit"|"TÖNISSTEINER"|""|"1"|"L"|""|"Dranken"|"Frisdrank"|"Bruisende limonade"|"Bruisende limonade citroen/limoen"|"TÖNISSTEINER limonade Zitrone Fit"|""|""|"2.19"|"2.19"|""|""|""|""|""|""|"2.1 vanaf 18 st"|""|""|""|"2.19"|""|""|"EUR"|"Dranken > Frisdrank > Bruisende limonade > Bruisende limonade citroen/limoen > TÖNISSTEINER limonade Zitrone Fit"|"https://www.colruyt.be/nl/producten/11903"|""|"Smaak: citroen, Bruisend, Met zoetstoffen"|""|""|""|""|"BELGIË"|""|""|""|""|""|""|""|""|""|""|""|""|""|""|""|""|""|""|""|""|""|""|""|""|""|""|""|""|""|""|""|""|""|""|""|""|""|"https://static.colruytgroup.com/images/500x500/nl_be/99/08/asset-1479908.jpg"|""|""|""|""|""|""|""|""|""|""|""|""|""|""|""|""|""|""|""|""|""|""|""|""|""|""|""|""|""|""|""|"1L"|""|""|"True"|""|"11903P"|""|""|""|""|""|""|""|""|""
"5334"|"colruyt"|""|""|""|""|""|""|""|"2026-03-13"|"COCA-COLA Light"|"COCA-COLA"|""|"33"|"cl"|""|"Dranken"|"Frisdrank"|"Cola"|"Zero/Light"|"COCA-COLA Light"|""|""|"0.89"|"0.89"|""|""|""|""|""|""|""|""|""|""|"2.73"|""|""|"EUR"|"Dranken > Frisdrank > Cola > Zero/Light > COCA-COLA Light"|"https://www.colruyt.be/nl/producten/5334"|""|"Bruisend, Met zoetstoffen, Bevat cafeïne"|""|""|""|""|"FRANKRIJK"|"Sulfieten"|""|""|""|""|""|""|""|""|""|""|""|""|""|""|""|""|""|""|""|""|""|""|""|""|""|""|""|""|""|""|""|""|""|""|""|""|"https://static.colruytgroup.com/images/500x500/std.lang.all/80/02/asset-2538002.jpg"|""|""|""|""|""|""|""|""|""|""|""|""|""|""|""|""|""|""|""|""|""|""|""|""|""|""|""|""|""|""|""|"33cl"|""|""|"True"|""|"5334P"|""|""|""|""|""|""|""|""|""
"7613"|"colruyt"|""|""|""|""|""|""|""|"2026-03-13"|"MONSTER Ener.Juiced Mango Loco blik"|"MONSTER"|""|"50"|"cl"|""|"Dranken"|"Frisdrank"|"Energydrinks"|"MONSTER Ener.Juiced Mango Loco blik"|""|""|""|"1.49"|"1.49"|""|""|""|""|""|""|""|""|""|""|"2.98"|""|""|"EUR"|"Dranken > Frisdrank > Energydrinks > MONSTER Ener.Juiced Mango Loco blik"|"https://www.colruyt.be/nl/producten/7613"|""|"Energiedrank, Taurine/cafeïne, Suiker/zoetstoffen"|""|""|""|""|"BELGIË"|""|""|""|""|""|""|""|""|""|""|""|""|""|""|""|""|""|""|""|""|""|""|""|""|""|""|""|""|""|""|""|""|""|""|""|""|""|"https://static.colruytgroup.com/images/500x500/std.lang.all/49/81/asset-2294981.jpg"|""|""|""|""|""|""|""|""|""|""|""|""|""|""|""|""|""|""|""|""|""|""|""|""|""|""|""|""|""|""|""|"50cl"|""|""|"True"|""|"7613P"|""|""|""|""|""|""|""|""|""
"22149"|"colruyt"|""|""|""|""|""|""|""|"2026-03-13"|"BONI Ice Tea Peach niet-bruisend"|"BONI"|""|"33"|"cl"|""|"Dranken"|"Frisdrank"|"Iced tea"|"Niet-bruisende Iced tea"|"BONI Ice Tea Peach niet-bruisend"|""|""|"0.46"|"0.46"|""|""|""|""|""|""|"0.445 vanaf 24 st"|""|""|""|"1.41"|""|""|"EUR"|"Dranken > Frisdrank > Iced tea > Niet-bruisende Iced tea > BONI Ice Tea Peach niet-bruisend"|"https://www.colruyt.be/nl/producten/22149"|""|"Ice-tea, Niet-bruisend, Smaak: perzik"|""|""|""|""|"BELGIË"|""|""|""|""|""|""|""|""|""|""|""|""|""|""|""|""|""|""|""|""|""|""|""|""|""|""|""|""|""|""|""|""|""|""|""|""|""|"https://static.colruytgroup.com/images/500x500/std.lang.all/78/78/asset-3867878.jpg"|""|""|""|""|""|""|""|""|""|""|""|""|""|""|""|""|""|""|""|""|""|""|""|""|""|""|""|""|""|""|""|"33cl"|""|""|"True"|""|"22149P"|""|""|""|""|""|""|""|""|""
"13408"|"colruyt"|""|""|""|""|""|""|""|"2026-03-13"|"FANTA Exotic"|"FANTA"|""|"33"|"cl"|""|"Dranken"|"Frisdrank"|"Bruisende limonade"|"Bruisende limonade andere smaken"|"FANTA Exotic"|""|""|"0.94"|"0.94"|""|""|""|""|""|""|""|""|""|""|"2.88"|""|""|"EUR"|"Dranken > Frisdrank > Bruisende limonade > Bruisende limonade andere smaken > FANTA Exotic"|"https://www.colruyt.be/nl/producten/13408"|""|"Smaak: multivruchten, Bruisend"|""|""|""|""|"BELGIË"|""|""|""|""|""|""|""|""|""|""|""|""|""|""|""|""|""|""|""|""|""|""|""|""|""|""|""|""|""|""|""|""|""|""|""|""|""|"https://static.colruytgroup.com/images/500x500/std.lang.all/75/70/asset-3487570.jpg"|""|""|""|""|""|""|""|""|""|""|""|""|""|""|""|""|""|""|""|""|""|""|""|""|""|""|""|""|""|""|""|"33cl"|""|""|"True"|""|"13408P"|""|""|""|""|""|""|""|""|""
"13272"|"colruyt"|""|""|""|""|""|""|""|"2026-03-13"|"BONI Iced Tea Lemon niet-bruisend"|"BONI"|""|"1,5"|"L"|""|"Dranken"|"Frisdrank"|"Iced tea"|"Niet-bruisende Iced tea"|"BONI Iced Tea Lemon niet-bruisend"|""|""|"0.89"|"0.89"|""|""|""|""|""|""|""|""|""|""|"0.6"|""|""|"EUR"|"Dranken > Frisdrank > Iced tea > Niet-bruisende Iced tea > BONI Iced Tea Lemon niet-bruisend"|"https://www.colruyt.be/nl/producten/13272"|""|"Smaak: citroen, Niet-bruisend"|""|""|""|""|"DUITSLAND"|""|""|""|""|""|""|""|""|""|""|""|""|""|""|""|""|""|""|""|""|""|""|""|""|""|""|""|""|""|""|""|""|""|""|""|""|""|"https://static.colruytgroup.com/images/500x500/std.lang.all/71/89/asset-3947189.jpg"|""|""|""|""|""|""|""|""|""|""|""|""|""|""|""|""|""|""|""|""|""|""|""|""|""|""|""|""|""|""|""|"1,5L"|""|""|"True"|""|"13272P"|""|""|""|""|""|""|""|""|""
"5699"|"colruyt"|""|""|""|""|""|""|""|"2026-03-13"|"SCHWEPPES Agrum'"|"SCHWEPPES"|""|"1,5"|"L"|""|"Dranken"|"Frisdrank"|"Bruisende limonade"|"Bruisende limonade andere smaken"|"SCHWEPPES Agrum'"|""|""|"2.99"|"2.99"|""|""|""|""|""|""|""|""|""|""|"2.0"|""|""|"EUR"|"Dranken > Frisdrank > Bruisende limonade > Bruisende limonade andere smaken > SCHWEPPES Agrum'"|"https://www.colruyt.be/nl/producten/5699"|""|"Smaak: citrus, Bruisend, Suiker, zoetstoffen"|""|""|""|""|"FRANKRIJK"|""|""|""|""|""|""|""|""|""|""|""|""|""|""|""|""|""|""|""|""|""|""|""|""|""|""|""|""|""|""|""|""|""|""|""|""|""|"https://static.colruytgroup.com/images/500x500/nl_be/80/14/asset-3908014.jpg"|""|""|""|""|""|""|""|""|""|""|""|""|""|""|""|""|""|""|""|""|""|""|""|""|""|""|""|""|""|""|""|"1,5L"|""|""|"True"|""|"5699P"|""|""|""|""|""|""|""|""|""
"5152"|"colruyt"|""|""|""|""|""|""|""|"2026-03-13"|"BONI Limonade grenadine"|"BONI"|""|"50"|"cl"|""|"Dranken"|"Frisdrank"|"Bruisende limonade"|"Bruisende limonade andere smaken"|"BONI Limonade grenadine"|""|""|"0.75"|"0.75"|""|""|""|""|""|""|"0.69 vanaf 27 st"|""|""|""|"1.5"|""|""|"EUR"|"Dranken > Frisdrank > Bruisende limonade > Bruisende limonade andere smaken > BONI Limonade grenadine"|"https://www.colruyt.be/nl/producten/5152"|""|"Bruisende limonade"|""|""|""|""|"BELGIË"|""|""|""|""|""|""|""|""|""|""|""|""|""|""|""|""|""|""|""|""|""|""|""|""|""|""|""|""|""|""|""|""|""|""|""|""|""|"https://static.colruytgroup.com/images/500x500/std.lang.all/51/87/asset-3885187.jpg"|""|""|""|""|""|""|""|""|""|""|""|""|""|""|""|""|""|""|""|""|""|""|""|""|""|""|""|""|""|""|""|"50cl"|""|""|"True"|""|"5152P"|""|""|""|""|""|""|""|""|""
"1409"|"colruyt"|""|""|""|""|""|""|""|"2026-03-13"|"RED BULL Sea Blue Edition Juneberry"|"RED BULL"|""|"25"|"cl"|""|"Dranken"|"Frisdrank"|"Energydrinks"|"RED BULL Sea Blue Edition Juneberry"|""|""|""|"1.39"|"1.39"|""|""|""|""|""|""|"1.33 vanaf 24 st"|""|""|""|"5.56"|""|""|"EUR"|"Dranken > Frisdrank > Energydrinks > RED BULL Sea Blue Edition Juneberry"|"https://www.colruyt.be/nl/producten/1409"|""|"Energiedrank, Taurine/Cafeïne"|""|""|""|""|"OOSTENRIJK"|"Sulfieten"|""|""|""|""|""|""|""|""|""|""|""|""|""|""|""|""|""|""|""|""|""|""|""|""|""|""|""|""|""|""|""|""|""|""|""|""|"https://static.colruytgroup.com/images/500x500/std.lang.all/67/40/asset-3596740.jpg"|""|""|""|""|""|""|""|""|""|""|""|""|""|""|""|""|""|""|""|""|""|""|""|""|""|""|""|""|""|""|""|"25cl"|""|""|"True"|""|"1409P"|""|""|""|""|""|""|""|""|""
"17272"|"colruyt"|""|""|""|""|""|""|""|"2026-03-13"|"RED BULL The Blue Edition"|"RED BULL"|""|"25"|"cl"|""|"Dranken"|"Frisdrank"|"Energydrinks"|"RED BULL The Blue Edition"|""|""|""|"1.59"|"1.59"|""|""|""|""|""|""|"1.33 vanaf 24 st"|""|""|""|"6.36"|""|""|"EUR"|"Dranken > Frisdrank > Energydrinks > RED BULL The Blue Edition"|"https://www.colruyt.be/nl/producten/17272"|""|"Energiedrank, Smaak: blauwe, bosbes, Taurine/Cafeïne"|""|""|""|""|"OOSTENRIJK"|"Melk, Soja"|""|""|""|""|""|""|""|""|""|""|""|""|""|""|""|""|""|""|""|""|""|""|""|""|""|""|""|""|""|""|""|""|""|""|""|""|"https://static.colruytgroup.com/images/500x500/std.lang.all/63/56/asset-2356356.jpg"|""|""|""|""|""|""|""|""|""|""|""|""|""|""|""|""|""|""|""|""|""|""|""|""|""|""|""|""|""|""|""|"25cl"|""|""|"True"|""|"17272P"|""|""|""|""|""|""|""|""|""
"27473"|"colruyt"|""|""|""|""|""|""|""|"2026-03-13"|"COCA-COLA Zero Sugar No Caffeine"|"COCA-COLA"|""|"1,5"|"L"|""|"Dranken"|"Frisdrank"|"Cola"|"Zero/Light"|"COCA-COLA Zero Sugar No Caffeine"|""|""|"2.34"|"2.34"|""|""|"11-03-2026"|"24-03-2026"|""|""|""|""|""|"11-03-2026"|"1.56"|""|""|"EUR"|"Dranken > Frisdrank > Cola > Zero/Light > COCA-COLA Zero Sugar No Caffeine"|"https://www.colruyt.be/nl/producten/27473"|""|"Bruisend, Met zoetstoffen, Zonder cafeïne"|""|""|""|""|"BELGIË"|"Sulfieten"|""|""|""|""|""|""|""|""|""|""|""|""|""|""|""|""|""|""|""|""|""|""|""|""|""|""|""|""|""|""|""|""|""|""|""|""|"https://static.colruytgroup.com/images/500x500/std.lang.all/65/39/asset-4066539.jpg"|""|""|""|""|""|""|""|""|""|""|""|""|""|""|""|""|""|""|""|""|""|""|""|""|""|""|""|""|""|""|""|"1,5L"|""|""|"True"|""|"27473P"|""|""|""|""|""|""|""|""|""
"17977"|"colruyt"|""|""|""|""|""|""|""|"2026-03-13"|"RED BULL The Red Edition"|"RED BULL"|""|"25"|"cl"|""|"Dranken"|"Frisdrank"|"Energydrinks"|"RED BULL The Red Edition"|""|""|""|"1.55"|"1.55"|""|""|""|""|""|""|"1.33 vanaf 24 st"|""|""|""|"6.2"|""|""|"EUR"|"Dranken > Frisdrank > Energydrinks > RED BULL The Red Edition"|"https://www.colruyt.be/nl/producten/17977"|""|"Energiedrank, Smaak: watermeloen, Taurine/Cafeïne"|""|""|""|""|"OOSTENRIJK"|""|""|""|""|""|""|""|""|""|""|""|""|""|""|""|""|""|""|""|""|""|""|""|""|""|""|""|""|""|""|""|""|""|""|""|""|""|"https://static.colruytgroup.com/images/500x500/std.lang.all/98/13/asset-2429813.jpg"|""|""|""|""|""|""|""|""|""|""|""|""|""|""|""|""|""|""|""|""|""|""|""|""|""|""|""|""|""|""|""|"25cl"|""|""|"True"|""|"17977P"|""|""|""|""|""|""|""|""|""
"1040"|"colruyt"|""|""|""|""|""|""|""|"2026-03-13"|"POWERADE Mountain Blast"|"POWERADE"|""|"50"|"cl"|""|"Dranken"|"Frisdrank"|"Sportdrinks"|"POWERADE Mountain Blast"|""|""|""|"1.69"|"1.69"|""|""|""|""|""|""|""|""|""|""|"3.38"|""|""|"EUR"|"Dranken > Frisdrank > Sportdrinks > POWERADE Mountain Blast"|"https://www.colruyt.be/nl/producten/1040"|""|"Sportdrank, Smaak: citroen"|""|""|""|""|"NEDERLAND"|""|""|""|""|""|""|""|""|""|""|""|""|""|""|""|""|""|""|""|""|""|""|""|""|""|""|""|""|""|""|""|""|""|""|""|""|""|"https://static.colruytgroup.com/images/500x500/std.lang.all/64/37/asset-3926437.jpg"|""|""|""|""|""|""|""|""|""|""|""|""|""|""|""|""|""|""|""|""|""|""|""|""|""|""|""|""|""|""|""|"50cl"|""|""|"True"|""|"1040P"|""|""|""|""|""|""|""|""|""
"13627"|"colruyt"|""|""|""|""|""|""|""|"2026-03-13"|"BONI Tropical"|"BONI"|""|"50"|"cl"|""|"Dranken"|"Frisdrank"|"Niet-bruisende limonades"|"BONI Tropical"|""|""|""|"0.81"|"0.81"|""|""|""|""|""|""|""|""|""|""|"1.62"|""|""|"EUR"|"Dranken > Frisdrank > Niet-bruisende limonades > BONI Tropical"|"https://www.colruyt.be/nl/producten/13627"|""|"Multivruchtendrank, Niet-bruisend, Uit sapconcentraat, Met 12 % vruchten, Zonder pulp"|""|""|""|""|"DUITSLAND"|""|""|""|""|""|""|""|""|""|""|""|""|""|""|""|""|""|""|""|""|""|""|""|""|""|""|""|""|""|""|""|""|""|""|""|""|""|"https://static.colruytgroup.com/images/500x500/std.lang.all/53/59/asset-2795359.jpg"|""|""|""|""|""|""|""|""|""|""|""|""|""|""|""|""|""|""|""|""|""|""|""|""|""|""|""|""|""|""|""|"50cl"|""|""|"True"|""|"13627P"|""|""|""|""|""|""|""|""|""
"6315"|"colruyt"|""|""|""|""|""|""|""|"2026-03-13"|"SCHWEPPES Zero Agrum'"|"SCHWEPPES"|""|"1,5"|"L"|""|"Dranken"|"Frisdrank"|"Bruisende limonade"|"Bruisende limonade andere smaken"|"SCHWEPPES Zero Agrum'"|""|""|"2.99"|"2.99"|""|""|""|""|""|""|""|""|""|""|"2.0"|""|""|"EUR"|"Dranken > Frisdrank > Bruisende limonade > Bruisende limonade andere smaken > SCHWEPPES Zero Agrum'"|"https://www.colruyt.be/nl/producten/6315"|""|"Smaak: citrus, Bruisend, Met zoetstoffen"|""|""|""|""|"FRANKRIJK"|""|""|""|""|""|""|""|""|""|""|""|""|""|""|""|""|""|""|""|""|""|""|""|""|""|""|""|""|""|""|""|""|""|""|""|""|""|"https://static.colruytgroup.com/images/500x500/nl_be/29/60/asset-3222960.jpg"|""|""|""|""|""|""|""|""|""|""|""|""|""|""|""|""|""|""|""|""|""|""|""|""|""|""|""|""|""|""|""|"1,5L"|""|""|"True"|""|"6315P"|""|""|""|""|""|""|""|""|""
"5401"|"colruyt"|""|""|""|""|""|""|""|"2026-03-13"|"SPRITE Lemon-Lime"|"SPRITE"|""|"50"|"cl"|""|"Dranken"|"Frisdrank"|"Bruisende limonade"|"Bruisende limonade citroen/limoen"|"SPRITE Lemon-Lime"|""|""|"1.29"|"1.29"|""|""|""|""|""|""|""|""|""|""|"2.58"|""|""|"EUR"|"Dranken > Frisdrank > Bruisende limonade > Bruisende limonade citroen/limoen > SPRITE Lemon-Lime"|"https://www.colruyt.be/nl/producten/5401"|""|"Bruisend, Suiker,zoetstoffen"|""|""|""|""|"BELGIË"|""|""|""|""|""|""|""|""|""|""|""|""|""|""|""|""|""|""|""|""|""|""|""|""|""|""|""|""|""|""|""|""|""|""|""|""|""|"https://static.colruytgroup.com/images/500x500/std.lang.all/77/83/asset-3307783.jpg"|""|""|""|""|""|""|""|""|""|""|""|""|""|""|""|""|""|""|""|""|""|""|""|""|""|""|""|""|""|""|""|"50cl"|""|""|"True"|""|"5401P"|""|""|""|""|""|""|""|""|""
"44717"|"colruyt"|""|""|""|""|""|""|""|"2026-03-13"|"7UP Zero Sugar Lemon & Lime"|"7UP"|""|"33"|"cl"|""|"Dranken"|"Frisdrank"|"Bruisende limonade"|"Bruisende limonade citroen/limoen"|"7UP Zero Sugar Lemon & Lime"|""|""|"0.58"|"0.58"|""|""|""|""|""|""|""|""|""|""|"1.77"|""|""|"EUR"|"Dranken > Frisdrank > Bruisende limonade > Bruisende limonade citroen/limoen > 7UP Zero Sugar Lemon & Lime"|"https://www.colruyt.be/nl/producten/44717"|""|"Limonade, Bruisend, Smaak: citroen, limoen, Met zoetstoffen"|""|""|""|""|"EUROPA"|""|""|""|""|""|""|""|""|""|""|""|""|""|""|""|""|""|""|""|""|""|""|""|""|""|""|""|""|""|""|""|""|""|""|""|""|""|"https://static.colruytgroup.com/images/500x500/std.lang.all/18/27/asset-3261827.jpg"|""|""|""|""|""|""|""|""|""|""|""|""|""|""|""|""|""|""|""|""|""|""|""|""|""|""|""|""|""|""|""|"33cl"|""|""|"True"|""|"44717P"|""|""|""|""|""|""|""|""|""
"5066"|"colruyt"|""|""|""|""|""|""|""|"2026-03-13"|"SPRITE Zero Sugar Lemon-Lime"|"SPRITE"|""|"1,5"|"L"|""|"Dranken"|"Frisdrank"|"Bruisende limonade"|"Bruisende limonade citroen/limoen"|"SPRITE Zero Sugar Lemon-Lime"|""|""|"2.35"|"2.35"|""|""|"11-03-2026"|"24-03-2026"|""|""|""|""|""|"11-03-2026"|"1.57"|""|""|"EUR"|"Dranken > Frisdrank > Bruisende limonade > Bruisende limonade citroen/limoen > SPRITE Zero Sugar Lemon-Lime"|"https://www.colruyt.be/nl/producten/5066"|""|"Bruisend, Met zoetstoffen"|""|""|""|""|"BELGIË"|""|""|""|""|""|""|""|""|""|""|""|""|""|""|""|""|""|""|""|""|""|""|""|""|""|""|""|""|""|""|""|""|""|""|""|""|""|"https://static.colruytgroup.com/images/500x500/std.lang.all/75/23/asset-3367523.jpg"|""|""|""|""|""|""|""|""|""|""|""|""|""|""|""|""|""|""|""|""|""|""|""|""|""|""|""|""|""|""|""|"1,5L"|""|""|"True"|""|"5066P"|""|""|""|""|""|""|""|""|""
"44053"|"colruyt"|""|""|""|""|""|""|""|"2026-03-13"|"SCHWEPPES Zero Indian tonic"|"SCHWEPPES"|""|"33"|"cl"|""|"Dranken"|"Frisdrank"|"Tonic"|"SCHWEPPES Zero Indian tonic"|""|""|""|"0.96"|"0.96"|""|""|""|""|""|""|""|""|""|""|"2.94"|""|""|"EUR"|"Dranken > Frisdrank > Tonic > SCHWEPPES Zero Indian tonic"|"https://www.colruyt.be/nl/producten/44053"|""|"Bruisend, Met zoetstoffen, Bevat kinine"|""|""|""|""|"FRANKRIJK"|""|""|""|""|""|""|""|""|""|""|""|""|""|""|""|""|""|""|""|""|""|""|""|""|""|""|""|""|""|""|""|""|""|""|""|""|""|"https://static.colruytgroup.com/images/500x500/std.lang.all/80/03/asset-3908003.jpg"|""|""|""|""|""|""|""|""|""|""|""|""|""|""|""|""|""|""|""|""|""|""|""|""|""|""|""|""|""|""|""|"33cl"|""|""|"True"|""|"44053P"|""|""|""|""|""|""|""|""|""
"45840"|"colruyt"|""|""|""|""|""|""|""|"2026-03-13"|"SAN PELLEGRINO Limonata"|"SAN PELLEGRINO"|""|"33"|"cl"|""|"Dranken"|"Frisdrank"|"Bruisende limonade"|"Bruisende limonade citroen/limoen"|"SAN PELLEGRINO Limonata"|""|""|"0.99"|"0.99"|""|""|""|""|""|""|""|""|""|""|"3.03"|""|""|"EUR"|"Dranken > Frisdrank > Bruisende limonade > Bruisende limonade citroen/limoen > SAN PELLEGRINO Limonata"|"https://www.colruyt.be/nl/producten/45840"|""|"Bruisende Limonade, Smaak: citroen"|""|""|""|""|"ITALIË"|""|""|""|""|""|""|""|""|""|""|""|""|""|""|""|""|""|""|""|""|""|""|""|""|""|""|""|""|""|""|""|""|""|""|""|""|""|"https://static.colruytgroup.com/images/500x500/nl_be/26/18/asset-4012618.jpg"|""|""|""|""|""|""|""|""|""|""|""|""|""|""|""|""|""|""|""|""|""|""|""|""|""|""|""|""|""|""|""|"33cl"|""|""|"True"|""|"45840P"|""|""|""|""|""|""|""|""|""
"44054"|"colruyt"|""|""|""|""|""|""|""|"2026-03-13"|"GINI Zero"|"GINI"|""|"33"|"cl"|""|"Dranken"|"Frisdrank"|"Bruisende limonade"|"Bruisende limonade citroen/limoen"|"GINI Zero"|""|""|"0.83"|"0.83"|""|""|""|""|""|""|""|""|""|""|"2.52"|""|""|"EUR"|"Dranken > Frisdrank > Bruisende limonade > Bruisende limonade citroen/limoen > GINI Zero"|"https://www.colruyt.be/nl/producten/44054"|""|"Bruisend, Met zoetstoffen, Kinine"|""|""|""|""|"FRANKRIJK"|""|""|""|""|""|""|""|""|""|""|""|""|""|""|""|""|""|""|""|""|""|""|""|""|""|""|""|""|""|""|""|""|""|""|""|""|""|"https://static.colruytgroup.com/images/500x500/std.lang.all/75/68/asset-2037568.jpg"|""|""|""|""|""|""|""|""|""|""|""|""|""|""|""|""|""|""|""|""|""|""|""|""|""|""|""|""|""|""|""|"33cl"|""|""|"True"|""|"44054P"|""|""|""|""|""|""|""|""|""
"7199"|"colruyt"|""|""|""|""|""|""|""|"2026-03-13"|"SAN PELLEGRINO Clementina"|"SAN PELLEGRINO"|""|"33"|"cl"|""|"Dranken"|"Frisdrank"|"Bruisende limonade"|"Bruisende limonade andere smaken"|"SAN PELLEGRINO Clementina"|""|""|"1.09"|"1.09"|""|""|""|""|""|""|""|""|""|""|"3.31"|""|""|"EUR"|"Dranken > Frisdrank > Bruisende limonade > Bruisende limonade andere smaken > SAN PELLEGRINO Clementina"|"https://www.colruyt.be/nl/producten/7199"|""|"Bruisende limonade, Smaak: clementine"|""|""|""|""|"ITALIË"|"Sulfieten"|""|""|""|""|""|""|""|""|""|""|""|""|""|""|""|""|""|""|""|""|""|""|""|""|""|""|""|""|""|""|""|""|""|""|""|""|"https://static.colruytgroup.com/images/500x500/std.lang.all/45/23/asset-3894523.jpg"|""|""|""|""|""|""|""|""|""|""|""|""|""|""|""|""|""|""|""|""|""|""|""|""|""|""|""|""|""|""|""|"33cl"|""|""|"True"|""|"7199P"|""|""|""|""|""|""|""|""|""
"7797"|"colruyt"|""|""|""|""|""|""|""|"2026-03-13"|"AQUARIUS Daily Hydration Orange"|"AQUARIUS"|""|"50"|"cl"|""|"Dranken"|"Frisdrank"|"Sportdrinks"|"AQUARIUS Daily Hydration Orange"|""|""|""|"1.89"|"1.89"|""|""|"11-03-2026"|"24-03-2026"|""|""|""|""|""|"11-03-2026"|"3.78"|""|""|"EUR"|"Dranken > Frisdrank > Sportdrinks > AQUARIUS Daily Hydration Orange"|"https://www.colruyt.be/nl/producten/7797"|""|"Smaak: Sinaasappel"|""|""|""|""|"BELGIË"|""|""|""|""|""|""|""|""|""|""|""|""|""|""|""|""|""|""|""|""|""|""|""|""|""|""|""|""|""|""|""|""|""|""|""|""|""|"https://static.colruytgroup.com/images/500x500/std.lang.all/37/05/asset-3243705.jpg"|""|""|""|""|""|""|""|""|""|""|""|""|""|""|""|""|""|""|""|""|""|""|""|""|""|""|""|""|""|""|""|"50cl"|""|""|"True"|""|"7797P"|""|""|""|""|""|""|""|""|""
"20060"|"colruyt"|""|""|""|""|""|""|""|"2026-03-13"|"DR PEPPER Bruisend"|"DR PEPPER"|""|"33"|"cl"|""|"Dranken"|"Frisdrank"|"Cola"|"Regular/Origna Taste"|"DR PEPPER Bruisend"|""|""|"0.99"|"0.99"|""|""|""|""|""|""|""|""|""|""|"3.19"|""|""|"EUR"|"Dranken > Frisdrank > Cola > Regular/Origna Taste > DR PEPPER Bruisend"|"https://www.colruyt.be/nl/producten/20060"|""|""|""|""|""|""|"FRANKRIJK"|"Sulfieten"|""|""|""|""|""|""|""|""|""|""|""|""|""|""|""|""|""|""|""|""|""|""|""|""|""|""|""|""|""|""|""|""|""|""|""|""|"https://static.colruytgroup.com/images/500x500/std.lang.all/72/33/asset-3797233.jpg"|""|""|""|""|""|""|""|""|""|""|""|""|""|""|""|""|""|""|""|""|""|""|""|""|""|""|""|""|""|""|""|"33cl"|""|""|"True"|""|"20060P"|""|""|""|""|""|""|""|""|""
"19660"|"colruyt"|""|""|""|""|""|""|""|"2026-03-13"|"CAPRI-SUN Orange"|"CAPRI-SUN"|""|"10x20"|"cl"|""|"Dranken"|"Frisdrank"|"Niet-bruisende limonades"|"CAPRI-SUN Orange"|""|""|""|"4.49"|"4.49"|""|""|""|""|""|""|""|""|""|""|"2.25"|""|""|"EUR"|"Dranken > Frisdrank > Niet-bruisende limonades > CAPRI-SUN Orange"|"https://www.colruyt.be/nl/producten/19660"|""|"Sinaasappeldrank, Uit sapconcentraat, Met 12 % vruchten, Zonder pulp"|""|""|""|""|"BELGIË"|""|""|""|""|""|""|""|""|""|""|""|""|""|""|""|""|""|""|""|""|""|""|""|""|""|""|""|""|""|""|""|""|""|""|""|""|""|"https://static.colruytgroup.com/images/500x500/std.lang.all/47/94/asset-2494794.jpg"|""|""|""|""|""|""|""|""|""|""|""|""|""|""|""|""|""|""|""|""|""|""|""|""|""|""|""|""|""|""|""|"10x20cl"|""|""|"True"|""|"19660P"|""|""|""|""|""|""|""|""|""
"5486"|"colruyt"|""|""|""|""|""|""|""|"2026-03-13"|"LIPTON Ice Tea Green"|"LIPTON"|""|"33"|"cl"|""|"Dranken"|"Frisdrank"|"Iced tea"|"Niet-bruisende Iced tea"|"LIPTON Ice Tea Green"|""|""|"0.79"|"0.79"|""|""|""|""|""|""|""|""|""|""|"2.4"|""|""|"EUR"|"Dranken > Frisdrank > Iced tea > Niet-bruisende Iced tea > LIPTON Ice Tea Green"|"https://www.colruyt.be/nl/producten/5486"|""|"Ice tea, Groene theesmaak, Non-sparkling, Ijs thee, Soft drink"|""|""|""|""|"BELGIË"|"Sulfieten"|""|""|""|""|""|""|""|""|""|""|""|""|""|""|""|""|""|""|""|""|""|""|""|""|""|""|""|""|""|""|""|""|""|""|""|""|"https://static.colruytgroup.com/images/500x500/std.lang.all/06/80/asset-3120680.jpg"|""|""|""|""|""|""|""|""|""|""|""|""|""|""|""|""|""|""|""|""|""|""|""|""|""|""|""|""|""|""|""|"33cl"|""|""|"True"|""|"5486P"|""|""|""|""|""|""|""|""|""
"5142"|"colruyt"|""|""|""|""|""|""|""|"2026-03-13"|"COCA-COLA Regular Orig.Taste bak"|"COCA-COLA"|""|"24x20"|"cl"|""|"Dranken"|"Frisdrank"|"Cola"|"Regular/Origna Taste"|"COCA-COLA Regular Orig.Taste bak"|""|""|"18.79"|"18.79"|""|""|""|""|""|""|""|""|""|""|"3.92"|""|""|"EUR"|"Dranken > Frisdrank > Cola > Regular/Origna Taste > COCA-COLA Regular Orig.Taste bak"|"https://www.colruyt.be/nl/producten/5142"|""|"Bruisend, Bevat cafeïne"|""|""|""|""|"BELGIË"|"Sulfieten"|""|""|""|""|""|""|""|""|""|""|""|""|""|""|""|""|""|""|""|""|""|""|""|""|""|""|""|""|""|""|""|""|""|""|""|""|"https://static.colruytgroup.com/images/500x500/std.lang.all/01/94/asset-890194.jpg"|""|""|""|""|""|""|""|""|""|""|""|""|""|""|""|""|""|""|""|""|""|""|""|""|""|""|""|""|""|""|""|"24x20cl"|""|""|"True"|""|"5142P"|""|""|""|""|""|""|""|""|""
"28487"|"colruyt"|""|""|""|""|""|""|""|"2026-03-13"|"FANTA Orange"|"FANTA"|""|"15"|"cl"|""|"Dranken"|"Frisdrank"|"Bruisende limonade"|"Bruisende limonade sinaas"|"FANTA Orange"|""|""|"0.68"|"0.68"|""|""|""|""|""|""|""|""|""|""|"4.58"|""|""|"EUR"|"Dranken > Frisdrank > Bruisende limonade > Bruisende limonade sinaas > FANTA Orange"|"https://www.colruyt.be/nl/producten/28487"|""|"Bruisende limonade, Smaak: sinaasappel"|""|""|""|""|"BELGIË"|""|""|""|""|""|""|""|""|""|""|""|""|""|""|""|""|""|""|""|""|""|""|""|""|""|""|""|""|""|""|""|""|""|""|""|""|""|"https://static.colruytgroup.com/images/500x500/std.lang.all/75/61/asset-3497561.jpg"|""|""|""|""|""|""|""|""|""|""|""|""|""|""|""|""|""|""|""|""|""|""|""|""|""|""|""|""|""|""|""|"15cl"|""|""|"True"|""|"28487P"|""|""|""|""|""|""|""|""|""
"25790"|"colruyt"|""|""|""|""|""|""|""|"2026-03-13"|"COCA-COLA Cherry"|"COCA-COLA"|""|"33"|"cl"|""|"Dranken"|"Frisdrank"|"Cola"|"Regular/Origna Taste"|"COCA-COLA Cherry"|""|""|"0.98"|"0.98"|""|""|""|""|""|""|""|""|""|""|"2.98"|""|""|"EUR"|"Dranken > Frisdrank > Cola > Regular/Origna Taste > COCA-COLA Cherry"|"https://www.colruyt.be/nl/producten/25790"|""|"Bruisend, Bevat cafeïne"|""|""|""|""|"BELGIË"|"Sulfieten"|""|""|""|""|""|""|""|""|""|""|""|""|""|""|""|""|""|""|""|""|""|""|""|""|""|""|""|""|""|""|""|""|""|""|""|""|"https://static.colruytgroup.com/images/500x500/std.lang.all/68/94/asset-4036894.jpg"|""|""|""|""|""|""|""|""|""|""|""|""|""|""|""|""|""|""|""|""|""|""|""|""|""|""|""|""|""|""|""|"33cl"|""|""|"True"|""|"25790P"|""|""|""|""|""|""|""|""|""
"41472"|"colruyt"|""|""|""|""|""|""|""|"2026-03-13"|"PEPSI Zero Sugar Cola Cherry"|"PEPSI"|""|"33"|"cl"|""|"Dranken"|"Frisdrank"|"Cola"|"Zero/Light"|"PEPSI Zero Sugar Cola Cherry"|""|""|"0.83"|"0.83"|""|""|""|""|""|""|"0.799 vanaf 24 st"|""|""|""|"2.52"|""|""|"EUR"|"Dranken > Frisdrank > Cola > Zero/Light > PEPSI Zero Sugar Cola Cherry"|"https://www.colruyt.be/nl/producten/41472"|""|"Frisdrank, Cola, Met zoetstoffen"|""|""|""|""|"EUROPA"|"Sulfieten"|""|""|""|""|""|""|""|""|""|""|""|""|""|""|""|""|""|""|""|""|""|""|""|""|""|""|""|""|""|""|""|""|""|""|""|""|"https://static.colruytgroup.com/images/500x500/std.lang.all/47/47/asset-3424747.jpg"|""|""|""|""|""|""|""|""|""|""|""|""|""|""|""|""|""|""|""|""|""|""|""|""|""|""|""|""|""|""|""|"33cl"|""|""|"True"|""|"41472P"|""|""|""|""|""|""|""|""|""
"7614"|"colruyt"|""|""|""|""|""|""|""|"2026-03-13"|"MONSTER energ. Pipeline Punch blik"|"MONSTER"|""|"50"|"cl"|""|"Dranken"|"Frisdrank"|"Energydrinks"|"MONSTER energ. Pipeline Punch blik"|""|""|""|"1.69"|"1.69"|""|""|""|""|""|""|"1.62 vanaf 24 st"|""|""|""|"3.38"|""|""|"EUR"|"Dranken > Frisdrank > Energydrinks > MONSTER energ. Pipeline Punch blik"|"https://www.colruyt.be/nl/producten/7614"|""|"Energiedrank, Bevat taurine, Suiker/zoetstoffen"|""|""|""|""|"BELGIË"|""|""|""|""|""|""|""|""|""|""|""|""|""|""|""|""|""|""|""|""|""|""|""|""|""|""|""|""|""|""|""|""|""|""|""|""|""|"https://static.colruytgroup.com/images/500x500/std.lang.all/64/20/asset-2446420.jpg"|""|""|""|""|""|""|""|""|""|""|""|""|""|""|""|""|""|""|""|""|""|""|""|""|""|""|""|""|""|""|""|"50cl"|""|""|"True"|""|"7614P"|""|""|""|""|""|""|""|""|""
"15449"|"colruyt"|""|""|""|""|""|""|""|"2026-03-13"|"BONI Limonade Lemon Zero"|"BONI"|""|"50"|"cl"|""|"Dranken"|"Frisdrank"|"Bruisende limonade"|"Bruisende limonade citroen/limoen"|"BONI Limonade Lemon Zero"|""|""|"0.45"|"0.45"|""|""|""|""|""|""|"0.43 vanaf 27 st"|""|""|""|"0.9"|""|""|"EUR"|"Dranken > Frisdrank > Bruisende limonade > Bruisende limonade citroen/limoen > BONI Limonade Lemon Zero"|"https://www.colruyt.be/nl/producten/15449"|""|"Bruisende limonade, Smaak: citroen, Met zoetstoffen"|""|""|""|""|"BELGIË"|""|""|""|""|""|""|""|""|""|""|""|""|""|""|""|""|""|""|""|""|""|""|""|""|""|""|""|""|""|""|""|""|""|""|""|""|""|"https://static.colruytgroup.com/images/500x500/std.lang.all/71/39/asset-3857139.jpg"|""|""|""|""|""|""|""|""|""|""|""|""|""|""|""|""|""|""|""|""|""|""|""|""|""|""|""|""|""|""|""|"50cl"|""|""|"True"|""|"15449P"|""|""|""|""|""|""|""|""|""
"3335"|"colruyt"|""|""|""|""|""|""|""|"2026-03-13"|"BONI energiedrank UP blik"|"BONI"|""|"25"|"cl"|""|"Dranken"|"Frisdrank"|"Energydrinks"|"BONI energiedrank UP blik"|""|""|""|"0.49"|"0.49"|""|""|""|""|""|""|"0.45 vanaf 24 st"|""|""|""|"1.96"|""|""|"EUR"|"Dranken > Frisdrank > Energydrinks > BONI energiedrank UP blik"|"https://www.colruyt.be/nl/producten/3335"|""|"Energiedrank, Smaak: exotisch, Suiker/zoetstoffen, Vitamine B, E12"|""|""|""|""|"NEDERLAND"|""|""|""|""|""|""|""|""|""|""|""|""|""|""|""|""|""|""|""|""|""|""|""|""|""|""|""|""|""|""|""|""|""|""|""|""|""|"https://static.colruytgroup.com/images/500x500/std.lang.all/09/80/asset-2450980.jpg"|""|""|""|""|""|""|""|""|""|""|""|""|""|""|""|""|""|""|""|""|""|""|""|""|""|""|""|""|""|""|""|"25cl"|""|""|"True"|""|"3335P"|""|""|""|""|""|""|""|""|""
"13053"|"colruyt"|""|""|""|""|""|""|""|"2026-03-13"|"FANTA Zero Sugar Pineapple-Grapefr."|"FANTA"|""|"33"|"cl"|""|"Dranken"|"Frisdrank"|"Bruisende limonade"|"Bruisende limonade andere smaken"|"FANTA Zero Sugar Pineapple-Grapefr."|""|""|"0.89"|"0.89"|""|""|""|""|""|""|""|""|""|""|"2.73"|""|""|"EUR"|"Dranken > Frisdrank > Bruisende limonade > Bruisende limonade andere smaken > FANTA Zero Sugar Pineapple-Grapefr."|"https://www.colruyt.be/nl/producten/13053"|""|"Smaak: ananas &, pompelmoes, Bruisend, Met zoetstoffen"|""|""|""|""|"BELGIË"|""|""|""|""|""|""|""|""|""|""|""|""|""|""|""|""|""|""|""|""|""|""|""|""|""|""|""|""|""|""|""|""|""|""|""|""|""|"https://static.colruytgroup.com/images/500x500/std.lang.all/75/74/asset-3487574.jpg"|""|""|""|""|""|""|""|""|""|""|""|""|""|""|""|""|""|""|""|""|""|""|""|""|""|""|""|""|""|""|""|"33cl"|""|""|"True"|""|"13053P"|""|""|""|""|""|""|""|""|""
"21874"|"colruyt"|""|""|""|""|""|""|""|"2026-03-13"|"LIPTON Ice Tea Peach"|"LIPTON"|""|"50"|"cl"|""|"Dranken"|"Frisdrank"|"Iced tea"|"Niet-bruisende Iced tea"|"LIPTON Ice Tea Peach"|""|""|"1.48"|"1.48"|""|""|""|""|""|""|"1.42 vanaf 48 st"|""|""|""|"2.96"|""|""|"EUR"|"Dranken > Frisdrank > Iced tea > Niet-bruisende Iced tea > LIPTON Ice Tea Peach"|"https://www.colruyt.be/nl/producten/21874"|""|"Ice tea, Perziksmaak, Non-sparkling, Ijs thee, Soft drink"|""|""|""|""|"BELGIË"|"Sulfieten"|""|""|""|""|""|""|""|""|""|""|""|""|""|""|""|""|""|""|""|""|""|""|""|""|""|""|""|""|""|""|""|""|""|""|""|""|"https://static.colruytgroup.com/images/500x500/std.lang.all/53/42/asset-3205342.jpg"|""|""|""|""|""|""|""|""|""|""|""|""|""|""|""|""|""|""|""|""|""|""|""|""|""|""|""|""|""|""|""|"50cl"|""|""|"True"|""|"21874P"|""|""|""|""|""|""|""|""|""
"10857"|"colruyt"|""|""|""|""|""|""|""|"2026-03-13"|"OASIS Tropical"|"OASIS"|""|"33"|"cl"|""|"Dranken"|"Frisdrank"|"Niet-bruisende limonades"|"OASIS Tropical"|""|""|""|"0.83"|"0.83"|""|""|""|""|""|""|""|""|""|""|"2.52"|""|""|"EUR"|"Dranken > Frisdrank > Niet-bruisende limonades > OASIS Tropical"|"https://www.colruyt.be/nl/producten/10857"|""|"Niet-bruisende, limonade"|""|""|""|""|"FRANKRIJK"|""|""|""|""|""|""|""|""|""|""|""|""|""|""|""|""|""|""|""|""|""|""|""|""|""|""|""|""|""|""|""|""|""|""|""|""|""|"https://static.colruytgroup.com/images/500x500/std.lang.all/94/09/asset-3529409.jpg"|""|""|""|""|""|""|""|""|""|""|""|""|""|""|""|""|""|""|""|""|""|""|""|""|""|""|""|""|""|""|""|"33cl"|""|""|"True"|""|"10857P"|""|""|""|""|""|""|""|""|""
"19663"|"colruyt"|""|""|""|""|""|""|""|"2026-03-13"|"CAPRI-SUN Safari Fruits"|"CAPRI-SUN"|""|"10x20"|"cl"|""|"Dranken"|"Frisdrank"|"Niet-bruisende limonades"|"CAPRI-SUN Safari Fruits"|""|""|""|"4.69"|"4.69"|""|""|""|""|""|""|""|""|""|""|"2.35"|""|""|"EUR"|"Dranken > Frisdrank > Niet-bruisende limonades > CAPRI-SUN Safari Fruits"|"https://www.colruyt.be/nl/producten/19663"|""|"Multivruchtendrank, Uit sapconcentraat, Met 12 % vruchten, Zonder pulp"|""|""|""|""|"DUITSLAND"|""|""|""|""|""|""|""|""|""|""|""|""|""|""|""|""|""|""|""|""|""|""|""|""|""|""|""|""|""|""|""|""|""|""|""|""|""|"https://static.colruytgroup.com/images/500x500/std.lang.all/22/98/asset-3242298.jpg"|""|""|""|""|""|""|""|""|""|""|""|""|""|""|""|""|""|""|""|""|""|""|""|""|""|""|""|""|""|""|""|"10x20cl"|""|""|"True"|""|"19663P"|""|""|""|""|""|""|""|""|""
"14489"|"colruyt"|""|""|""|""|""|""|""|"2026-03-13"|"APPLETISER appelsap bruisend blik"|"APPLETISER"|""|"25"|"cl"|""|"Dranken"|"Frisdrank"|"Bruisende limonade"|"Bruisende limonade andere smaken"|"APPLETISER appelsap bruisend blik"|""|""|"1.17"|"1.17"|""|""|""|""|""|""|""|""|""|""|"4.68"|""|""|"EUR"|"Dranken > Frisdrank > Bruisende limonade > Bruisende limonade andere smaken > APPLETISER appelsap bruisend blik"|"https://www.colruyt.be/nl/producten/14489"|""|"Sprankelend, appelsap, Uit sapconcentraat, Met 100 % vruchten, Zonder pulp"|""|""|""|""|"BELGIË"|""|""|""|""|""|""|""|""|""|""|""|""|""|""|""|""|""|""|""|""|""|""|""|""|""|""|""|""|""|""|""|""|""|""|""|""|""|"https://static.colruytgroup.com/images/500x500/nl_be/96/79/asset-1549679.jpg"|""|""|""|""|""|""|""|""|""|""|""|""|""|""|""|""|""|""|""|""|""|""|""|""|""|""|""|""|""|""|""|"25cl"|""|""|"True"|""|"14489P"|""|""|""|""|""|""|""|""|""
"17535"|"colruyt"|""|""|""|""|""|""|""|"2026-03-13"|"AQUARIUS Daily Hyd.Lemon Zero Sugar"|"AQUARIUS"|""|"50"|"cl"|""|"Dranken"|"Frisdrank"|"Sportdrinks"|"AQUARIUS Daily Hyd.Lemon Zero Sugar"|""|""|""|"1.75"|"1.75"|""|""|"11-03-2026"|"24-03-2026"|""|""|""|""|""|"11-03-2026"|"3.5"|""|""|"EUR"|"Dranken > Frisdrank > Sportdrinks > AQUARIUS Daily Hyd.Lemon Zero Sugar"|"https://www.colruyt.be/nl/producten/17535"|""|"Smaak: citroen, Met zoetstoffen"|""|""|""|""|"NEDERLAND"|""|""|""|""|""|""|""|""|""|""|""|""|""|""|""|""|""|""|""|""|""|""|""|""|""|""|""|""|""|""|""|""|""|""|""|""|""|"https://static.colruytgroup.com/images/500x500/std.lang.all/37/18/asset-3243718.jpg"|""|""|""|""|""|""|""|""|""|""|""|""|""|""|""|""|""|""|""|""|""|""|""|""|""|""|""|""|""|""|""|"50cl"|""|""|"True"|""|"17535P"|""|""|""|""|""|""|""|""|""
"5379"|"colruyt"|""|""|""|""|""|""|""|"2026-03-13"|"BONI Iced Tea Lemon bruisend"|"BONI"|""|"50"|"cl"|""|"Dranken"|"Frisdrank"|"Iced tea"|"Bruisend Iced tea"|"BONI Iced Tea Lemon bruisend"|""|""|"0.53"|"0.53"|""|""|""|""|""|""|""|""|""|""|"1.07"|""|""|"EUR"|"Dranken > Frisdrank > Iced tea > Bruisend Iced tea > BONI Iced Tea Lemon bruisend"|"https://www.colruyt.be/nl/producten/5379"|""|"Smaak: citroen, Bruisend"|""|""|""|""|"BELGIË"|""|""|""|""|""|""|""|""|""|""|""|""|""|""|""|""|""|""|""|""|""|""|""|""|""|""|""|""|""|""|""|""|""|""|""|""|""|"https://static.colruytgroup.com/images/500x500/std.lang.all/97/22/asset-4039722.jpg"|""|""|""|""|""|""|""|""|""|""|""|""|""|""|""|""|""|""|""|""|""|""|""|""|""|""|""|""|""|""|""|"50cl"|""|""|"True"|""|"5379P"|""|""|""|""|""|""|""|""|""
"1122"|"colruyt"|""|""|""|""|""|""|""|"2026-03-13"|"TÖNISSTEINER Ice-Break Fit citroen"|"TÖNISSTEINER"|""|"33"|"cl"|""|"Dranken"|"Frisdrank"|"Bruisende limonade"|"Bruisende limonade citroen/limoen"|"TÖNISSTEINER Ice-Break Fit citroen"|""|""|"1.20"|"1.20"|""|""|""|""|""|""|"1.1 vanaf 24 st"|""|""|""|"3.64"|""|""|"EUR"|"Dranken > Frisdrank > Bruisende limonade > Bruisende limonade citroen/limoen > TÖNISSTEINER Ice-Break Fit citroen"|"https://www.colruyt.be/nl/producten/1122"|""|"Smaak: citroen, Bruisend, Met zoetstoffen"|""|""|""|""|"BELGIË"|""|""|""|""|""|""|""|""|""|""|""|""|""|""|""|""|""|""|""|""|""|""|""|""|""|""|""|""|""|""|""|""|""|""|""|""|""|"https://static.colruytgroup.com/images/500x500/std.lang.all/91/93/asset-1549193.jpg"|""|""|""|""|""|""|""|""|""|""|""|""|""|""|""|""|""|""|""|""|""|""|""|""|""|""|""|""|""|""|""|"33cl"|""|""|"True"|""|"1122P"|""|""|""|""|""|""|""|""|""
"16808"|"colruyt"|""|""|""|""|""|""|""|"2026-03-13"|"PEPSI Zero Sugar Cola Lime"|"PEPSI"|""|"33"|"cl"|""|"Dranken"|"Frisdrank"|"Cola"|"Zero/Light"|"PEPSI Zero Sugar Cola Lime"|""|""|"0.83"|"0.83"|""|""|""|""|""|""|"0.799 vanaf 24 st"|""|""|""|"2.52"|""|""|"EUR"|"Dranken > Frisdrank > Cola > Zero/Light > PEPSI Zero Sugar Cola Lime"|"https://www.colruyt.be/nl/producten/16808"|""|"Frisdrank, Cola, Smaak: limoen, Met zoetstoffen"|""|""|""|""|"NEDERLAND"|"Sulfieten"|""|""|""|""|""|""|""|""|""|""|""|""|""|""|""|""|""|""|""|""|""|""|""|""|""|""|""|""|""|""|""|""|""|""|""|""|"https://static.colruytgroup.com/images/500x500/std.lang.all/72/59/asset-3417259.jpg"|""|""|""|""|""|""|""|""|""|""|""|""|""|""|""|""|""|""|""|""|""|""|""|""|""|""|""|""|""|""|""|"33cl"|""|""|"True"|""|"16808P"|""|""|""|""|""|""|""|""|""
"5352"|"colruyt"|""|""|""|""|""|""|""|"2026-03-13"|"ORANGINA Limonade"|"ORANGINA"|""|"33"|"cl"|""|"Dranken"|"Frisdrank"|"Bruisende limonade"|"Bruisende limonade sinaas"|"ORANGINA Limonade"|""|""|"0.78"|"0.78"|""|""|""|""|""|""|""|""|""|""|"2.37"|""|""|"EUR"|"Dranken > Frisdrank > Bruisende limonade > Bruisende limonade sinaas > ORANGINA Limonade"|"https://www.colruyt.be/nl/producten/5352"|""|"Bruisende limonade, Smaak: sinaasappel"|""|""|""|""|"FRANKRIJK"|""|""|""|""|""|""|""|""|""|""|""|""|""|""|""|""|""|""|""|""|""|""|""|""|""|""|""|""|""|""|""|""|""|""|""|""|""|"https://static.colruytgroup.com/images/500x500/std.lang.all/75/27/asset-2037527.jpg"|""|""|""|""|""|""|""|""|""|""|""|""|""|""|""|""|""|""|""|""|""|""|""|""|""|""|""|""|""|""|""|"33cl"|""|""|"True"|""|"5352P"|""|""|""|""|""|""|""|""|""
"4735"|"colruyt"|""|""|""|""|""|""|""|"2026-03-13"|"SAN PELLEGRINO Pompelmo"|"SAN PELLEGRINO"|""|"33"|"cl"|""|"Dranken"|"Frisdrank"|"Bruisende limonade"|"Bruisende limonade andere smaken"|"SAN PELLEGRINO Pompelmo"|""|""|"1.09"|"1.09"|""|""|""|""|""|""|""|""|""|""|"3.31"|""|""|"EUR"|"Dranken > Frisdrank > Bruisende limonade > Bruisende limonade andere smaken > SAN PELLEGRINO Pompelmo"|"https://www.colruyt.be/nl/producten/4735"|""|"Bruisende limonade, Smaak: pompelmoes"|""|""|""|""|"ITALIË"|""|""|""|""|""|""|""|""|""|""|""|""|""|""|""|""|""|""|""|""|""|""|""|""|""|""|""|""|""|""|""|""|""|""|""|""|""|"https://static.colruytgroup.com/images/500x500/nl_be/38/64/asset-4053864.jpg"|""|""|""|""|""|""|""|""|""|""|""|""|""|""|""|""|""|""|""|""|""|""|""|""|""|""|""|""|""|""|""|"33cl"|""|""|"True"|""|"4735P"|""|""|""|""|""|""|""|""|""
"12612"|"colruyt"|""|""|""|""|""|""|""|"2026-03-13"|"CAPRI-SUN Zero Multivitamin"|"CAPRI-SUN"|""|"10x20"|"cl"|""|"Dranken"|"Frisdrank"|"Niet-bruisende limonades"|"CAPRI-SUN Zero Multivitamin"|""|""|""|"4.49"|"4.49"|""|""|""|""|""|""|""|""|""|""|"2.25"|""|""|"EUR"|"Dranken > Frisdrank > Niet-bruisende limonades > CAPRI-SUN Zero Multivitamin"|"https://www.colruyt.be/nl/producten/12612"|""|"Multivruchtendrank, Uit sapconcentraat, Zonder pulp, Met zoetstoffen"|""|""|""|""|"ZWITSERLAND"|""|""|""|""|""|""|""|""|""|""|""|""|""|""|""|""|""|""|""|""|""|""|""|""|""|""|""|""|""|""|""|""|""|""|""|""|""|"https://static.colruytgroup.com/images/500x500/std.lang.all/54/37/asset-3575437.jpg"|""|""|""|""|""|""|""|""|""|""|""|""|""|""|""|""|""|""|""|""|""|""|""|""|""|""|""|""|""|""|""|"10x20cl"|""|""|"True"|""|"12612P"|""|""|""|""|""|""|""|""|""
"10896"|"colruyt"|""|""|""|""|""|""|""|"2026-03-13"|"FUZE TEA Green Tea Mango-Chamomile"|"FUZE TEA"|""|"1,25"|"L"|""|"Dranken"|"Frisdrank"|"Iced tea"|"Niet-bruisende Iced tea"|"FUZE TEA Green Tea Mango-Chamomile"|""|""|"1.48"|"1.48"|""|""|""|""|""|""|""|""|""|""|"1.19"|""|""|"EUR"|"Dranken > Frisdrank > Iced tea > Niet-bruisende Iced tea > FUZE TEA Green Tea Mango-Chamomile"|"https://www.colruyt.be/nl/producten/10896"|""|"Ice tea, Niet-bruisend, Smaak: mango, kamille"|""|""|""|""|"FRANKRIJK"|""|""|""|""|""|""|""|""|""|""|""|""|""|""|""|""|""|""|""|""|""|""|""|""|""|""|""|""|""|""|""|""|""|""|""|""|""|"https://static.colruytgroup.com/images/500x500/std.lang.all/52/40/asset-3935240.jpg"|""|""|""|""|""|""|""|""|""|""|""|""|""|""|""|""|""|""|""|""|""|""|""|""|""|""|""|""|""|""|""|"1,25L"|""|""|"True"|""|"10896P"|""|""|""|""|""|""|""|""|""
"28548"|"colruyt"|""|""|""|""|""|""|""|"2026-03-13"|"SPA FRUIT niet-bruis. Lime-Ginger"|"SPA FRUIT"|""|"1,25"|"L"|""|"Dranken"|"Frisdrank"|"Niet-bruisende limonades"|"SPA FRUIT niet-bruis. Lime-Ginger"|""|""|""|"2.19"|"2.19"|""|""|""|""|""|""|"2.1 vanaf 18 st"|""|""|""|"1.76"|""|""|"EUR"|"Dranken > Frisdrank > Niet-bruisende limonades > SPA FRUIT niet-bruis. Lime-Ginger"|"https://www.colruyt.be/nl/producten/28548"|""|"Limonade, Niet-bruisend, limoen-gember, Met suiker en, zoetstoffen"|""|""|""|""|"BELGIË"|""|""|""|""|""|""|""|""|""|""|""|""|""|""|""|""|""|""|""|""|""|""|""|""|""|""|""|""|""|""|""|""|""|""|""|""|""|"https://static.colruytgroup.com/images/500x500/std.lang.all/83/82/asset-2818382.jpg"|""|""|""|""|""|""|""|""|""|""|""|""|""|""|""|""|""|""|""|""|""|""|""|""|""|""|""|""|""|""|""|"1,25L"|""|""|"True"|""|"28548P"|""|""|""|""|""|""|""|""|""
"39152"|"colruyt"|""|""|""|""|""|""|""|"2026-03-13"|"CARA NRG Zero Sugar blik"|"CARA"|""|"25"|"cl"|""|"Dranken"|"Frisdrank"|"Energydrinks"|"CARA NRG Zero Sugar blik"|""|""|""|"0.28"|"0.28"|""|""|""|""|""|""|""|""|""|""|"1.16"|""|""|"EUR"|"Dranken > Frisdrank > Energydrinks > CARA NRG Zero Sugar blik"|"https://www.colruyt.be/nl/producten/39152"|""|""|""|""|""|""|"NEDERLAND"|"Sulfieten"|""|""|""|""|""|""|""|""|""|""|""|""|""|""|""|""|""|""|""|""|""|""|""|""|""|""|""|""|""|""|""|""|""|""|""|""|"https://static.colruytgroup.com/images/500x500/std.lang.all/09/76/asset-3920976.jpg"|""|""|""|""|""|""|""|""|""|""|""|""|""|""|""|""|""|""|""|""|""|""|""|""|""|""|""|""|""|""|""|"25cl"|""|""|"True"|""|"39152P"|""|""|""|""|""|""|""|""|""
"23090"|"colruyt"|""|""|""|""|""|""|""|"2026-03-13"|"LIPTON Ice Tea Zero Peach"|"LIPTON"|""|"33"|"cl"|""|"Dranken"|"Frisdrank"|"Iced tea"|"Niet-bruisende Iced tea"|"LIPTON Ice Tea Zero Peach"|""|""|"0.82"|"0.82"|""|""|""|""|""|""|""|""|""|""|"2.5"|""|""|"EUR"|"Dranken > Frisdrank > Iced tea > Niet-bruisende Iced tea > LIPTON Ice Tea Zero Peach"|"https://www.colruyt.be/nl/producten/23090"|""|"Ice tea, Perziksmaak, Non-sparkling, Ijs thee, Soft drink"|""|""|""|""|"BELGIË"|"Sulfieten"|""|""|""|""|""|""|""|""|""|""|""|""|""|""|""|""|""|""|""|""|""|""|""|""|""|""|""|""|""|""|""|""|""|""|""|""|"https://static.colruytgroup.com/images/500x500/std.lang.all/33/10/asset-2093310.jpg"|""|""|""|""|""|""|""|""|""|""|""|""|""|""|""|""|""|""|""|""|""|""|""|""|""|""|""|""|""|""|""|"33cl"|""|""|"True"|""|"23090P"|""|""|""|""|""|""|""|""|""
"5365"|"colruyt"|""|""|""|""|""|""|""|"2026-03-13"|"7UP Lemon & Lime"|"7UP"|""|"33"|"cl"|""|"Dranken"|"Frisdrank"|"Bruisende limonade"|"Bruisende limonade citroen/limoen"|"7UP Lemon & Lime"|""|""|"0.84"|"0.84"|""|""|""|""|""|""|"0.78 vanaf 24 st"|""|""|""|"2.57"|""|""|"EUR"|"Dranken > Frisdrank > Bruisende limonade > Bruisende limonade citroen/limoen > 7UP Lemon & Lime"|"https://www.colruyt.be/nl/producten/5365"|""|"Limonade, Bruisend, Smaak: citroen, limoen"|""|""|""|""|"NEDERLAND"|""|""|""|""|""|""|""|""|""|""|""|""|""|""|""|""|""|""|""|""|""|""|""|""|""|""|""|""|""|""|""|""|""|""|""|""|""|"https://static.colruytgroup.com/images/500x500/std.lang.all/18/29/asset-3261829.jpg"|""|""|""|""|""|""|""|""|""|""|""|""|""|""|""|""|""|""|""|""|""|""|""|""|""|""|""|""|""|""|""|"33cl"|""|""|"True"|""|"5365P"|""|""|""|""|""|""|""|""|""
"21846"|"colruyt"|""|""|""|""|""|""|""|"2026-03-13"|"FEVER-TREE Ginger Beer"|"FEVER-TREE"|""|"4x20"|"cl"|""|"Dranken"|"Frisdrank"|"Tonic"|"FEVER-TREE Ginger Beer"|""|""|""|"5.49"|"5.49"|""|""|""|""|""|""|""|""|""|""|"6.87"|""|""|"EUR"|"Dranken > Frisdrank > Tonic > FEVER-TREE Ginger Beer"|"https://www.colruyt.be/nl/producten/21846"|""|"Premium mixer, Smaak: gember, Alcoholvrij"|""|""|""|""|"VERENIGD KONINKRIJK"|""|""|""|""|""|""|""|""|""|""|""|""|""|""|""|""|""|""|""|""|""|""|""|""|""|""|""|""|""|""|""|""|""|""|""|""|""|"https://static.colruytgroup.com/images/500x500/std.lang.all/11/10/asset-3551110.jpg"|""|""|""|""|""|""|""|""|""|""|""|""|""|""|""|""|""|""|""|""|""|""|""|""|""|""|""|""|""|""|""|"4x20cl"|""|""|"True"|""|"21846P"|""|""|""|""|""|""|""|""|""
"35823"|"colruyt"|""|""|""|""|""|""|""|"2026-03-13"|"MONSTER Zero Sugar"|"MONSTER"|""|"50"|"cl"|""|"Dranken"|"Frisdrank"|"Energydrinks"|"MONSTER Zero Sugar"|""|""|""|"1.75"|"1.75"|""|""|""|""|""|""|"1.68 vanaf 24 st"|""|""|""|"3.5"|""|""|"EUR"|"Dranken > Frisdrank > Energydrinks > MONSTER Zero Sugar"|"https://www.colruyt.be/nl/producten/35823"|""|"Energiedrank, Taurine/cafeïne, Met zoetstoffen"|""|""|""|""|"BELGIË"|"Sulfieten"|""|""|""|""|""|""|""|""|""|""|""|""|""|""|""|""|""|""|""|""|""|""|""|""|""|""|""|""|""|""|""|""|""|""|""|""|"https://static.colruytgroup.com/images/500x500/std.lang.all/74/71/asset-3497471.jpg"|""|""|""|""|""|""|""|""|""|""|""|""|""|""|""|""|""|""|""|""|""|""|""|""|""|""|""|""|""|""|""|"50cl"|""|""|"True"|""|"35823P"|""|""|""|""|""|""|""|""|""
"5294"|"colruyt"|""|""|""|""|""|""|""|"2026-03-13"|"OASIS MINI Appelsien"|"OASIS MINI"|""|"25"|"cl"|""|"Dranken"|"Frisdrank"|"Niet-bruisende limonades"|"OASIS MINI Appelsien"|""|""|""|"0.99"|"0.99"|""|""|""|""|""|""|""|""|""|""|"4.0"|""|""|"EUR"|"Dranken > Frisdrank > Niet-bruisende limonades > OASIS MINI Appelsien"|"https://www.colruyt.be/nl/producten/5294"|""|"Limonade, Niet bruisend, Smaak: sinaasappel"|""|""|""|""|"FRANKRIJK"|""|""|""|""|""|""|""|""|""|""|""|""|""|""|""|""|""|""|""|""|""|""|""|""|""|""|""|""|""|""|""|""|""|""|""|""|""|"https://static.colruytgroup.com/images/500x500/std.lang.all/00/96/asset-3270096.jpg"|""|""|""|""|""|""|""|""|""|""|""|""|""|""|""|""|""|""|""|""|""|""|""|""|""|""|""|""|""|""|""|"25cl"|""|""|"True"|""|"5294P"|""|""|""|""|""|""|""|""|""
"5299"|"colruyt"|""|""|""|""|""|""|""|"2026-03-13"|"BUNDABERG Ginger Beer glas"|"BUNDABERG"|""|"37,5"|"cl"|""|"Dranken"|"Frisdrank"|"Bruisende limonade"|"Bruisende limonade andere smaken"|"BUNDABERG Ginger Beer glas"|""|""|"1.99"|"1.99"|""|""|""|""|""|""|""|""|""|""|"5.31"|""|""|"EUR"|"Dranken > Frisdrank > Bruisende limonade > Bruisende limonade andere smaken > BUNDABERG Ginger Beer glas"|"https://www.colruyt.be/nl/producten/5299"|""|""|""|""|""|""|"VERENIGD KONINKRIJK"|""|""|""|""|""|""|""|""|""|""|""|""|""|""|""|""|""|""|""|""|""|""|""|""|""|""|""|""|""|""|""|""|""|""|""|""|""|"https://static.colruytgroup.com/images/500x500/std.lang.all/88/97/asset-2778897.jpg"|""|""|""|""|""|""|""|""|""|""|""|""|""|""|""|""|""|""|""|""|""|""|""|""|""|""|""|""|""|""|""|"37,5cl"|""|""|"True"|""|"5299P"|""|""|""|""|""|""|""|""|""
"7448"|"colruyt"|""|""|""|""|""|""|""|"2026-03-13"|"SPA FRUIT Lime-Ginger"|"SPA FRUIT"|""|"40"|"cl"|""|"Dranken"|"Frisdrank"|"Niet-bruisende limonades"|"SPA FRUIT Lime-Ginger"|""|""|""|"1.20"|"1.20"|""|""|""|""|""|""|"1.15 vanaf 24 st"|""|""|""|"3.0"|""|""|"EUR"|"Dranken > Frisdrank > Niet-bruisende limonades > SPA FRUIT Lime-Ginger"|"https://www.colruyt.be/nl/producten/7448"|""|"Limonade, Niet-bruisend, limoen-gember, Met suiker en, zoetstoffen"|""|""|""|""|"BELGIË"|""|""|""|""|""|""|""|""|""|""|""|""|""|""|""|""|""|""|""|""|""|""|""|""|""|""|""|""|""|""|""|""|""|""|""|""|""|"https://static.colruytgroup.com/images/500x500/std.lang.all/05/53/asset-3120553.jpg"|""|""|""|""|""|""|""|""|""|""|""|""|""|""|""|""|""|""|""|""|""|""|""|""|""|""|""|""|""|""|""|"40cl"|""|""|"True"|""|"7448P"|""|""|""|""|""|""|""|""|""
"23510"|"colruyt"|""|""|""|""|""|""|""|"2026-03-13"|"MONSTER Zero Sugar Top Speed"|"MONSTER"|""|"50"|"cl"|""|"Dranken"|"Frisdrank"|"Energydrinks"|"MONSTER Zero Sugar Top Speed"|""|""|""|"1.77"|"1.77"|""|""|""|""|""|""|"1.7 vanaf 24 st"|""|""|""|"3.54"|""|""|"EUR"|"Dranken > Frisdrank > Energydrinks > MONSTER Zero Sugar Top Speed"|"https://www.colruyt.be/nl/producten/23510"|""|"Energiedrank, Taurine/cafeïne, Met zoetstoffen"|""|""|""|""|"BELGIË"|""|""|""|""|""|""|""|""|""|""|""|""|""|""|""|""|""|""|""|""|""|""|""|""|""|""|""|""|""|""|""|""|""|""|""|""|""|"https://static.colruytgroup.com/images/500x500/std.lang.all/74/72/asset-3977472.jpg"|""|""|""|""|""|""|""|""|""|""|""|""|""|""|""|""|""|""|""|""|""|""|""|""|""|""|""|""|""|""|""|"50cl"|""|""|"True"|""|"23510P"|""|""|""|""|""|""|""|""|""
"22919"|"colruyt"|""|""|""|""|""|""|""|"2026-03-13"|"SAN PELLEGRINO Light Aranciat.Rossa"|"SAN PELLEGRINO"|""|"33"|"cl"|""|"Dranken"|"Frisdrank"|"Bruisende limonade"|"Bruisende limonade andere smaken"|"SAN PELLEGRINO Light Aranciat.Rossa"|""|""|"1.09"|"1.09"|""|""|""|""|""|""|""|""|""|""|"3.31"|""|""|"EUR"|"Dranken > Frisdrank > Bruisende limonade > Bruisende limonade andere smaken > SAN PELLEGRINO Light Aranciat.Rossa"|"https://www.colruyt.be/nl/producten/22919"|""|""|""|""|""|""|"ITALIË"|""|""|""|""|""|""|""|""|""|""|""|""|""|""|""|""|""|""|""|""|""|""|""|""|""|""|""|""|""|""|""|""|""|""|""|""|""|"https://static.colruytgroup.com/images/500x500/nl_be/58/19/asset-3985819.jpg"|""|""|""|""|""|""|""|""|""|""|""|""|""|""|""|""|""|""|""|""|""|""|""|""|""|""|""|""|""|""|""|"33cl"|""|""|"True"|""|"22919P"|""|""|""|""|""|""|""|""|""
"22143"|"colruyt"|""|""|""|""|""|""|""|"2026-03-13"|"LIPTON Ice Tea Original bruisend"|"LIPTON"|""|"15"|"cl"|""|"Dranken"|"Frisdrank"|"Iced tea"|"Bruisend Iced tea"|"LIPTON Ice Tea Original bruisend"|""|""|"0.70"|"0.70"|""|""|""|""|""|""|"0.67 vanaf 48 st"|""|""|""|"4.67"|""|""|"EUR"|"Dranken > Frisdrank > Iced tea > Bruisend Iced tea > LIPTON Ice Tea Original bruisend"|"https://www.colruyt.be/nl/producten/22143"|""|"Ice tea, Zwarte theesmaak, Sparkling, Ijs thee, Soft drink"|""|""|""|""|"NEDERLAND"|""|""|""|""|""|""|""|""|""|""|""|""|""|""|""|""|""|""|""|""|""|""|""|""|""|""|""|""|""|""|""|""|""|""|""|""|""|"https://static.colruytgroup.com/images/500x500/std.lang.all/93/57/asset-2099357.jpg"|""|""|""|""|""|""|""|""|""|""|""|""|""|""|""|""|""|""|""|""|""|""|""|""|""|""|""|""|""|""|""|"15cl"|""|""|"True"|""|"22143P"|""|""|""|""|""|""|""|""|""
"19951"|"colruyt"|""|""|""|""|""|""|""|"2026-03-13"|"PEPSI cola"|"PEPSI"|""|"1,5"|"L"|""|"Dranken"|"Frisdrank"|"Cola"|"Regular/Origna Taste"|"PEPSI cola"|""|""|"2.27"|"2.27"|""|""|""|""|""|""|""|""|""|""|"1.52"|""|""|"EUR"|"Dranken > Frisdrank > Cola > Regular/Origna Taste > PEPSI cola"|"https://www.colruyt.be/nl/producten/19951"|""|"Frisdrank, Cola"|""|""|""|""|"EUROPA"|"Sulfieten"|""|""|""|""|""|""|""|""|""|""|""|""|""|""|""|""|""|""|""|""|""|""|""|""|""|""|""|""|""|""|""|""|""|""|""|""|"https://static.colruytgroup.com/images/500x500/std.lang.all/47/48/asset-3424748.jpg"|""|""|""|""|""|""|""|""|""|""|""|""|""|""|""|""|""|""|""|""|""|""|""|""|""|""|""|""|""|""|""|"1,5L"|""|""|"True"|""|"19951P"|""|""|""|""|""|""|""|""|""
"10502"|"colruyt"|""|""|""|""|""|""|""|"2026-03-13"|"FANTA Cassis"|"FANTA"|""|"33"|"cl"|""|"Dranken"|"Frisdrank"|"Bruisende limonade"|"Bruisende limonade andere smaken"|"FANTA Cassis"|""|""|"1.09"|"1.09"|""|""|""|""|""|""|"1.05 vanaf 24 st"|""|""|""|"3.31"|""|""|"EUR"|"Dranken > Frisdrank > Bruisende limonade > Bruisende limonade andere smaken > FANTA Cassis"|"https://www.colruyt.be/nl/producten/10502"|""|"Bruisende limonade, Smaak: Zwarte bes"|""|""|""|""|"BELGIË"|"Sulfieten"|""|""|""|""|""|""|""|""|""|""|""|""|""|""|""|""|""|""|""|""|""|""|""|""|""|""|""|""|""|""|""|""|""|""|""|""|"https://static.colruytgroup.com/images/500x500/std.lang.all/75/60/asset-3497560.jpg"|""|""|""|""|""|""|""|""|""|""|""|""|""|""|""|""|""|""|""|""|""|""|""|""|""|""|""|""|""|""|""|"33cl"|""|""|"True"|""|"10502P"|""|""|""|""|""|""|""|""|""
"18435"|"colruyt"|""|""|""|""|""|""|""|"2026-03-13"|"LIPTON Ice Tea Green niet-bruisend"|"LIPTON"|""|"50"|"cl"|""|"Dranken"|"Frisdrank"|"Iced tea"|"Niet-bruisende Iced tea"|"LIPTON Ice Tea Green niet-bruisend"|""|""|"1.49"|"1.49"|""|""|""|""|""|""|"1.43 vanaf 48 st"|""|""|""|"2.98"|""|""|"EUR"|"Dranken > Frisdrank > Iced tea > Niet-bruisende Iced tea > LIPTON Ice Tea Green niet-bruisend"|"https://www.colruyt.be/nl/producten/18435"|""|"Ice tea, Groene theesmaak, Non-sparkling, Ijs thee, Soft drink"|""|""|""|""|"NEDERLAND"|""|""|""|""|""|""|""|""|""|""|""|""|""|""|""|""|""|""|""|""|""|""|""|""|""|""|""|""|""|""|""|""|""|""|""|""|""|"https://static.colruytgroup.com/images/500x500/std.lang.all/32/45/asset-1733245.jpg"|""|""|""|""|""|""|""|""|""|""|""|""|""|""|""|""|""|""|""|""|""|""|""|""|""|""|""|""|""|""|""|"50cl"|""|""|"True"|""|"18435P"|""|""|""|""|""|""|""|""|""
"5397"|"colruyt"|""|""|""|""|""|""|""|"2026-03-13"|"FANTA Lemon"|"FANTA"|""|"1,5"|"L"|""|"Dranken"|"Frisdrank"|"Bruisende limonade"|"Bruisende limonade citroen/limoen"|"FANTA Lemon"|""|""|"2.29"|"2.29"|""|""|"11-03-2026"|"24-03-2026"|""|""|""|""|""|"11-03-2026"|"1.53"|""|""|"EUR"|"Dranken > Frisdrank > Bruisende limonade > Bruisende limonade citroen/limoen > FANTA Lemon"|"https://www.colruyt.be/nl/producten/5397"|""|"Smaak: citroen, Bruisend, Met suiker"|""|""|""|""|"BELGIË"|""|""|""|""|""|""|""|""|""|""|""|""|""|""|""|""|""|""|""|""|""|""|""|""|""|""|""|""|""|""|""|""|""|""|""|""|""|"https://static.colruytgroup.com/images/500x500/std.lang.all/72/51/asset-3497251.jpg"|""|""|""|""|""|""|""|""|""|""|""|""|""|""|""|""|""|""|""|""|""|""|""|""|""|""|""|""|""|""|""|"1,5L"|""|""|"True"|""|"5397P"|""|""|""|""|""|""|""|""|""
"44534"|"colruyt"|""|""|""|""|""|""|""|"2026-03-13"|"SCHWEPPES Zero Indian tonic"|"SCHWEPPES"|""|"1,5"|"L"|""|"Dranken"|"Frisdrank"|"Tonic"|"SCHWEPPES Zero Indian tonic"|""|""|""|"2.19"|"2.19"|""|""|""|""|""|""|""|""|""|""|"1.53"|""|""|"EUR"|"Dranken > Frisdrank > Tonic > SCHWEPPES Zero Indian tonic"|"https://www.colruyt.be/nl/producten/44534"|""|"Bruisend, Met zoetstoffen, Bevat kinine"|""|""|""|""|"FRANKRIJK"|""|""|""|""|""|""|""|""|""|""|""|""|""|""|""|""|""|""|""|""|""|""|""|""|""|""|""|""|""|""|""|""|""|""|""|""|""|"https://static.colruytgroup.com/images/500x500/nl_be/83/15/asset-3908315.jpg"|""|""|""|""|""|""|""|""|""|""|""|""|""|""|""|""|""|""|""|""|""|""|""|""|""|""|""|""|""|""|""|"1,5L"|""|""|"True"|""|"44534P"|""|""|""|""|""|""|""|""|""
"10877"|"colruyt"|""|""|""|""|""|""|""|"2026-03-13"|"OASIS appel-cassis-framboos"|"OASIS"|""|"33"|"cl"|""|"Dranken"|"Frisdrank"|"Niet-bruisende limonades"|"OASIS appel-cassis-framboos"|""|""|""|"0.98"|"0.98"|""|""|""|""|""|""|""|""|""|""|"2.98"|""|""|"EUR"|"Dranken > Frisdrank > Niet-bruisende limonades > OASIS appel-cassis-framboos"|"https://www.colruyt.be/nl/producten/10877"|""|"Niet-bruisende, limonade"|""|""|""|""|"FRANKRIJK"|""|""|""|""|""|""|""|""|""|""|""|""|""|""|""|""|""|""|""|""|""|""|""|""|""|""|""|""|""|""|""|""|""|""|""|""|""|"https://static.colruytgroup.com/images/500x500/nl_be/01/67/asset-3270167.jpg"|""|""|""|""|""|""|""|""|""|""|""|""|""|""|""|""|""|""|""|""|""|""|""|""|""|""|""|""|""|""|""|"33cl"|""|""|"True"|""|"10877P"|""|""|""|""|""|""|""|""|""
"16168"|"colruyt"|""|""|""|""|""|""|""|"2026-03-13"|"FUZE TEA Green Tea Mango-Chamomile"|"FUZE TEA"|""|"40"|"cl"|""|"Dranken"|"Frisdrank"|"Iced tea"|"Niet-bruisende Iced tea"|"FUZE TEA Green Tea Mango-Chamomile"|""|""|"0.89"|"0.89"|""|""|""|""|""|""|""|""|""|""|"2.23"|""|""|"EUR"|"Dranken > Frisdrank > Iced tea > Niet-bruisende Iced tea > FUZE TEA Green Tea Mango-Chamomile"|"https://www.colruyt.be/nl/producten/16168"|""|"Smaak: mango, kamille, Niet-bruisend"|""|""|""|""|"FRANKRIJK"|""|""|""|""|""|""|""|""|""|""|""|""|""|""|""|""|""|""|""|""|""|""|""|""|""|""|""|""|""|""|""|""|""|""|""|""|""|"https://static.colruytgroup.com/images/500x500/std.lang.all/52/24/asset-3935224.jpg"|""|""|""|""|""|""|""|""|""|""|""|""|""|""|""|""|""|""|""|""|""|""|""|""|""|""|""|""|""|""|""|"40cl"|""|""|"True"|""|"16168P"|""|""|""|""|""|""|""|""|""
"7416"|"colruyt"|""|""|""|""|""|""|""|"2026-03-13"|"FEVER-TREE tonic Mediterranean"|"FEVER-TREE"|""|"50"|"cl"|""|"Dranken"|"Frisdrank"|"Tonic"|"FEVER-TREE tonic Mediterranean"|""|""|""|"3.79"|"3.79"|""|""|""|""|""|""|"3.64 vanaf 8 st"|""|""|""|"5.98"|""|""|"EUR"|"Dranken > Frisdrank > Tonic > FEVER-TREE tonic Mediterranean"|"https://www.colruyt.be/nl/producten/7416"|""|""|""|""|""|""|"VERENIGD KONINKRIJK"|""|""|""|""|""|""|""|""|""|""|""|""|""|""|""|""|""|""|""|""|""|""|""|""|""|""|""|""|""|""|""|""|""|""|""|""|""|"https://static.colruytgroup.com/images/500x500/std.lang.all/87/49/asset-3988749.jpg"|""|""|""|""|""|""|""|""|""|""|""|""|""|""|""|""|""|""|""|""|""|""|""|""|""|""|""|""|""|""|""|"50cl"|""|""|"True"|""|"7416P"|""|""|""|""|""|""|""|""|""
"18696"|"colruyt"|""|""|""|""|""|""|""|"2026-03-13"|"RED BULL The Pink Edition Sugarfree"|"RED BULL"|""|"25"|"cl"|""|"Dranken"|"Frisdrank"|"Energydrinks"|"RED BULL The Pink Edition Sugarfree"|""|""|""|"1.69"|"1.69"|""|""|""|""|""|""|"1.33 vanaf 24 st"|""|""|""|"6.76"|""|""|"EUR"|"Dranken > Frisdrank > Energydrinks > RED BULL The Pink Edition Sugarfree"|"https://www.colruyt.be/nl/producten/18696"|""|"Energiedrank, Smaak: bosvruchten, Taurine/Cafeïne, Met zoetstoffen"|""|""|""|""|"OOSTENRIJK"|"Sulfieten"|""|""|""|""|""|""|""|""|""|""|""|""|""|""|""|""|""|""|""|""|""|""|""|""|""|""|""|""|""|""|""|""|""|""|""|""|"https://static.colruytgroup.com/images/500x500/std.lang.all/73/25/asset-3977325.jpg"|""|""|""|""|""|""|""|""|""|""|""|""|""|""|""|""|""|""|""|""|""|""|""|""|""|""|""|""|""|""|""|"25cl"|""|""|"True"|""|"18696P"|""|""|""|""|""|""|""|""|""
"12500"|"colruyt"|""|""|""|""|""|""|""|"2026-03-13"|"CAPRI-SUN Monster Alarm"|"CAPRI-SUN"|""|"10x20"|"cl"|""|"Dranken"|"Frisdrank"|"Niet-bruisende limonades"|"CAPRI-SUN Monster Alarm"|""|""|""|"4.49"|"4.49"|""|""|""|""|""|""|""|""|""|""|"2.25"|""|""|"EUR"|"Dranken > Frisdrank > Niet-bruisende limonades > CAPRI-SUN Monster Alarm"|"https://www.colruyt.be/nl/producten/12500"|""|"Multivruchtendrank, Uit sapconcentraat, Zonder pulp"|""|""|""|""|"ZWITSERLAND"|""|""|""|""|""|""|""|""|""|""|""|""|""|""|""|""|""|""|""|""|""|""|""|""|""|""|""|""|""|""|""|""|""|""|""|""|""|"https://static.colruytgroup.com/images/500x500/std.lang.all/54/36/asset-3575436.jpg"|""|""|""|""|""|""|""|""|""|""|""|""|""|""|""|""|""|""|""|""|""|""|""|""|""|""|""|""|""|""|""|"10x20cl"|""|""|"True"|""|"12500P"|""|""|""|""|""|""|""|""|""
"31982"|"colruyt"|""|""|""|""|""|""|""|"2026-03-13"|"SCHWEPPES Indian tonic"|"SCHWEPPES"|""|"50"|"cl"|""|"Dranken"|"Frisdrank"|"Tonic"|"SCHWEPPES Indian tonic"|""|""|""|"1.67"|"1.67"|""|""|""|""|""|""|""|""|""|""|"3.34"|""|""|"EUR"|"Dranken > Frisdrank > Tonic > SCHWEPPES Indian tonic"|"https://www.colruyt.be/nl/producten/31982"|""|"Bruisend, Bevat kinine"|""|""|""|""|"FRANKRIJK"|""|""|""|""|""|""|""|""|""|""|""|""|""|""|""|""|""|""|""|""|""|""|""|""|""|""|""|""|""|""|""|""|""|""|""|""|""|"https://static.colruytgroup.com/images/500x500/std.lang.all/80/12/asset-3908012.jpg"|""|""|""|""|""|""|""|""|""|""|""|""|""|""|""|""|""|""|""|""|""|""|""|""|""|""|""|""|""|""|""|"50cl"|""|""|"True"|""|"31982P"|""|""|""|""|""|""|""|""|""
"19910"|"colruyt"|""|""|""|""|""|""|""|"2026-03-13"|"7UP Zero Sugar Lemon & Lime"|"7UP"|""|"1,5"|"L"|""|"Dranken"|"Frisdrank"|"Bruisende limonade"|"Bruisende limonade citroen/limoen"|"7UP Zero Sugar Lemon & Lime"|""|""|"2.39"|"2.39"|""|""|""|""|""|""|"2.29 vanaf 18 st"|""|""|""|"1.6"|""|""|"EUR"|"Dranken > Frisdrank > Bruisende limonade > Bruisende limonade citroen/limoen > 7UP Zero Sugar Lemon & Lime"|"https://www.colruyt.be/nl/producten/19910"|""|"Limonade, Bruisend, Smaak: citroen, limoen, Met zoetstoffen"|""|""|""|""|"BELGIË"|""|""|""|""|""|""|""|""|""|""|""|""|""|""|""|""|""|""|""|""|""|""|""|""|""|""|""|""|""|""|""|""|""|""|""|""|""|"https://static.colruytgroup.com/images/500x500/std.lang.all/20/37/asset-3552037.jpg"|""|""|""|""|""|""|""|""|""|""|""|""|""|""|""|""|""|""|""|""|""|""|""|""|""|""|""|""|""|""|""|"1,5L"|""|""|"True"|""|"19910P"|""|""|""|""|""|""|""|""|""
"15919"|"colruyt"|""|""|""|""|""|""|""|"2026-03-13"|"FANTA Zero Sugar Shokata"|"FANTA"|""|"33"|"cl"|""|"Dranken"|"Frisdrank"|"Bruisende limonade"|"Bruisende limonade andere smaken"|"FANTA Zero Sugar Shokata"|""|""|"0.90"|"0.90"|""|""|""|""|""|""|""|""|""|""|"2.73"|""|""|"EUR"|"Dranken > Frisdrank > Bruisende limonade > Bruisende limonade andere smaken > FANTA Zero Sugar Shokata"|"https://www.colruyt.be/nl/producten/15919"|""|""|""|""|""|""|"BELGIË"|""|""|""|""|""|""|""|""|""|""|""|""|""|""|""|""|""|""|""|""|""|""|""|""|""|""|""|""|""|""|""|""|""|""|""|""|""|"https://static.colruytgroup.com/images/500x500/std.lang.all/71/44/asset-3857144.jpg"|""|""|""|""|""|""|""|""|""|""|""|""|""|""|""|""|""|""|""|""|""|""|""|""|""|""|""|""|""|""|""|"33cl"|""|""|"True"|""|"15919P"|""|""|""|""|""|""|""|""|""
"15880"|"colruyt"|""|""|""|""|""|""|""|"2026-03-13"|"RITCHIE Lemon glas"|"RITCHIE"|""|"27,5"|"cl"|""|"Dranken"|"Frisdrank"|"Bruisende limonade"|"Bruisende limonade citroen/limoen"|"RITCHIE Lemon glas"|""|""|"1.58"|"1.58"|""|""|""|""|""|""|"1.52 vanaf 24 st"|""|""|""|"5.75"|""|""|"EUR"|"Dranken > Frisdrank > Bruisende limonade > Bruisende limonade citroen/limoen > RITCHIE Lemon glas"|"https://www.colruyt.be/nl/producten/15880"|""|"Bruisende limonade, Smaak: citroen, Zonder bewaar-middelen"|""|""|""|""|"BELGIË"|""|""|""|""|""|""|""|""|""|""|""|""|""|""|""|""|""|""|""|""|""|""|""|""|""|""|""|""|""|""|""|""|""|""|""|""|""|"https://static.colruytgroup.com/images/500x500/std.lang.all/98/03/asset-2429803.jpg"|""|""|""|""|""|""|""|""|""|""|""|""|""|""|""|""|""|""|""|""|""|""|""|""|""|""|""|""|""|""|""|"27,5cl"|""|""|"True"|""|"15880P"|""|""|""|""|""|""|""|""|""
"41367"|"colruyt"|""|""|""|""|""|""|""|"2026-03-13"|"FEVER-TREE tonic Premium Indian"|"FEVER-TREE"|""|"4x20"|"cl"|""|"Dranken"|"Frisdrank"|"Tonic"|"FEVER-TREE tonic Premium Indian"|""|""|""|"5.49"|"5.49"|""|""|""|""|""|""|""|""|""|""|"6.87"|""|""|"EUR"|"Dranken > Frisdrank > Tonic > FEVER-TREE tonic Premium Indian"|"https://www.colruyt.be/nl/producten/41367"|""|"Bruisend, Bevat kinine, Neutrale tonic"|""|""|""|""|"VERENIGD KONINKRIJK"|""|""|""|""|""|""|""|""|""|""|""|""|""|""|""|""|""|""|""|""|""|""|""|""|""|""|""|""|""|""|""|""|""|""|""|""|""|"https://static.colruytgroup.com/images/500x500/std.lang.all/11/13/asset-3551113.jpg"|""|""|""|""|""|""|""|""|""|""|""|""|""|""|""|""|""|""|""|""|""|""|""|""|""|""|""|""|""|""|""|"4x20cl"|""|""|"True"|""|"41367P"|""|""|""|""|""|""|""|""|""
"2871"|"colruyt"|""|""|""|""|""|""|""|"2026-03-13"|"FUZE TEA Green Tea Mango-Chamomile"|"FUZE TEA"|""|"33"|"cl"|""|"Dranken"|"Frisdrank"|"Iced tea"|"Niet-bruisende Iced tea"|"FUZE TEA Green Tea Mango-Chamomile"|""|""|"0.75"|"0.75"|""|""|""|""|""|""|""|""|""|""|"2.28"|""|""|"EUR"|"Dranken > Frisdrank > Iced tea > Niet-bruisende Iced tea > FUZE TEA Green Tea Mango-Chamomile"|"https://www.colruyt.be/nl/producten/2871"|""|"Smaak: mango, kamille, Niet-bruisend"|""|""|""|""|"BELGIË"|""|""|""|""|""|""|""|""|""|""|""|""|""|""|""|""|""|""|""|""|""|""|""|""|""|""|""|""|""|""|""|""|""|""|""|""|""|"https://static.colruytgroup.com/images/500x500/std.lang.all/52/34/asset-3935234.jpg"|""|""|""|""|""|""|""|""|""|""|""|""|""|""|""|""|""|""|""|""|""|""|""|""|""|""|""|""|""|""|""|"33cl"|""|""|"True"|""|"2871P"|""|""|""|""|""|""|""|""|""
"8365"|"colruyt"|""|""|""|""|""|""|""|"2026-03-13"|"SCHWEPPES Indian tonic"|"SCHWEPPES"|""|"15"|"cl"|""|"Dranken"|"Frisdrank"|"Tonic"|"SCHWEPPES Indian tonic"|""|""|""|"0.54"|"0.54"|""|""|""|""|""|""|""|""|""|""|"3.62"|""|""|"EUR"|"Dranken > Frisdrank > Tonic > SCHWEPPES Indian tonic"|"https://www.colruyt.be/nl/producten/8365"|""|"Bruisend, Bevat kinine, Neutrale tonic"|""|""|""|""|"FRANKRIJK"|""|""|""|""|""|""|""|""|""|""|""|""|""|""|""|""|""|""|""|""|""|""|""|""|""|""|""|""|""|""|""|""|""|""|""|""|""|"https://static.colruytgroup.com/images/500x500/std.lang.all/29/29/asset-3232929.jpg"|""|""|""|""|""|""|""|""|""|""|""|""|""|""|""|""|""|""|""|""|""|""|""|""|""|""|""|""|""|""|""|"15cl"|""|""|"True"|""|"8365P"|""|""|""|""|""|""|""|""|""
"32710"|"colruyt"|""|""|""|""|""|""|""|"2026-03-13"|"MONSTER Juiced Bad Apple"|"MONSTER"|""|"50"|"cl"|""|"Dranken"|"Frisdrank"|"Energydrinks"|"MONSTER Juiced Bad Apple"|""|""|""|"1.75"|"1.75"|""|""|""|""|""|""|"1.68 vanaf 24 st"|""|""|""|"3.5"|""|""|"EUR"|"Dranken > Frisdrank > Energydrinks > MONSTER Juiced Bad Apple"|"https://www.colruyt.be/nl/producten/32710"|""|""|""|""|""|""|"BELGIË"|"Sulfieten"|""|""|""|""|""|""|""|""|""|""|""|""|""|""|""|""|""|""|""|""|""|""|""|""|""|""|""|""|""|""|""|""|""|""|""|""|"https://static.colruytgroup.com/images/500x500/std.lang.all/91/23/asset-3539123.jpg"|""|""|""|""|""|""|""|""|""|""|""|""|""|""|""|""|""|""|""|""|""|""|""|""|""|""|""|""|""|""|""|"50cl"|""|""|"True"|""|"32710P"|""|""|""|""|""|""|""|""|""
"37822"|"colruyt"|""|""|""|""|""|""|""|"2026-03-13"|"COCA-COLA Light"|"COCA-COLA"|""|"1,5"|"L"|""|"Dranken"|"Frisdrank"|"Cola"|"Zero/Light"|"COCA-COLA Light"|""|""|"2.41"|"2.41"|""|""|"11-03-2026"|"24-03-2026"|""|""|""|""|""|"11-03-2026"|"1.61"|""|""|"EUR"|"Dranken > Frisdrank > Cola > Zero/Light > COCA-COLA Light"|"https://www.colruyt.be/nl/producten/37822"|""|"Bruisend, Met zoetstoffen, Bevat cafeïne"|""|""|""|""|"BELGIË"|"Sulfieten"|""|""|""|""|""|""|""|""|""|""|""|""|""|""|""|""|""|""|""|""|""|""|""|""|""|""|""|""|""|""|""|""|""|""|""|""|"https://static.colruytgroup.com/images/500x500/std.lang.all/47/97/asset-3404797.jpg"|""|""|""|""|""|""|""|""|""|""|""|""|""|""|""|""|""|""|""|""|""|""|""|""|""|""|""|""|""|""|""|"1,5L"|""|""|"True"|""|"37822P"|""|""|""|""|""|""|""|""|""
"28547"|"colruyt"|""|""|""|""|""|""|""|"2026-03-13"|"SPA FRUIT niet-br.Strawber-Waterm."|"SPA FRUIT"|""|"1,25"|"L"|""|"Dranken"|"Frisdrank"|"Niet-bruisende limonades"|"SPA FRUIT niet-br.Strawber-Waterm."|""|""|""|"2.19"|"2.19"|""|""|""|""|""|""|"2.1 vanaf 18 st"|""|""|""|"1.76"|""|""|"EUR"|"Dranken > Frisdrank > Niet-bruisende limonades > SPA FRUIT niet-br.Strawber-Waterm."|"https://www.colruyt.be/nl/producten/28547"|""|"Limonade, Niet-bruisend, Aardbei-watermeloen, Met suiker en, zoetstoffen"|""|""|""|""|"BELGIË"|""|""|""|""|""|""|""|""|""|""|""|""|""|""|""|""|""|""|""|""|""|""|""|""|""|""|""|""|""|""|""|""|""|""|""|""|""|"https://static.colruytgroup.com/images/500x500/std.lang.all/83/81/asset-2818381.jpg"|""|""|""|""|""|""|""|""|""|""|""|""|""|""|""|""|""|""|""|""|""|""|""|""|""|""|""|""|""|""|""|"1,25L"|""|""|"True"|""|"28547P"|""|""|""|""|""|""|""|""|""
"1961"|"colruyt"|""|""|""|""|""|""|""|"2026-03-13"|"FANTA Orange PET Balls"|"FANTA"|""|"25"|"cl"|""|"Dranken"|"Frisdrank"|"Bruisende limonade"|"Bruisende limonade sinaas"|"FANTA Orange PET Balls"|""|""|"1.24"|"1.24"|""|""|""|""|""|""|""|""|""|""|"4.96"|""|""|"EUR"|"Dranken > Frisdrank > Bruisende limonade > Bruisende limonade sinaas > FANTA Orange PET Balls"|"https://www.colruyt.be/nl/producten/1961"|""|"Bruisende limonade, Smaak: sinaasappel"|""|""|""|""|"BELGIË"|""|""|""|""|""|""|""|""|""|""|""|""|""|""|""|""|""|""|""|""|""|""|""|""|""|""|""|""|""|""|""|""|""|""|""|""|""|"https://static.colruytgroup.com/images/500x500/std.lang.all/74/85/asset-3497485.jpg"|""|""|""|""|""|""|""|""|""|""|""|""|""|""|""|""|""|""|""|""|""|""|""|""|""|""|""|""|""|""|""|"25cl"|""|""|"True"|""|"1961P"|""|""|""|""|""|""|""|""|""
"37367"|"colruyt"|""|""|""|""|""|""|""|"2026-03-13"|"AQUARIUS Daily Hydr. Red Peach Zero"|"AQUARIUS"|""|"50"|"cl"|""|"Dranken"|"Frisdrank"|"Sportdrinks"|"AQUARIUS Daily Hydr. Red Peach Zero"|""|""|""|"1.75"|"1.75"|""|""|"11-03-2026"|"24-03-2026"|""|""|""|""|""|"11-03-2026"|"3.5"|""|""|"EUR"|"Dranken > Frisdrank > Sportdrinks > AQUARIUS Daily Hydr. Red Peach Zero"|"https://www.colruyt.be/nl/producten/37367"|""|"Smaak: perzik, Met zoetstoffen"|""|""|""|""|"NEDERLAND"|""|""|""|""|""|""|""|""|""|""|""|""|""|""|""|""|""|""|""|""|""|""|""|""|""|""|""|""|""|""|""|""|""|""|""|""|""|"https://static.colruytgroup.com/images/500x500/std.lang.all/48/46/asset-3514846.jpg"|""|""|""|""|""|""|""|""|""|""|""|""|""|""|""|""|""|""|""|""|""|""|""|""|""|""|""|""|""|""|""|"50cl"|""|""|"True"|""|"37367P"|""|""|""|""|""|""|""|""|""
"40424"|"colruyt"|""|""|""|""|""|""|""|"2026-03-13"|"FEVER-TREE tonic Elderflower"|"FEVER-TREE"|""|"4x20"|"cl"|""|"Dranken"|"Frisdrank"|"Tonic"|"FEVER-TREE tonic Elderflower"|""|""|""|"5.29"|"5.29"|""|""|""|""|""|""|""|""|""|""|"6.62"|""|""|"EUR"|"Dranken > Frisdrank > Tonic > FEVER-TREE tonic Elderflower"|"https://www.colruyt.be/nl/producten/40424"|""|"Bruisend, Bevat kinine, Florale tonic"|""|""|""|""|"VERENIGD KONINKRIJK"|""|""|""|""|""|""|""|""|""|""|""|""|""|""|""|""|""|""|""|""|""|""|""|""|""|""|""|""|""|""|""|""|""|""|""|""|""|"https://static.colruytgroup.com/images/500x500/std.lang.all/11/15/asset-3551115.jpg"|""|""|""|""|""|""|""|""|""|""|""|""|""|""|""|""|""|""|""|""|""|""|""|""|""|""|""|""|""|""|""|"4x20cl"|""|""|"True"|""|"40424P"|""|""|""|""|""|""|""|""|""
"5431"|"colruyt"|""|""|""|""|""|""|""|"2026-03-13"|"AQUARIUS Daily Hydration Red Peach"|"AQUARIUS"|""|"1,5"|"L"|""|"Dranken"|"Frisdrank"|"Sportdrinks"|"AQUARIUS Daily Hydration Red Peach"|""|""|""|"3.49"|"3.49"|""|""|""|""|""|""|""|""|""|""|"2.33"|""|""|"EUR"|"Dranken > Frisdrank > Sportdrinks > AQUARIUS Daily Hydration Red Peach"|"https://www.colruyt.be/nl/producten/5431"|""|"Smaak: perzik"|""|""|""|""|"BELGIË"|""|""|""|""|""|""|""|""|""|""|""|""|""|""|""|""|""|""|""|""|""|""|""|""|""|""|""|""|""|""|""|""|""|""|""|""|""|"https://static.colruytgroup.com/images/500x500/std.lang.all/37/09/asset-3243709.jpg"|""|""|""|""|""|""|""|""|""|""|""|""|""|""|""|""|""|""|""|""|""|""|""|""|""|""|""|""|""|""|""|"1,5L"|""|""|"True"|""|"5431P"|""|""|""|""|""|""|""|""|""
"22087"|"colruyt"|""|""|""|""|""|""|""|"2026-03-13"|"RITCHIE Bloedappelsien glas"|"RITCHIE"|""|"27,5"|"cl"|""|"Dranken"|"Frisdrank"|"Bruisende limonade"|"Bruisende limonade sinaas"|"RITCHIE Bloedappelsien glas"|""|""|"1.50"|"1.50"|""|""|""|""|""|""|""|""|""|""|"5.46"|""|""|"EUR"|"Dranken > Frisdrank > Bruisende limonade > Bruisende limonade sinaas > RITCHIE Bloedappelsien glas"|"https://www.colruyt.be/nl/producten/22087"|""|"Bruisende limonade"|""|""|""|""|"BELGIË"|""|""|""|""|""|""|""|""|""|""|""|""|""|""|""|""|""|""|""|""|""|""|""|""|""|""|""|""|""|""|""|""|""|""|""|""|""|"https://static.colruytgroup.com/images/500x500/std.lang.all/43/48/asset-3784348.jpg"|""|""|""|""|""|""|""|""|""|""|""|""|""|""|""|""|""|""|""|""|""|""|""|""|""|""|""|""|""|""|""|"27,5cl"|""|""|"True"|""|"22087P"|""|""|""|""|""|""|""|""|""
"15241"|"colruyt"|""|""|""|""|""|""|""|"2026-03-13"|"SCHWEPPES Zero Lemon"|"SCHWEPPES"|""|"33"|"cl"|""|"Dranken"|"Frisdrank"|"Bruisende limonade"|"Bruisende limonade citroen/limoen"|"SCHWEPPES Zero Lemon"|""|""|"1.14"|"1.14"|""|""|"11-03-2026"|"24-03-2026"|""|""|""|""|""|"11-03-2026"|"3.49"|""|""|"EUR"|"Dranken > Frisdrank > Bruisende limonade > Bruisende limonade citroen/limoen > SCHWEPPES Zero Lemon"|"https://www.colruyt.be/nl/producten/15241"|""|"Smaak: citroen, Bruisend, Suiker,zoetstoffen"|""|""|""|""|"FRANKRIJK"|""|""|""|""|""|""|""|""|""|""|""|""|""|""|""|""|""|""|""|""|""|""|""|""|""|""|""|""|""|""|""|""|""|""|""|""|""|"https://static.colruytgroup.com/images/500x500/std.lang.all/50/72/asset-3945072.jpg"|""|""|""|""|""|""|""|""|""|""|""|""|""|""|""|""|""|""|""|""|""|""|""|""|""|""|""|""|""|""|""|"33cl"|""|""|"True"|""|"15241P"|""|""|""|""|""|""|""|""|""
"28549"|"colruyt"|""|""|""|""|""|""|""|"2026-03-13"|"SPA FRUIT Niet-bruis. Mango-Apricot"|"SPA FRUIT"|""|"40"|"cl"|""|"Dranken"|"Frisdrank"|"Niet-bruisende limonades"|"SPA FRUIT Niet-bruis. Mango-Apricot"|""|""|""|"1.20"|"1.20"|""|""|""|""|""|""|"1.15 vanaf 24 st"|""|""|""|"3.0"|""|""|"EUR"|"Dranken > Frisdrank > Niet-bruisende limonades > SPA FRUIT Niet-bruis. Mango-Apricot"|"https://www.colruyt.be/nl/producten/28549"|""|"Limonade, Niet-bruisend, Mango-abrikoos, Met suiker en, zoetstoffen"|""|""|""|""|"BELGIË"|""|""|""|""|""|""|""|""|""|""|""|""|""|""|""|""|""|""|""|""|""|""|""|""|""|""|""|""|""|""|""|""|""|""|""|""|""|"https://static.colruytgroup.com/images/500x500/std.lang.all/83/84/asset-2818384.jpg"|""|""|""|""|""|""|""|""|""|""|""|""|""|""|""|""|""|""|""|""|""|""|""|""|""|""|""|""|""|""|""|"40cl"|""|""|"True"|""|"28549P"|""|""|""|""|""|""|""|""|""
"26359"|"colruyt"|""|""|""|""|""|""|""|"2026-03-13"|"FANTA Exotic PET"|"FANTA"|""|"1,5"|"L"|""|"Dranken"|"Frisdrank"|"Bruisende limonade"|"Bruisende limonade andere smaken"|"FANTA Exotic PET"|""|""|"2.29"|"2.29"|""|""|"11-03-2026"|"24-03-2026"|""|""|""|""|""|"11-03-2026"|"1.53"|""|""|"EUR"|"Dranken > Frisdrank > Bruisende limonade > Bruisende limonade andere smaken > FANTA Exotic PET"|"https://www.colruyt.be/nl/producten/26359"|""|"Bruisend, Smaak: multivruchten"|""|""|""|""|"BELGIË"|""|""|""|""|""|""|""|""|""|""|""|""|""|""|""|""|""|""|""|""|""|""|""|""|""|""|""|""|""|""|""|""|""|""|""|""|""|"https://static.colruytgroup.com/images/500x500/std.lang.all/90/57/asset-3529057.jpg"|""|""|""|""|""|""|""|""|""|""|""|""|""|""|""|""|""|""|""|""|""|""|""|""|""|""|""|""|""|""|""|"1,5L"|""|""|"True"|""|"26359P"|""|""|""|""|""|""|""|""|""
"6561"|"colruyt"|""|""|""|""|""|""|""|"2026-03-13"|"BONI Orange brik"|"BONI"|""|"10x20"|"cl"|""|"Dranken"|"Frisdrank"|"Niet-bruisende limonades"|"BONI Orange brik"|""|""|""|"2.85"|"2.85"|""|""|""|""|""|""|"1.43 vanaf 3 st"|""|""|""|"1.43"|""|""|"EUR"|"Dranken > Frisdrank > Niet-bruisende limonades > BONI Orange brik"|"https://www.colruyt.be/nl/producten/6561"|""|"Sinaasappeldrank, Niet-bruisend, Uit sapconcentraat"|""|""|""|""|"SPANJE"|"Eieren, Mosterd"|""|""|""|""|""|""|""|""|""|""|""|""|""|""|""|""|""|""|""|""|""|""|""|""|""|""|""|""|""|""|""|""|""|""|""|""|"https://static.colruytgroup.com/images/500x500/std.lang.all/71/75/asset-4057175.jpg"|""|""|""|""|""|""|""|""|""|""|""|""|""|""|""|""|""|""|""|""|""|""|""|""|""|""|""|""|""|""|""|"10x20cl"|""|""|"True"|""|"6561P"|""|""|""|""|""|""|""|""|""
"7795"|"colruyt"|""|""|""|""|""|""|""|"2026-03-13"|"COCA-COLA Zero Sugar Vanilla"|"COCA-COLA"|""|"33"|"cl"|""|"Dranken"|"Frisdrank"|"Cola"|"Zero/Light"|"COCA-COLA Zero Sugar Vanilla"|""|""|"0.99"|"0.99"|""|""|""|""|""|""|""|""|""|""|"3.03"|""|""|"EUR"|"Dranken > Frisdrank > Cola > Zero/Light > COCA-COLA Zero Sugar Vanilla"|"https://www.colruyt.be/nl/producten/7795"|""|""|""|""|""|""|"BELGIË"|"Sulfieten"|""|""|""|""|""|""|""|""|""|""|""|""|""|""|""|""|""|""|""|""|""|""|""|""|""|""|""|""|""|""|""|""|""|""|""|""|"https://static.colruytgroup.com/images/500x500/std.lang.all/68/98/asset-4036898.jpg"|""|""|""|""|""|""|""|""|""|""|""|""|""|""|""|""|""|""|""|""|""|""|""|""|""|""|""|""|""|""|""|"33cl"|""|""|"True"|""|"7795P"|""|""|""|""|""|""|""|""|""
"31817"|"colruyt"|""|""|""|""|""|""|""|"2026-03-13"|"HELL Nova Cherry Beam"|"HELL"|""|"25"|"cl"|""|"Dranken"|"Frisdrank"|"Energydrinks"|"HELL Nova Cherry Beam"|""|""|""|"0.85"|"0.85"|""|""|""|""|""|""|"0.78 vanaf 24 st"|""|""|""|"3.4"|""|""|"EUR"|"Dranken > Frisdrank > Energydrinks > HELL Nova Cherry Beam"|"https://www.colruyt.be/nl/producten/31817"|""|"Energiedrank, Taurine/Cafeïne"|""|""|""|""|"HONGARIJE"|""|""|""|""|""|""|""|""|""|""|""|""|""|""|""|""|""|""|""|""|""|""|""|""|""|""|""|""|""|""|""|""|""|""|""|""|""|"https://static.colruytgroup.com/images/500x500/std.lang.all/20/21/asset-3162021.jpg"|""|""|""|""|""|""|""|""|""|""|""|""|""|""|""|""|""|""|""|""|""|""|""|""|""|""|""|""|""|""|""|"25cl"|""|""|"True"|""|"31817P"|""|""|""|""|""|""|""|""|""
"5866"|"colruyt"|""|""|""|""|""|""|""|"2026-03-13"|"VOLVIC Infusion hibiscus Bio"|"VOLVIC"|""|"75"|"cl"|""|"Dranken"|"Frisdrank"|"Niet-bruisende limonades"|"VOLVIC Infusion hibiscus Bio"|""|""|""|"2.78"|"2.78"|""|""|""|""|""|""|""|""|""|""|"2.8"|""|""|"EUR"|"Dranken > Frisdrank > Niet-bruisende limonades > VOLVIC Infusion hibiscus Bio"|"https://www.colruyt.be/nl/producten/5866"|""|"Smaak: hibiscus, Niet-bruisend"|""|""|""|""|"FRANKRIJK"|""|""|""|""|""|""|""|""|""|""|""|""|""|""|""|""|""|""|""|""|""|""|""|""|""|""|""|""|""|""|""|""|""|""|""|""|""|"https://static.colruytgroup.com/images/500x500/std.lang.all/86/46/asset-3368646.jpg"|""|""|""|""|""|""|""|""|""|""|""|""|""|""|""|""|""|""|""|""|""|""|""|""|""|""|""|""|""|""|""|"75cl"|""|""|"True"|""|"5866P"|""|""|""|""|""|""|""|""|""
"18437"|"colruyt"|""|""|""|""|""|""|""|"2026-03-13"|"LIPTON Ice Tea Zero bruisend"|"LIPTON"|""|"50"|"cl"|""|"Dranken"|"Frisdrank"|"Iced tea"|"Bruisend Iced tea"|"LIPTON Ice Tea Zero bruisend"|""|""|"1.48"|"1.48"|""|""|""|""|""|""|"1.42 vanaf 48 st"|""|""|""|"2.96"|""|""|"EUR"|"Dranken > Frisdrank > Iced tea > Bruisend Iced tea > LIPTON Ice Tea Zero bruisend"|"https://www.colruyt.be/nl/producten/18437"|""|"Ice tea, Zwarte theesmaak, Sparkling, Ijs thee, Soft drink"|""|""|""|""|"BELGIË"|""|""|""|""|""|""|""|""|""|""|""|""|""|""|""|""|""|""|""|""|""|""|""|""|""|""|""|""|""|""|""|""|""|""|""|""|""|"https://static.colruytgroup.com/images/500x500/std.lang.all/36/68/asset-2083668.jpg"|""|""|""|""|""|""|""|""|""|""|""|""|""|""|""|""|""|""|""|""|""|""|""|""|""|""|""|""|""|""|""|"50cl"|""|""|"True"|""|"18437P"|""|""|""|""|""|""|""|""|""
"12585"|"colruyt"|""|""|""|""|""|""|""|"2026-03-13"|"SCHWEPPES Tonic & Hibiscus"|"SCHWEPPES"|""|"4x20"|"cl"|""|"Dranken"|"Frisdrank"|"Tonic"|"SCHWEPPES Tonic & Hibiscus"|""|""|""|"5.99"|"5.99"|""|""|""|""|""|""|""|""|""|""|"7.49"|""|""|"EUR"|"Dranken > Frisdrank > Tonic > SCHWEPPES Tonic & Hibiscus"|"https://www.colruyt.be/nl/producten/12585"|""|"Smaak: hibiscus, Bruisend, Florale tonic"|""|""|""|""|"SPANJE"|"Sulfieten"|""|""|""|""|""|""|""|""|""|""|""|""|""|""|""|""|""|""|""|""|""|""|""|""|""|""|""|""|""|""|""|""|""|""|""|""|"https://static.colruytgroup.com/images/500x500/std.lang.all/59/01/asset-3905901.jpg"|""|""|""|""|""|""|""|""|""|""|""|""|""|""|""|""|""|""|""|""|""|""|""|""|""|""|""|""|""|""|""|"4x20cl"|""|""|"True"|""|"12585P"|""|""|""|""|""|""|""|""|""
"20777"|"colruyt"|""|""|""|""|""|""|""|"2026-03-13"|"SCHWEPPES Pink"|"SCHWEPPES"|""|"33"|"cl"|""|"Dranken"|"Frisdrank"|"Tonic"|"SCHWEPPES Pink"|""|""|""|"1.09"|"1.09"|""|""|""|""|""|""|"0.879 vanaf 12 st"|""|""|""|"3.31"|""|""|"EUR"|"Dranken > Frisdrank > Tonic > SCHWEPPES Pink"|"https://www.colruyt.be/nl/producten/20777"|""|"Bruisende limonade, Met suiker en, zoetstoffen, Bevat kinine"|""|""|""|""|"FRANKRIJK"|"Sulfieten"|""|""|""|""|""|""|""|""|""|""|""|""|""|""|""|""|""|""|""|""|""|""|""|""|""|""|""|""|""|""|""|""|""|""|""|""|"https://static.colruytgroup.com/images/500x500/std.lang.all/80/07/asset-3908007.jpg"|""|""|""|""|""|""|""|""|""|""|""|""|""|""|""|""|""|""|""|""|""|""|""|""|""|""|""|""|""|""|""|"33cl"|""|""|"True"|""|"20777P"|""|""|""|""|""|""|""|""|""
"35955"|"colruyt"|""|""|""|""|""|""|""|"2026-03-13"|"COCA-COLA Zero Sugar bak"|"COCA-COLA"|""|"24x20"|"cl"|""|"Dranken"|"Frisdrank"|"Cola"|"Zero/Light"|"COCA-COLA Zero Sugar bak"|""|""|"22.65"|"22.65"|""|""|""|""|""|""|"21.74 vanaf 3 st"|""|""|""|"4.72"|""|""|"EUR"|"Dranken > Frisdrank > Cola > Zero/Light > COCA-COLA Zero Sugar bak"|"https://www.colruyt.be/nl/producten/35955"|""|"Bruisend, Met zoetstoffen, Bevat cafeïne"|""|""|""|""|"BELGIË"|"Sulfieten"|""|""|""|""|""|""|""|""|""|""|""|""|""|""|""|""|""|""|""|""|""|""|""|""|""|""|""|""|""|""|""|""|""|""|""|""|"https://static.colruytgroup.com/images/500x500/std.lang.all/20/78/asset-552078.jpg"|""|""|""|""|""|""|""|""|""|""|""|""|""|""|""|""|""|""|""|""|""|""|""|""|""|""|""|""|""|""|""|"24x20cl"|""|""|"True"|""|"35955P"|""|""|""|""|""|""|""|""|""
"28555"|"colruyt"|""|""|""|""|""|""|""|"2026-03-13"|"SPA FRUIT niet-br.Rasp-Blackcurrant"|"SPA FRUIT"|""|"40"|"cl"|""|"Dranken"|"Frisdrank"|"Niet-bruisende limonades"|"SPA FRUIT niet-br.Rasp-Blackcurrant"|""|""|""|"1.20"|"1.20"|""|""|""|""|""|""|"1.15 vanaf 24 st"|""|""|""|"3.0"|""|""|"EUR"|"Dranken > Frisdrank > Niet-bruisende limonades > SPA FRUIT niet-br.Rasp-Blackcurrant"|"https://www.colruyt.be/nl/producten/28555"|""|"Limonade, Niet-bruisend, framboos-zwarte bes, Met suiker en, zoetstoffen"|""|""|""|""|"BELGIË"|""|""|""|""|""|""|""|""|""|""|""|""|""|""|""|""|""|""|""|""|""|""|""|""|""|""|""|""|""|""|""|""|""|""|""|""|""|"https://static.colruytgroup.com/images/500x500/std.lang.all/80/08/asset-3908008.jpg"|""|""|""|""|""|""|""|""|""|""|""|""|""|""|""|""|""|""|""|""|""|""|""|""|""|""|""|""|""|""|""|"40cl"|""|""|"True"|""|"28555P"|""|""|""|""|""|""|""|""|""
"40877"|"colruyt"|""|""|""|""|""|""|""|"2026-03-13"|"SCHWEPPES Ginger Ale"|"SCHWEPPES"|""|"33"|"cl"|""|"Dranken"|"Frisdrank"|"Bruisende limonade"|"Bruisende limonade andere smaken"|"SCHWEPPES Ginger Ale"|""|""|"1.05"|"1.05"|""|""|"11-03-2026"|"24-03-2026"|""|""|""|""|""|"11-03-2026"|"3.19"|""|""|"EUR"|"Dranken > Frisdrank > Bruisende limonade > Bruisende limonade andere smaken > SCHWEPPES Ginger Ale"|"https://www.colruyt.be/nl/producten/40877"|""|"Bruisend"|""|""|""|""|"FRANKRIJK"|"Sulfieten"|""|""|""|""|""|""|""|""|""|""|""|""|""|""|""|""|""|""|""|""|""|""|""|""|""|""|""|""|""|""|""|""|""|""|""|""|"https://static.colruytgroup.com/images/500x500/std.lang.all/80/04/asset-3908004.jpg"|""|""|""|""|""|""|""|""|""|""|""|""|""|""|""|""|""|""|""|""|""|""|""|""|""|""|""|""|""|""|""|"33cl"|""|""|"True"|""|"40877P"|""|""|""|""|""|""|""|""|""
"42147"|"colruyt"|""|""|""|""|""|""|""|"2026-03-13"|"VITAMIN WELL Reload"|"VITAMIN WELL"|""|"50"|"cl"|""|"Dranken"|"Frisdrank"|"Vitamin Drinks"|"VITAMIN WELL Reload"|""|""|""|"2.19"|"2.19"|""|""|""|""|""|""|"2.01 vanaf 12 st"|""|""|""|"4.38"|""|""|"EUR"|"Dranken > Frisdrank > Vitamin Drinks > VITAMIN WELL Reload"|"https://www.colruyt.be/nl/producten/42147"|""|""|""|""|""|""|"ZWEDEN"|""|""|""|""|""|""|""|""|""|""|""|""|""|""|""|""|""|""|""|""|""|""|""|""|""|""|""|""|""|""|""|""|""|""|""|""|""|"https://static.colruytgroup.com/images/500x500/std.lang.all/80/82/asset-2078082.jpg"|""|""|""|""|""|""|""|""|""|""|""|""|""|""|""|""|""|""|""|""|""|""|""|""|""|""|""|""|""|""|""|"50cl"|""|""|"True"|""|"42147P"|""|""|""|""|""|""|""|""|""
"19064"|"colruyt"|""|""|""|""|""|""|""|"2026-03-13"|"MOGU MOGU Blauwe bes"|"MOGU MOGU"|""|"32"|"cl"|""|"Dranken"|"Frisdrank"|"Niet-bruisende limonades"|"MOGU MOGU Blauwe bes"|""|""|""|"1.91"|"1.91"|""|""|""|""|""|""|""|""|""|""|"5.97"|""|""|"EUR"|"Dranken > Frisdrank > Niet-bruisende limonades > MOGU MOGU Blauwe bes"|"https://www.colruyt.be/nl/producten/19064"|""|""|""|""|""|""|"THAILAND"|""|""|""|""|""|""|""|""|""|""|""|""|""|""|""|""|""|""|""|""|""|""|""|""|""|""|""|""|""|""|""|""|""|""|""|""|""|"https://static.colruytgroup.com/images/500x500/std.lang.all/54/46/asset-3775446.jpg"|""|""|""|""|""|""|""|""|""|""|""|""|""|""|""|""|""|""|""|""|""|""|""|""|""|""|""|""|""|""|""|"32cl"|""|""|"True"|""|"19064P"|""|""|""|""|""|""|""|""|""
"28765"|"colruyt"|""|""|""|""|""|""|""|"2026-03-13"|"LIPTON Ice Tea Zero Green"|"LIPTON"|""|"33"|"cl"|""|"Dranken"|"Frisdrank"|"Iced tea"|"Niet-bruisende Iced tea"|"LIPTON Ice Tea Zero Green"|""|""|"0.92"|"0.92"|""|""|""|""|""|""|""|""|""|""|"2.8"|""|""|"EUR"|"Dranken > Frisdrank > Iced tea > Niet-bruisende Iced tea > LIPTON Ice Tea Zero Green"|"https://www.colruyt.be/nl/producten/28765"|""|"Ice tea, Groene theesmaak, Non-sparkling, Ijs thee, Soft drink"|""|""|""|""|"BELGIË"|"Sulfieten"|""|""|""|""|""|""|""|""|""|""|""|""|""|""|""|""|""|""|""|""|""|""|""|""|""|""|""|""|""|""|""|""|""|""|""|""|"https://static.colruytgroup.com/images/500x500/std.lang.all/83/86/asset-2818386.jpg"|""|""|""|""|""|""|""|""|""|""|""|""|""|""|""|""|""|""|""|""|""|""|""|""|""|""|""|""|""|""|""|"33cl"|""|""|"True"|""|"28765P"|""|""|""|""|""|""|""|""|""
"20065"|"colruyt"|""|""|""|""|""|""|""|"2026-03-13"|"CRISTALINE aardbei"|"CRISTALINE"|""|"50"|"cl"|""|"Dranken"|"Frisdrank"|"Niet-bruisende limonades"|"CRISTALINE aardbei"|""|""|""|"1.12"|"1.12"|""|""|""|""|""|""|"1.04 vanaf 24 st"|""|""|""|"2.26"|""|""|"EUR"|"Dranken > Frisdrank > Niet-bruisende limonades > CRISTALINE aardbei"|"https://www.colruyt.be/nl/producten/20065"|""|"Limonade, Niet-bruisend, Aardbei, Met suiker en, zoetstoffen"|""|""|""|""|"FRANKRIJK"|""|""|""|""|""|""|""|""|""|""|""|""|""|""|""|""|""|""|""|""|""|""|""|""|""|""|""|""|""|""|""|""|""|""|""|""|""|"https://static.colruytgroup.com/images/500x500/std.lang.all/13/78/asset-3931378.jpg"|""|""|""|""|""|""|""|""|""|""|""|""|""|""|""|""|""|""|""|""|""|""|""|""|""|""|""|""|""|""|""|"50cl"|""|""|"True"|""|"20065P"|""|""|""|""|""|""|""|""|""
"15804"|"colruyt"|""|""|""|""|""|""|""|"2026-03-13"|"VITAMIN WELL Hydrate"|"VITAMIN WELL"|""|"50"|"cl"|""|"Dranken"|"Frisdrank"|"Vitamin Drinks"|"VITAMIN WELL Hydrate"|""|""|""|"2.19"|"2.19"|""|""|""|""|""|""|"2.01 vanaf 12 st"|""|""|""|"4.38"|""|""|"EUR"|"Dranken > Frisdrank > Vitamin Drinks > VITAMIN WELL Hydrate"|"https://www.colruyt.be/nl/producten/15804"|""|""|""|""|""|""|"ZWEDEN"|""|""|""|""|""|""|""|""|""|""|""|""|""|""|""|""|""|""|""|""|""|""|""|""|""|""|""|""|""|""|""|""|""|""|""|""|""|"https://static.colruytgroup.com/images/500x500/std.lang.all/87/81/asset-2048781.jpg"|""|""|""|""|""|""|""|""|""|""|""|""|""|""|""|""|""|""|""|""|""|""|""|""|""|""|""|""|""|""|""|"50cl"|""|""|"True"|""|"15804P"|""|""|""|""|""|""|""|""|""
"9219"|"colruyt"|""|""|""|""|""|""|""|"2026-03-13"|"HELL Watermelon"|"HELL"|""|"25"|"cl"|""|"Dranken"|"Frisdrank"|"Energydrinks"|"HELL Watermelon"|""|""|""|"0.85"|"0.85"|""|""|""|""|""|""|"0.78 vanaf 24 st"|""|""|""|"3.4"|""|""|"EUR"|"Dranken > Frisdrank > Energydrinks > HELL Watermelon"|"https://www.colruyt.be/nl/producten/9219"|""|""|""|""|""|""|"HONGARIJE"|"Sulfieten"|""|""|""|""|""|""|""|""|""|""|""|""|""|""|""|""|""|""|""|""|""|""|""|""|""|""|""|""|""|""|""|""|""|""|""|""|"https://static.colruytgroup.com/images/500x500/std.lang.all/94/54/asset-3809454.jpg"|""|""|""|""|""|""|""|""|""|""|""|""|""|""|""|""|""|""|""|""|""|""|""|""|""|""|""|""|""|""|""|"25cl"|""|""|"True"|""|"9219P"|""|""|""|""|""|""|""|""|""
