unique_id,url,product_name,brand,selling_price,regular_price,discount,description,specification,fit_type,image,rating,review,size,colour
ppr5008528597,https://www.jcpenney.com/p/dj-jaz-one-shoulder-womens-applique-sleeveless-evening-gown/ppr5008528597?pTmplType=regular,DJ Jaz One Shoulder Womens Applique Sleeveless Evening Gown,DJ JAZ,87.99,110.00,20,"Dress to impress at your next formal occasion in this DJ Jaz women's one-shoulder evening gown. Made from stretch-crepe, it has elegant flower applique detail on one shoulder, plus a subtle ruched side to create a draped effect. Wear it with stilettos. Features: AppliqueClosure Type: ZipperNeckline: Asymmetrical NeckSleeve Length: SleevelessSleeve Style: One Shoulder SleeveApparel Length: 61 InchesDress Length: Long LengthFiber Content: 94% Polyester, 6% SpandexFabric Description: Scuba, CrepeLining: LinedLining Material: PolyesterCare: Dry Flat, Dry Clean OnlyMaterial: Scuba, CrepeWedding Occasion: Guest of WeddingCountry of Origin: Imported RETURNS: This item must be returned in its original condition with the green return tag in place.",,,"https://jcpenney.scene7.com/is/image/JCPenney/DP0819202513010295M , https://jcpenney.scene7.com/is/image/JCPenney/DP0819202513010190M , https://jcpenney.scene7.com/is/image/JCPenney/DP1029202515004765M , https://jcpenney.scene7.com/is/image/JCPenney/DP1029202515004662M",,,"10 , 12 , 14 , 16 , 18 , 2 , 4 , 6 , 8","Navy , Pine"
ppr5008549339,https://www.jcpenney.com/p/r-m-richards-womens-jacket-dress-with-removable-necklace/ppr5008549339?pTmplType=regular,R & M Richards Womens Jacket Dress With Removable Necklace,R & M RICHARDS,69.99,94.00,25,"This R & M Richards women's plus jacket and dress set is a stylish one-and-done for any occasion when you want to make an impression. It includes a sleeveless knee-length shift dress with a patterned trim round neckline, plus a matching open front jacket with 3/4 sleeves. It comes complete with a removable necklace - wear with pumps. # Pieces In Set: 22nd Piece Description: Jacket2nd Piece Closure Type: Pullover Head2nd Piece Neckline: Round Neck2nd Piece Sleeve Style: Fitted Sleeve2nd Piece Sleeve Length: 3/4 Sleeves2nd Piece Fabric: Ity2nd Piece Fiber Content: 95% Polyester, 5% Spandex2nd Piece Care: Hand Wash, Line DryFeatures: Removable NecklaceClosure Type: Pullover HeadNeckline: Round NeckSleeve Length: SleevelessSleeve Style: SleevelessApparel Length: 40 InchesDress Length: Knee LengthFiber Content: 95% Polyester, 5% SpandexFabric Description: ItyLining: LinedLining Material: PolyesterCare: Line Dry, Hand WashMaterial: JerseyCountry of Origin: Imported",,,"https://jcpenney.scene7.com/is/image/JCPenney/DP1106202513003056M , https://jcpenney.scene7.com/is/image/JCPenney/DP1106202513003371M , https://jcpenney.scene7.com/is/image/JCPenney/DP1106202513002846M , https://jcpenney.scene7.com/is/image/JCPenney/DP1106202513002951M , https://jcpenney.scene7.com/is/image/JCPenney/DP1106202513003266M",5,1,"10 , 12 , 14 , 16 , 18 , 6 , 8",Eggplant
ppr5008590621,https://www.jcpenney.com/p/melonie-t-womens-short-sleeve-striped-maxi-dress/ppr5008590621?pTmplType=regular,Melonie T Womens Short Sleeve Striped Maxi Dress,MELONIE T,73.99,99.00,25,"Included: 1 Belt(s)Features: Lined, Belted, Hidden Closure, Faux WrapClosure Type: ZipperNeckline: V NeckSleeve Length: Short SleeveSleeve Style: Puffed SleeveApparel Length: 53.75 Inches - Back, 55 Inches - FrontDress Length: Long LengthFiber Content: 100% PolyesterFabric Description: ChiffonLining: Fully LinedLining Material: PolyesterCare: Line Dry, Hand WashMaterial: ChiffonCountry of Origin: Imported",,,"https://jcpenney.scene7.com/is/image/JCPenney/DP1211202509040836M , https://jcpenney.scene7.com/is/image/JCPenney/DP1211202509040629M , https://jcpenney.scene7.com/is/image/JCPenney/DP1211202509040732M",,,"10 , 12 , 14 , 16 , 18 , 2 , 4 , 6 , 8",Royal Aqua Multi
ppr5008656856,https://www.jcpenney.com/p/city-triangle-womens-juniors-floral-a-line-dress/ppr5008656856?pTmplType=regular,City Triangle Womens Juniors Floral A-Line Dress,CITY TRIANGLE,,,,"Strap Type: AdjustableFeatures: Built In Bra, Adjustable StrapsClosure Type: Hook & Eye, ZipperNeckline: Sweetheart NeckApparel Length: 46 InchesDress Length: Short LengthFiber Content: 100% PolyesterLining: Fully LinedCare: Machine Wash, Line DryWedding Occasion: Guest of WeddingCountry of Origin: Imported",,,"https://jcpenney.scene7.com/is/image/JCPenney/DP0114202607031573M , https://jcpenney.scene7.com/is/image/JCPenney/DP0114202607031469M , https://jcpenney.scene7.com/is/image/JCPenney/DP0114202607031676M",,,"0 , 00 , 10 , 12 , 14 , 16 , 18 , 2 , 4 , 6 , 8",Ivory Blue Sage
ppr5008542450,https://www.jcpenney.com/p/ashley-graham-womens-plus-long-sleeve-plaid-shirt-dress/ppr5008542450?pTmplType=regular,Ashley Graham Womens Plus Long Sleeve Plaid Shirt Dress,Ashley Graham,72.00,120.00,40,"The Ashley Graham collection is designed exclusively for curves, and only available at JCPenney. Woven from soft stretch fabric in a plaid pattern, this women's plus dress is tailored for versatile wear for the office or a dinner. It features a point collar, a banded waist, long sleeves, front button closures and an asymmetrical hem. Wear it with slouchy heeled boots.Closure Type: Button, ZipperNeckline: Collar NeckPocket Types: 2 Side Slip Pocket(s)Sleeve Length: Long SleeveSleeve Style: Cuffed SleeveApparel Length: 50.5 InchesDress Length: Long LengthFiber Content: 64% Polyester, 32% Rayon, 4% SpandexFabric Description: WovenLining: UnlinedCollar: Notch CollarCare: Machine Wash, Tumble DryCountry of Origin: Imported",,,"https://jcpenney.scene7.com/is/image/JCPenney/DP0805202509050264M , https://jcpenney.scene7.com/is/image/JCPenney/DP0805202509050160M , https://jcpenney.scene7.com/is/image/JCPenney/DP0805202509050055M",4,4,"14W , 16W , 18W , 20W , 22W , 24W , 26W , 28W , 30W",Grey Plaid
ppr5008496950,https://www.jcpenney.com/p/cinnamaroll-peekaboo-tank-womens-sleeveless-juniors-babydoll-dress/ppr5008496950?pTmplType=regular,Cinnamaroll Peekaboo Tank Womens Sleeveless Juniors Babydoll Dress,HYBRID TEES,6.59,44.00,85,"Strap Type: SpaghettiClosure Type: Pullover HeadNeckline: Straight NeckSleeve Length: SleevelessApparel Length: 28.5 InchesDress Length: Short LengthFiber Content: 58% Cotton, 38% Polyester, 4% SpandexFabric Description: JerseyLining: UnlinedCare: Tumble Dry, Machine WashMaterial: Cotton BlendCountry of Origin: Imported",,,"https://jcpenney.scene7.com/is/image/JCPenney/DP0211202509031411M , https://jcpenney.scene7.com/is/image/JCPenney/DP0211202509031206M , https://jcpenney.scene7.com/is/image/JCPenney/DP0211202509031514M , https://jcpenney.scene7.com/is/image/JCPenney/DP0211202509031308M",,,Large,Tickled Pink
ppr5008306295,https://www.jcpenney.com/p/black-label-by-evan-picone-womens-plus-sleeveless-sheath-dress/ppr5008306295?pTmplType=regular,Black Label by Evan-Picone Womens Plus Sleeveless Sheath Dress,Black Label by Evan-Picone,,89.00,,"Create a sleek, classic look when wearing this sleeveless sheath dress from Black Label by Evan-Picone women's plus collection. This crew neck dress is made from a deep crimson red fabric with white stripes at the waist and is cut in a knee-length with a back split for easy movement and a concealed back zip closure. Pair with the matching suit jacket for a complete look.Closure Type: ZipperNeckline: Crew NeckSleeve Length: SleevelessApparel Length: 42 InchesDress Length: Knee LengthFiber Content: 100% PolyesterFabric Description: MelangeCare: Dry Clean OnlyCountry of Origin: Imported",,,"https://jcpenney.scene7.com/is/image/JCPenney/DP0501202311013201M , https://jcpenney.scene7.com/is/image/JCPenney/DP0501202311013099M , https://jcpenney.scene7.com/is/image/JCPenney/DP0501202311013304M , https://jcpenney.scene7.com/is/image/JCPenney/DP0522202311043639M",4.2,5,"14W , 16W , 18W , 20W , 22W , 24W",Crimson Cream
ppr5008508955,https://www.jcpenney.com/p/trixxi-womens-juniors-sleeveless-fit-flare-dress/ppr5008508955?pTmplType=regular,Trixxi Womens Juniors Sleeveless Fit + Flare Dress,TRIXXI,9.39,59.00,84,"Bright and romantic, this women's Trixxi sleeveless fit-and-flare mini dress features a textured floral pattern. Made from soft woven fabric, it has a lace-trimmed square neckline, adjustable shoulder straps with satin ties, a corset-style bodice, and a back zip closure. Flatter it with stiletto sandals and a clutch.Closure Type: ZipperNeckline: Square NeckSleeve Length: SleevelessApparel Length: 33 InchesDress Length: Short LengthFiber Content: 100% PolyesterFabric Description: WovenCare: Hand Wash, Line DryWedding Occasion: Guest of WeddingCountry of Origin: Imported",,,"https://jcpenney.scene7.com/is/image/JCPenney/DP0415202511003909M , https://jcpenney.scene7.com/is/image/JCPenney/DP0415202511003806M , https://jcpenney.scene7.com/is/image/JCPenney/DP0415202511004014M , https://jcpenney.scene7.com/is/image/JCPenney/DP0415202511004222M , https://jcpenney.scene7.com/is/image/JCPenney/DP0415202511003702M",,,Large,Blue
ppr5008501478,https://www.jcpenney.com/p/emerald-sundae-womens-juniors-sleeveless-abstract-fit-flare-dress/ppr5008501478?pTmplType=regular,Emerald Sundae Womens Juniors Sleeveless Abstract Fit + Flare Dress,EMERALD SUNDAE,9.99,59.00,83,"This Emerald Sundae fit-and-flare dress for women and junior girls is an easy go-to style for warm days and special occasions. Made from stretch knit and lined for coverage, the short dress features a square neckline, adjustable spaghetti straps, and a tie detail at the back. Wear it with heeled sandals and a mini bag. Strap Type: AdjustableClosure Type: Zipper, TieNeckline: Square NeckSleeve Length: SleevelessApparel Length: 26.75 Inches - FrontDress Length: Short LengthFiber Content: 95% Polyester, 5% SpandexFabric Description: KnitLining: LinedLining Material: PolyesterCare: Tumble Dry, Machine WashWedding Occasion: Guest of WeddingCountry of Origin: Imported",,,"https://jcpenney.scene7.com/is/image/JCPenney/DP0314202509013810M , https://jcpenney.scene7.com/is/image/JCPenney/DP0314202509013705M , https://jcpenney.scene7.com/is/image/JCPenney/DP0314202509013915M",4.5,2,Xx-Large,Navy White
ppr5008048618,https://www.jcpenney.com/p/premier-amour-off-the-shoulder-womens-short-sleeve-sheath-dress/ppr5008048618?pTmplType=regular,Premier Amour Off The Shoulder Womens Short Sleeve Sheath Dress,PREMIER AMOUR,54.99,74.00,25,"Get ready to party in style when wearing this women's off-the-shoulder mini sheath dress from Premier Amour. Cut for a silhouette-hugging fit, it has short sleeves, a scallop trim neckline and hem, and a gold-tone back zip closure. Wear yours with stiletto sandals.Closure Type: ZipperNeckline: Scallop NeckSleeve Length: Short SleeveSleeve Style: Off Shoulder SleeveApparel Length: 40 InchesDress Length: Knee LengthFiber Content: 95% Polyester, 5% SpandexFabric Description: CrepeLining Material: PolyesterCare: Hand WashMaterial: CrepeWedding Occasion: Guest of WeddingCountry of Origin: Imported",,,"https://jcpenney.scene7.com/is/image/JCPenney/DP1205202509051060M , https://jcpenney.scene7.com/is/image/JCPenney/DP1205202509050850M , https://jcpenney.scene7.com/is/image/JCPenney/DP0602202109005733M , https://jcpenney.scene7.com/is/image/JCPenney/DP0602202109005741M , https://jcpenney.scene7.com/is/image/JCPenney/DP1205202509050955M , https://jcpenney.scene7.com/is/image/JCPenney/DP0930202418050626M , https://jcpenney.scene7.com/is/image/JCPenney/DP0930202418050525M , https://jcpenney.scene7.com/is/image/JCPenney/DP0930202418050423M , https://jcpenney.scene7.com/is/image/JCPenney/DP0930202418050322M , https://jcpenney.scene7.com/is/image/JCPenney/DP0930202418050220M",4.8684,38,"10 , 12 , 14 , 16 , 18 , 2 , 4 , 6 , 8",Black
ppr5008499280,https://www.jcpenney.com/p/byby-womens-juniors-sleeveless-fit-flare-dress/ppr5008499280?pTmplType=regular,by&by Womens Juniors Sleeveless Fit + Flare Dress,BY AND BY,9.39,59.00,84,"Strap Type: SpaghettiClosure Type: ZipperNeckline: Square NeckSleeve Length: SleevelessSleeve Style: SleevelessApparel Length: 34 Inches - BackDress Length: Short LengthFiber Content: 80% Rayon, 20% NylonFabric Description: WovenLining: LinedLining Material: PolyesterCare: Line Dry, Machine WashWedding Occasion: Guest of WeddingCountry of Origin: Imported",,,"https://jcpenney.scene7.com/is/image/JCPenney/DP0328202509082878M , https://jcpenney.scene7.com/is/image/JCPenney/DP0328202509082775M , https://jcpenney.scene7.com/is/image/JCPenney/DP0328202509082982M",,,X-Small,Red
ppr5008475451,https://www.jcpenney.com/p/xersion-everrestore-sleeveless-built-in-bra-midi-tennis-dress/ppr5008475451?pTmplType=regular,Xersion EverRestore™ Sleeveless Built In Bra Midi Tennis Dress,Xersion,7.49,50.00,85,"Crafted from stretch double-knit, this Xersion EverRestore women's sleeveless tennis dress is an elevated basic your active wardrobe needs. It's cut for a flowy fit with a built-in bra and shorts. Wear it with sneakers for casual days out or courtside. Features: Built In BraClosure Type: Pullover HeadSleeve Length: SleevelessApparel Length: 27.5 Inches - FrontDress Length: Midi LengthFiber Content: 81% Nylon, 19% SpandexFabric Description: DoubleknitLining: LinedLining Material: PolyesterCare: Tumble Dry, Machine WashCountry of Origin: Imported",,,"https://jcpenney.scene7.com/is/image/JCPenney/DP0130202509220405M , https://jcpenney.scene7.com/is/image/JCPenney/DP0130202509220303M , https://jcpenney.scene7.com/is/image/JCPenney/DP0130202509220506M",5,2,Large,Black
ppr5008522147,https://www.jcpenney.com/p/s-l-fashions-womens-long-sleeve-shift-dress/ppr5008522147?pTmplType=regular,S. L. Fashions Womens Long Sleeve Shift Dress,S. L. FASHIONS,87.99,110.00,20,"You'll love the gorgeous scalloped flowy design of this stunning S. L. Fashions women's shift dress for a cocktail party or event. Made from soft chiffon, it has a round neckline, semi-sheer balloon sleeves with embroidered cuffs and an asymmetrical skirt hem. Wear it with pumps.Features: TieredClosure Type: ZipperNeckline: Round NeckSleeve Length: Long SleeveSleeve Style: Cuffed SleeveApparel Length: 37 InchesDress Length: Knee LengthFiber Content: 100% PolyesterFabric Description: ChiffonLining: Fully LinedLining Material: PolyesterCare: Hand Wash, Dry FlatMaterial: ChiffonWedding Occasion: Mother of the Bride, Guest of WeddingCountry of Origin: Imported",,,"https://jcpenney.scene7.com/is/image/JCPenney/DP1111202507032653M , https://jcpenney.scene7.com/is/image/JCPenney/DP1111202507032548M",5,1,"10 , 12 , 14 , 16 , 18 , 6 , 8",Black
ppr5008493295,https://www.jcpenney.com/p/xersion-everultra-lite-womens-plus-sleeveless-built-in-bra-tennis-dress/ppr5008493295?pTmplType=regular,Xersion Everultra-Lite Womens Plus Sleeveless Built in Bra Tennis Dress,Xersion,8.79,55.00,84,"This Xersion Everultra-Lite women's plus tennis dress is a sleek, colorful and high performing addition to your courtside regime. Made from a smooth stretchy fabric equipped with quick-drying and odor-resistant properties, this sleeveless tank dress has a tank top with a high neck and built-in bra, plus a flowy skirt with built-in shorts added. Wear it with sneakers. Strap Type: Tank2nd Piece Care: Tumble Dry, Machine WashFeatures: Built In BraClosure Type: Pullover HeadNeckline: High NeckSleeve Length: SleevelessApparel Length: 33 Inches - FrontDress Length: Short LengthFiber Content: 78% Polyester, 22% SpandexFabric Description: InterlockCare: Machine Wash, Tumble DryMaterial: Polyester, SyntheticCountry of Origin: Imported",,,"https://jcpenney.scene7.com/is/image/JCPenney/DP0226202509092509M , https://jcpenney.scene7.com/is/image/JCPenney/DP0226202509092406M , https://jcpenney.scene7.com/is/image/JCPenney/DP0226202509092614M",3.5,2,"2X , 3X , 4X",Island Coral
ppr5008511442,https://www.jcpenney.com/p/arizona-womens-juniors-sleeveless-floral-fit-flare-dress/ppr5008511442?pTmplType=regular,Arizona Womens Juniors Sleeveless Floral Fit + Flare Dress,Arizona Jean Co,8.99,54.00,83,"You'll love the shape of this Arizona women's and junior's denim peasant dress for an on-trend look. Made from 100% cotton, this short dress features a sweetheart neckline with spaghetti straps, a cut-out smocked back and a tiered ruffle bubble skirt for added glam. Wear it with heels or sneakers. Strap Type: AdjustableFeatures: Tiered, SmockedClosure Type: Pullover HeadNeckline: Sweetheart NeckSleeve Length: SleevelessApparel Length: 33.5 InchesDress Length: Short LengthFiber Content: 100% RayonFabric Description: WovenCare: Machine Wash, Tumble DryMaterial: RayonCountry of Origin: Imported",,,"https://jcpenney.scene7.com/is/image/JCPenney/DP0203202509080438M , https://jcpenney.scene7.com/is/image/JCPenney/DP0203202509080336M , https://jcpenney.scene7.com/is/image/JCPenney/DP0203202509080540M",4.1111,9,"3X-Large , Large , Medium , Small , X-Large , X-Small , Xx-Large","Med Wash , Rose Flrl , Yellow Flrl"
ppr5008589770,https://www.jcpenney.com/p/danny-nicole-womens-abstract-midi-jacket-dress/ppr5008589770?pTmplType=regular,Danny & Nicole Womens Abstract Midi Jacket Dress,DANNY & NICOLE,69.99,94.00,25,"# Pieces In Set: 2Included: 1 Jacket(s)2nd Piece Description: Jacket2nd Piece Closure Type: Elastic Loop&button2nd Piece Neckline: Round Neck2nd Piece Sleeve Style: Fitted Sleeve2nd Piece Sleeve Length: 3/4 Sleeves2nd Piece Fabric: Crepe2nd Piece Fiber Content: 96% Polyester, 4% Spandex2nd Piece Care: Line Dry, Machine WashClosure Type: ZipperNeckline: Round NeckSleeve Length: 3/4 SleeveSleeve Style: Fitted SleeveApparel Length: 38 Inches - Back, 39 Inches - FrontDress Length: Midi LengthFiber Content: 96% Polyester, 4% SpandexFabric Description: CrepeLining: UnlinedCare: Line Dry, Machine WashMaterial: CrepeCountry of Origin: Imported",,,"https://jcpenney.scene7.com/is/image/JCPenney/DP1020202509005359M , https://jcpenney.scene7.com/is/image/JCPenney/DP1020202509005150M , https://jcpenney.scene7.com/is/image/JCPenney/DP1020202509005255M , https://jcpenney.scene7.com/is/image/JCPenney/DP1020202509005046M , https://jcpenney.scene7.com/is/image/JCPenney/DP1020202509005463M",,,"10 , 12 , 14 , 16 , 18 , 4 , 6 , 8",Peri Grey Black
ppr5008511528,https://www.jcpenney.com/p/arizona-womens-juniors-sleeveless-striped-swing-dresses/ppr5008511528?pTmplType=regular,Arizona Womens Juniors Sleeveless Striped Swing Dresses,Arizona Jean Co,8.59,54.00,84,"This Arizona women's and junior's swing dress is the perfect easy breezy style for summer days or vacations. Made from 100% cotton in a pinstriped pattern, this short floaty dress has spaghetti straps, a straight neck and tiered skirt layers. Wear it with sneakers or espadrilles.Strap Type: AdjustableFeatures: Smocked, TieredClosure Type: Pullover HeadNeckline: Straight NeckSleeve Length: SleevelessApparel Length: 26 InchesDress Length: Short LengthFiber Content: 100% CottonFabric Description: Yarn Dyed WovenLining: UnlinedLining Material: CottonCare: Machine Wash, Tumble DryCountry of Origin: Imported",,,"https://jcpenney.scene7.com/is/image/JCPenney/DP0224202509070558M , https://jcpenney.scene7.com/is/image/JCPenney/DP0224202509070454M , https://jcpenney.scene7.com/is/image/JCPenney/DP0224202509070661M",,,"Large , Medium , Small , X-Small , Xx-Large","Multi Strp , Blue Strp"
ppr5008628770,https://www.jcpenney.com/p/connected-apparel-womens-3-4-sleeve-scroll-sheath-dress/ppr5008628770?pTmplType=regular,Connected Apparel Womens 3/4 Sleeve Scroll Sheath Dress,CONNECTED APPAREL,54.99,74.00,25,"This Connected Apparel women's sheath dress features a striking scroll pattern that is perfect for a cocktail hour or formal occasion. Made from a soft lightweight stretch fabric, this knee-length dress has a round neckline and 3/4 semi-sheer billowing sleeves with splits. Wear it with pumps or heels. Closure Type: Pullover HeadNeckline: Round NeckSleeve Length: 3/4 SleeveSleeve Style: Split SleeveApparel Length: 40 InchesDress Length: Knee LengthFiber Content: 96% Polyester, 4% SpandexLining: UnlinedCare: Line Dry, Machine WashMaterial: KnitCountry of Origin: Imported",,,"https://jcpenney.scene7.com/is/image/JCPenney/DP1121202509082659M , https://jcpenney.scene7.com/is/image/JCPenney/DP1121202509082449M , https://jcpenney.scene7.com/is/image/JCPenney/DP1121202509082554M",,,"10 , 12 , 14 , 16 , 4 , 6 , 8",Teal
ppr5008551164,https://www.jcpenney.com/p/arizona-womens-short-sleeve-floral-juniors-romper/ppr5008551164?pTmplType=regular,Arizona Womens Short Sleeve Floral Juniors Romper,Arizona Jean Co,8.69,58.00,85,"You'll love the feminine, flowy effect of this Arizona women's and junior's floral-print romper. Made from crinkle, this short sleeve romper has a sweetheart neckline and flowy shorts with ruffled panels. Wear it with sneakers or espadrilles.Features: SmockedClosure Type: Pullover HeadFit: Relaxed FitNeckline: Square NeckSleeve Length: Short SleeveSleeve Style: Cap SleeveWarmth Factor: LightweightApparel Length: 33 InchesFiber Content: 100% RayonFabric Description: Crinkle, WovenLining Material: PolyesterInseam: 21 1/2 InCare: Tumble Dry, Machine WashCountry of Origin: Imported",,Relaxed Fit,"https://jcpenney.scene7.com/is/image/JCPenney/DP0328202509123954M , https://jcpenney.scene7.com/is/image/JCPenney/DP0328202509123851M , https://jcpenney.scene7.com/is/image/JCPenney/DP0328202509124059M",5,2,Small,Blue Dairy Rose
ppr5008511525,https://www.jcpenney.com/p/arizona-bubble-hem-womens-juniors-sleeveless-fit-flare-dress/ppr5008511525?pTmplType=regular,Arizona Bubble Hem Womens Juniors Sleeveless Fit + Flare Dress,Arizona Jean Co,8.59,54.00,84,"Refresh your warm-weather wardrobe with this cute Arizona Jean Co. women's and juniors' dress. Made from cotton poplin, the fit-and-flare style features spaghetti straps, a square neckline, and a short-length hem. Wear it with sneakers for a laid-back vibe. Strap Type: SpaghettiClosure Type: Pullover HeadNeckline: Square NeckSleeve Length: SleevelessApparel Length: 25.5 Inches - FrontDress Length: Short LengthFiber Content: 100% CottonFabric Description: PoplinLining: InterlinedLining Material: PolyesterCare: Tumble Dry, Machine WashMaterial: Cotton BlendOwned & Founded: Latinx Owned/FoundedWedding Occasion: Guest of WeddingCountry of Origin: Imported",,,"https://jcpenney.scene7.com/is/image/JCPenney/DP0203202509082472M , https://jcpenney.scene7.com/is/image/JCPenney/DP0203202509082371M , https://jcpenney.scene7.com/is/image/JCPenney/DP0203202509082574M",5,3,"3X-Large , Large , Medium , X-Large , Xx-Large","Blue Squiggle , Lemon Geo"
ppr5008568792,https://www.jcpenney.com/p/maya-brooke-womens-floral-jacket-dress/ppr5008568792?pTmplType=regular,Maya Brooke Womens Floral Jacket Dress,MAYA BROOKE,69.99,94.00,25,"# Pieces In Set: 22nd Piece Description: Jacket2nd Piece Closure Type: Zipper2nd Piece Neckline: Round Neck2nd Piece Sleeve Style: Fitted Sleeve2nd Piece Sleeve Length: 3/4 Sleeves2nd Piece Fabric: Crepe2nd Piece Fiber Content: 96% Polyester, 4% Spandex2nd Piece Care: Machine WashFeatures: UnlinedClosure Type: ZipperNeckline: Round NeckSleeve Length: 3/4 SleeveSleeve Style: SleevelessApparel Length: 42.5 Inches - BackDress Length: Knee LengthFiber Content: 96% Polyester, 4% SpandexFabric Description: CrepeLining: UnlinedCare: Line Dry, Machine WashMaterial: CrepeCountry of Origin: Imported",,,"https://jcpenney.scene7.com/is/image/JCPenney/DP0108202609153889M , https://jcpenney.scene7.com/is/image/JCPenney/DP0108202609153682M , https://jcpenney.scene7.com/is/image/JCPenney/DP0108202609153785M , https://jcpenney.scene7.com/is/image/JCPenney/DP0108202609153579M , https://jcpenney.scene7.com/is/image/JCPenney/DP0108202609153992M",,,"10 , 12 , 14 , 16 , 18 , 8",Rose Black
ppr5008510930,https://www.jcpenney.com/p/arizona-built-in-shorts-womens-juniors-sleeveless-midi-active-tennis-dress/ppr5008510930?pTmplType=regular,Arizona Built In Shorts Womens Juniors Sleeveless Midi Active Tennis Dress,Arizona Jean Co,8.99,54.00,83,"This Arizona women's and junior's tennis dress is a sleek style to wear courtside. Made from a smooth stretch-scuba, it comes with a piped trim, a scoop neck with tank straps and a pair of built-in shorts. Wear it with sneakers.Strap Type: SpaghettiFeatures: Built-In ShortsNeckline: Round NeckSleeve Length: SleevelessApparel Length: 28 InchesDress Length: Midi LengthFiber Content: 84% Nylon, 16% SpandexFabric Description: JerseyCare: Tumble Dry, Machine WashMaterial: JerseyCountry of Origin: Imported",,,"https://jcpenney.scene7.com/is/image/JCPenney/DP0122202509112186M , https://jcpenney.scene7.com/is/image/JCPenney/DP0122202509112084M , https://jcpenney.scene7.com/is/image/JCPenney/DP0122202509112288M",4.3333,3,"Large , Medium , Small , X-Large , X-Small , Xx-Large","Contemporary Blue , Black"
ppr5008560450,https://www.jcpenney.com/p/melonie-t-womens-plus-short-sleeve-midi-fit-flare-dress/ppr5008560450?pTmplType=regular,Melonie T Womens Plus Short Sleeve Midi Fit + Flare Dress,MELONIE T,80.99,109.00,25,"This Melonie T women's plus fit and flare dress comes in a beautiful lapis blue color with a floral pattern overlay, making it a chic choice for a wedding, cocktail party or formal occasion. This fit and flare maxi dress features a striking mock neck, short semi-sheer flutter sleeves and a smocked waist for a flowy finish. Wear it with pumps.Features: Lined, Tiered, SmockedClosure Type: Tie, Pullover HeadNeckline: Mock NeckSleeve Length: Short SleeveSleeve Style: Raglan SleeveApparel Length: 52.25 Inches - Front, 51.5 Inches - BackDress Length: Midi LengthFiber Content: 100% PolyesterLining: Fully LinedLining Material: PolyesterCare: Line Dry, Hand WashMaterial: ChiffonCountry of Origin: Imported",,,"https://jcpenney.scene7.com/is/image/JCPenney/DP1030202509030355M , https://jcpenney.scene7.com/is/image/JCPenney/DP1030202509030146M , https://jcpenney.scene7.com/is/image/JCPenney/DP1030202509030251M",,,"14W , 16W , 18W , 20W , 22W , 24W",Lapis
ppr5008511524,https://www.jcpenney.com/p/arizona-bubble-hem-womens-juniors-sleeveless-fit-flare-dress/ppr5008511524?pTmplType=regular,Arizona Bubble Hem Womens Juniors Sleeveless Fit + Flare Dress,Arizona Jean Co,8.59,54.00,84,"This Arizona women's and junior's bubble hem dress is a cute mini you can dress up or down. Made from stretch-jersey, this short strapless dress has a straight neckline and a puffed skirt. Wear it with anything from sneakers to ankle boots.Closure Type: Pullover HeadNeckline: Sweetheart NeckSleeve Length: SleevelessApparel Length: 25 Inches - FrontDress Length: Short LengthFabric Description: Poplin, JerseyCare: Machine Wash, Tumble DryMaterial: JerseyOwned & Founded: Latinx Owned/FoundedWedding Occasion: Guest of WeddingCountry of Origin: Imported",,,"https://jcpenney.scene7.com/is/image/JCPenney/DP0226202509063385M , https://jcpenney.scene7.com/is/image/JCPenney/DP0226202509063281M , https://jcpenney.scene7.com/is/image/JCPenney/DP0226202509063489M",5,1,"3X-Large , Large , Medium , Small , X-Large , X-Small , Xx-Large","White , Blue"
ppr5008522394,https://www.jcpenney.com/p/sam-and-jess-womens-3-4-sleeve-shift-dress/ppr5008522394?pTmplType=regular,Sam And Jess Womens 3/4 Sleeve Shift Dress,SAM AND JESS,70.99,89.00,20,"Add effortless charm to your wardrobe with the Sam And Jess shift dress. Featuring a classic round neckline, 3/4th cape sleeves, and zipper closure, this knee-length dress offers relaxed sophistication. Its shift silhouette ensures all-day comfort, while the soft chiffon fabric makes care simple. Closure Type: ZipperNeckline: Round NeckSleeve Length: 3/4 SleeveSleeve Style: Cape SleeveApparel Length: 33 Inches - BackDress Length: Short LengthFiber Content: 100% PolyesterFabric Description: ChiffonLining: LinedLining Material: PolyesterCare: Hand Wash, Line DryMaterial: ChiffonWedding Occasion: Guest of Wedding, Mother of the BrideCountry of Origin: Imported",,,"https://jcpenney.scene7.com/is/image/JCPenney/DP0723202513002842M , https://jcpenney.scene7.com/is/image/JCPenney/DP0723202513003052M , https://jcpenney.scene7.com/is/image/JCPenney/DP0723202513003156M",,,"Large , Medium , Small , X-Large , X-Small",Navy
ppr5008511174,https://www.jcpenney.com/p/arizona-womens-juniors-short-sleeve-floral-fit-flare-dress/ppr5008511174?pTmplType=regular,Arizona Womens Juniors Short Sleeve Floral Fit + Flare Dress,Arizona Jean Co,8.99,54.00,83,"Featuring a floral print and short flowy sleeves, this Arizona Jean Co. women's and junior's dress offers a romantic, vintage-inspired vibe. The pullover style is crafted from a woven cotton-blend and has a square neckline and a short tiered skirt. Pair it with white sneakers for a fresh look.Features: TieredClosure Type: Pullover HeadNeckline: Square NeckSleeve Length: Short SleeveApparel Length: 34 InchesDress Length: Short LengthFiber Content: 62% Cotton, 38% RayonFabric Description: WovenLining: LinedLining Material: PolyesterCare: Machine Wash, Tumble DryMaterial: Rayon, CottonCountry of Origin: Imported",,,"https://jcpenney.scene7.com/is/image/JCPenney/DP1111202409052275M , https://jcpenney.scene7.com/is/image/JCPenney/DP1111202409052174M , https://jcpenney.scene7.com/is/image/JCPenney/DP1111202409052377M",5,13,Xx-Large,"Apricot Ditsy , Blue Daisy , Peach Flrl"
ppr5008493281,https://www.jcpenney.com/p/xersion-everultra-lite-sleeveless-built-in-bra-tennis-dress/ppr5008493281?pTmplType=regular,Xersion EverUltra™-Lite Sleeveless Built In Bra Tennis Dress,Xersion,7.49,50.00,85,"This Xersion women's tennis dress keeps it simple with tank straps, a crew neckline, a built-in bra, and soft stretch fabric. Wear it with sneakers for an easy court-to-errands look.Strap Type: Tank2nd Piece Care: Machine Wash, Tumble DryFeatures: Built In BraClosure Type: Pullover HeadNeckline: Crew NeckSleeve Length: SleevelessApparel Length: 33 Inches - FrontDress Length: Short LengthFiber Content: 78% Polyester, 22% SpandexFabric Description: InterlockCare: Machine Wash, Tumble DryMaterial: Synthetic, PolyesterCountry of Origin: Imported",,,"https://jcpenney.scene7.com/is/image/JCPenney/DP0131202509082598M , https://jcpenney.scene7.com/is/image/JCPenney/DP0131202509082497M , https://jcpenney.scene7.com/is/image/JCPenney/DP0131202509082700M",4.5,6,Xx-Large,Island Coral
ppr5008306296,https://www.jcpenney.com/p/black-label-by-evan-picone-womens-plus-sleeveless-sheath-dress/ppr5008306296?pTmplType=regular,Black Label by Evan-Picone Womens Plus Sleeveless Sheath Dress,Black Label by Evan-Picone,,89.00,,"Create a sleek, classic look when wearing this sleeveless sheath dress from Black Label by Evan-Picone women's plus collection. This crew neck dress is made from a rich blue fabric with white stripes at the waist and is cut in a knee-length with a back split for easy movement and a concealed back zip closure. Pair with the matching suit jacket for a complete look.Closure Type: ZipperNeckline: Crew NeckSleeve Length: SleevelessApparel Length: 42 InchesDress Length: Knee LengthFiber Content: 100% PolyesterFabric Description: MelangeCare: Dry Clean OnlyCountry of Origin: Imported",,,"https://jcpenney.scene7.com/is/image/JCPenney/DP0501202311013614M , https://jcpenney.scene7.com/is/image/JCPenney/DP0501202311013511M , https://jcpenney.scene7.com/is/image/JCPenney/DP0501202311013717M , https://jcpenney.scene7.com/is/image/JCPenney/DP0522202311043742M",2.5,6,"14W , 16W , 18W , 20W , 22W , 24W",Royal Blue White
ppr5008511443,https://www.jcpenney.com/p/arizona-built-in-shorts-womens-juniors-sleeveless-skater-dress/ppr5008511443?pTmplType=regular,Arizona Built In Shorts Womens Juniors Sleeveless Skater Dress,Arizona Jean Co,7.19,48.00,85,"Go for a fun, sporty look with this Arizona Jean Co. sleeveless skater dress for women and junior girls. The pullover style is made from a woven cotton-blend with added stretch and features a U-neckline, tank-style straps, built-in shorts for added comfort and coverage, and a short length. Wear yours with sneakers. Strap Type: TankClosure Type: Pullover HeadNeckline: V NeckSleeve Length: SleevelessApparel Length: 31 InchesDress Length: Short LengthFiber Content: 95% Cotton, 5% SpandexFabric Description: WovenLining: Partially LinedLining Material: Cotton, SpandexCare: Machine Wash, Tumble DryMaterial: Cotton BlendCountry of Origin: Imported",,,"https://jcpenney.scene7.com/is/image/JCPenney/DP0303202513051619M , https://jcpenney.scene7.com/is/image/JCPenney/DP0303202513051516M , https://jcpenney.scene7.com/is/image/JCPenney/DP0303202513051723M",3.3333,3,X-Small,White
ppr5008306294,https://www.jcpenney.com/p/black-label-by-evan-picone-womens-plus-sleeveless-sheath-dress/ppr5008306294?pTmplType=regular,Black Label by Evan-Picone Womens Plus Sleeveless Sheath Dress,Black Label by Evan-Picone,,89.00,,"Create a sleek, classic look when wearing this sleeveless sheath dress from Black Label by Evan-Picone women's plus collection. This crew neck dress is made from a smooth blush pink fabric with green stripes at the waist and is cut in a knee-length with a back split for easy movement and a concealed back zip closure. Pair with the matching suit jacket for a complete look.Closure Type: ZipperNeckline: Crew NeckSleeve Length: SleevelessApparel Length: 42 InchesDress Length: Knee LengthFiber Content: 100% PolyesterFabric Description: MelangeCare: Dry Clean OnlyWedding Occasion: Guest of WeddingCountry of Origin: Imported",,,"https://jcpenney.scene7.com/is/image/JCPenney/DP0504202309110605M , https://jcpenney.scene7.com/is/image/JCPenney/DP0504202309110502M , https://jcpenney.scene7.com/is/image/JCPenney/DP0504202309110708M , https://jcpenney.scene7.com/is/image/JCPenney/DP0522202311043535M",4,1,"14W , 16W , 18W , 20W , 22W , 24W",Pink Green
ppr5008511532,https://www.jcpenney.com/p/arizona-womens-halter-neck-sleeveless-juniors-jumpsuit/ppr5008511532?pTmplType=regular,Arizona Womens Halter Neck Sleeveless Juniors Jumpsuit,Arizona Jean Co,11.49,68.00,83,"This Arizona women's and junior's floral-print jumpsuit is the perfect laidback summery style to try this season. Made from a lightweight gauze, this sleeveless jumpsuit has a fitted halterneck bodice with a cut-out, plus a pair of loose fitting wide-leg pants for a breezy look and feel. Wear it with metallic sandals. Closure Type: DrawstringFit: Loose FitNeckline: Halter NeckPocket Types: 2 Side Slip Pocket(s)Sleeve Length: SleevelessSleeve Style: Off Shoulder SleeveWarmth Factor: LightweightApparel Length: 22 InchesFiber Content: 100% RayonFabric Description: Woven, GauzeInseam: 19 1/2 InCare: Machine WashCountry of Origin: Imported",,Loose Fit,"https://jcpenney.scene7.com/is/image/JCPenney/DP0224202509070147M , https://jcpenney.scene7.com/is/image/JCPenney/DP0224202509070044M , https://jcpenney.scene7.com/is/image/JCPenney/DP0224202509070249M",,,X-Small,Cream Multi Floral
ppr5008637884,https://www.jcpenney.com/p/r-m-richards-womens-floral-jacket-dress-with-removable-necklace/ppr5008637884?pTmplType=regular,R & M Richards Womens Floral Jacket Dress With Removable Necklace,R & M RICHARDS,69.99,94.00,25,"# Pieces In Set: 22nd Piece Description: Jacket2nd Piece Closure Type: Open Front2nd Piece Sleeve Style: Fitted Sleeve2nd Piece Sleeve Length: 3/4 Sleeves2nd Piece Fabric: Ity2nd Piece Fiber Content: 95% Polyester, 5% Spandex2nd Piece Care: Hand Wash, Line DryFeatures: Removable NecklaceClosure Type: Pullover HeadNeckline: Round NeckSleeve Length: SleevelessSleeve Style: SleevelessApparel Length: 41 InchesDress Length: Knee LengthFiber Content: 95% Polyester, 5% SpandexFabric Description: MeshLining: UnlinedCare: Line Dry, Hand WashMaterial: JerseyCountry of Origin: Imported",,,"https://jcpenney.scene7.com/is/image/JCPenney/DP1106202513005984M , https://jcpenney.scene7.com/is/image/JCPenney/DP1106202513010194M , https://jcpenney.scene7.com/is/image/JCPenney/DP1106202513010298M",,,"10 , 12 , 14 , 16 , 18 , 6 , 8",Teal White
ppr5008489785,https://www.jcpenney.com/p/st-johns-bay-womens-short-sleeve-shift-dress/ppr5008489785?pTmplType=regular,St. John's Bay Womens Short Sleeve Shift Dress,ST. JOHN`S BAY,10.99,44.00,75,"This St. John's Bay women's shift dress is a throw-on-and-go piece that still looks put-together. Made from a linen-blend fabric, the pullover style has a V-neckline, short sleeves, a knee-length hem, and side slip pockets. Wear it with slide sandals. Closure Type: Pullover HeadNeckline: V NeckPocket Types: 2 Side Slip Pocket(s)Sleeve Length: Short SleeveApparel Length: 38 Inches - Front, 37.5 Inches - BackDress Length: Knee LengthFabric Description: Yarn Dyed Woven, Plain WeaveCare: Machine Wash, Tumble DryMaterial: Rayon BlendCountry of Origin: Imported",,,"https://jcpenney.scene7.com/is/image/JCPenney/DP0303202509170365M , https://jcpenney.scene7.com/is/image/JCPenney/DP0303202509170052M , https://jcpenney.scene7.com/is/image/JCPenney/DP0303202509170678M",4.8182,11,Small,Coastal Stripe
ppr5008628768,https://www.jcpenney.com/p/connected-apparel-womens-3-4-sleeve-floral-sheath-dress/ppr5008628768?pTmplType=regular,Connected Apparel Womens 3/4 Sleeve Floral Sheath Dress,CONNECTED APPAREL,54.99,74.00,25,"The Connected Apparel women's sheath dress gives a vibrant charm with its floral patterns. Crafted in a comfortable knit fabric, it highlights 3/4 bell sleeves, round neckline, and a knee length cut. Wear it with pumps or stilettos to get a party ready look.Closure Type: Pullover HeadNeckline: Round NeckSleeve Length: 3/4 SleeveSleeve Style: Bell SleeveApparel Length: 40 InchesDress Length: Knee LengthFiber Content: 96% Polyester, 4% SpandexLining: UnlinedCare: Line Dry, Machine WashMaterial: KnitCountry of Origin: Imported",,,"https://jcpenney.scene7.com/is/image/JCPenney/DP1121202509084330M , https://jcpenney.scene7.com/is/image/JCPenney/DP1121202509084121M , https://jcpenney.scene7.com/is/image/JCPenney/DP1121202509084225M",,,"10 , 12 , 14 , 16 , 4 , 6 , 8",Red
ppr5008551161,https://www.jcpenney.com/p/arizona-bubble-hem-womens-sleeveless-juniors-cheetah-babydoll-dress/ppr5008551161?pTmplType=regular,Arizona Bubble Hem Womens Sleeveless Juniors Cheetah Babydoll Dress,Arizona Jean Co,13.49,54.00,75,"Get summer-ready with this cute leopard-print mini dress from the Arizona women's and junior's collection. Made from 100% cotton, this short dress has a ruffled trim sweetheart neckline, spaghetti straps and a puffed skirt. Wear it with sneakers or espadrilles.Strap Type: AdjustableFeatures: SmockedClosure Type: Pullover HeadNeckline: Sweetheart NeckSleeve Length: SleevelessApparel Length: 32 InchesDress Length: Short LengthFiber Content: 100% CottonFabric Description: WovenLining: Partially LinedLining Material: PolyesterCare: Machine Wash, Tumble DryCountry of Origin: Imported",,,"https://jcpenney.scene7.com/is/image/JCPenney/DP0321202509030616M , https://jcpenney.scene7.com/is/image/JCPenney/DP0321202509030511M , https://jcpenney.scene7.com/is/image/JCPenney/DP0321202509030721M",5,2,3X-Large,Cheetah
ppr5008511527,https://www.jcpenney.com/p/arizona-built-in-shorts-womens-juniors-sleeveless-floral-fit-flare-dress/ppr5008511527?pTmplType=regular,Arizona Built In Shorts Womens Juniors Sleeveless Floral Fit + Flare Dress,Arizona Jean Co,13.49,54.00,75,"With its strapless design and flirty fit-and-flare silhouette, this Arizona Jean Co. dress for women and junior girls is a warm-weather must-have. The short-length dress is crafted from gauze and has an easy pullover design and built-in shorts for added comfort. Wear it with a denim jacket and flat sandals. Features: Built-In ShortsClosure Type: Pullover HeadNeckline: Sweetheart NeckSleeve Length: SleevelessApparel Length: 25 Inches - FrontDress Length: Short LengthFiber Content: 100% RayonFabric Description: GauzeCare: Tumble Dry, Machine WashMaterial: RayonOwned & Founded: Latinx Owned/FoundedCountry of Origin: Imported",,,"https://jcpenney.scene7.com/is/image/JCPenney/DP0130202509154033M , https://jcpenney.scene7.com/is/image/JCPenney/DP0130202509153931M , https://jcpenney.scene7.com/is/image/JCPenney/DP0130202509154134M",5,4,X-Small,Black
ppr5008589763,https://www.jcpenney.com/p/robbie-bee-womens-sleeveless-maxi-dress/ppr5008589763?pTmplType=regular,Robbie Bee Womens Sleeveless Maxi Dress,ROBBIE BEE,65.99,89.00,25,"Features: PleatedClosure Type: Pullover HeadNeckline: Round NeckSleeve Length: SleevelessSleeve Style: SleevelessApparel Length: 54 InchesDress Length: Long LengthFiber Content: 100% PolyesterFabric Description: JacquardLining: Fully LinedLining Material: PolyesterCare: Machine Wash, Line DryMaterial: SatinCountry of Origin: Imported",,,"https://jcpenney.scene7.com/is/image/JCPenney/DP0105202609033948M , https://jcpenney.scene7.com/is/image/JCPenney/DP0105202609033741M , https://jcpenney.scene7.com/is/image/JCPenney/DP0105202609033845M",,,"Large , Medium , Small , X-Large",Coral
ppr5008497362,https://www.jcpenney.com/p/xersion-everrestore-womens-sleeveless-tennis-dress/ppr5008497362?pTmplType=regular,Xersion EverRestore Womens Sleeveless Tennis Dress,Xersion,12.49,50.00,75,"This Xersion EverRestore women's tennis dress is as stylish as it is functional for your next day on the court. Made from a stretch-knit in a gorgeous pastel blue tone, this sleeveless dress features a round neck with white piped trims and in-built shorts. Wear it with sneakers and a visor. Closure Type: Pullover HeadNeckline: Round NeckSleeve Length: SleevelessApparel Length: 35 InchesDress Length: Short LengthFiber Content: 81% Nylon, 19% SpandexFabric Description: DoubleknitCare: Machine Wash, Tumble DryCountry of Origin: Imported",,,"https://jcpenney.scene7.com/is/image/JCPenney/DP0221202509070417M , https://jcpenney.scene7.com/is/image/JCPenney/DP0221202509070211M , https://jcpenney.scene7.com/is/image/JCPenney/DP0221202509070520M , https://jcpenney.scene7.com/is/image/JCPenney/DP0221202509070313M",4,5,"Large , Medium , Small , X-Large , X-Small , Xx-Large","Baltic Sky White , Black White"
ppr5008277698,https://www.jcpenney.com/p/black-label-by-evan-picone-womens-plus-sleeveless-fit-flare-dress/ppr5008277698?pTmplType=regular,Black Label by Evan-Picone Womens Plus Sleeveless Fit + Flare Dress,Black Label by Evan-Picone,,89.00,,"For a tailored sophisticated style you can wear to the office or a party, try this Black Label by Evan-Picone women's sleeveless fit and flare dress. Made from smooth stretch-crepe, this lined knee-length dress has a crew neckline and a banded waist to define your figure. Wear it with heeled pumps and a suit jacket.Closure Type: Pullover HeadNeckline: Crew NeckSleeve Length: SleevelessApparel Length: 40 InchesDress Length: Knee LengthFiber Content: 96% Polyester, 4% ElastaneFabric Description: CrepeCare: Dry Clean OnlyCountry of Origin: Imported",,,"https://jcpenney.scene7.com/is/image/JCPenney/DP0519202311025431M , https://jcpenney.scene7.com/is/image/JCPenney/DP0519202311025328M , https://jcpenney.scene7.com/is/image/JCPenney/DP0519202311025534M , https://jcpenney.scene7.com/is/image/JCPenney/DP0602202309233702M",3.6667,3,"14W , 16W , 18W , 20W , 22W , 24W",Natural White
ppr5008551163,https://www.jcpenney.com/p/arizona-womens-juniors-short-sleeve-fit-flare-dress/ppr5008551163?pTmplType=regular,Arizona Womens Juniors Short Sleeve Fit + Flare Dress,Arizona Jean Co,13.49,54.00,75,"This Arizona women's and junior's gingham fit and flare dress is a fun, flirty style for summer days. Made from gauze, this short dress has a sweetheart neckline, ruffled cap sleeves, a tie neckline and a flowy skirt. Wear it with sneakers or wedge heels.Closure Type: Pullover HeadNeckline: Sweetheart NeckSleeve Length: Short SleeveSleeve Style: Cap SleeveApparel Length: 33 InchesDress Length: Short LengthFiber Content: 98% Rayon, 2% PolyesterFabric Description: GauzeLining: Partially LinedLining Material: PolyesterCare: Tumble Dry, Machine WashCountry of Origin: Imported",,,"https://jcpenney.scene7.com/is/image/JCPenney/DP0605202511042375M , https://jcpenney.scene7.com/is/image/JCPenney/DP0605202511042270M , https://jcpenney.scene7.com/is/image/JCPenney/DP0605202511042478M",4.6667,3,"3X-Large , Large , Medium , Small , X-Large , X-Small , Xx-Large","Red Gingham , Ivory Toss Daisy"
ppr5008542748,https://www.jcpenney.com/p/maya-brooke-womens-plaid-jacket-dress/ppr5008542748?pTmplType=regular,Maya Brooke Womens Plaid Jacket Dress,MAYA BROOKE,69.99,94.00,25,"The Maya Brooke women's plaid dress brings classic tailoring together with thoughtful design details. The sleeveless crepe dress features a round neckline, a tiered hem, and aa discreet back zipper, paired with a coordinating open-front jacket finished with a shawl collar and fitted 3/4 sleeves. Style it with pointed toe pumps for daytime occasions or dress it up with heeled sandals.# Pieces In Set: 22nd Piece Description: Jacket2nd Piece Closure Type: Open Front2nd Piece Neckline: Round Neck2nd Piece Sleeve Style: Fitted Sleeve2nd Piece Sleeve Length: 3/4 Sleeves2nd Piece Fabric: Crepe2nd Piece Fiber Content: 100% Polyester2nd Piece Care: Hand Wash, Dry FlatClosure Type: ZipperNeckline: Open NeckSleeve Length: SleevelessApparel Length: 42.5 Inches - BackDress Length: Knee LengthFiber Content: 100% PolyesterFabric Description: CrepeLining: UnlinedCollar: Shawl CollarCare: Hand Wash, Dry FlatCountry of Origin: Imported",,,"https://jcpenney.scene7.com/is/image/JCPenney/DP0604202509021573M , https://jcpenney.scene7.com/is/image/JCPenney/DP0604202509021364M , https://jcpenney.scene7.com/is/image/JCPenney/DP0604202509021469M , https://jcpenney.scene7.com/is/image/JCPenney/DP0604202509021260M , https://jcpenney.scene7.com/is/image/JCPenney/DP0604202509021677M",,,"10 , 12 , 14 , 16 , 18 , 8",Black White
ppr5008536555,https://www.jcpenney.com/p/52seven-womens-plus-short-sleeve-shift-dress/ppr5008536555?pTmplType=regular,52seven Womens Plus Short Sleeve Shift Dress,52SEVEN,12.59,79.00,84,"Closure Type: Pullover HeadNeckline: V NeckPocket Types: 2 Side Slip Pocket(s)Sleeve Length: Short SleeveSleeve Style: Flutter SleeveApparel Length: 41 InchesDress Length: Short LengthFiber Content: 55% Polyester, 44% Rayon, 1% SpandexFabric Description: CrinkleLining: UnlinedCare: Machine Wash, Tumble DryCountry of Origin: Imported",,,"https://jcpenney.scene7.com/is/image/JCPenney/DP0521202509005811M , https://jcpenney.scene7.com/is/image/JCPenney/DP0521202509005706M , https://jcpenney.scene7.com/is/image/JCPenney/DP0521202509005915M",,,2X,Black
ppr5008602649,https://www.jcpenney.com/p/melonie-t-womens-long-sleeve-floral-maxi-dress/ppr5008602649?pTmplType=regular,Melonie T Womens Long Sleeve Floral Maxi Dress,MELONIE T,69.99,94.00,25,"Included: 1 Belt(s)Features: Lined, Hidden Closure, Belted, TieredClosure Type: Hidden ZipperNeckline: Mock NeckSleeve Length: Long SleeveSleeve Style: Raglan SleeveApparel Length: 55.75 Inches - Back, 57.25 Inches - FrontDress Length: Long LengthFiber Content: 100% PolyesterFabric Description: ChiffonLining: Fully LinedLining Material: PolyesterCare: Line Dry, Hand WashMaterial: ChiffonCountry of Origin: Imported",,,"https://jcpenney.scene7.com/is/image/JCPenney/DP1209202509070486M , https://jcpenney.scene7.com/is/image/JCPenney/DP1209202509070278M , https://jcpenney.scene7.com/is/image/JCPenney/DP1209202509070381M",,,"10 , 12 , 14 , 16 , 18 , 2 , 4 , 6 , 8",Ivory Blue
ppr5008525445,https://www.jcpenney.com/p/be-by-chetta-b-womens-plus-short-sleeve-fit-flare-dress/ppr5008525445?pTmplType=regular,Be by CHETTA B Womens Plus Short Sleeve Fit + Flare Dress,BE BY CHETTA B,14.99,79.00,81,"This Be by Chetta B. women's plus fit-and-flare dress crafted from soft woven fabric that's breathable and lightweight to style you through warmer temps. It features a splt crew neck, short fitted sleeves, a shirred-elastic waist, and side slip pockets. Pair with this knee-length style with bold jewelry and heeled sandals.Features: SmockedClosure Type: SnapNeckline: Split Crew NeckPocket Types: 2 Side Slip Pocket(s)Sleeve Length: Short SleeveSleeve Style: Fitted SleeveApparel Length: 40.5 InchesDress Length: Knee LengthFiber Content: 98% Polyester, 2% SpandexFabric Description: PoplinCare: Machine Wash, Line DryCountry of Origin: Imported",,,"https://jcpenney.scene7.com/is/image/JCPenney/DP0512202509062287M , https://jcpenney.scene7.com/is/image/JCPenney/DP0512202509062182M , https://jcpenney.scene7.com/is/image/JCPenney/DP0512202509062392M",3.6667,3,2X,Black
ppr5008480114,https://www.jcpenney.com/p/maya-brooke-womens-pearl-trim-jacket-dress/ppr5008480114?pTmplType=regular,Maya Brooke Womens Pearl Trim Jacket Dress,MAYA BROOKE,79.99,100.00,20,"A classic all-white look never goes out of style, so add this Maya Brooke women's jacket dress to your collection. Made from soft stretch fabric, it includes a cropped open front textured jacket featuring a pearl trim and fitted three-quarter sleeves, plus a matching sleeveless knee-length dress with a round neckline and zip closure. Complete the look with pointed-toe pumps.# Pieces In Set: 22nd Piece Description: Jacket2nd Piece Fabric: Knit2nd Piece Fiber Content: 100% Polyester2nd Piece Care: Hand Wash, Dry FlatFeatures: Pleated, Pearl TrimClosure Type: ZipperNeckline: Round NeckSleeve Style: Bell SleeveApparel Length: 41 Inches - BackDress Length: Knee LengthFiber Content: 100% PolyesterFabric Description: CrinkleCare: Hand Wash, Dry FlatCountry of Origin: Imported RETURNS: This item must be returned in its original condition with the green return tag in place.",,,"https://jcpenney.scene7.com/is/image/JCPenney/DP1213202409031629M , https://jcpenney.scene7.com/is/image/JCPenney/DP1213202409031527M , https://jcpenney.scene7.com/is/image/JCPenney/DP1213202409031732M , https://jcpenney.scene7.com/is/image/JCPenney/DP1213202409031424M , https://jcpenney.scene7.com/is/image/JCPenney/DP1213202409031834M",4.6667,3,"10 , 12 , 14 , 16 , 18 , 8",White
ppr5008547186,https://www.jcpenney.com/p/msk-womens-short-sleeve-shift-dress/ppr5008547186?pTmplType=regular,MSK Womens Short Sleeve Shift Dress,MSK,12.59,79.00,84,"Closure Type: Pullover HeadNeckline: V NeckSleeve Length: Short SleeveSleeve Style: Puffed SleeveApparel Length: 34.25 Inches - BackDress Length: Short LengthFiber Content: 100% PolyesterFabric Description: ChiffonLining: Fully LinedLining Material: PolyesterCare: Line Dry, Machine WashMaterial: ChiffonCountry of Origin: Imported",,,"https://jcpenney.scene7.com/is/image/JCPenney/DP0602202513004102M , https://jcpenney.scene7.com/is/image/JCPenney/DP0602202513004309M , https://jcpenney.scene7.com/is/image/JCPenney/DP0602202513004414M",5,2,"Medium , Small",Navy Silver
ppr5008511383,https://www.jcpenney.com/p/perceptions-womens-plus-sleeveless-paisley-shift-dress/ppr5008511383?pTmplType=regular,Perceptions Womens Plus Sleeveless Paisley Shift Dress,PERCEPTIONS,12.99,79.00,83,"Closure Type: Pullover HeadNeckline: Round NeckSleeve Length: SleevelessSleeve Style: SleevelessApparel Length: 41.25 Inches - FrontDress Length: Knee LengthFiber Content: 95% Polyester, 5% SpandexFabric Description: ItyCare: Line Dry, Machine WashCountry of Origin: Imported",,,"https://jcpenney.scene7.com/is/image/JCPenney/DP0509202509040452M , https://jcpenney.scene7.com/is/image/JCPenney/DP0509202509040348M , https://jcpenney.scene7.com/is/image/JCPenney/DP0509202509040557M",5,1,"1X , 2X",Dnm White
ppr5008565282,https://www.jcpenney.com/p/be-by-chetta-b-womens-plus-3-4-sleeve-floral-midi-fit-flare-dress/ppr5008565282?pTmplType=regular,Be by CHETTA B Womens Plus 3/4 Sleeve Floral Midi Fit + Flare Dress,BE BY CHETTA B,58.99,79.00,25,"This BE by Chetta women's plus floral-print fit-and-flare dress features a vibrant flower pattern you will love wearing to a fun social gathering or to the office. Made from soft woven fabric, it has a V-neckline, 3/4 sleeves, and a shirred waist with a tie closure. Wear this midi style with flats or heels.Neckline: V NeckPocket Types: 2 Side Slip Pocket(s)Sleeve Length: 3/4 SleeveSleeve Style: Balloon SleeveApparel Length: 54 InchesDress Length: Midi LengthFiber Content: 100% PolyesterFabric Description: WovenLining: UnlinedCare: Hand Wash, Line DryCountry of Origin: Imported",,,"https://jcpenney.scene7.com/is/image/JCPenney/DP0917202509042039M , https://jcpenney.scene7.com/is/image/JCPenney/DP0917202509041829M , https://jcpenney.scene7.com/is/image/JCPenney/DP0917202509041934M",4,1,"1X , 2X , 3X",Burgundy Ivory
ppr5008551167,https://www.jcpenney.com/p/arizona-womens-juniors-babydoll-dress/ppr5008551167?pTmplType=regular,Arizona Womens Juniors Babydoll Dress,Arizona Jean Co,13.49,54.00,75,"This Arizona women's and junior's babydoll dress is an on-trend flowy number for effortless styling. Made from 100% cotton, this sleeveless trapeze dress has a tiered design and tie straps. Wear it on its own or with a t-shirt underneath. Strap Type: AdjustableFeatures: TieredClosure Type: Pullover HeadNeckline: Straight NeckApparel Length: 32 InchesDress Length: Short LengthFiber Content: 100% CottonFabric Description: WovenCare: Machine Wash, Tumble DryCountry of Origin: Imported",,,"https://jcpenney.scene7.com/is/image/JCPenney/DP0509202509094265M , https://jcpenney.scene7.com/is/image/JCPenney/DP0509202509094161M , https://jcpenney.scene7.com/is/image/JCPenney/DP0509202509094369M",5,2,"Large , Medium , Small , X-Small",Black
ppr5008565285,https://www.jcpenney.com/p/be-by-chetta-b-womens-plus-3-4-sleeve-midi-fit-flare-dress/ppr5008565285?pTmplType=regular,Be by CHETTA B Womens Plus 3/4 Sleeve Midi Fit + Flare Dress,BE BY CHETTA B,58.99,79.00,25,"This Be by CHETTA B women's plus fit and flare dress is made from stretch-jacquard and has a flattering boho-style fit and flare design you can wear day or night. It has 3/4 balloon sleeves, a smocked tie waistline and tiered flowy skirt layers. Wear it with wedge heels and hoop earrings. Neckline: V NeckPocket Types: 2 Side Slip Pocket(s)Sleeve Length: 3/4 SleeveSleeve Style: Balloon SleeveApparel Length: 54 InchesDress Length: Midi LengthFiber Content: 98% Polyester, 2% SpandexFabric Description: JacquardLining: UnlinedCare: Hand Wash, Line DryCountry of Origin: Imported",,,"https://jcpenney.scene7.com/is/image/JCPenney/DP0917202509041620M , https://jcpenney.scene7.com/is/image/JCPenney/DP0917202509041410M , https://jcpenney.scene7.com/is/image/JCPenney/DP0917202509041515M",,,"1X , 2X , 3X",Navy
ppr5008459029,https://www.jcpenney.com/p/puma-short-sleeve-t-shirt-dress-plus/ppr5008459029?pTmplType=regular,PUMA Short Sleeve T-Shirt Dress Plus,Puma,13.99,40.00,65,"This PUMA women's plus t-shirt dress is made for off-duty days. Made from a knit cotton-blend with recycled materials, the pullover style has a crew neckline, short sleeves, and a short hem. Wear it with crisp white sneakers. Closure Type: Pullover HeadNeckline: Crew NeckSleeve Length: Short SleeveApparel Length: 42 InchesDress Length: Midi LengthFiber Content: 68% Cotton, 32% Recycled PolyesterFabric Description: KnitCare: Machine Wash, Tumble DryMaterial: CottonCountry of Origin: Imported",,,"https://jcpenney.scene7.com/is/image/JCPenney/DP0425202509122576M , https://jcpenney.scene7.com/is/image/JCPenney/DP0425202509122473M , https://jcpenney.scene7.com/is/image/JCPenney/DP0425202509122680M",3,2,2X,Lilac Frost
ppr5008542251,https://www.jcpenney.com/p/marc-new-york-womens-3-4-sleeve-fit-flare-dress/ppr5008542251?pTmplType=regular,Marc New York Womens 3/4 Sleeve Fit + Flare Dress,MARC NEW YORK,78.99,99.00,20,"This Marc New York women's boucle fit and flare dress offers a contemporary twist on a mod design for work or play. Made from metallic stretch-boucle, this knee-length dress has a collar neck, a quarter-zip closure and 3/4 sleeves. Wear it with pumps.Closure Type: ZipperNeckline: Collar NeckSleeve Length: 3/4 SleeveSleeve Style: Fitted SleeveApparel Length: 36 InchesDress Length: Knee LengthFiber Content: 86% Polyester, 11% Cotton, 2% Metallic, 1% SpandexFabric Description: BoucleLining: LinedLining Material: PolyesterCollar: Zip CollarCare: Dry Clean OnlyCountry of Origin: Imported",,,"https://jcpenney.scene7.com/is/image/JCPenney/DP0905202507031630M , https://jcpenney.scene7.com/is/image/JCPenney/DP0905202507031421M , https://jcpenney.scene7.com/is/image/JCPenney/DP0905202507031734M , https://jcpenney.scene7.com/is/image/JCPenney/DP0905202507031944M , https://jcpenney.scene7.com/is/image/JCPenney/DP0905202507031525M",3,2,"10 , 12 , 14 , 16 , 18 , 2 , 4 , 6 , 8",Ivory
ppr5008536556,https://www.jcpenney.com/p/52seven-womens-plus-short-sleeve-shift-dress/ppr5008536556?pTmplType=regular,52seven Womens Plus Short Sleeve Shift Dress,52SEVEN,12.59,79.00,84,"Closure Type: Pullover HeadNeckline: V NeckPocket Types: 2 Side Slip Pocket(s)Sleeve Length: Short SleeveSleeve Style: Flutter SleeveApparel Length: 41 InchesDress Length: Short LengthFiber Content: 55% Polyester, 44% Rayon, 1% SpandexFabric Description: CrinkleLining: UnlinedCare: Machine Wash, Tumble DryCountry of Origin: Imported",,,"https://jcpenney.scene7.com/is/image/JCPenney/DP0602202509003630M , https://jcpenney.scene7.com/is/image/JCPenney/DP0602202509003525M , https://jcpenney.scene7.com/is/image/JCPenney/DP0602202509003734M",,,2X,Blue
ppr5008568794,https://www.jcpenney.com/p/52seven-womens-plus-3-4-sleeve-abstract-midi-fit-flare-dress/ppr5008568794?pTmplType=regular,52seven Womens Plus 3/4 Sleeve Abstract Midi Fit + Flare Dress,52SEVEN,65.99,89.00,25,"This 52seven women's plus fit and flare midi dress features a vibrant bold print to freshen up your workwear or brunch outfits. Made from satin, this midi dress has a split crew neck, a waist tie and 3/4 cuffed sleeves. Wear it with heeled sandals or pumps.Features: Tie-WaistClosure Type: ButtonNeckline: V NeckPocket Types: 2 Side Slip Pocket(s)Sleeve Length: 3/4 SleeveSleeve Style: Cuffed SleeveApparel Length: 50.25 InchesDress Length: Midi LengthFiber Content: 100% PolyesterFabric Description: SatinLining: UnlinedCollar: Peak LapelCare: Machine Wash, Tumble DryCountry of Origin: Imported",,,"https://jcpenney.scene7.com/is/image/JCPenney/DP1204202509061383M , https://jcpenney.scene7.com/is/image/JCPenney/DP1204202509061174M , https://jcpenney.scene7.com/is/image/JCPenney/DP1204202509061279M",,,"1X , 2X , 3X",Navy Ivory
ppr5008551168,https://www.jcpenney.com/p/arizona-womens-juniors-sleeveless-skater-dress/ppr5008551168?pTmplType=regular,Arizona Womens Juniors Sleeveless Skater Dress,Arizona Jean Co,13.49,54.00,75,"This Arizona women's and junior's sleeveless skater dress will become a new everyday favorite in warmer weather. Made from stretch-denim, this short dress has a sweetheart tie neckline, slim straps, plus a fit and flare shape. Wear it with sneakers or clog sandals.Strap Type: AdjustableFeatures: SmockedClosure Type: Tie, Pullover HeadNeckline: Sweetheart NeckSleeve Length: SleevelessApparel Length: 36 InchesDress Length: Short LengthFiber Content: 100% CottonFabric Description: Denim, WovenCare: Machine Wash, Tumble DryCountry of Origin: Imported",,,"https://jcpenney.scene7.com/is/image/JCPenney/DP0423202509020304M , https://jcpenney.scene7.com/is/image/JCPenney/DP0423202509020199M , https://jcpenney.scene7.com/is/image/JCPenney/DP0423202509020408M",,,"Medium , Small , X-Small",Dk Rinse
ppr5008628771,https://www.jcpenney.com/p/connected-apparel-womens-sleeveless-floral-midi-fit-flare-dress/ppr5008628771?pTmplType=regular,Connected Apparel Womens Sleeveless Floral Midi Fit + Flare Dress,CONNECTED APPAREL,54.99,74.00,25,"This Connected Apparel women's fit-and-flare midi dress brings a light movement and graceful detail to daytime and evening plans. Designed with a V-neckline and sleeveless cut, it's finished in airy floral chiffon that flows beautifully at a midi length. Style it with heeled sandals or classic pumps for brunches or special events.Closure Type: Pullover HeadNeckline: V NeckSleeve Length: SleevelessApparel Length: 48 InchesDress Length: Midi LengthFiber Content: 100% PolyesterLining: Fully LinedLining Material: PolyesterCare: Line Dry, Hand WashMaterial: ChiffonCountry of Origin: Imported",,,"https://jcpenney.scene7.com/is/image/JCPenney/DP1121202509082240M , https://jcpenney.scene7.com/is/image/JCPenney/DP1121202509082032M , https://jcpenney.scene7.com/is/image/JCPenney/DP1121202509082137M",,,"10 , 12 , 14 , 16 , 4 , 6 , 8",Sapphire
ppr5008584841,https://www.jcpenney.com/p/arizona-womens-juniors-long-sleeve-floral-fit-flare-dress/ppr5008584841?pTmplType=regular,Arizona Womens Juniors Long Sleeve Floral Fit + Flare Dress,Arizona Jean Co,14.49,58.00,75,"This Arizona women's and junior's floral-print fit and flare dress is a chic addition to your wardrobe you can wear day or night for a fresh flirty look. Made from challis with a fine floral pattern, this short dress has a square neckline, long puffed sleeves and a tiered skirt. Wear it with sneakers or heels.Closure Type: Pullover HeadNeckline: Square NeckSleeve Length: Long SleeveSleeve Style: Ruffled SleeveApparel Length: 25 InchesDress Length: Short LengthFiber Content: 100% RayonFabric Description: ChallisLining: UnlinedCare: Machine WashMaterial: RayonCountry of Origin: Imported",,,"https://jcpenney.scene7.com/is/image/JCPenney/DP0723202509105100M , https://jcpenney.scene7.com/is/image/JCPenney/DP0723202509104891M , https://jcpenney.scene7.com/is/image/JCPenney/DP0723202509104996M",,,"3X-Large , Xx-Large",Red Flrl
ppr5008485001,https://www.jcpenney.com/p/be-by-chetta-b-womens-short-sleeve-babydoll-dress/ppr5008485001?pTmplType=regular,Be by CHETTA B Womens Short Sleeve Babydoll Dress,BE BY CHETTA B,12.99,69.00,81,"This Be by Chetta B. women's babydoll dress is made from cotton-blend poplin fabric that's perfect for a spring and summer wardrobe. It features a crew neckline, puff short sleeves, side slip pockets, and adorable bow details at the front. Pair with sneakers and a crossbody bag for a cool, effortless style.Closure Type: Pullover HeadNeckline: Round NeckSleeve Length: Short SleeveSleeve Style: Puffed SleeveApparel Length: 36 InchesDress Length: Short LengthFiber Content: 98% Cotton, 2% SpandexFabric Description: PoplinCare: Machine Wash, Line DryCountry of Origin: Imported",,,"https://jcpenney.scene7.com/is/image/JCPenney/DP1126202411035651M , https://jcpenney.scene7.com/is/image/JCPenney/DP1126202411035548M , https://jcpenney.scene7.com/is/image/JCPenney/DP1126202411035753M",5,4,X-Small,White
ppr5008623669,https://www.jcpenney.com/p/bold-elements-womens-short-sleeve-midi-bodycon-dress/ppr5008623669?pTmplType=regular,Bold Elements Womens Short Sleeve Midi Bodycon Dress,BOLD ELEMENTS,57.99,84.00,31,"Closure Type: Pullover HeadNeckline: Asymmetrical NeckSleeve Length: Short SleeveSleeve Style: One Shoulder SleeveApparel Length: 50.25 InchesDress Length: Midi LengthFiber Content: 70% Rayon, 25% Nylon, 5% SpandexFabric Description: PonteCare: Machine Wash, Dry FlatCountry of Origin: Imported",,,"https://jcpenney.scene7.com/is/image/JCPenney/DP1007202509133728M , https://jcpenney.scene7.com/is/image/JCPenney/DP1007202509133519M , https://jcpenney.scene7.com/is/image/JCPenney/DP1007202509133623M",,,"Large , Medium , Small , X-Large , X-Small , Xx-Large",Malibu Red
ppr5008551165,https://www.jcpenney.com/p/arizona-2fer-womens-juniors-short-sleeve-plaid-shirt-dress/ppr5008551165?pTmplType=regular,Arizona 2fer Womens Juniors Short Sleeve Plaid Shirt Dress,Arizona Jean Co,11.99,48.00,75,"This Arizona women's and junior's shirt dress is a two in one tee and plaid camisole dress in one for an on-trend 90s look. Made from a woven blend, this short dress has a crew neck, short sleeves and a flared skirt. Wear it with tights and ankle boots.Closure Type: Pullover HeadNeckline: Crew NeckSleeve Length: Short SleeveApparel Length: 26 InchesDress Length: Short LengthFiber Content: 65% Polyester, 35% RayonFabric Description: WovenCare: Tumble Dry, Machine WashCountry of Origin: Imported",,,"https://jcpenney.scene7.com/is/image/JCPenney/DP0423202509015888M , https://jcpenney.scene7.com/is/image/JCPenney/DP0423202509015784M , https://jcpenney.scene7.com/is/image/JCPenney/DP0423202509015992M",,,"Large , Medium , Small , X-Large , X-Small",Blk Multi Pld
ppr5008546892,https://www.jcpenney.com/p/b-smart-womens-juniors-sleeveless-fit-flare-dress/ppr5008546892?pTmplType=regular,B. Smart Womens Juniors Sleeveless Fit + Flare Dress,BEE SMART,,64.00,,"This B. Smart women's and junior's fit and flare dress is a fun flirty style for a night out or a party. Made from stretch-crepe, it has a fitted bodice with spaghetti straps and a flowy short skirt. Wear it with heels. Strap Type: SpaghettiNeckline: Square NeckSleeve Length: SleevelessApparel Length: 35 InchesDress Length: Short LengthFiber Content: 95% Polyester, 5% SpandexFabric Description: CrepeLining Material: PolyesterCare: Machine Wash, Tumble DryMaterial: CrepeWedding Occasion: Guest of WeddingCountry of Origin: Imported",,,"https://jcpenney.scene7.com/is/image/JCPenney/DP0829202511002378M , https://jcpenney.scene7.com/is/image/JCPenney/DP0829202511002273M , https://jcpenney.scene7.com/is/image/JCPenney/DP0829202511002483M",,,"0 , 00 , 10 , 12 , 14 , 16 , 18 , 2 , 4 , 6 , 8",Black
ppr5008497169,https://www.jcpenney.com/p/sam-and-jess-womens-sleeveless-swing-dresses/ppr5008497169?pTmplType=regular,Sam And Jess Womens Sleeveless Swing Dresses,SAM AND JESS,12.99,79.00,83,"This Sam and Jess women's swing dress is an ultra-stylish mod number with a contemporary twist. Made from 100% cotton in a muted lime green tone, this sleeveless short dress has a v-neck, a gold-tone zip closure and a flared a-line silhouette. Wear it with booties or wedge heels. Features: Exposed ZipperClosure Type: ZipperNeckline: V NeckPocket Types: 2 Front Slip Pocket(s)Sleeve Length: SleevelessSleeve Style: SleevelessApparel Length: 32 Inches - BackDress Length: Short LengthFiber Content: 100% CottonFabric Description: PoplinLining: UnlinedCare: Line Dry, Machine WashMaterial: CottonBody Type: HourglassCountry of Origin: Imported",,,"https://jcpenney.scene7.com/is/image/JCPenney/DP0402202511022965M , https://jcpenney.scene7.com/is/image/JCPenney/DP0402202511022759M , https://jcpenney.scene7.com/is/image/JCPenney/DP0402202511022862M",1,1,Petite Small,Spring Moss
ppr5008628767,https://www.jcpenney.com/p/connected-apparel-womens-3-4-sleeve-sheath-dress/ppr5008628767?pTmplType=regular,Connected Apparel Womens 3/4 Sleeve Sheath Dress,CONNECTED APPAREL,50.99,69.00,26,"This Connected Apparel women's sheath dress comes in an elegant dark green tone that is perfect for a cocktail party or dressy occasion. Made from a soft lightweight stretch fabric, this knee-length dress has a round neckline and 3/4 semi-sheer billowing sleeves with splits. Wear it with pumps or heels. Closure Type: Pullover HeadNeckline: Split Crew NeckSleeve Length: 3/4 SleeveSleeve Style: Split SleeveApparel Length: 40 InchesDress Length: Knee LengthFiber Content: 96% Polyester, 4% SpandexLining: UnlinedCare: Line Dry, Machine WashMaterial: KnitCountry of Origin: Imported",,,"https://jcpenney.scene7.com/is/image/JCPenney/DP1121202509084748M , https://jcpenney.scene7.com/is/image/JCPenney/DP1121202509084643M , https://jcpenney.scene7.com/is/image/JCPenney/DP1121202509084538M",,,"10 , 12 , 14 , 16 , 4 , 6 , 8",Hunter
ppr5008528082,https://www.jcpenney.com/p/st-johns-bay-womens-sleeveless-shift-dress/ppr5008528082?pTmplType=regular,St. John's Bay Womens Sleeveless Shift Dress,ST. JOHN`S BAY,10.99,44.00,75,"This multicolor coral-print shift dress from the St. John's Bay women's collection is a fresh summery must-have for your wardrobe. Made from a woven cotton-linen blend, this sleeveless knee-length dress has a split crew neck with a mandarin collar and a drawstring waist for added definition. Wear it with metallic slides or sneakers. Features: Drawstring WaistClosure Type: Pullover HeadNeckline: Split Crew NeckPocket Types: 2 Side Slip Pocket(s), 1 Chest Slip Pocket(s)Sleeve Length: SleevelessApparel Length: 34.5 Inches - Back, 34.5 Inches - FrontDress Length: Short LengthFabric Description: Plain Weave, Yarn Dyed WovenCollar: Mandarin CollarCare: Tumble Dry, Machine WashMaterial: Rayon BlendCountry of Origin: Imported",,,"https://jcpenney.scene7.com/is/image/JCPenney/DP0220202509232548M , https://jcpenney.scene7.com/is/image/JCPenney/DP0220202509232445M , https://jcpenney.scene7.com/is/image/JCPenney/DP0220202509232650M",4.4286,63,Petite Xx-Large,Tan Stripe
ppr5008316871,https://www.jcpenney.com/p/papell-boutique-womens-short-sleeve-beaded-embellished-fit-flare-dress/ppr5008316871?pTmplType=regular,Papell Boutique Womens Short Sleeve Beaded Embellished Fit + Flare Dress,PAPELL BOUTIQUE,95.99,120.00,20,"The Papell Boutique women’s fit-and-flare dress combines sparkling and beaded embellishments with a flattering shape. Fully-lined, it's made from soft mesh fabric, and features a V-neckline, short sleeves, a concealed back zip closure, and a knee-length. Perfect for events, it blends timeless elegance with modern flair.Features: Beaded, EmbellishedClosure Type: ZipperNeckline: V NeckSleeve Length: Short SleeveSleeve Style: Fitted SleeveApparel Length: 43 InchesDress Length: Knee LengthFiber Content: 100% PolyesterFabric Description: MeshLining Material: PolyesterCare: Spot CleanWedding Occasion: Guest of Wedding, Mother of the BrideCountry of Origin: Imported RETURNS: This item must be returned in its original condition with the green return tag in place.",,,"https://jcpenney.scene7.com/is/image/JCPenney/DP0610202507080828M , https://jcpenney.scene7.com/is/image/JCPenney/DP0610202507080932M , https://jcpenney.scene7.com/is/image/JCPenney/DP0610202507081037M , https://jcpenney.scene7.com/is/image/JCPenney/DP0610202507081142M",2.6,5,"12 , 8",Light Navy
ppr5008544212,https://www.jcpenney.com/p/liz-claiborne-womens-short-sleeve-midi-floral-a-line-dress/ppr5008544212?pTmplType=regular,Liz Claiborne Womens Short Sleeve Midi Floral A-Line Dress,LIZ CLAIBORNE,16.80,54.00,68,"The Liz Claiborne floral dress for women is cut from soft, stretch knit in a A-line silhouette. Featuring short, tulip sleeves, a crew neckline, and an elastic tie-up waist, this midi dress can be paired with shoes and flats for an elevated casual look.Closure Type: Pullover HeadNeckline: Crew NeckSleeve Length: Short SleeveSleeve Style: Tulip SleeveApparel Length: 30 InchesDress Length: Midi LengthFiber Content: 98% Polyester, 2% SpandexFabric Description: KnitCare: Tumble Dry, Machine WashCountry of Origin: Imported",,,"https://jcpenney.scene7.com/is/image/JCPenney/DP0417202509084085M , https://jcpenney.scene7.com/is/image/JCPenney/DP0417202509083981M , https://jcpenney.scene7.com/is/image/JCPenney/DP0417202509084188M",5,1,"Large , Medium , Small , X-Large , X-Small , Xx-Large",White Orchid
ppr5008551166,https://www.jcpenney.com/p/arizona-womens-juniors-sleeveless-slip-dress/ppr5008551166?pTmplType=regular,Arizona Womens Juniors Sleeveless Slip Dress,Arizona Jean Co,17.82,54.00,67,"This halter slip dress from Arizona Jeans Co. junior's and women's collection is cut in an apron-style silhouette for a trendy look perfect for low-key days. It's made from soft cotton-denim with a square neckline, a front slit, adjustable criss-cross back straps, and a concealed back zip fastening. Its maxi-length looks great with everything from sneakers to heels.Strap Type: AdjustableClosure Type: ZipperNeckline: Straight NeckSleeve Length: SleevelessApparel Length: 50 InchesDress Length: Long LengthFiber Content: 100% CottonFabric Description: Denim, WovenCare: Machine Wash, Tumble DryCountry of Origin: Imported",,,"https://jcpenney.scene7.com/is/image/JCPenney/DP0708202513010799M , https://jcpenney.scene7.com/is/image/JCPenney/DP0708202513010694M , https://jcpenney.scene7.com/is/image/JCPenney/DP0708202513010902M",,,00,Med Wash
ppr5008306364,https://www.jcpenney.com/p/black-label-by-evan-picone-womens-sleeveless-sheath-dress/ppr5008306364?pTmplType=regular,Black Label by Evan-Picone Womens Sleeveless Sheath Dress,Black Label by Evan-Picone,,79.00,,"Create a sleek, classic look when wearing this sleeveless sheath dress from Black Label by Evan-Picone. This women's crew neck dress is made from a deep crimson red fabric with white stripes at the waist and is cut in a knee-length with a back split for easy movement and a concealed back zip closure. Pair with the matching suit jacket for a complete look.Closure Type: ZipperNeckline: Crew NeckSleeve Length: SleevelessApparel Length: 39.75 InchesDress Length: Knee LengthFiber Content: 100% PolyesterFabric Description: MelangeCare: Dry Clean OnlyCountry of Origin: Imported",,,"https://jcpenney.scene7.com/is/image/JCPenney/DP0428202309022469M , https://jcpenney.scene7.com/is/image/JCPenney/DP0428202309022367M , https://jcpenney.scene7.com/is/image/JCPenney/DP0428202309022572M , https://jcpenney.scene7.com/is/image/JCPenney/DP0522202311043948M",4.4634,164,"10 , 12 , 14 , 16 , 18 , 4 , 6 , 8",Crimson Cream
ppr5008528773,https://www.jcpenney.com/p/js-jessica-simpson-womens-long-sleeve-midi-maxi-dress/ppr5008528773?pTmplType=regular,JS Jessica Simpson Womens Long Sleeve Midi Maxi Dress,JS JESSICA SIMPSON,19.99,79.50,74,"Closure Type: Tie, Pullover HeadNeckline: Scoop NeckSleeve Length: Long SleeveApparel Length: 45.25 InchesDress Length: Midi LengthFiber Content: 100% ViscoseFabric Description: KnitCare: Tumble Dry, Machine WashMaterial: ViscoseCountry of Origin: Imported",,,"https://jcpenney.scene7.com/is/image/JCPenney/DP0522202515101272M , https://jcpenney.scene7.com/is/image/JCPenney/DP0522202515101585M , https://jcpenney.scene7.com/is/image/JCPenney/DP0522202515101481M",5,1,"Small , X-Small",Black
ppr5007961436,https://www.jcpenney.com/p/msk-womens-embellished-short-sleeve-sheath-dress/ppr5007961436?pTmplType=regular,MSK Womens Embellished Short Sleeve Sheath Dress,MSK,,89.00,,"Draped to flatter your silhouette, this sheath-style women's dress from MSK pairs perfectly with heels and delicate jewelry for a night out. It has a square neckline, a cold-shoulder design with sparkling embellished shoulder straps, and flowing three-quarter sleeves.Features: EmbellishedClosure Type: Pullover HeadNeckline: Square NeckSleeve Length: Short SleeveSleeve Style: Cape SleeveApparel Length: 32.5 InchesDress Length: Short LengthFiber Content: 95% Polyester, 5% SpandexFabric Description: KnitCare: Line Dry, Hand WashWedding Occasion: Guest of Wedding, Mother of the BrideCountry of Origin: Imported RETURNS: This item must be returned in its original condition with the green return tag in place.",,,"https://jcpenney.scene7.com/is/image/JCPenney/DP0210202311024097M , https://jcpenney.scene7.com/is/image/JCPenney/DP0210202311023993M , https://jcpenney.scene7.com/is/image/JCPenney/DP0416202011003793M , https://jcpenney.scene7.com/is/image/JCPenney/DP0410202011001871M , https://jcpenney.scene7.com/is/image/JCPenney/DP0210202311023890M",4.5493,71,"Large , Medium , Small , X-Large",Navy
ppr5008607880,https://www.jcpenney.com/p/arizona-womens-juniors-long-sleeve-fit-flare-dress/ppr5008607880?pTmplType=regular,Arizona Womens Juniors Long Sleeve Fit + Flare Dress,Arizona Jean Co,16.19,54.00,70,"You'll love the flattering draped details of this Arizona women's and junior's fit and flare dress. Made from soft stretch-jersey, this short dress has a straight neck with long off-the-shoulder sleeves and a puffed mini skirt for a glam finish. Wear it with tights and pumps.Closure Type: Pullover HeadNeckline: Straight NeckSleeve Length: Long SleeveSleeve Style: Off Shoulder SleeveApparel Length: 19 InchesDress Length: Short LengthFiber Content: 100% PolyesterFabric Description: WovenCare: Tumble Dry, Machine WashCountry of Origin: Imported",,,"https://jcpenney.scene7.com/is/image/JCPenney/DP1008202509022430M , https://jcpenney.scene7.com/is/image/JCPenney/DP1008202509022221M , https://jcpenney.scene7.com/is/image/JCPenney/DP1008202509022326M",,,"3X-Large , Large , Medium , Small , X-Large , X-Small , Xx-Large",Zinfadel
ppr5008628772,https://www.jcpenney.com/p/connected-apparel-womens-3-4-sleeve-floral-sheath-dress/ppr5008628772?pTmplType=regular,Connected Apparel Womens 3/4 Sleeve Floral Sheath Dress,CONNECTED APPAREL,54.99,74.00,25,"This Connected Apparel women's sheath dress features a glam floral pattern that is perfect for a cocktail hour or formal occasion. Made from a soft lightweight stretch fabric, this knee-length dress has a round neckline and 3/4 semi-sheer billowing sleeves with splits. Wear it with pumps or heels. Closure Type: Pullover HeadNeckline: Round NeckSleeve Length: 3/4 SleeveSleeve Style: Split SleeveApparel Length: 40 InchesDress Length: Knee LengthFiber Content: 96% Polyester, 4% SpandexLining: UnlinedCare: Line Dry, Machine WashMaterial: KnitCountry of Origin: Imported",,,"https://jcpenney.scene7.com/is/image/JCPenney/DP1121202509083075M , https://jcpenney.scene7.com/is/image/JCPenney/DP1121202509082867M , https://jcpenney.scene7.com/is/image/JCPenney/DP1121202509082972M",,,"10 , 12 , 14 , 16 , 4 , 6 , 8",Red
ppr5008619752,https://www.jcpenney.com/p/jingle-ball-womens-juniors-sleeveless-party-dress/ppr5008619752?pTmplType=regular,Jingle Ball Womens Juniors Sleeveless Party Dress,ASSTD NATIONAL BRAND,15.99,64.00,75,"We invite you to the exclusive iHeartRadio Jingle Ball x JCPenney Collection. Shine under the spotlight wearing this strapless junior's and women's sequins dress- perfect for the star studded concert. It features a concealed zip fastening and is cut to a mini-length that's perfect for pairing with heeled boots. Consider your access to VIP fashion granted.Strap Type: StraplessClosure Type: Hidden ZipperSleeve Length: SleevelessDress Length: Short LengthFiber Content: 95% Polyester, 5% SpandexCare: Dry Clean OnlyCountry of Origin: Imported",,,"https://jcpenney.scene7.com/is/image/JCPenney/DP0923202515024421M , https://jcpenney.scene7.com/is/image/JCPenney/DP0923202515024107M , https://jcpenney.scene7.com/is/image/JCPenney/DP0923202515024212M",,,"Large , Medium , Small , X-Large , X-Small",Silver
ppr5008458872,https://www.jcpenney.com/p/trixxi-womens-juniors-sleeveless-bodycon-dress/ppr5008458872?pTmplType=regular,Trixxi Womens Juniors Sleeveless Bodycon Dress,TRIXXI,17.69,59.00,70,"Amp up your special occasions wardrobe with this Trixxi women's and junior's bodycon dress made from a glittery stretch-knit in a rich metallic green hue. It has adjustable spaghetti straps, a v-neckline, a wrap-front design and a short length. Complete the look with your favorite stilettos. Strap Type: AdjustableClosure Type: Pullover HeadNeckline: V NeckSleeve Length: SleevelessSleeve Style: SleevelessApparel Length: 33.5 InchesDress Length: Short LengthFiber Content: 65% Polyester, 30% Lurex Metallic, 5% SpandexFabric Description: KnitLining Material: PolyesterCare: Hand Wash, Dry FlatWedding Occasion: Guest of WeddingCountry of Origin: Imported",,,"https://jcpenney.scene7.com/is/image/JCPenney/DP0826202409071044M , https://jcpenney.scene7.com/is/image/JCPenney/DP0826202409070840M , https://jcpenney.scene7.com/is/image/JCPenney/DP0826202409071247M , https://jcpenney.scene7.com/is/image/JCPenney/DP0826202409071146M , https://jcpenney.scene7.com/is/image/JCPenney/DP0826202409070942M",,,Small,Green
ppr5008459429,https://www.jcpenney.com/p/maya-brooke-womens-pearl-trim-jacket-dress/ppr5008459429?pTmplType=regular,Maya Brooke Womens Pearl Trim Jacket Dress,MAYA BROOKE,79.99,100.00,20,"A classic all-white look never goes out of style, so add this Maya Brooke women's jacket dress to your collection. Made from stretch fabric, it includes a cropped jacket featuring a pearl trim, an open front, and fitted three-quarter sleeves paired with a sleeveless dress with a round neckline, a knee length, and a zipper closure. Complete the look with pointed-toe pumps. # Pieces In Set: 22nd Piece Description: Jacket2nd Piece Sleeve Style: Fitted Sleeve2nd Piece Sleeve Length: 3/4 Sleeves2nd Piece Fabric: Knit2nd Piece Fiber Content: 96% Polyester, 4% Spandex2nd Piece Care: Line Dry, Hand WashFeatures: Stretch Fabric, Pearl TrimClosure Type: ZipperNeckline: Round NeckSleeve Length: SleevelessApparel Length: 40.56 Inches - FrontDress Length: Knee LengthFiber Content: 96% Polyester, 4% SpandexFabric Description: KnitCare: Hand Wash, Line DryCountry of Origin: Imported RETURNS: This item must be returned in its original condition with the green return tag in place.",,,"https://jcpenney.scene7.com/is/image/JCPenney/DP0911202409045247M , https://jcpenney.scene7.com/is/image/JCPenney/DP0911202409045146M , https://jcpenney.scene7.com/is/image/JCPenney/DP0911202409045044M , https://jcpenney.scene7.com/is/image/JCPenney/DP0911202409045450M",4.6667,6,"10 , 12 , 14 , 16 , 18 , 8",White
ppr5008487604,https://www.jcpenney.com/p/city-triangle-womens-juniors-casual-bodycon-dress/ppr5008487604?pTmplType=regular,City Triangle Womens Juniors Casual Bodycon Dress,CITY TRIANGLE,15.79,69.00,77,"You'll love this sleek glittery City Triangle women's and junior's mini dress for your next night out. Crafted from a soft stretch-fabric, this sleeveless bodycon dress has a sweetheart neckline, spaghetti straps and ruched detail on the bust and sides. Wear it with stilettos and statement earrings.Strap Type: AdjustableFeatures: Built In Bra, Stretch FabricClosure Type: Pullover HeadNeckline: Sweetheart NeckApparel Length: 34 InchesDress Length: Short LengthFiber Content: 100% PolyesterFabric Description: ItyLining: LinedLining Material: PolyesterCare: Dry Clean OnlyWedding Occasion: Guest of WeddingCountry of Origin: Imported",,,"https://jcpenney.scene7.com/is/image/JCPenney/DP1209202413003302M , https://jcpenney.scene7.com/is/image/JCPenney/DP1209202413003200M , https://jcpenney.scene7.com/is/image/JCPenney/DP1209202413003404M",,,"Small , X-Small",Red
ppr5008560451,https://www.jcpenney.com/p/danny-nicole-womens-plus-long-sleeve-polka-dot-midi-fit-flare-dress/ppr5008560451?pTmplType=regular,Danny & Nicole Womens Plus Long Sleeve Polka Dot Midi Fit + Flare Dress,DANNY & NICOLE,73.99,99.00,25,"This Danny & Nicole women's plus polka-dot fit and flare dress is an elegant addition to your wardrobe for a party or special event. Made from chiffon, it has a bow-tie neckline, semi-sheer long balloon sleeves and a midi length. Wear it with pumps.Features: Bow, Lined, PleatedClosure Type: ZipperNeckline: Asymmetrical NeckSleeve Length: Long SleeveSleeve Style: Balloon SleeveApparel Length: 50.38 Inches - Front, 47 Inches - BackDress Length: Midi LengthFiber Content: 100% PolyesterLining: Fully LinedLining Material: PolyesterCare: Hand Wash, Line DryMaterial: ChiffonCountry of Origin: Imported",,,"https://jcpenney.scene7.com/is/image/JCPenney/DP0925202515013543M , https://jcpenney.scene7.com/is/image/JCPenney/DP0925202515013439M , https://jcpenney.scene7.com/is/image/JCPenney/DP0925202515013336M",,,"14W , 16W , 18W , 20W , 22W , 24W",Ivory Black
ppr5008513237,https://www.jcpenney.com/p/city-triangle-womens-juniors-slip-dress/ppr5008513237?pTmplType=regular,City Triangle Womens Juniors Slip Dress,CITY TRIANGLE,17.19,69.00,75,"Turn up the heat in this City Triangle orange satin slip dress for women and juniors. The short-length style features a draped neckline, adjustable spaghetti straps, and a surprise cutout detail at the back. Pair it with heels and a clutch for a chic party look. Strap Type: AdjustableFeatures: Cut OutsClosure Type: ZipperNeckline: Draped NeckApparel Length: 34 InchesDress Length: Short LengthFiber Content: 100% PolyesterFabric Description: SatinLining: LinedLining Material: PolyesterCare: Dry Clean OnlyWedding Occasion: Guest of WeddingCountry of Origin: Imported",,,"https://jcpenney.scene7.com/is/image/JCPenney/DP0311202507072375M , https://jcpenney.scene7.com/is/image/JCPenney/DP0311202507072270M , https://jcpenney.scene7.com/is/image/JCPenney/DP0311202507072479M",,,Medium,Orange
ppr5008612104,https://www.jcpenney.com/p/trixxi-womens-juniors-sleeveless-hearts-fit-flare-dress/ppr5008612104?pTmplType=regular,Trixxi Womens Juniors Sleeveless Hearts Fit + Flare Dress,TRIXXI,,64.00,,"Strap Type: AdjustableClosure Type: ZipperNeckline: Square NeckSleeve Length: SleevelessApparel Length: 34 InchesDress Length: Short LengthFiber Content: 100% PolyesterLining: LinedLining Material: PolyesterCare: Line Dry, Hand WashWedding Occasion: Guest of WeddingCountry of Origin: Imported",,,"https://jcpenney.scene7.com/is/image/JCPenney/DP1104202507035932M , https://jcpenney.scene7.com/is/image/JCPenney/DP1104202507035827M , https://jcpenney.scene7.com/is/image/JCPenney/DP1104202507035723M , https://jcpenney.scene7.com/is/image/JCPenney/DP1104202507040141M , https://jcpenney.scene7.com/is/image/JCPenney/DP1104202507040036M",,,"Large , Medium , Small , X-Large , X-Small , Xx-Large",Pink Hearts
ppr5008527833,https://www.jcpenney.com/p/js-jessica-simpson-womens-long-sleeve-paisley-midi-wrap-dress/ppr5008527833?pTmplType=regular,JS Jessica Simpson Womens Long Sleeve Paisley Midi Wrap Dress,JS JESSICA SIMPSON,19.99,69.50,71,"The effortless styling of this women's paisley wrap dress from JS Jessica Simpson makes it an easy choice for the office or a date night. It's made from lightweight fabric with a ruffle-trimmed V-neckline, balloon long sleeves, elastic cuffs, a tie waist, and a ruffle-trimmed hem. Wear yours with layered necklaces and stiletto sandals.2nd Piece Closure Type: TieFeatures: Tie-WaistClosure Type: TieNeckline: V NeckSleeve Length: Long SleeveApparel Length: 33.5 InchesDress Length: Midi LengthFiber Content: 100% PolyesterFabric Description: WovenLining: LinedLining Material: PolyesterCare: Machine Wash, Tumble DryCountry of Origin: Imported",,,"https://jcpenney.scene7.com/is/image/JCPenney/DP0522202515111855M , https://jcpenney.scene7.com/is/image/JCPenney/DP0522202515112168M , https://jcpenney.scene7.com/is/image/JCPenney/DP0522202515112063M",,,Medium,Black Watercolor
ppr5008637883,https://www.jcpenney.com/p/r-m-richards-womens-floral-jacket-dress-with-removable-necklace/ppr5008637883?pTmplType=regular,R & M Richards Womens Floral Jacket Dress With Removable Necklace,R & M RICHARDS,69.99,94.00,25,"# Pieces In Set: 22nd Piece Description: Jacket2nd Piece Sleeve Style: Fitted Sleeve2nd Piece Sleeve Length: 3/4 Sleeves2nd Piece Fabric: Ity2nd Piece Fiber Content: 95% Polyester, 5% Spandex2nd Piece Care: Spot CleanFeatures: Removable NecklaceClosure Type: Pullover HeadNeckline: Round NeckSleeve Length: SleevelessSleeve Style: SleevelessApparel Length: 41 InchesDress Length: Knee LengthFiber Content: 95% Polyester, 5% SpandexFabric Description: MeshLining: UnlinedCare: Spot CleanMaterial: JerseyCountry of Origin: Imported",,,"https://jcpenney.scene7.com/is/image/JCPenney/DP1106202513004939M , https://jcpenney.scene7.com/is/image/JCPenney/DP1106202513004729M , https://jcpenney.scene7.com/is/image/JCPenney/DP1106202513004834M , https://jcpenney.scene7.com/is/image/JCPenney/DP1106202513005148M , https://jcpenney.scene7.com/is/image/JCPenney/DP1106202513005044M",,,"10 , 12 , 14 , 16 , 18 , 6 , 8",Navy Denim
ppr5008537056,https://www.jcpenney.com/p/premier-amour-womens-sleeveless-maxi-dress/ppr5008537056?pTmplType=regular,Premier Amour Womens Sleeveless Maxi Dress,PREMIER AMOUR,19.69,79.00,75,"This Premier Amour women's maxi dress is a slinky showstopper you can wear to a cocktail party or wedding event. Made from a soft stretch fabric, this sleeveless long dress has wide straps, a scoop neck, a knotted waist for a flattering draped effect and a thigh-high slit for a glam finishing touch. Wear it with stilettos and a clutch.Features: Side SlitClosure Type: ZipperNeckline: Scoop NeckSleeve Length: SleevelessApparel Length: 60 InchesDress Length: Long LengthFiber Content: 95% Polyester, 5% SpandexFabric Description: ItyLining: Fully LinedLining Material: PolyesterCare: Machine Wash, Tumble DryWedding Occasion: Guest of WeddingCountry of Origin: Imported",,,"https://jcpenney.scene7.com/is/image/JCPenney/DP0516202507021061M , https://jcpenney.scene7.com/is/image/JCPenney/DP0516202507020854M , https://jcpenney.scene7.com/is/image/JCPenney/DP0516202507021373M , https://jcpenney.scene7.com/is/image/JCPenney/DP0516202507021166M , https://jcpenney.scene7.com/is/image/JCPenney/DP0516202507020958M , https://jcpenney.scene7.com/is/image/JCPenney/DP0516202507020751M",,,8,Olive
ppr5008625092,https://www.jcpenney.com/p/cece-womens-long-sleeve-polka-dot-fit-flare-dress/ppr5008625092?pTmplType=regular,CeCe Womens Long Sleeve Polka Dot Fit + Flare Dress,CECE,73.99,99.00,25,"Closure Type: Pullover HeadNeckline: V NeckSleeve Length: Long SleeveSleeve Style: Balloon SleeveApparel Length: 35 Inches - BackDress Length: Knee LengthFiber Content: 100% PolyesterFabric Description: ChiffonLining: Fully LinedLining Material: PolyesterCare: Tumble Dry, Machine WashMaterial: ChiffonBody Type: PearCountry of Origin: Imported",,,"https://jcpenney.scene7.com/is/image/JCPenney/DP1029202507082951M , https://jcpenney.scene7.com/is/image/JCPenney/DP1029202507082742M , https://jcpenney.scene7.com/is/image/JCPenney/DP1029202507082846M",,,"Large , Medium , Small , X-Large",Black Cafe
ppr5008522076,https://www.jcpenney.com/p/be-by-chetta-b-womens-short-sleeve-abstract-fit-flare-dress/ppr5008522076?pTmplType=regular,Be by CHETTA B Womens Short Sleeve Abstract Fit + Flare Dress,BE BY CHETTA B,19.19,64.00,70,"With its smocked waist, flared skirt, and split crew neckline, this Be by CHETTA B women's medallion-print dress checks every box. The pullover style is crafted from a woven fabric with short fitted sleeves and side slip pockets. Wear it with crisp white sneakers. Features: SmockedClosure Type: Pullover HeadNeckline: Split Crew NeckPocket Types: 2 Side Slip Pocket(s)Sleeve Length: Short SleeveSleeve Style: Fitted SleeveApparel Length: 36.5 InchesDress Length: Short LengthFiber Content: 100% PolyesterFabric Description: WovenLining: UnlinedCare: Machine Wash, Line DryCountry of Origin: Imported",,,"https://jcpenney.scene7.com/is/image/JCPenney/DP0403202509090840M , https://jcpenney.scene7.com/is/image/JCPenney/DP0403202509090735M , https://jcpenney.scene7.com/is/image/JCPenney/DP0403202509090945M",4.75,4,Medium,Red Blue
ppr5008547293,https://www.jcpenney.com/p/bold-elements-womens-long-sleeve-zebra-bodycon-dress/ppr5008547293?pTmplType=regular,Bold Elements Womens Long Sleeve Zebra Bodycon Dress,BOLD ELEMENTS,19.19,64.00,70,"This Bold Elements women's zebra-print dress is an on-trend update for your party wardrobe. Made from stretch-jersey, this fitted short dress has an asymmetrical neckline and long sleeves. Wear it with pumps.Closure Type: Pullover HeadNeckline: Asymmetrical NeckSleeve Length: Long SleeveSleeve Style: Fitted SleeveApparel Length: 33 InchesDress Length: Short LengthFiber Content: 52% Nylon, 29% Polyester, 19% SpandexFabric Description: JerseyLining: Partially LinedLining Material: PolyesterCare: Machine Wash, Tumble DryCountry of Origin: Imported",,,"https://jcpenney.scene7.com/is/image/JCPenney/DP0918202511025392M , https://jcpenney.scene7.com/is/image/JCPenney/DP0918202511025182M , https://jcpenney.scene7.com/is/image/JCPenney/DP0918202511025287M",5,1,"Large , Medium , Small , X-Large",Zebra Print
ppr5008417312,https://www.jcpenney.com/p/maya-brooke-womens-pearl-trim-grid-jacket-dress/ppr5008417312?pTmplType=regular,Maya Brooke Womens Pearl Trim Grid Jacket Dress,MAYA BROOKE,,89.00,,"Add this bold and chic women's crimson jacket dress from Maya Brooke to your wardrobe. Crafted from a knit fabric, this set includes a round neck sleeveless dress that hits at knee-length and has a back zipper closure along with a matching jacket with fitted three-quarter sleeves. # Pieces In Set: 22nd Piece Description: Jacket2nd Piece Sleeve Style: Fitted Sleeve2nd Piece Sleeve Length: 3/4 Sleeves2nd Piece Fabric: Knit2nd Piece Fiber Content: 96% Polyester, 4% Spandex2nd Piece Care: Line Dry, Hand WashFeatures: Stretch Fabric, Pearl TrimClosure Type: ZipperNeckline: Round NeckSleeve Length: SleevelessApparel Length: 41.13 Inches - FrontDress Length: Knee LengthFiber Content: 96% Polyester, 4% SpandexFabric Description: KnitCare: Line Dry, Hand WashCountry of Origin: Imported",,,"https://jcpenney.scene7.com/is/image/JCPenney/DP0611202417010704M , https://jcpenney.scene7.com/is/image/JCPenney/DP0611202417010600M , https://jcpenney.scene7.com/is/image/JCPenney/DP0311202411002977M , https://jcpenney.scene7.com/is/image/JCPenney/DP0311202411003183M , https://jcpenney.scene7.com/is/image/JCPenney/DP0611202417010495M , https://jcpenney.scene7.com/is/image/JCPenney/DP0311202411002874M , https://jcpenney.scene7.com/is/image/JCPenney/DP0611202417010807M , https://jcpenney.scene7.com/is/image/JCPenney/DP0311202411003286M",5,2,"10 , 12 , 14 , 16 , 18 , 8",Crimson Cream
ppr5008504166,https://www.jcpenney.com/p/bold-elements-womens-sleeveless-bodycon-dress/ppr5008504166?pTmplType=regular,Bold Elements Womens Sleeveless Bodycon Dress,BOLD ELEMENTS,17.99,60.00,70,"Closure Type: Pullover HeadNeckline: Straight NeckPocket Types: 2 Chest Button Pocket(s)Sleeve Length: SleevelessApparel Length: 30 InchesDress Length: Knee LengthFiber Content: 68% Cotton, 30% Polyester, 2% Lycra SpandexFabric Description: TwillCare: Tumble Dry, Machine WashOeko-Tex Standard 100 Label: 11-60840Oeko-Tex Standard 100 Test Institute: Shirley Technologies LimitedCountry of Origin: Imported",,,"https://jcpenney.scene7.com/is/image/JCPenney/DP0512202509175673M , https://jcpenney.scene7.com/is/image/JCPenney/DP0512202509175568M , https://jcpenney.scene7.com/is/image/JCPenney/DP0512202509175777M",5,1,"Large , Medium , Small , X-Large , X-Small , Xx-Large",Black
ppr5008320741,https://www.jcpenney.com/p/poetic-justice-womens-plus-short-sleeve-sheath-dress/ppr5008320741?pTmplType=regular,Poetic Justice Womens Plus Short Sleeve Sheath Dress,POETIC JUSTICE,,94.99,,"Poetic Justice women's plus size midi dress is designed as a statement piece with a lightweight stretch crepe, rasied shawl collar, drop sleeve, wrap v neckline, tacked rolled sleeve, fitted waist with an elastic incased back waist for a more defined look, side pockets, and a slight side slit that ads edge to the overall outfit. Closure Type: Pullover HeadNeckline: V NeckSleeve Length: Short SleeveApparel Length: 38 InchesDress Length: Knee LengthFiber Content: 65% Polyester, 35% SpandexFabric Description: CrepeCare: Machine WashCountry of Origin: Imported",,,"https://jcpenney.scene7.com/is/image/JCPenney/DP1230202207122252M , https://jcpenney.scene7.com/is/image/JCPenney/DP1230202207122356M",,,"1X , 2X , 3X",Teal
ppr5008527826,https://www.jcpenney.com/p/js-jessica-simpson-chiffon-womens-maxi-dress/ppr5008527826?pTmplType=regular,JS Jessica Simpson Chiffon Womens Maxi Dress,JS JESSICA SIMPSON,19.99,79.50,74,"Made from floral chiffon fabric, this women's sleeveless midi dress from JS Jessica Simpson is a stylish choice for a date night or fun event. It features a V-neckline, comfortable shoulder straps, a ruffle-trimmed bust, and a side slit. Pair it with stiletto sandals.Closure Type: Pullover HeadNeckline: V NeckApparel Length: 43.5 InchesDress Length: Long LengthFiber Content: 100% PolyesterFabric Description: WovenLining: UnlinedCare: Tumble Dry, Machine WashMaterial: ViscoseCountry of Origin: Imported",,,"https://jcpenney.scene7.com/is/image/JCPenney/DP0522202515111438M , https://jcpenney.scene7.com/is/image/JCPenney/DP0522202515111751M , https://jcpenney.scene7.com/is/image/JCPenney/DP0522202515111646M",4,1,"Large , Medium , X-Small",Evening Blue Ditsy
ppr5008226411,https://www.jcpenney.com/p/poetic-justice-womens-plus-sleeveless-maxi-dress/ppr5008226411?pTmplType=regular,Poetic Justice Womens Plus Sleeveless Maxi Dress,POETIC JUSTICE,,56.99,,"Fun and flair all in one in our plus size maxi dress highlighting a halter neckline, elastic waistband for a cinched look, keyhole button opening on the back and a stately side slit for added edge and fashion. Closure Type: Loop & ButtonNeckline: Halter NeckSleeve Length: SleevelessApparel Length: 48 InchesDress Length: Long LengthFabric Description: Double GeorgetteCare: Machine WashCountry of Origin: Imported",,,"https://jcpenney.scene7.com/is/image/JCPenney/DP0310202213003920M , https://jcpenney.scene7.com/is/image/JCPenney/DP0310202213003919M , https://jcpenney.scene7.com/is/image/JCPenney/DP0310202213003923M",,,"14 , 16 , 18 , 20 , 22",Lylacpurple
ppr5008512012,https://www.jcpenney.com/p/bold-elements-womens-long-sleeve-floral-bodycon-dress/ppr5008512012?pTmplType=regular,Bold Elements Womens Long Sleeve Floral Bodycon Dress,BOLD ELEMENTS,17.99,60.00,70,"Closure Type: Zipper, Hook & EyeNeckline: Asymmetrical NeckSleeve Length: Long SleeveSleeve Style: One Shoulder SleeveApparel Length: 32.63 InchesDress Length: Short LengthFiber Content: 95% Polyester, 5% SpandexFabric Description: JerseyCare: Tumble Dry, Machine WashCountry of Origin: Imported",,,"https://jcpenney.scene7.com/is/image/JCPenney/DP0530202511060022M , https://jcpenney.scene7.com/is/image/JCPenney/DP0530202511060125M",,,"Large , Medium , Small , X-Large , Xx-Large",Tonal Flrl 3
ppr5008529547,https://www.jcpenney.com/p/js-jessica-simpson-womens-plus-long-sleeve-animal-a-line-dress/ppr5008529547?pTmplType=regular,JS Jessica Simpson Womens Plus Long Sleeve Animal A-Line Dress,JS JESSICA SIMPSON,19.99,74.50,73,"This JS Jessica Simpson women's plus floral-print a-line dress is a chic boho style to wear with ankle boots or metallic flats. Made from soft chiffon, this short floaty dress has long ruffled bell sleeves, a v-neck and tie closures.Closure Type: TieNeckline: Scoop NeckSleeve Length: Long SleeveSleeve Style: Balloon SleeveApparel Length: 43.5 InchesDress Length: Short LengthFiber Content: 100% PolyesterFabric Description: ChiffonCare: Tumble Dry, Machine WashMaterial: ChiffonCountry of Origin: Imported",,,"https://jcpenney.scene7.com/is/image/JCPenney/DP0623202507332993M , https://jcpenney.scene7.com/is/image/JCPenney/DP0623202507333202M , https://jcpenney.scene7.com/is/image/JCPenney/DP0623202507333619M , https://jcpenney.scene7.com/is/image/JCPenney/DP0623202507333829M",,,"1X , 2X , 3X",Black Floral Cheet
ppr5008320440,https://www.jcpenney.com/p/poetic-justice-womens-plus-long-sleeve-sheath-dress/ppr5008320440?pTmplType=regular,Poetic Justice Womens Plus Long Sleeve Sheath Dress,POETIC JUSTICE,,79.99,,"This dusty mauve off-the-shoulder mini dress features a front split & athletic stripe neckline. The baby french terry athleisure dress features raglan sleeves for a more glamorous, lounging look.Closure Type: Pullover HeadNeckline: Straight NeckSleeve Length: Long SleeveApparel Length: 37 InchesDress Length: Knee LengthFiber Content: 95% Rayon, 5% SpandexFabric Description: French TerryCare: Machine WashCountry of Origin: Imported",,,"https://jcpenney.scene7.com/is/image/JCPenney/DP0125202313011462M , https://jcpenney.scene7.com/is/image/JCPenney/DP1230202207120475M , https://jcpenney.scene7.com/is/image/JCPenney/DP1230202207120579M",,,"1X , 2X , 3X",Mauve
ppr5008540082,https://www.jcpenney.com/p/st-johns-bay-womens-elbow-sleeve-midi-shift-dress/ppr5008540082?pTmplType=regular,St. John's Bay Womens Elbow Sleeve Midi Shift Dress,ST. JOHN`S BAY,15.99,44.00,63,"The St. John’s Bay women’s shift dress blends comfort and classic charm. Crafted from soft strech fabric, it features a crew neck, elbow-length puffed sleeves, and a relaxed midi silhouette ideal for day-to-night wear.Closure Type: Pullover HeadNeckline: Crew NeckSleeve Length: Elbow SleeveApparel Length: 24 InchesDress Length: Midi LengthFiber Content: 75% Cotton, 21% Polyester, 4% SpandexFabric Description: French TerryCare: Machine Wash, Tumble DryMaterial: Cotton BlendCountry of Origin: Imported",,,"https://jcpenney.scene7.com/is/image/JCPenney/DP0815202511030932M , https://jcpenney.scene7.com/is/image/JCPenney/DP0815202511030725M , https://jcpenney.scene7.com/is/image/JCPenney/DP0815202511030829M",5,1,Medium,Twilight Magenta
ppr5008525420,https://www.jcpenney.com/p/jessica-howard-womens-embellished-3-4-sleeve-sheath-dress/ppr5008525420?pTmplType=regular,Jessica Howard Womens Embellished 3/4 Sleeve Sheath Dress,JESSICA HOWARD,70.99,89.00,20,"This Jessica Howard women's sheath dress is made from soft-stretch scuba and is a perfect pick for casual and formal events. The knee-length dress features a boat neck, 3/4 fitted sleeves, zipper closure and embellished waist detail. Add a pair of pumps and minimal jewelry for an elegant ensemble.Features: EmbellishedClosure Type: ZipperNeckline: Boat NeckSleeve Length: 3/4 SleeveSleeve Style: Fitted SleeveApparel Length: 40.5 Inches - BackDress Length: Knee LengthFiber Content: 95% Polyester, 5% SpandexFabric Description: ScubaLining: Partially LinedLining Material: PolyesterCare: Hand Wash, Dry FlatMaterial: ScubaCountry of Origin: Imported",,,"https://jcpenney.scene7.com/is/image/JCPenney/DP0714202509095371M , https://jcpenney.scene7.com/is/image/JCPenney/DP0714202509095162M , https://jcpenney.scene7.com/is/image/JCPenney/DP0714202509095266M",5,1,"10 , 12 , 14 , 16 , 18 , 4 , 6 , 8",Navy
ppr5008614555,https://www.jcpenney.com/p/arizona-womens-sleeveless-juniors-babydoll-dress/ppr5008614555?pTmplType=regular,Arizona Womens Sleeveless Juniors Babydoll Dress,Arizona Jean Co,16.19,54.00,70,"This Arizona women's and junior's red babydoll dress is a cute flowy style you can dress up or down. Made from a woven blend, this sleeveless short dress has a v-neckline with lace trims, spaghetti straps and a tiered skirt. Wear it with sneakers or sandals.Strap Type: SpaghettiClosure Type: Tie, Pullover HeadNeckline: Split Tie NeckSleeve Length: SleevelessApparel Length: 19 InchesDress Length: Short LengthFiber Content: 100% PolyesterFabric Description: WovenCare: Tumble Dry, Machine WashCountry of Origin: Imported",,,"https://jcpenney.scene7.com/is/image/JCPenney/DP1003202509091155M , https://jcpenney.scene7.com/is/image/JCPenney/DP1003202509091051M , https://jcpenney.scene7.com/is/image/JCPenney/DP1003202509090946M",,,"3X-Large , Large , Medium , Small , X-Large , X-Small",Scarlet Flower
ppr5008535168,https://www.jcpenney.com/p/sam-and-jess-womens-3-4-sleeve-floral-shift-dress/ppr5008535168?pTmplType=regular,Sam And Jess Womens 3/4 Sleeve Floral Shift Dress,SAM AND JESS,65.99,89.00,25,"Sam & Jess womens 3/4 Sleeve Floral Shift Dress delivers classic elegance with its soft floral pattern and easy silhouette. The lightweight fabric and versatile design make it perfect for work or gatherings. Pair with nude pumps or flats for timeless sophistication.Closure Type: Loop & ButtonNeckline: Mock NeckSleeve Length: 3/4 SleeveSleeve Style: Balloon SleeveApparel Length: 34.75 Inches - BackDress Length: Knee LengthFiber Content: 100% PolyesterFabric Description: ChiffonLining: Fully LinedLining Material: PolyesterCare: Machine Wash, Tumble DryMaterial: ChiffonBody Type: HourglassCountry of Origin: Imported",,,"https://jcpenney.scene7.com/is/image/JCPenney/DP0724202509165611M , https://jcpenney.scene7.com/is/image/JCPenney/DP0724202509165401M , https://jcpenney.scene7.com/is/image/JCPenney/DP0724202509165506M",,,"Large , Medium , Small , X-Large , X-Small",Rich Black
ppr5008607881,https://www.jcpenney.com/p/arizona-womens-sleeveless-juniors-floral-babydoll-dress/ppr5008607881?pTmplType=regular,Arizona Womens Sleeveless Juniors Floral Babydoll Dress,Arizona Jean Co,17.39,58.00,70,"This Arizona women's and junior's floral babydoll dress is a cute flowy style you can dress up or down. Made from a woven blend, this sleeveless short dress has a v-neckline with lace trims, spaghetti straps and a tiered skirt. Wear it with sneakers or sandals.Strap Type: SpaghettiNeckline: Sweetheart NeckSleeve Length: SleevelessApparel Length: 19 InchesDress Length: Short LengthFiber Content: 100% PolyesterFabric Description: WovenCare: Machine Wash, Tumble DryCountry of Origin: Imported",,,"https://jcpenney.scene7.com/is/image/JCPenney/DP1008202509022848M , https://jcpenney.scene7.com/is/image/JCPenney/DP1008202509022639M , https://jcpenney.scene7.com/is/image/JCPenney/DP1008202509022743M",,,"3X-Large , Large , Medium , Small , X-Large , X-Small , Xx-Large",Black Floral
ppr5008551650,https://www.jcpenney.com/p/arizona-womens-juniors-sleeveless-floral-midi-peasant-dress/ppr5008551650?pTmplType=regular,Arizona Womens Juniors Sleeveless Floral Midi Peasant Dress,Arizona Jean Co,16.19,54.00,70,"This Arizona Jean Co. women's and junior's peasant dress has a romantic meets casual look. Made from a woven twill fabric with an allover floral print, the midi dress features a sweetheart neckline with a tie detail, a sleeveless silhouette, and a lace trim. Features: Smocked, Lace TrimClosure Type: Tie, Pullover HeadNeckline: Sweetheart NeckSleeve Length: SleevelessApparel Length: 47 InchesDress Length: Midi LengthFiber Content: 100% RayonFabric Description: Twill, WovenCare: Tumble Dry, Machine WashCountry of Origin: Imported",,,"https://jcpenney.scene7.com/is/image/JCPenney/DP0512202509143223M , https://jcpenney.scene7.com/is/image/JCPenney/DP0512202509143119M , https://jcpenney.scene7.com/is/image/JCPenney/DP0512202509143329M",5,4,"Small , X-Small",Gray Toss Daisy
ppr5008539159,https://www.jcpenney.com/p/ashley-graham-bias-satin-womens-plus-sleeveless-animal-slip-dress/ppr5008539159?pTmplType=regular,Ashley Graham Bias Satin Womens Plus Sleeveless Animal Slip Dress,Ashley Graham,54.00,90.00,40,"The Ashley Graham collection is designed exclusively for curves, and only available at JCPenney. Crafted from sleek satin in an on-trend leopard pattern, this sleeveless women's plus bias slip dress features a v-neckline, a flowy fit and adjustable shoulder straps. Style it with statement earrings and stilettos.Strap Type: AdjustableClosure Type: ZipperNeckline: V NeckSleeve Length: SleevelessApparel Length: 28.25 InchesDress Length: Long LengthFiber Content: 100% PolyesterFabric Description: SatinCare: Tumble Dry, Machine WashCountry of Origin: Imported",,,"https://jcpenney.scene7.com/is/image/JCPenney/DP0923202515033011M , https://jcpenney.scene7.com/is/image/JCPenney/DP0807202509270316M , https://jcpenney.scene7.com/is/image/JCPenney/DP0807202509270210M , https://jcpenney.scene7.com/is/image/JCPenney/DP0807202509270106M",3.4,5,"0X , 1X , 2X , 3X , 4X , 5X",Leopard
ppr5008528772,https://www.jcpenney.com/p/js-jessica-simpson-womens-long-sleeve-floral-a-line-dress/ppr5008528772?pTmplType=regular,JS Jessica Simpson Womens Long Sleeve Floral A-Line Dress,JS JESSICA SIMPSON,19.99,69.50,71,"This JS Jessica Simpson women's floral-print a-line dress is a chic boho style to wear with ankle boots or metallic flats. Made from soft chiffon, this short floaty dress has long ruffled bell sleeves, a v-neck and tie closures.Closure Type: TieSleeve Length: Long SleeveSleeve Style: Balloon SleeveApparel Length: 34.25 InchesDress Length: Short LengthFiber Content: 100% PolyesterFabric Description: ChiffonLining: LinedLining Material: PolyesterCare: Tumble Dry, Machine WashMaterial: ChiffonCountry of Origin: Imported",,,"https://jcpenney.scene7.com/is/image/JCPenney/DP0522202515100854M , https://jcpenney.scene7.com/is/image/JCPenney/DP0522202515101168M , https://jcpenney.scene7.com/is/image/JCPenney/DP0522202515101063M",,,X-Large,Black Floral
ppr5008637882,https://www.jcpenney.com/p/r-m-richards-womens-scroll-jacket-dress/ppr5008637882?pTmplType=regular,R & M Richards Womens Scroll Jacket Dress,R & M RICHARDS,69.99,94.00,25,"# Pieces In Set: 22nd Piece Description: Jacket2nd Piece Sleeve Style: Fitted Sleeve2nd Piece Sleeve Length: 3/4 Sleeves2nd Piece Fabric: Ity2nd Piece Fiber Content: 95% Polyester, 5% Spandex2nd Piece Care: Line Dry, Hand WashClosure Type: Pullover HeadNeckline: Round NeckSleeve Length: SleevelessSleeve Style: SleevelessApparel Length: 42 InchesDress Length: Knee LengthFiber Content: 95% Polyester, 5% SpandexFabric Description: ItyLining: UnlinedCare: Line Dry, Hand WashMaterial: JerseyCountry of Origin: Imported",,,"https://jcpenney.scene7.com/is/image/JCPenney/DP1106202513004311M , https://jcpenney.scene7.com/is/image/JCPenney/DP1106202513004625M , https://jcpenney.scene7.com/is/image/JCPenney/DP1106202513004102M , https://jcpenney.scene7.com/is/image/JCPenney/DP1106202513004206M , https://jcpenney.scene7.com/is/image/JCPenney/DP1106202513004520M",,,"10 , 12 , 14 , 16 , 18 , 6 , 8",Black Ivory
ppr5008500579,https://www.jcpenney.com/p/frye-and-co-womens-short-sleeve-floral-high-low-fit-flare-dress/ppr5008500579?pTmplType=regular,Frye and Co. Womens Short Sleeve Floral High-Low Fit + Flare Dress,FRYE AND CO,18.99,90.00,79,"Closure Type: Pullover HeadNeckline: V NeckSleeve Length: Short SleeveSleeve Style: Flutter SleeveApparel Length: 54.5 InchesDress Length: High Low LengthFiber Content: 100% PolyesterFabric Description: WovenLining: UnlinedCare: Machine Wash, Tumble DryCountry of Origin: Imported",,,"https://jcpenney.scene7.com/is/image/JCPenney/DP0407202509134003M , https://jcpenney.scene7.com/is/image/JCPenney/DP0407202509133898M , https://jcpenney.scene7.com/is/image/JCPenney/DP0407202509134107M",5,1,X-Small,Rose Dawn Combo
ppr5008602652,https://www.jcpenney.com/p/melonie-t-womens-3-4-sleeve-floral-maxi-dress/ppr5008602652?pTmplType=regular,Melonie T Womens 3/4 Sleeve Floral Maxi Dress,MELONIE T,69.99,94.00,25,"Included: 1 Belt(s)Features: Tiered, Belted, Hidden Closure, LinedClosure Type: Hidden ZipperNeckline: V NeckSleeve Length: 3/4 SleeveSleeve Style: Flutter SleeveApparel Length: 56.25 Inches - Front, 54.75 Inches - BackDress Length: Long LengthFiber Content: 100% PolyesterFabric Description: ChiffonLining: Fully LinedLining Material: PolyesterCollar: Shawl CollarCare: Hand Wash, Line DryMaterial: ChiffonCountry of Origin: Imported",,,"https://jcpenney.scene7.com/is/image/JCPenney/DP0108202609153371M , https://jcpenney.scene7.com/is/image/JCPenney/DP0108202609153165M , https://jcpenney.scene7.com/is/image/JCPenney/DP0108202609153268M",,,"10 , 12 , 14 , 16 , 18 , 2 , 4 , 6 , 8",Ivory Coral Multi
ppr5008523048,https://www.jcpenney.com/p/bold-elements-womens-long-sleeve-animal-sweater-dress/ppr5008523048?pTmplType=regular,Bold Elements Womens Long Sleeve Animal Sweater Dress,BOLD ELEMENTS,19.19,80.00,76,"Closure Type: Hidden Drawstring, Pullover HeadNeckline: Mock NeckSleeve Length: Long SleeveSleeve Style: Fitted SleeveApparel Length: 39 Inches - FrontDress Length: Short LengthFiber Content: 55% Rayon, 45% PolyesterFabric Description: KnitCollar: Banded CollarCare: Tumble Dry, Machine WashMaterial: Rayon BlendOwned & Founded: Women Owned/FoundedCountry of Origin: Imported",,,"https://jcpenney.scene7.com/is/image/JCPenney/DP0414202509035591M , https://jcpenney.scene7.com/is/image/JCPenney/DP0414202509035487M , https://jcpenney.scene7.com/is/image/JCPenney/DP0414202509035695M",5,1,"Large , Medium , Small , X-Large , X-Small , Xx-Large",Black Cream Zebra
ppr5008598428,https://www.jcpenney.com/p/premier-amour-womens-short-sleeve-midi-sheath-dress/ppr5008598428?pTmplType=regular,Premier Amour Womens Short Sleeve Midi Sheath Dress,PREMIER AMOUR,58.99,79.00,25,"Exude elegance in this premier amour women’s sheath dress, made from lightweight, stretch mesh fabric with a soft lining. Featuring short, fitted sleeves and a mock neckline, and a zipper-and-button closure at the back, this midi-length dress is perfect for work, dinner, or social events.Features: Stretch Fabric, LinedClosure Type: ZipperNeckline: Mock NeckSleeve Length: Short SleeveSleeve Style: Fitted SleeveApparel Length: 50 InchesDress Length: Midi LengthFiber Content: 96% Polyester, 4% SpandexFabric Description: MeshLining: LinedLining Material: PolyesterCare: Machine Wash, Dry FlatMaterial: PolyesterWedding Occasion: Guest of WeddingCountry of Origin: Imported",,,"https://jcpenney.scene7.com/is/image/JCPenney/DP1124202513010564M , https://jcpenney.scene7.com/is/image/JCPenney/DP1124202513010355M , https://jcpenney.scene7.com/is/image/JCPenney/DP1124202513010669M , https://jcpenney.scene7.com/is/image/JCPenney/DP1124202513010460M , https://jcpenney.scene7.com/is/image/JCPenney/DP1124202513010250M",3,2,"10 , 12 , 14 , 16 , 18 , 2 , 4 , 6 , 8",Black
ppr5008501297,https://www.jcpenney.com/p/ana-womens-long-sleeve-peasant-dress/ppr5008501297?pTmplType=regular,a.n.a Womens Long Sleeve Peasant Dress,A.N.A,19.19,64.00,70,"This a.n.a women's peasant dress is a chic, breezy patterned style you can style across seasons. Made from a textured fabric, this pullover short dress has long ruffled flared sleeves, a split tie neck and a relaxed-fit. Wear it with metallic sandals or boots and a wrap. Closure Type: Pullover HeadNeckline: Collar NeckPocket Types: 2 Side Slip Pocket(s)Sleeve Length: Long SleeveSleeve Style: Raglan SleeveApparel Length: 32.75 Inches - Front, 32.25 Inches - BackDress Length: Knee LengthFiber Content: 76% Rayon, 24% NylonFabric Description: CrinkleLining: Fully LinedLining Material: PolyesterCollar: Banded CollarCare: Machine Wash, Line DryCountry of Origin: Imported",,,"https://jcpenney.scene7.com/is/image/JCPenney/DP0613202509035898M , https://jcpenney.scene7.com/is/image/JCPenney/DP0613202509035691M , https://jcpenney.scene7.com/is/image/JCPenney/DP0613202509035794M",4.7778,18,Petite Medium,"Malaga Rose , Maya Paisley"
ppr5008602650,https://www.jcpenney.com/p/melonie-t-womens-3-4-sleeve-floral-maxi-dress/ppr5008602650?pTmplType=regular,Melonie T Womens 3/4 Sleeve Floral Maxi Dress,MELONIE T,69.99,94.00,25,"Features: Tiered, Smocked, LinedClosure Type: Faux Button, Pullover HeadNeckline: V NeckSleeve Length: 3/4 SleeveSleeve Style: Tie SleeveApparel Length: 57 Inches - Front, 56 Inches - BackDress Length: Long LengthFiber Content: 100% PolyesterFabric Description: ChiffonLining: Fully LinedLining Material: PolyesterCare: Line Dry, Hand WashMaterial: ChiffonCountry of Origin: Imported",,,"https://jcpenney.scene7.com/is/image/JCPenney/DP1121202509073850M , https://jcpenney.scene7.com/is/image/JCPenney/DP1121202509073641M , https://jcpenney.scene7.com/is/image/JCPenney/DP1121202509073745M",,,"10 , 12 , 14 , 16 , 18 , 2 , 4 , 6 , 8","Soft Whte Honeybee , S0ft Whte Honeybee"
ppr5008477247,https://www.jcpenney.com/p/black-label-by-evan-picone-womens-short-sleeve-floral-sheath-dress/ppr5008477247?pTmplType=regular,Black Label by Evan-Picone Womens Short Sleeve Floral Sheath Dress,Black Label by Evan-Picone,15.79,79.00,80,"This Black Label by Evan-Picone women's sheath dress makes a bold entrance with its vivid botanical print and figure-skimming silhouette. Made from stretch knit with a partial lining, the pullover dress has a V-neckline, short flutter sleeves, and a knee-length cut. Wear it with heels and hoops. Closure Type: Pullover HeadNeckline: V NeckSleeve Length: Short SleeveSleeve Style: Flutter SleeveApparel Length: 38.5 InchesDress Length: Knee LengthFiber Content: 95% Polyester, 5% ElastaneFabric Description: KnitLining: Partially LinedCare: Line Dry, Machine WashWedding Occasion: Guest of WeddingCountry of Origin: Imported",,,"https://jcpenney.scene7.com/is/image/JCPenney/DP0117202511004617M , https://jcpenney.scene7.com/is/image/JCPenney/DP0117202511004516M , https://jcpenney.scene7.com/is/image/JCPenney/DP0117202511004719M",,,X-Small,Paradise Green
ppr5008637885,https://www.jcpenney.com/p/r-m-richards-womens-floral-jacket-dress-with-removable-necklace/ppr5008637885?pTmplType=regular,R & M Richards Womens Floral Jacket Dress With Removable Necklace,R & M RICHARDS,69.99,94.00,25,"# Pieces In Set: 22nd Piece Description: Jacket2nd Piece Sleeve Style: Fitted Sleeve2nd Piece Sleeve Length: 3/4 Sleeves2nd Piece Fabric: Ity2nd Piece Fiber Content: 95% Polyester, 5% Spandex2nd Piece Care: Hand Wash, Line DryFeatures: Removable NecklaceClosure Type: Pullover HeadNeckline: Round NeckSleeve Length: SleevelessSleeve Style: SleevelessApparel Length: 41 InchesDress Length: Knee LengthFiber Content: 96% Polyester, 4% SpandexFabric Description: MeshLining: UnlinedCare: Machine Wash, Line DryMaterial: JerseyCountry of Origin: Imported",,,"https://jcpenney.scene7.com/is/image/JCPenney/DP1106202513005462M , https://jcpenney.scene7.com/is/image/JCPenney/DP1106202513005672M , https://jcpenney.scene7.com/is/image/JCPenney/DP1106202513005567M",,,"10 , 12 , 14 , 16 , 18 , 6 , 8",Navy Yellow
ppr5008470893,https://www.jcpenney.com/p/xersion-everultra-lite-sleeveless-built-in-bra-tennis-dress-plus/ppr5008470893?pTmplType=regular,Xersion EverUltra™-Lite Sleeveless Built In Bra Tennis Dress Plus,Xersion,16.49,55.00,70,"Whether you're heading to the court or want a cute outfit to wear on off-duty days, this women's plus Xersion Everultra-Lite sleeveless tennis dress is exactly what your wardrobe needs. It's made from a super-soft stretch-blend fabric and has a U-neckline, a mini-length, and a front slit. Pair it with your favorite sneakers. Strap Type: Tank2nd Piece Care: Tumble Dry, Machine WashFeatures: Stretch Fabric, Built In BraClosure Type: Pullover HeadNeckline: Round NeckSleeve Length: SleevelessApparel Length: 35.5 Inches - FrontDress Length: Knee LengthFiber Content: 87% Polyester, 13% SpandexFabric Description: InterlockCare: Tumble Dry, Machine WashCountry of Origin: Imported",,,"https://jcpenney.scene7.com/is/image/JCPenney/DP0108202509080177M , https://jcpenney.scene7.com/is/image/JCPenney/DP0108202509080076M , https://jcpenney.scene7.com/is/image/JCPenney/DP0108202509080279M",,,5X,Coral Escape White
ppr5008625078,https://www.jcpenney.com/p/donna-morgan-womens-long-sleeve-animal-shirt-dress/ppr5008625078?pTmplType=regular,Donna Morgan Womens Long Sleeve Animal Shirt Dress,DONNA MORGAN,65.99,89.00,25,"Closure Type: Pullover HeadNeckline: Collar NeckSleeve Length: Long SleeveApparel Length: 34 InchesDress Length: Knee LengthFiber Content: 92% Polyester, 8% SpandexFabric Description: MeshLining: Fully LinedLining Material: PolyesterCollar: Button Down CollarCare: Dry Flat, Hand WashMaterial: PolyesterBody Type: AthleticCountry of Origin: Imported",,,"https://jcpenney.scene7.com/is/image/JCPenney/DP1103202511032827M , https://jcpenney.scene7.com/is/image/JCPenney/DP1103202511032723M , https://jcpenney.scene7.com/is/image/JCPenney/DP1103202511032932M",4,1,"10 , 12 , 14 , 16 , 18 , 2 , 4 , 6 , 8",Eden Green
ppr5008531623,https://www.jcpenney.com/p/byby-womens-juniors-sleeveless-plaid-fit-flare-dress/ppr5008531623?pTmplType=regular,by&by Womens Juniors Sleeveless Plaid Fit + Flare Dress,BY AND BY,17.39,58.00,70,"Closure Type: Pullover HeadNeckline: Straight NeckSleeve Length: SleevelessApparel Length: 33 InchesDress Length: Short LengthFiber Content: 92% Polyester, 8% SpandexFabric Description: KnitCare: Line Dry, Machine WashCountry of Origin: Imported",,,"https://jcpenney.scene7.com/is/image/JCPenney/DP0702202509060109M , https://jcpenney.scene7.com/is/image/JCPenney/DP0702202509055901M , https://jcpenney.scene7.com/is/image/JCPenney/DP0702202509060006M",,,"Large , Medium , Small , X-Large , Xx-Large",Clr 4
ppr5008251051,https://www.jcpenney.com/p/msk-womens-embellished-short-sleeve-sheath-dress/ppr5008251051?pTmplType=regular,MSK Womens Embellished Short Sleeve Sheath Dress,MSK,,89.00,,"MSK's cape sheath dress is a style every woman can feel and look their best in thanks to its stretch fabric and flattering silhouette. This knee-length dress has a jewel-embellished round neckline and crossover straps at the back, short split sleeves, and a flowy asymmetrical cape overlay. Wear it with stacked bracelets and stiletto sandals.Features: Semi-Sheer, EmbellishedClosure Type: Pullover HeadNeckline: Crew NeckSleeve Length: Short SleeveSleeve Style: Cape SleeveApparel Length: 37.5 Inches - BackDress Length: Knee LengthFiber Content: 95% Polyester, 5% SpandexFabric Description: ItyCare: Line Dry, Hand WashWedding Occasion: Guest of Wedding, Mother of the BrideCountry of Origin: Imported RETURNS: This item must be returned in its original condition with the green return tag in place.",,,"https://jcpenney.scene7.com/is/image/JCPenney/DP0607202309035382M , https://jcpenney.scene7.com/is/image/JCPenney/DP0607202309035279M , https://jcpenney.scene7.com/is/image/JCPenney/DP0607202309035485M",4.4286,7,"Large , Medium , Small , X-Large",Mulberry
ppr5008511395,https://www.jcpenney.com/p/52seven-womens-short-sleeve-floral-shift-dress/ppr5008511395?pTmplType=regular,52seven Womens Short Sleeve Floral Shift Dress,52SEVEN,17.29,79.00,78,"This 52sevem women's floral shift dress is a gorgeous floral boho inpired number that will add instant flair to your summer looks. Made from a floral-print woven blend, this short dress has short tiered flutter sleeves, a split tie neck with a tie and a flowy skirt silhouette. Wear it with espadrilles or heeled sandals.Features: TieredClosure Type: Pullover HeadNeckline: Split Tie NeckSleeve Length: Short SleeveSleeve Style: Flutter SleeveApparel Length: 36 InchesDress Length: Short LengthFiber Content: 87% Rayon, 13% NylonFabric Description: WovenLining: Fully LinedLining Material: PolyesterCollar: Banded CollarCare: Dry Flat, Machine WashMaterial: CottonCountry of Origin: Imported",,,"https://jcpenney.scene7.com/is/image/JCPenney/DP0516202511013826M , https://jcpenney.scene7.com/is/image/JCPenney/DP0516202511013722M , https://jcpenney.scene7.com/is/image/JCPenney/DP0516202511013930M",5,5,X-Small,Black Brown
ppr5008558860,https://www.jcpenney.com/p/melonie-t-womens-short-sleeve-midi-fit-flare-dress/ppr5008558860?pTmplType=regular,Melonie T Womens Short Sleeve Midi Fit + Flare Dress,MELONIE T,73.99,99.00,25,"This Melonie T women's fit and flare dress comes in a beautiful lapis blue color with a floral pattern overlay, making it a chic choice for a wedding, cocktail party or formal occasion. This fit and flare maxi dress features a striking mock neck, short semi-sheer flutter sleeves and a smocked waist for a flowy finish. Wear it with pumps.Features: Lined, Tiered, SmockedClosure Type: Tie, Pullover HeadNeckline: Mock NeckSleeve Length: Short SleeveSleeve Style: Raglan SleeveApparel Length: 48.75 Inches - Back, 48.75 Inches - FrontDress Length: Midi LengthFiber Content: 100% PolyesterFabric Description: ChiffonLining: Fully LinedLining Material: PolyesterCare: Hand Wash, Line DryMaterial: ChiffonCountry of Origin: Imported",,,"https://jcpenney.scene7.com/is/image/JCPenney/DP1020202509005880M , https://jcpenney.scene7.com/is/image/JCPenney/DP1020202509005671M , https://jcpenney.scene7.com/is/image/JCPenney/DP1020202509005776M",5,1,"10 , 12 , 14 , 16 , 18 , 2 , 4 , 6 , 8",Lapis
ppr5008480109,https://www.jcpenney.com/p/maya-brooke-womens-short-sleeve-shrug/ppr5008480109?pTmplType=regular,Maya Brooke Womens Short Sleeve Shrug,MAYA BROOKE,18.59,69.00,73,"Give your look a polished finish with this Maya Brooke women's short-sleeve shrug. The open-front style features a sheer floral design. Drape it over a sleeveless dress or jumpsuit. Closure Type: Open FrontFit: Regular FitSleeve Length: Short SleeveSleeve Style: Fitted SleeveApparel Length: 18 Inches - FrontFiber Content: 100% PolyesterCare: Dry Flat, Hand WashCountry of Origin: Imported RETURNS: This item must be returned in its original condition with the green return tag in place.",,Regular Fit,"https://jcpenney.scene7.com/is/image/JCPenney/DP0109202507075583M , https://jcpenney.scene7.com/is/image/JCPenney/DP0109202507075481M",,,Large,Ivory
ppr5008188761,https://www.jcpenney.com/p/perceptions-womens-round-neck-long-sleeve-shrug/ppr5008188761?pTmplType=regular,Perceptions Womens Round Neck Long Sleeve Shrug,PERCEPTIONS,18.39,46.00,60,"This Perceptions women's shrug is a classic layering piece to pair with your favorite dresses and tops. Crafted from a soft knit for a classic-fit, this cropped shrug has a button-loop closure and three-quarter sleeves.Closure Type: Loop & ButtonFit: Classic FitNeckline: Round NeckSleeve Length: Long SleeveApparel Length: 17.5 InchesFiber Content: 65% Rayon, 35% NylonFabric Description: KnitCare: Hand Wash, Dry FlatCountry of Origin: Imported",,Classic Fit,"https://jcpenney.scene7.com/is/image/JCPenney/DP0412202311011267M , https://jcpenney.scene7.com/is/image/JCPenney/DP0412202311011163M , https://jcpenney.scene7.com/is/image/JCPenney/DP0113202213003084M , https://jcpenney.scene7.com/is/image/JCPenney/DP0113202213003089M",4.6667,3,"Large , Medium , Small , X-Large",Black
ppr5008565510,https://www.jcpenney.com/p/isabel-nina-womens-sleeveless-shift-dress/ppr5008565510?pTmplType=regular,Isabel & Nina Womens Sleeveless Shift Dress,ISABEL & NINA,50.99,69.00,26,"Closure Type: Pullover HeadNeckline: Round NeckSleeve Length: SleevelessApparel Length: 36 InchesDress Length: Knee LengthFiber Content: 96% Polyester, 4% SpandexFabric Description: CrepeLining: UnlinedCare: Machine Wash, Dry FlatMaterial: CrepeCountry of Origin: Imported",,,"https://jcpenney.scene7.com/is/image/JCPenney/DP1003202509033089M , https://jcpenney.scene7.com/is/image/JCPenney/DP1003202509032881M , https://jcpenney.scene7.com/is/image/JCPenney/DP1003202509032984M",5,1,"Large , Medium , Small , X-Large , X-Small","Navy , Light Blue , Red , Light Pink"
ppr5008533519,https://www.jcpenney.com/p/frye-and-co-womens-long-sleeve-floral-maxi-dress/ppr5008533519?pTmplType=regular,Frye and Co. Womens Long Sleeve Floral Maxi Dress,FRYE AND CO,21.99,90.00,75,"Closure Type: Pullover HeadNeckline: V NeckSleeve Length: Long SleeveSleeve Style: Puffed SleeveApparel Length: 53.5 InchesDress Length: Long LengthFiber Content: 98% Polyester, 2% Lurex MetallicFabric Description: WovenLining: UnlinedCare: Tumble Dry, Machine WashCountry of Origin: Imported",,,"https://jcpenney.scene7.com/is/image/JCPenney/DP0808202511085923M , https://jcpenney.scene7.com/is/image/JCPenney/DP0808202511085714M , https://jcpenney.scene7.com/is/image/JCPenney/DP0808202511085819M",,,X-Large,Black Beauty Combo
ppr5008553044,https://www.jcpenney.com/p/rm-rebecca-minkoff-womens-long-sleeve-fit-flare-dress/ppr5008553044?pTmplType=regular,RM Rebecca Minkoff Womens Long Sleeve Fit + Flare Dress,RM REBECCA MINKOFF,55.99,94.00,40,"Smart, structured, and endlessly wearable, this RM Rebecca Minkoff mini dress is made from sleek ponte fabric that smooths and sculpts. A mock neck and long sleeves bring a polished feel, while shoulder buttons add a subtle statement. From desk to dinner, this silhouette means business—with a twist.Closure Type: ZipperNeckline: Round NeckPocket Types: 2 Side Slip Pocket(s)Sleeve Length: Long SleeveSleeve Style: Fitted SleeveApparel Length: 34 InchesDress Length: Short LengthFiber Content: 65% Rayon, 30% Polyester, 5% SpandexFabric Description: PonteLining: UnlinedCollar: Banded CollarCare: Tumble Dry, Machine WashCountry of Origin: Imported This product is responsibly packaged or labeled using recycled, alternative materials, or items designed to reduce future environmental impact.",,,"https://jcpenney.scene7.com/is/image/JCPenney/DP0801202507213633M , https://jcpenney.scene7.com/is/image/JCPenney/DP0801202507213423M , https://jcpenney.scene7.com/is/image/JCPenney/DP0801202507213737M , https://jcpenney.scene7.com/is/image/JCPenney/DP0801202507213528M",4,1,"Large , Medium , Small , X-Large , X-Small , Xx-Large",Dark Spruce
ppr5008608714,https://www.jcpenney.com/p/arizona-womens-juniors-sleeveless-active-tennis-dress/ppr5008608714?pTmplType=regular,Arizona Womens Juniors Sleeveless Active Tennis Dress,Arizona Jean Co,21.99,38.00,42,"Warm weather and a mini dress are the perfect match, so meet the seasonal trend wearing this junior's and women's tennis style from Arizona Jeans Co. Made from printed stretch-jersey, it has a scoop neckline and multiple shoulder straps. Pair with wedge sandals or sneakers.Strap Type: SpaghettiClosure Type: Pullover HeadNeckline: Scoop NeckSleeve Length: SleevelessApparel Length: 21.5 InchesDress Length: Short LengthFiber Content: 82% Polyester, 18% SpandexFabric Description: JerseyLining: LinedLining Material: Polyester, SpandexCare: Machine Wash, Tumble DryCountry of Origin: Imported",,,"https://jcpenney.scene7.com/is/image/JCPenney/DP0925202515034182M , https://jcpenney.scene7.com/is/image/JCPenney/DP0925202515033972M , https://jcpenney.scene7.com/is/image/JCPenney/DP0925202515034077M",,,"3X-Large , Large , Medium , Small , X-Large , X-Small , Xx-Large","Ditsy Rose , Blue Paisley"
ppr5008612101,https://www.jcpenney.com/p/trixxi-womens-juniors-sleeveless-fit-flare-dress/ppr5008612101?pTmplType=regular,Trixxi Womens Juniors Sleeveless Fit + Flare Dress,TRIXXI,,64.00,,"This Trixxi juniors' fit-and-flare dress brings playful charm to any special occasion. Featuring a square neckline, adjustable spaghetti straps, and a two-tiered hem with subtle bow detailing, it creates a structured look in a short, sleeveless silhouette with a back zipper for easy wear. Pair it with sandals or ankle boots to get a fun, youthful look.Strap Type: AdjustableClosure Type: ZipperNeckline: Square NeckSleeve Length: SleevelessSleeve Style: SleevelessApparel Length: 33 InchesDress Length: Short LengthFiber Content: 100% PolyesterLining: Lightly LinedLining Material: PolyesterCare: Hand Wash, Line DryWedding Occasion: Guest of WeddingCountry of Origin: Imported",,,"https://jcpenney.scene7.com/is/image/JCPenney/DP1014202509011147M , https://jcpenney.scene7.com/is/image/JCPenney/DP1014202509011043M , https://jcpenney.scene7.com/is/image/JCPenney/DP1014202509011357M , https://jcpenney.scene7.com/is/image/JCPenney/DP1014202509011252M , https://jcpenney.scene7.com/is/image/JCPenney/DP1014202509010938M",,,"Large , Medium , Small , X-Large , X-Small , Xx-Large",Blush
ppr5008553486,https://www.jcpenney.com/p/hurley-womens-juniors-short-sleeve-floral-fit-flare-dress/ppr5008553486?pTmplType=regular,Hurley Womens Juniors Short Sleeve Floral Fit + Flare Dress,HURLEY,24.00,48.00,50,"Closure Type: Pullover HeadNeckline: Scoop NeckSleeve Length: Short SleeveApparel Length: 33 InchesDress Length: Short LengthFiber Content: 100% RayonFabric Description: ChallisCare: Dry Flat, Machine WashWedding Occasion: Guest of WeddingCountry of Origin: Imported",,,"https://jcpenney.scene7.com/is/image/JCPenney/DP0828202509051422M , https://jcpenney.scene7.com/is/image/JCPenney/DP0828202509051213M , https://jcpenney.scene7.com/is/image/JCPenney/DP0828202509051318M",,,"Large , Medium , Small , X-Large , X-Small",Caramel Cream
ppr5008542252,https://www.jcpenney.com/p/marc-new-york-womens-short-sleeve-sheath-dress/ppr5008542252?pTmplType=regular,Marc New York Womens Short Sleeve Sheath Dress,MARC NEW YORK,70.99,89.00,20,"This Marc New York women's sheath dress adds a chic tailored touch to your work or play wardrobe. Made from stretch scuba in a black and white colorblock design, this sleek mod-style dress has a crew neck, short sleeves and a gold-tone button adorned diagonal panel. Wear it with pumps.Closure Type: ZipperNeckline: Crew NeckSleeve Length: Short SleeveSleeve Style: Fitted SleeveApparel Length: 37.5 InchesDress Length: Knee LengthFiber Content: 91% Polyester, 9% SpandexFabric Description: ScubaCare: Dry Clean OnlyCountry of Origin: Imported",,,"https://jcpenney.scene7.com/is/image/JCPenney/DP0905202507032257M , https://jcpenney.scene7.com/is/image/JCPenney/DP0905202507032048M , https://jcpenney.scene7.com/is/image/JCPenney/DP0905202507032362M , https://jcpenney.scene7.com/is/image/JCPenney/DP0905202507032571M , https://jcpenney.scene7.com/is/image/JCPenney/DP0905202507032152M",,,"10 , 12 , 14 , 16 , 18 , 2 , 4 , 6 , 8",Black Ivory
ppr5008558854,https://www.jcpenney.com/p/connected-apparel-womens-short-sleeve-sheath-dress/ppr5008558854?pTmplType=regular,Connected Apparel Womens Short Sleeve Sheath Dress,CONNECTED APPAREL,27.52,64.00,57,"This Connected Apparel women's sheath dress is an ultra-chic, versatile LBD you can wear to a dinner or a cocktail party. It has short flutter sleeves and a gathered waist for a flattering draped effect. Wear this chic knee-length style with pumps and your favorite jewelry.Features: Stretch FabricClosure Type: Pullover HeadNeckline: Round NeckSleeve Length: Short SleeveSleeve Style: Flutter SleeveApparel Length: 40 InchesDress Length: Knee LengthFiber Content: 96% Polyester, 4% SpandexFabric Description: ItyLining: UnlinedCare: Hand Wash, Line DryCountry of Origin: Imported",,,"https://jcpenney.scene7.com/is/image/JCPenney/DP0807202509110525M , https://jcpenney.scene7.com/is/image/JCPenney/DP0807202509110316M , https://jcpenney.scene7.com/is/image/JCPenney/DP0807202509110420M",,,"4 , 6","Black , Bordeaux , Deep Spruce"
ppr5008637898,https://www.jcpenney.com/p/52seven-womens-3-4-sleeve-midi-animal-shift-dress/ppr5008637898?pTmplType=regular,52seven Womens 3/4 Sleeve Midi Animal Shift Dress,52SEVEN,58.99,79.00,25,"Closure Type: Pullover HeadNeckline: Collar NeckSleeve Length: 3/4 SleeveApparel Length: 46.63 InchesDress Length: Midi LengthFiber Content: 95% Polyester, 5% SpandexFabric Description: TwillCollar: Peak LapelCare: Machine Wash, Tumble DryMaterial: PolyesterCountry of Origin: Imported",,,"https://jcpenney.scene7.com/is/image/JCPenney/DP1204202509060129M , https://jcpenney.scene7.com/is/image/JCPenney/DP1204202509055920M , https://jcpenney.scene7.com/is/image/JCPenney/DP1204202509060025M",,,"Large , Medium , Small , X-Large",Rust
ppr5008503694,https://www.jcpenney.com/p/bold-elements-womens-floral-bodycon-dress/ppr5008503694?pTmplType=regular,Bold Elements Womens Floral Bodycon Dress,BOLD ELEMENTS,24.49,70.00,65,"This Bold Elements women's bodycon dress is the perfect vacay ready style. Made from soft stretch-jersey, this fitted knee-length dress has a tropical pattern, a halter neckline and a flattering ruched effect. Wear it with heels. Closure Type: Hook & Eye, ZipperNeckline: Halter NeckApparel Length: 48 InchesDress Length: Knee LengthFiber Content: 95% Spandex, 5% PolyesterFabric Description: JerseyLining: UnlinedCare: Line Dry, Machine WashCountry of Origin: Imported",,,"https://jcpenney.scene7.com/is/image/JCPenney/DP0417202509064848M , https://jcpenney.scene7.com/is/image/JCPenney/DP0417202509064743M , https://jcpenney.scene7.com/is/image/JCPenney/DP0417202509064952M",,,"Large , Medium , Small , X-Large , Xx-Large",Bird Of Paradise
ppr5008306297,https://www.jcpenney.com/p/black-label-by-evan-picone-womens-plus-sleeveless-sheath-dress/ppr5008306297?pTmplType=regular,Black Label by Evan-Picone Womens Plus Sleeveless Sheath Dress,Black Label by Evan-Picone,,89.00,,"Create a sleek, classic look when wearing this sleeveless sheath dress from Black Label by Evan-Picone women's plus collection. This crew neck dress is made from a warm gold fabric with blue stripes at the waist and is cut in a knee-length with a back split for easy movement and a concealed back zip closure. Pair with the matching suit jacket for a complete look.Closure Type: ZipperNeckline: Crew NeckSleeve Length: SleevelessApparel Length: 42 InchesDress Length: Knee LengthFiber Content: 100% PolyesterFabric Description: MelangeCare: Dry Clean OnlyWedding Occasion: Guest of WeddingCountry of Origin: Imported",,,"https://jcpenney.scene7.com/is/image/JCPenney/DP0501202311014026M , https://jcpenney.scene7.com/is/image/JCPenney/DP0501202311013922M , https://jcpenney.scene7.com/is/image/JCPenney/DP0501202311014129M , https://jcpenney.scene7.com/is/image/JCPenney/DP0622202311092508M",,,"14W , 16W , 18W , 20W , 22W , 24W",Gold Royal Blue
ppr5008527413,https://www.jcpenney.com/p/st-johns-bay-womens-petite-long-sleeve-animal-shirt-dress/ppr5008527413?pTmplType=regular,St. John's Bay Womens Petite Long Sleeve Animal Shirt Dress,ST. JOHN`S BAY,20.39,68.00,70,"This animal-print shirt dress is a stylish addition to your wardrobe that's perfect to layer with tights for work, or with heels for a night out. Made from cotton-corduroy, it has a collar neck, long cuffed sleeves and a tiered skirt.Closure Type: ButtonNeckline: Collar NeckSleeve Length: Long SleeveSleeve Style: Cuffed SleeveApparel Length: 36 Inches - Front, 36 Inches - BackDress Length: Short LengthFiber Content: 86% Cotton, 14% Tencel LyocellFabric Description: CorduroyCollar: Spread CollarCare: Machine Wash, Tumble DryMaterial: Cotton BlendCountry of Origin: Imported",,,"https://jcpenney.scene7.com/is/image/JCPenney/DP0726202507092187M , https://jcpenney.scene7.com/is/image/JCPenney/DP0726202507092083M , https://jcpenney.scene7.com/is/image/JCPenney/DP0726202507091978M",4.6667,3,"Petite Medium , Petite X-Large","Neutral Animal , Navy Colorblock"
ppr5008637874,https://www.jcpenney.com/p/maya-brooke-womens-grid-jacket-dress/ppr5008637874?pTmplType=regular,Maya Brooke Womens Grid Jacket Dress,MAYA BROOKE,69.99,94.00,25,"# Pieces In Set: 22nd Piece Description: Jacket2nd Piece Closure Type: Open Front2nd Piece Sleeve Style: Fitted Sleeve2nd Piece Sleeve Length: 3/4 Sleeves2nd Piece Fabric: Crepe2nd Piece Fiber Content: 96% Polyester, 4% Spandex2nd Piece Care: Line Dry, Machine WashClosure Type: ZipperNeckline: Round NeckSleeve Length: SleevelessSleeve Style: SleevelessApparel Length: 40.5 Inches - BackDress Length: Knee LengthFiber Content: 96% Polyester, 4% SpandexFabric Description: CrepeLining: UnlinedCare: Line Dry, Machine WashMaterial: CrepeCountry of Origin: Imported",,,"https://jcpenney.scene7.com/is/image/JCPenney/DP1112202509043662M , https://jcpenney.scene7.com/is/image/JCPenney/DP1112202509043453M , https://jcpenney.scene7.com/is/image/JCPenney/DP1112202509043558M , https://jcpenney.scene7.com/is/image/JCPenney/DP1112202509043348M , https://jcpenney.scene7.com/is/image/JCPenney/DP1112202509043767M",,,"10 , 12 , 14 , 16 , 18 , 8",Black White
ppr5008542427,https://www.jcpenney.com/p/ashley-graham-womens-plus-long-sleeve-casual-bodycon-dress/ppr5008542427?pTmplType=regular,Ashley Graham Womens Plus Long Sleeve Casual Bodycon Dress,Ashley Graham,23.99,80.00,70,"The Ashley Graham collection is designed exclusively for curves, and only available at JCPenney. Style your night out wearing this chic ribbed-knit women's plus dress. Cut for a close fit, it features a mock neck and fitted long sleeves. Highlight its mini length with knee boots or stilettos.Closure Type: Pullover HeadNeckline: Mock NeckSleeve Length: Long SleeveSleeve Style: Fitted SleeveApparel Length: 37 Inches - FrontDress Length: Short LengthFiber Content: 72% Rayon, 28% NylonFabric Description: KnitCare: Tumble Dry, Machine WashOwned & Founded: Women Owned/FoundedCountry of Origin: Imported",,,"https://jcpenney.scene7.com/is/image/JCPenney/DP0923202515033430M , https://jcpenney.scene7.com/is/image/JCPenney/DP0822202513025818M , https://jcpenney.scene7.com/is/image/JCPenney/DP0807202511104181M , https://jcpenney.scene7.com/is/image/JCPenney/DP0807202511104076M , https://jcpenney.scene7.com/is/image/JCPenney/DP1006202515122628M",4.75,4,"2X , 3X , 4X , 5X",Apple Green
ppr5008481147,https://www.jcpenney.com/p/marc-new-york-womens-sleeveless-floral-maxi-dress/ppr5008481147?pTmplType=regular,Marc New York Womens Sleeveless Floral Maxi Dress,MARC NEW YORK,70.99,89.00,20,"You'll be all set to impress on the style front at your next soiree with this Marc New York women's maxi dress. Made from a floral-print chiffon, this sleeveless design features a halter neckline, a flowy tiered skirt, and a concealed back zip closure. Wear it with heeled sandals. Celebrate Spring with Marc New York dresses, designed to elevate your style for every occasion. Our collection blends feminine silhouettes with modern sophistication perfect for transitioning from desk to dinner. Each piece is crafted to make you feel effortlessly chic and beautifully confident.Strap Type: TankFeatures: TieredClosure Type: ZipperNeckline: Halter NeckSleeve Length: SleevelessApparel Length: 56.25 Inches - BackDress Length: Long LengthFiber Content: 100% PolyesterFabric Description: Chiffon, CrinkleLining: Fully LinedLining Material: PolyesterCare: Dry Clean OnlyMaterial: ChiffonWedding Occasion: Guest of WeddingCountry of Origin: Imported",,,"https://jcpenney.scene7.com/is/image/JCPenney/DP1114202407500317M , https://jcpenney.scene7.com/is/image/JCPenney/DP1114202407500112M , https://jcpenney.scene7.com/is/image/JCPenney/DP1114202407500522M , https://jcpenney.scene7.com/is/image/JCPenney/DP1114202407500419M , https://jcpenney.scene7.com/is/image/JCPenney/DP1114202407500215M , https://jcpenney.scene7.com/is/image/JCPenney/DP1114202407500010M",4.9412,17,2,Pink Lightning
ppr5008544215,https://www.jcpenney.com/p/liz-claiborne-womens-short-sleeve-midi-a-line-dress/ppr5008544215?pTmplType=regular,Liz Claiborne Womens Short Sleeve Midi A-Line Dress,LIZ CLAIBORNE,36.99,74.00,50,"This Liz Claiborne women's a-line dress comes in a stunning emerald green that's perfect for making a statement on vacation or for a summery soiree. Made from 100% cotton, this pullover maxi dress has a v-neck, a smocked banded waist for flattering draping, plus short puffed sleeves. Wear it with heeled sandals and statement earrings. Closure Type: Tie, Pullover HeadNeckline: V NeckSleeve Length: Short SleeveApparel Length: 30 InchesDress Length: Midi LengthFiber Content: 100% CottonFabric Description: DobbyCare: Machine Wash, Tumble DryCountry of Origin: Imported",,,"https://jcpenney.scene7.com/is/image/JCPenney/DP0602202515093986M , https://jcpenney.scene7.com/is/image/JCPenney/DP0602202515093882M , https://jcpenney.scene7.com/is/image/JCPenney/DP0602202515094091M",5,1,Large,Alahambra Green
ppr5008637881,https://www.jcpenney.com/p/r-m-richards-womens-leaf-jacket-dress/ppr5008637881?pTmplType=regular,R & M Richards Womens Leaf Jacket Dress,R & M RICHARDS,69.99,94.00,25,"# Pieces In Set: 22nd Piece Description: Jacket2nd Piece Sleeve Style: Fitted Sleeve2nd Piece Sleeve Length: 3/4 Sleeves2nd Piece Fabric: Ity2nd Piece Fiber Content: 95% Polyester, 5% Spandex2nd Piece Care: Hand Wash, Line DryFeatures: Removable NecklaceClosure Type: Pullover HeadNeckline: Round NeckSleeve Length: SleevelessSleeve Style: SleevelessApparel Length: 41 InchesDress Length: Knee LengthFiber Content: 95% Polyester, 5% SpandexFabric Description: MeshLining: UnlinedCare: Hand Wash, Line DryMaterial: Mesh, JerseyCountry of Origin: Imported",,,"https://jcpenney.scene7.com/is/image/JCPenney/DP1106202513003684M , https://jcpenney.scene7.com/is/image/JCPenney/DP1106202513003475M , https://jcpenney.scene7.com/is/image/JCPenney/DP1106202513003579M , https://jcpenney.scene7.com/is/image/JCPenney/DP1106202513003998M , https://jcpenney.scene7.com/is/image/JCPenney/DP1106202513003893M",,,"10 , 12 , 14 , 16 , 18 , 6 , 8",Navy Periwinkle
ppr5008551162,https://www.jcpenney.com/p/arizona-womens-juniors-sleeveless-maxi-dress/ppr5008551162?pTmplType=regular,Arizona Womens Juniors Sleeveless Maxi Dress,Arizona Jean Co,21.76,68.00,68,"This Arizona Jean Co. maxi dress for women and juniors is perfect pairing with for sandals, sneakers, or wearing barefoot on the beach. It's made from gauze and lined for comfort with a V-neckline, spaghetti straps, and a long length. Closure Type: Pullover HeadNeckline: V NeckSleeve Length: SleevelessSleeve Style: SleevelessApparel Length: 55 InchesDress Length: Long LengthFiber Content: 98% Rayon, 2% PolyesterFabric Description: GauzeLining: Partially LinedLining Material: PolyesterCare: Machine Wash, Tumble DryCountry of Origin: Imported",,,"https://jcpenney.scene7.com/is/image/JCPenney/DP0512202509145306M , https://jcpenney.scene7.com/is/image/JCPenney/DP0512202509145203M , https://jcpenney.scene7.com/is/image/JCPenney/DP0512202509145410M",3.6667,3,X-Large,Rose Patchwork
ppr5008306404,https://www.jcpenney.com/p/black-label-by-evan-picone-womens-sleeveless-sheath-dress/ppr5008306404?pTmplType=regular,Black Label by Evan-Picone Womens Sleeveless Sheath Dress,Black Label by Evan-Picone,,79.00,,"Create a sleek, classic look when wearing this sleeveless sheath dress from Black Label by Evan-Picone. This women's crew neck dress is made from a warm gold fabric with blue stripes at the waist and is cut in a knee-length with a back split for easy movement and a concealed back zip closure. Pair with the matching suit jacket for a complete look.Closure Type: ZipperNeckline: Crew NeckSleeve Length: SleevelessApparel Length: 39.75 InchesDress Length: Knee LengthFiber Content: 100% PolyesterFabric Description: MelangeCare: Dry Clean OnlyCountry of Origin: Imported",,,"https://jcpenney.scene7.com/is/image/JCPenney/DP0428202309022882M , https://jcpenney.scene7.com/is/image/JCPenney/DP0428202309022778M , https://jcpenney.scene7.com/is/image/JCPenney/DP0428202309022985M , https://jcpenney.scene7.com/is/image/JCPenney/DP0522202311044052M",4.4634,164,"10 , 12 , 14 , 16 , 18 , 4 , 6 , 8",Gold Royal Blue
ppr5008618531,https://www.jcpenney.com/p/forever-21-womens-juniors-plus-long-sleeve-midi-sweater-dress/ppr5008618531?pTmplType=regular,Forever 21 Womens Juniors Plus Long Sleeve Midi Sweater Dress,Forever 21,22.79,38.00,40,"This Forever 21 women's and junior's plus sweater dress will be a stylish addition to your cold-weather wardrobe for a date night or party. Made from soft stretch-knit, this fitted midi dress has long off-the-shoulder sleeves and a wide ribbed trim. Closure Type: Pull OnSleeve Length: Long SleeveSleeve Style: Fitted SleeveApparel Length: 44 Inches - FrontDress Length: Midi LengthFiber Content: 50% Rayon, 28% Polyester, 22% NylonFabric Description: Sweater KnitLining: UnlinedCare: Machine Wash, Tumble DryCountry of Origin: Imported",,,"https://jcpenney.scene7.com/is/image/JCPenney/DP1020202509034565M , https://jcpenney.scene7.com/is/image/JCPenney/DP1020202509034358M , https://jcpenney.scene7.com/is/image/JCPenney/DP1020202509034461M",,,"1X , 2X , 3X",Red
ppr5008625091,https://www.jcpenney.com/p/cece-womens-long-sleeve-floral-fit-flare-dress/ppr5008625091?pTmplType=regular,CeCe Womens Long Sleeve Floral Fit + Flare Dress,CECE,73.99,99.00,25,"Closure Type: ZipperNeckline: Cowl NeckSleeve Length: Long SleeveSleeve Style: Balloon SleeveApparel Length: 35 Inches - BackDress Length: Knee LengthFiber Content: 100% PolyesterFabric Description: ChiffonLining: Fully LinedLining Material: PolyesterCare: Tumble Dry, Machine WashMaterial: ChiffonBody Type: PearCountry of Origin: Imported",,,"https://jcpenney.scene7.com/is/image/JCPenney/DP1029202507083366M , https://jcpenney.scene7.com/is/image/JCPenney/DP1029202507083158M , https://jcpenney.scene7.com/is/image/JCPenney/DP1029202507083262M",,,"Large , Medium , Small , X-Large",Ruby Wine
ppr5008618521,https://www.jcpenney.com/p/forever-21-womens-juniors-sleeveless-fit-flare-dress/ppr5008618521?pTmplType=regular,Forever 21 Womens Juniors Sleeveless Fit + Flare Dress,Forever 21,22.79,38.00,40,"This Forever 21 women's and junior's fit and flare dress is a sparkling style winner for a cocktail party or dressy event. Made from stretch-crepe, this fitted short dress has rhinestone embellished straps and silvery bows attached. Wear it with pumps.Strap Type: TankFeatures: RhinestonesClosure Type: ZipperNeckline: Sweetheart NeckSleeve Length: SleevelessApparel Length: 27 Inches - FrontDress Length: Short LengthFiber Content: 95% Polyester, 5% SpandexFabric Description: CrepeLining: UnlinedCare: Hand Wash, Line DryCountry of Origin: Imported",,,"https://jcpenney.scene7.com/is/image/JCPenney/DP0919202509172092M , https://jcpenney.scene7.com/is/image/JCPenney/DP0919202509171882M , https://jcpenney.scene7.com/is/image/JCPenney/DP0919202509171987M",,,"Large , Medium , Small , X-Large , X-Small",Black
ppr5008625081,https://www.jcpenney.com/p/maggy-london-intl-womens-long-sleeve-midi-fit-flare-dress/ppr5008625081?pTmplType=regular,Maggy London Intl Womens Long Sleeve Midi Fit + Flare Dress,MAGGY LONDON INTL,73.99,99.00,25,"This Maggy London Intl women's midi dress brings elegant movement to your wardrobe with its smooth crepe fabric and classic fit-and-flare shape. Long sleeves, a mock neckline, and a hidden back zipper offer a refined finish, while the waist tie adds flattering definition.Closure Type: ZipperNeckline: Mock NeckSleeve Length: Long SleeveApparel Length: 38.75 InchesDress Length: Midi LengthFiber Content: 96% Polyester, 4% SpandexFabric Description: Crepe, ScubaLining: Fully LinedLining Material: PolyesterCare: Dry Clean OnlyMaterial: PolyesterBody Type: AthleticCountry of Origin: Imported",,,"https://jcpenney.scene7.com/is/image/JCPenney/DP1103202511033663M , https://jcpenney.scene7.com/is/image/JCPenney/DP1103202511033558M , https://jcpenney.scene7.com/is/image/JCPenney/DP1103202511033768M",,,"10 , 12 , 14 , 16 , 18 , 2 , 4 , 6 , 8",Black
ppr5008544669,https://www.jcpenney.com/p/byby-womens-juniors-sleeveless-bodycon-dress/ppr5008544669?pTmplType=regular,by&by Womens Juniors Sleeveless Bodycon Dress,BY AND BY,22.39,64.00,65,"Strap Type: SpaghettiClosure Type: Pullover HeadNeckline: V NeckSleeve Length: SleevelessApparel Length: 37 Inches - BackDress Length: Short LengthFiber Content: 60% Nylon, 32% Polyester, 8% SpandexFabric Description: KnitLining: LinedLining Material: PolyesterCare: Line Dry, Machine WashWedding Occasion: Guest of WeddingCountry of Origin: Imported",,,"https://jcpenney.scene7.com/is/image/JCPenney/DP0925202515012294M , https://jcpenney.scene7.com/is/image/JCPenney/DP0925202515012085M , https://jcpenney.scene7.com/is/image/JCPenney/DP0925202515012189M",,,"Large , Medium , Small , X-Large , X-Small , Xx-Large",Wine
ppr5008509331,https://www.jcpenney.com/p/emerald-sundae-womens-juniors-sleeveless-midi-casual-bodycon-dress/ppr5008509331?pTmplType=regular,Emerald Sundae Womens Juniors Sleeveless Midi Casual Bodycon Dress,EMERALD SUNDAE,,64.00,,"Fitted to hug your silhouette, this junior's and women's bodycon dress from Emerald Sundae is perfect to wear for prom, as a wedding guest, or another special occasion. It's made from soft stretch fabric, and features a cowl neck, slim adjustable shoulder straps, and an asymmetrical ruffle-trimmed skirt.Strap Type: AdjustableClosure Type: Pullover HeadNeckline: Draped NeckSleeve Length: SleevelessApparel Length: 52.5 Inches - FrontDress Length: Midi LengthFiber Content: 95% Polyester, 5% SpandexFabric Description: ItyLining: LinedLining Material: PolyesterCare: Tumble Dry, Machine WashWedding Occasion: Guest of WeddingCountry of Origin: Imported",,,"https://jcpenney.scene7.com/is/image/JCPenney/DP0319202509005282M , https://jcpenney.scene7.com/is/image/JCPenney/DP0319202509005177M , https://jcpenney.scene7.com/is/image/JCPenney/DP0319202509005385M",5,1,"Large , Medium , Small , X-Large , X-Small , Xx-Large",Black
ppr5008534780,https://www.jcpenney.com/p/trixxi-womens-juniors-short-sleeve-plaid-fit-flare-dress/ppr5008534780?pTmplType=regular,Trixxi Womens Juniors Short Sleeve Plaid Fit + Flare Dress,TRIXXI,22.39,64.00,65,"Closure Type: Pullover HeadNeckline: Sweetheart NeckSleeve Length: Short SleeveSleeve Style: Puffed SleeveApparel Length: 33 InchesDress Length: Short LengthFiber Content: 100% PolyesterFabric Description: ChiffonCare: Hand Wash, Line DryWedding Occasion: Guest of WeddingCountry of Origin: Imported",,,"https://jcpenney.scene7.com/is/image/JCPenney/DP0630202507122796M , https://jcpenney.scene7.com/is/image/JCPenney/DP0630202507122691M , https://jcpenney.scene7.com/is/image/JCPenney/DP0630202507122586M , https://jcpenney.scene7.com/is/image/JCPenney/DP0630202507123004M , https://jcpenney.scene7.com/is/image/JCPenney/DP0630202507122900M",,,"Small , X-Small",Green Plaid
ppr5008525421,https://www.jcpenney.com/p/jessica-howard-womens-sleeveless-sheath-dress/ppr5008525421?pTmplType=regular,Jessica Howard Womens Sleeveless Sheath Dress,JESSICA HOWARD,79.99,100.00,20,"Features: Side SlitClosure Type: ZipperNeckline: V NeckSleeve Length: SleevelessSleeve Style: SleevelessApparel Length: 59 Inches - BackDress Length: Long LengthFiber Content: 95% Polyester, 5% SpandexFabric Description: ItyLining: Partially LinedLining Material: PolyesterCare: Line Dry, Machine WashMaterial: JerseyCountry of Origin: Imported",,,"https://jcpenney.scene7.com/is/image/JCPenney/DP0530202511020969M , https://jcpenney.scene7.com/is/image/JCPenney/DP0530202511020866M , https://jcpenney.scene7.com/is/image/JCPenney/DP0530202511021074M",3,1,"10 , 12 , 14 , 16 , 18 , 4 , 6 , 8",Black
ppr5008455471,https://www.jcpenney.com/p/city-triangle-womens-sleeveless-juniors-romper/ppr5008455471?pTmplType=regular,City Triangle Womens Sleeveless Juniors Romper,CITY TRIANGLE,20.69,69.00,70,"Made from stretch-crepe, this City Triangle women's and junior's black romper has an embellished front to add something special to the look. It's designed with spaghetti straps, a straight neckline, and a zipper and hook-and-eye closure at the back. Add heels and a clutch for a night out.Strap Type: SpaghettiFeatures: EmbellishedClosure Type: Hook & Eye, ZipperNeckline: Straight NeckSleeve Length: SleevelessApparel Length: 29.5 InchesFiber Content: 95% Polyester, 5% SpandexFabric Description: CrepeInseam: 2 3/4 InCare: Dry Clean OnlyWedding Occasion: Guest of WeddingCountry of Origin: Imported",,,"https://jcpenney.scene7.com/is/image/JCPenney/DP0911202409034736M , https://jcpenney.scene7.com/is/image/JCPenney/DP0911202409034634M , https://jcpenney.scene7.com/is/image/JCPenney/DP0801202407181843M , https://jcpenney.scene7.com/is/image/JCPenney/DP0801202407182047M , https://jcpenney.scene7.com/is/image/JCPenney/DP0911202409034837M",,,"0 , 1",Black
ppr5008440053,https://www.jcpenney.com/p/jessica-howard-womens-long-sleeve-plaid-shift-dress/ppr5008440053?pTmplType=regular,Jessica Howard Womens Long Sleeve Plaid Shift Dress,JESSICA HOWARD,20.69,69.00,70,"Embrace the classic patterns and richer colors of the cooler months with this chic Jessica Howard women's plaid shift dress. This short pullover dress is made from a soft plaid knit with a v-neckline, a relaxed breezy fit and 3/4 sleeves. Wear it with your favorite ankle boots and accessories.Closure Type: Pullover HeadNeckline: V NeckPocket Types: 2 Side Slip Pocket(s)Sleeve Length: Long SleeveSleeve Style: Balloon SleeveApparel Length: 37.5 Inches - BackDress Length: Short LengthFiber Content: 97% Polyester, 3% SpandexFabric Description: KnitLining Material: PolyesterCollar: Notch CollarCare: Machine Wash, Dry FlatCountry of Origin: Imported",,,"https://jcpenney.scene7.com/is/image/JCPenney/DP1009202407082434M , https://jcpenney.scene7.com/is/image/JCPenney/DP1009202407082332M , https://jcpenney.scene7.com/is/image/JCPenney/DP0701202409104308M , https://jcpenney.scene7.com/is/image/JCPenney/DP1009202407082536M , https://jcpenney.scene7.com/is/image/JCPenney/DP0701202409104512M",,,Small,Red Multi
ppr5008625079,https://www.jcpenney.com/p/donna-morgan-womens-long-sleeve-midi-abstract-sheath-dress/ppr5008625079?pTmplType=regular,Donna Morgan Womens Long Sleeve Midi Abstract Sheath Dress,DONNA MORGAN,73.99,99.00,25,"Closure Type: Pullover HeadNeckline: V NeckSleeve Length: Long SleeveApparel Length: 52.75 InchesDress Length: Midi LengthFiber Content: 92% Polyester, 8% SpandexFabric Description: MeshLining: Fully LinedLining Material: PolyesterCare: Hand Wash, Dry FlatMaterial: PolyesterBody Type: AthleticCountry of Origin: Imported",,,"https://jcpenney.scene7.com/is/image/JCPenney/DP1103202511033245M , https://jcpenney.scene7.com/is/image/JCPenney/DP1103202511033141M , https://jcpenney.scene7.com/is/image/JCPenney/DP1103202511033350M",,,"0 , 10 , 12 , 14 , 16 , 18 , 2 , 4 , 6 , 8",Cream Black
ppr5008533784,https://www.jcpenney.com/p/isabel-nina-womens-long-sleeve-floral-maxi-dress/ppr5008533784?pTmplType=regular,Isabel & Nina Womens Long Sleeve Floral Maxi Dress,ISABEL & NINA,58.99,79.00,25,"Designed with a pretty earthy brown floral pattern, this Isabel & Nina women's maxi dress is a beautiful choice to wear for a special occasion. Fully lined, it's made from lightweight, flowy chiffon, and features a v-neckline and long blouson sleeves. Style yours with a pendant necklace and heeled boots.Closure Type: Pullover HeadNeckline: V NeckSleeve Length: Long SleeveSleeve Style: Puffed SleeveApparel Length: 55 InchesDress Length: Long LengthFiber Content: 100% PolyesterFabric Description: ChiffonLining: LinedLining Material: PolyesterCare: Line Dry, Machine WashMaterial: JerseyCountry of Origin: Imported",,,"https://jcpenney.scene7.com/is/image/JCPenney/DP0807202509115131M , https://jcpenney.scene7.com/is/image/JCPenney/DP0807202509114922M , https://jcpenney.scene7.com/is/image/JCPenney/DP0807202509115027M",4.5882,17,"10 , 12 , 14 , 16 , 18 , 2 , 4 , 6 , 8",Brown Multi
ppr5008589761,https://www.jcpenney.com/p/robbie-bee-womens-short-sleeve-shirt-dress/ppr5008589761?pTmplType=regular&selectedSKUId=22386630083,Robbie Bee Womens Short Sleeve Shirt Dress,ROBBIE BEE,24.15,69.00,65,"Robbie Bee womens Short Sleeve Shirt Dress offers easy sophistication with its collared neckline and relaxed fit. The lightweight fabric keeps it breezy and versatile for any season. Pair with wedges or a belt for a polished daytime look.Closure Type: ButtonNeckline: Collar NeckSleeve Length: Short SleeveSleeve Style: Puffed SleeveApparel Length: 40 InchesDress Length: Knee LengthFiber Content: 90% Polyester, 8% Nylon, 2% SpandexFabric Description: CorduroyLining: UnlinedCollar: Point CollarCare: Dry Flat, Machine WashMaterial: Polyester BlendCountry of Origin: Imported",,,"https://jcpenney.scene7.com/is/image/JCPenney/DP0904202509010155M , https://jcpenney.scene7.com/is/image/JCPenney/DP0904202509005947M , https://jcpenney.scene7.com/is/image/JCPenney/DP0904202509010052M",,,"Large , X-Large","Navy , Olive"
ppr5008602661,https://www.jcpenney.com/p/danny-nicole-womens-floral-midi-jacket-dress/ppr5008602661?pTmplType=regular,Danny & Nicole Womens Floral Midi Jacket Dress,DANNY & NICOLE,62.99,84.00,25,"# Pieces In Set: 2Included: 1 Jacket(s)2nd Piece Description: Jacket2nd Piece Closure Type: Hook & Eye2nd Piece Neckline: Crew Neck2nd Piece Sleeve Style: Fitted Sleeve2nd Piece Sleeve Length: 3/4 Sleeves2nd Piece Fabric: Ity2nd Piece Fiber Content: 95% Polyester, 5% Spandex2nd Piece Care: Tumble Dry, Machine WashFeatures: Stretch Fabric, UnlinedClosure Type: Pullover HeadNeckline: Round NeckSleeve Length: SleevelessSleeve Style: SleevelessApparel Length: 44.5 Inches - BackDress Length: Midi LengthFiber Content: 95% Polyester, 5% SpandexFabric Description: ItyLining: UnlinedCare: Tumble Dry, Machine WashMaterial: Polyester BlendCountry of Origin: Imported",,,"https://jcpenney.scene7.com/is/image/JCPenney/DP0105202609034467M , https://jcpenney.scene7.com/is/image/JCPenney/DP0105202609034259M , https://jcpenney.scene7.com/is/image/JCPenney/DP0105202609034362M , https://jcpenney.scene7.com/is/image/JCPenney/DP0105202609034155M , https://jcpenney.scene7.com/is/image/JCPenney/DP0105202609034574M",,,"Large , Medium , Small , X-Large",Mint Sky Multi
ppr5008568199,https://www.jcpenney.com/p/connected-apparel-womens-short-sleeve-floral-sheath-dress/ppr5008568199?pTmplType=regular,Connected Apparel Womens Short Sleeve Floral Sheath Dress,CONNECTED APPAREL,24.15,69.00,65,"Features: Stretch FabricClosure Type: Pullover HeadNeckline: Round NeckSleeve Length: Short SleeveSleeve Style: Fitted SleeveApparel Length: 40 InchesDress Length: Knee LengthFiber Content: 96% Polyester, 4% SpandexFabric Description: ItyLining: UnlinedCare: Machine Wash, Tumble DryCountry of Origin: Imported",,,"https://jcpenney.scene7.com/is/image/JCPenney/DP0807202509111363M , https://jcpenney.scene7.com/is/image/JCPenney/DP0807202509111154M , https://jcpenney.scene7.com/is/image/JCPenney/DP0807202509111257M",,,"10 , 12 , 14 , 16 , 4 , 6 , 8",Bordeaux
ppr5008573158,https://www.jcpenney.com/p/sandra-darren-womens-sleeveless-geometric-shift-dress/ppr5008573158?pTmplType=regular,Sandra Darren Womens Sleeveless Geometric Shift Dress,SANDRA DARREN,21.83,59.00,63,"This Sandra Darren women's sleeveless shift dress has a stylish mod vibe with its a-line shape and bold pattern. Made from a stretch fabric, it has a silver-tone buckle adorned keyhole cut-out neckline. Wear it with pumps.Closure Type: DrawstringNeckline: Round NeckPocket Types: 2 Side Slip Pocket(s)Sleeve Length: SleevelessSleeve Style: SleevelessApparel Length: 37 InchesDress Length: Knee LengthFiber Content: 95% Polyester, 5% SpandexFabric Description: ItyLining: UnlinedCare: Tumble Dry, Machine WashCountry of Origin: Imported",,,"https://jcpenney.scene7.com/is/image/JCPenney/DP0807202509112201M , https://jcpenney.scene7.com/is/image/JCPenney/DP0807202509111991M , https://jcpenney.scene7.com/is/image/JCPenney/DP0807202509112096M",1,1,"Large , Medium , Small",Multi
ppr5008603479,https://www.jcpenney.com/p/london-style-womens-short-sleeve-floral-fit-flare-dress/ppr5008603479?pTmplType=regular,London Style Womens Short Sleeve Floral Fit + Flare Dress,LONDON STYLE,65.99,89.00,25,"Features: LinedClosure Type: Hidden ZipperNeckline: V NeckSleeve Length: Short SleeveApparel Length: 45 InchesDress Length: Knee LengthFiber Content: 95% Polyester, 5% SpandexFabric Description: JerseyLining: LinedLining Material: PolyesterCare: Dry Flat, Machine WashMaterial: PolyesterBody Type: HourglassCountry of Origin: Imported",,,"https://jcpenney.scene7.com/is/image/JCPenney/DP1215202507203758M , https://jcpenney.scene7.com/is/image/JCPenney/DP1215202507203550M , https://jcpenney.scene7.com/is/image/JCPenney/DP1215202507203863M , https://jcpenney.scene7.com/is/image/JCPenney/DP1215202507203654M",,,"10 , 12 , 14 , 16 , 18 , 4 , 6 , 8",Lt Blue Sky Blue
ppr5008551230,https://www.jcpenney.com/p/emerald-sundae-womens-juniors-sleeveless-abstract-fit-flare-dress/ppr5008551230?pTmplType=regular,Emerald Sundae Womens Juniors Sleeveless Abstract Fit + Flare Dress,EMERALD SUNDAE,22.39,64.00,65,"Strap Type: AdjustableFeatures: SmockedClosure Type: Pullover HeadNeckline: V NeckSleeve Length: SleevelessApparel Length: 26.5 Inches - FrontDress Length: Short LengthFiber Content: 95% Polyester, 5% SpandexFabric Description: KnitLining: Fully LinedLining Material: PolyesterCare: Machine Wash, Tumble DryWedding Occasion: Guest of WeddingCountry of Origin: Imported",,,"https://jcpenney.scene7.com/is/image/JCPenney/DP0917202509034689M , https://jcpenney.scene7.com/is/image/JCPenney/DP0917202509034480M , https://jcpenney.scene7.com/is/image/JCPenney/DP0917202509034584M",,,"Large , X-Large , Xx-Large","Wine , Hunter"
ppr5008618538,https://www.jcpenney.com/p/b-smart-womens-juniors-sleeveless-glitter-bodycon-dress/ppr5008618538?pTmplType=regular,B. Smart Womens Juniors Sleeveless Glitter Bodycon Dress,BEE SMART,,74.00,,"Strap Type: SpaghettiFeatures: Stretch Fabric, GlitterClosure Type: ZipperNeckline: V NeckSleeve Length: SleevelessDress Length: Short LengthFiber Content: 90% Polyester, 10% SpandexLining: Fully LinedCare: Hand Wash, Dry Flat, Do Not IronWedding Occasion: Guest of WeddingCountry of Origin: Imported",,,"https://jcpenney.scene7.com/is/image/JCPenney/DP1119202507055175M , https://jcpenney.scene7.com/is/image/JCPenney/DP1119202507055072M , https://jcpenney.scene7.com/is/image/JCPenney/DP1119202507055383M , https://jcpenney.scene7.com/is/image/JCPenney/DP1119202507055280M",,,"0 , 00 , 10 , 12 , 14 , 16 , 18 , 2 , 4 , 6 , 8",Lt Blue
ppr5008546854,https://www.jcpenney.com/p/liz-claiborne-womens-short-sleeve-midi-paisley-a-line-dress/ppr5008546854?pTmplType=regular,Liz Claiborne Womens Short Sleeve Midi Paisley A-Line Dress,LIZ CLAIBORNE,23.39,78.00,70,"Features: Tie-WaistClosure Type: Pullover Head, TieNeckline: Round NeckSleeve Length: Short SleeveSleeve Style: Drop-Shoulder SleeveApparel Length: 44 InchesDress Length: Midi LengthFiber Content: 100% PolyesterFabric Description: ChiffonLining: LinedLining Material: PolyesterCare: Tumble Dry, Machine WashCountry of Origin: Imported",,,"https://jcpenney.scene7.com/is/image/JCPenney/DP0512202509162175M , https://jcpenney.scene7.com/is/image/JCPenney/DP0512202509162072M , https://jcpenney.scene7.com/is/image/JCPenney/DP0513202509035212M",5,2,"Large , Medium , X-Large , X-Small",Navy Tile
ppr5008161024,https://www.jcpenney.com/p/b-smart-womens-juniors-sleeveless-fit-flare-dress/ppr5008161024?pTmplType=regular,B. Smart Womens Juniors Sleeveless Fit + Flare Dress,BEE SMART,,59.00,,"This little black dress from B. Smart is the perfect styling choice for a special night out. This junior's mini dress is cut for a fit and flare silhouette from a soft crepe fabric with a square neckline and slim adjustable shoulder straps. Pair with a statement clutch and heels.Strap Type: SpaghettiNeckline: Square NeckSleeve Length: SleevelessApparel Length: 35 InchesDress Length: Short LengthFiber Content: 95% Polyester, 5% SpandexFabric Description: CrepeLining Material: PolyesterCare: Machine WashMaterial: CrepeWedding Occasion: Guest of WeddingCountry of Origin: Imported",,,"https://jcpenney.scene7.com/is/image/JCPenney/DP1226202407014814M , https://jcpenney.scene7.com/is/image/JCPenney/DP1226202407014610M , https://jcpenney.scene7.com/is/image/JCPenney/DP1226202407014915M , https://jcpenney.scene7.com/is/image/JCPenney/DP1226202407014712M",4.8421,19,"0 , 1 , 11 , 13 , 15 , 17 , 19 , 3 , 5 , 7 , 9",Black
ppr5008531818,https://www.jcpenney.com/p/ana-womens-plus-long-sleeve-animal-drop-waist-dress/ppr5008531818?pTmplType=regular,a.n.a Womens Plus Long Sleeve Animal Drop Waist Dress,A.N.A,21.59,72.00,70,"This a.n.a women�s plus long-sleeve dress is playful and stylish. Made from a lightweight animal-print fabric, the split crew neck and flattering drop waist offer a flowy boho look and feel you can wear day or night. Pair it with ankle boots or flats.Closure Type: Button, Pullover HeadNeckline: V NeckSleeve Length: Long SleeveSleeve Style: Cuffed SleeveApparel Length: 36.5 InchesDress Length: Short LengthFiber Content: 100% PolyesterFabric Description: ChiffonLining: Partially LinedLining Material: PolyesterCare: Machine Wash, Tumble DryCountry of Origin: Imported",,,"https://jcpenney.scene7.com/is/image/JCPenney/DP0929202509234624M , https://jcpenney.scene7.com/is/image/JCPenney/DP0929202509234414M , https://jcpenney.scene7.com/is/image/JCPenney/DP0929202509234519M",5,1,"2X , 3X , 4X","Deer Skin , Astrid"
ppr5008535903,https://www.jcpenney.com/p/be-by-chetta-b-womens-long-sleeve-floral-shift-dress/ppr5008535903?pTmplType=regular,Be by CHETTA B Womens Long Sleeve Floral Shift Dress,BE BY CHETTA B,24.15,69.00,65,"This Be by CHETTA women's floral shirt dress is a floaty feminine style with a modern twist. Tailored with long balloon sleeves, a y-neck and a flowy skirt, this short dress looks great paired with tights and ankle boots or pumps.Closure Type: ButtonNeckline: V NeckPocket Types: 2 Side Slip Pocket(s)Sleeve Length: Long SleeveSleeve Style: Balloon SleeveApparel Length: 36 InchesDress Length: Knee LengthFiber Content: 100% PolyesterFabric Description: WovenCollar: Banded CollarCare: Hand Wash, Line DryCountry of Origin: Imported",,,"https://jcpenney.scene7.com/is/image/JCPenney/DP0627202509023371M , https://jcpenney.scene7.com/is/image/JCPenney/DP0627202509023164M , https://jcpenney.scene7.com/is/image/JCPenney/DP0627202509023268M",,,"Large , Medium , Small , X-Large , X-Small",Black Mauve
ppr5008625085,https://www.jcpenney.com/p/donna-morgan-womens-long-sleeve-sheath-dress/ppr5008625085?pTmplType=regular,Donna Morgan Womens Long Sleeve Sheath Dress,DONNA MORGAN,65.99,89.00,25,"Closure Type: ZipperNeckline: Round NeckSleeve Length: Long SleeveApparel Length: 34 InchesDress Length: Short LengthFiber Content: 96% Polyester, 4% SpandexFabric Description: Crepe, ScubaLining: Partially LinedLining Material: PolyesterCare: Machine Wash, Dry FlatMaterial: PolyesterBody Type: AthleticCountry of Origin: Imported",,,"https://jcpenney.scene7.com/is/image/JCPenney/DP1103202511032409M , https://jcpenney.scene7.com/is/image/JCPenney/DP1103202511032305M , https://jcpenney.scene7.com/is/image/JCPenney/DP1103202511032514M",,,"10 , 12 , 14 , 16 , 18 , 2 , 4 , 6 , 8",Black
ppr5008562552,https://www.jcpenney.com/p/msk-womens-sleeveless-shift-dress/ppr5008562552?pTmplType=regular,MSK Womens Sleeveless Shift Dress,MSK,24.15,69.00,65,"Features: GrommetClosure Type: Pullover HeadNeckline: Collar NeckPocket Types: 2 Front Flap Pocket(s)Sleeve Length: SleevelessSleeve Style: SleevelessApparel Length: 36 InchesDress Length: Knee LengthFiber Content: 95% Polyester, 5% SpandexFabric Description: ScubaLining: UnlinedCollar: Spread CollarCare: Line Dry, Hand WashMaterial: ScubaBody Type: HourglassCountry of Origin: Imported",,,"https://jcpenney.scene7.com/is/image/JCPenney/DP0729202507032315M , https://jcpenney.scene7.com/is/image/JCPenney/DP0729202507032107M , https://jcpenney.scene7.com/is/image/JCPenney/DP0729202507032211M",2,1,"Large , Medium , Small",Majestic Emerald
ppr5008625083,https://www.jcpenney.com/p/donna-morgan-womens-long-sleeve-sheath-dress/ppr5008625083?pTmplType=regular,Donna Morgan Womens Long Sleeve Sheath Dress,DONNA MORGAN,65.99,89.00,25,"Closure Type: ZipperNeckline: High NeckSleeve Length: Long SleeveApparel Length: 34.75 InchesDress Length: Short LengthFiber Content: 96% Polyester, 4% SpandexFabric Description: Crepe, ScubaLining: Partially LinedLining Material: PolyesterCare: Dry Flat, Machine WashMaterial: PolyesterBody Type: AthleticCountry of Origin: Imported",,,"https://jcpenney.scene7.com/is/image/JCPenney/DP1103202511034082M , https://jcpenney.scene7.com/is/image/JCPenney/DP1103202511034186M , https://jcpenney.scene7.com/is/image/JCPenney/DP1103202511033977M",,,"10 , 12 , 14 , 16 , 18 , 2 , 4 , 6 , 8",Black
ppr5008533780,https://www.jcpenney.com/p/emerald-sundae-womens-juniors-sleeveless-fit-flare-dress/ppr5008533780?pTmplType=regular,Emerald Sundae Womens Juniors Sleeveless Fit + Flare Dress,EMERALD SUNDAE,22.39,64.00,65,"Strap Type: TankClosure Type: ZipperNeckline: V NeckSleeve Length: SleevelessApparel Length: 33 Inches - FrontDress Length: Short LengthFiber Content: 96% Polyester, 4% SpandexFabric Description: CrepeLining: Fully LinedLining Material: PolyesterCare: Line Dry, Hand WashMaterial: ScubaWedding Occasion: Guest of WeddingCountry of Origin: Imported",,,"https://jcpenney.scene7.com/is/image/JCPenney/DP0606202509004443M , https://jcpenney.scene7.com/is/image/JCPenney/DP0606202509004235M , https://jcpenney.scene7.com/is/image/JCPenney/DP0606202509004339M",,,"Large , Small , X-Large , X-Small","Navy , Royal , Red"
ppr5008619666,https://www.jcpenney.com/p/perceptions-womens-floral-lace-jacket-dress/ppr5008619666?pTmplType=regular,Perceptions Womens Floral Lace Jacket Dress,PERCEPTIONS,69.99,94.00,25,"# Pieces In Set: 22nd Piece Description: Jacket2nd Piece Closure Type: Open Front2nd Piece Sleeve Length: Short Sleeves2nd Piece Fabric: Crepe2nd Piece Fiber Content: 95% Polyester, 5% Spandex2nd Piece Care: Tumble Dry, Machine WashFeatures: LinedClosure Type: Pullover HeadNeckline: Round NeckSleeve Length: SleevelessSleeve Style: SleevelessApparel Length: 38.5 Inches - FrontDress Length: Knee LengthFiber Content: 98% Polyester, 2% SpandexFabric Description: LaceLining: Fully LinedLining Material: PolyesterCare: Line Dry, Hand WashCountry of Origin: Imported",,,"https://jcpenney.scene7.com/is/image/JCPenney/DP0105202609040334M , https://jcpenney.scene7.com/is/image/JCPenney/DP0105202609040127M , https://jcpenney.scene7.com/is/image/JCPenney/DP0105202609040231M , https://jcpenney.scene7.com/is/image/JCPenney/DP0105202609040024M , https://jcpenney.scene7.com/is/image/JCPenney/DP0105202609040438M",,,"Large , Medium , Small , X-Large",Peri Turq
ppr5008603483,https://www.jcpenney.com/p/london-style-womens-sleeveless-floral-maxi-dress/ppr5008603483?pTmplType=regular,London Style Womens Sleeveless Floral Maxi Dress,LONDON STYLE,69.99,94.00,25,"Features: LinedClosure Type: Hidden ZipperNeckline: V NeckSleeve Length: SleevelessSleeve Style: SleevelessApparel Length: 52.13 InchesDress Length: Long LengthFiber Content: 100% PolyesterFabric Description: GeorgetteLining: LinedLining Material: PolyesterCare: Dry Flat, Hand WashMaterial: PolyesterBody Type: HourglassCountry of Origin: Imported",,,"https://jcpenney.scene7.com/is/image/JCPenney/DP0216202607033709M , https://jcpenney.scene7.com/is/image/JCPenney/DP0213202611022538M , https://jcpenney.scene7.com/is/image/JCPenney/DP0213202611022643M , https://jcpenney.scene7.com/is/image/JCPenney/DP0213202611022434M",,,"10 , 12 , 14 , 16 , 18 , 4 , 6 , 8",Sw Blue
ppr5008503611,https://www.jcpenney.com/p/bold-elements-womens-plus-sleeveless-animal-maxi-dress/ppr5008503611?pTmplType=regular,Bold Elements Womens Plus Sleeveless Animal Maxi Dress,BOLD ELEMENTS,22.79,76.00,70,"All eyes will be on you wearing this ultra-glam Bold Elements women's royal purple leopard-print maxi dress. Made from stretch jersey, it features an asymmetrical neckline, a gold-tone ring adorned shoulder and a long length. Wear it with stilettos.Neckline: Asymmetrical NeckSleeve Length: SleevelessApparel Length: 58 InchesDress Length: Long LengthFiber Content: 95% Spandex, 5% PolyesterFabric Description: JerseyLining: UnlinedCare: Machine Wash, Line DryMaterial: JerseyCountry of Origin: Imported",,,"https://jcpenney.scene7.com/is/image/JCPenney/DP0519202509122867M , https://jcpenney.scene7.com/is/image/JCPenney/DP0519202509122763M , https://jcpenney.scene7.com/is/image/JCPenney/DP0519202509122970M",5,1,2X,Animal Melange
ppr5008501270,https://www.jcpenney.com/p/ana-womens-sleeveless-maxi-dress/ppr5008501270?pTmplType=regular,a.n.a Womens Sleeveless Maxi Dress,A.N.A,22.19,74.00,70,"Strap Type: Spaghetti# Pieces In Set: 13500Closure Type: Pullover HeadNeckline: Scoop NeckPocket Types: 2 Side Slip Pocket(s)Sleeve Length: SleevelessApparel Length: 48 InchesDress Length: Long LengthFiber Content: 83% Rayon, 17% NylonFabric Description: CrinkleLining: Partially LinedLining Material: PolyesterCare: Line Dry, Machine WashCountry of Origin: Imported",,,"https://jcpenney.scene7.com/is/image/JCPenney/DP0613202509040312M , https://jcpenney.scene7.com/is/image/JCPenney/DP0613202509040106M , https://jcpenney.scene7.com/is/image/JCPenney/DP0613202509040209M",3,2,"Medium , Small , X-Large",Marfa Pony
ppr5008568793,https://www.jcpenney.com/p/maya-brooke-womens-pearl-trim-windowpane-jacket-dress/ppr5008568793?pTmplType=regular,Maya Brooke Womens Pearl Trim Windowpane Jacket Dress,MAYA BROOKE,69.99,94.00,25,"# Pieces In Set: 22nd Piece Description: Jacket2nd Piece Closure Type: Zipper2nd Piece Neckline: Round Neck2nd Piece Sleeve Style: Fitted Sleeve2nd Piece Sleeve Length: 3/4 Sleeves2nd Piece Fabric: Crepe2nd Piece Fiber Content: 96% Polyester, 4% Spandex2nd Piece Care: Machine WashFeatures: Pearl TrimClosure Type: ZipperNeckline: Round NeckSleeve Length: 3/4 SleeveSleeve Style: SleevelessApparel Length: 40.5 Inches - BackDress Length: Knee LengthFiber Content: 96% Polyester, 4% SpandexFabric Description: CrepeLining: UnlinedCare: Machine Wash, Line DryMaterial: CrepeCountry of Origin: Imported",,,"https://jcpenney.scene7.com/is/image/JCPenney/DP0826202509020336M , https://jcpenney.scene7.com/is/image/JCPenney/DP0826202509020127M , https://jcpenney.scene7.com/is/image/JCPenney/DP0826202509020232M , https://jcpenney.scene7.com/is/image/JCPenney/DP0826202509020022M , https://jcpenney.scene7.com/is/image/JCPenney/DP0826202509020440M",,,"10 , 12 , 14 , 16 , 18 , 8",White Black
ppr5008544106,https://www.jcpenney.com/p/perceptions-womens-3-4-sleeve-midi-fit-flare-dress/ppr5008544106?pTmplType=regular,Perceptions Womens 3/4 Sleeve Midi Fit + Flare Dress,PERCEPTIONS,30.99,69.00,55,"Graceful and flattering, this Perceptions women’s dress features a V-neckline, 3/4 sleeves, and a fit-and-flare silhouette. Made from soft, stretch ITY fabric, it offers a comfortable pullover fit and midi length. Classic and versatile, this dress transitions effortlessly from day to evening.Closure Type: Pullover HeadNeckline: V NeckSleeve Length: 3/4 SleeveApparel Length: 46.5 Inches - FrontDress Length: Midi LengthFiber Content: 95% Polyester, 5% SpandexFabric Description: ItyCare: Line Dry, Machine WashCountry of Origin: Imported",,,"https://jcpenney.scene7.com/is/image/JCPenney/DP0808202511043646M , https://jcpenney.scene7.com/is/image/JCPenney/DP0808202511043437M , https://jcpenney.scene7.com/is/image/JCPenney/DP0808202511043541M",5,1,"Large , Medium , Small , X-Large",Wine
ppr5008485775,https://www.jcpenney.com/p/white-mark-womens-plus-sleeveless-fit-flare-dress/ppr5008485775?pTmplType=regular,White Mark Womens Plus Sleeveless Fit + Flare Dress,WHITE MARK,,56.99,,"Step out in style with this eye-catching animal print shift dress. Featuring a sleeveless design and a flattering a-line silhouette, this dress effortlessly combines comfort and elegance. The button-down front adds a touch of sophistication, while the ruffled hem brings a playful vibe. Perfect for casual outings, work, or evening events, this versatile dress transitions easily from day to night. Made from soft, breathable fabric, it ensures you stay comfortable all day long.Features: GlitterClosure Type: Pullover HeadNeckline: Round NeckPocket Types: 2 Side Slip Pocket(s)Sleeve Length: SleevelessApparel Length: 38 InchesDress Length: Knee LengthFabric Description: WovenCare: Machine Wash, Tumble DryWedding Occasion: Guest of WeddingCountry of Origin: Imported",,,"https://jcpenney.scene7.com/is/image/JCPenney/DP0930202409055483M , https://jcpenney.scene7.com/is/image/JCPenney/DP0930202409055076M , https://jcpenney.scene7.com/is/image/JCPenney/DP0930202409055686M , https://jcpenney.scene7.com/is/image/JCPenney/DP0930202409055279M , https://jcpenney.scene7.com/is/image/JCPenney/DP0930202409054873M",,,"1X , 2X , 3X","Black , White"
ppr5008535666,https://www.jcpenney.com/p/be-by-chetta-b-womens-short-sleeve-fit-flare-dress/ppr5008535666?pTmplType=regular,Be by CHETTA B Womens Short Sleeve Fit + Flare Dress,BE BY CHETTA B,22.39,64.00,65,"This Be by CHETTA B women's fit and flare dress is an effortless style for warmer temps that you can dress up or down. Made from a soft navy fabric, this short pullover dress has a wrap v-neckline, a smocked waistband with a tie for a chic prairie touch, short sleeves and a tiered skirt. Wear it with heels and hoop earringsFeatures: BowClosure Type: Pullover HeadNeckline: V NeckSleeve Length: Short SleeveApparel Length: 36.5 InchesDress Length: Knee LengthFiber Content: 100% PolyesterFabric Description: WovenCare: Machine Wash, Line DryCountry of Origin: Imported",,,"https://jcpenney.scene7.com/is/image/JCPenney/DP0702202509035604M , https://jcpenney.scene7.com/is/image/JCPenney/DP0702202509035499M , https://jcpenney.scene7.com/is/image/JCPenney/DP0702202509035394M",3.6667,3,"Small , X-Small",Navy
ppr5008616176,https://www.jcpenney.com/p/levis-womens-long-sleeve-flynn-western-dress/ppr5008616176?pTmplType=regular,Levi's® Women's Long Sleeve Flynn Western Dress,LEVI,59.99,69.95,14,"An A-line take on the classic Levi's® shirt, our Flynn Western Dress gives denim a major upgrade. We designed it with classic Levi's® details like double front pockets, a pointed collar and buttons down the front. Closure Type: ButtonPocket Types: 2 Front Button Pocket(s)Sleeve Length: Long SleeveDress Length: Short LengthFiber Content: 79% Cotton, 20% Recycled Cotton, 1% ElastaneCollar: Spread CollarCare: Tumble Dry, Machine WashCountry of Origin: Imported",,,"https://jcpenney.scene7.com/is/image/JCPenney/DP1006202507182567M , https://jcpenney.scene7.com/is/image/JCPenney/DP1006202507182357M , https://jcpenney.scene7.com/is/image/JCPenney/DP1006202507182462M",5,1,"Large , Medium , Small , X-Large",There We Go
ppr5008510581,https://www.jcpenney.com/p/bold-elements-womens-sleeveless-sweater-dress/ppr5008510581?pTmplType=regular,Bold Elements Womens Sleeveless Sweater Dress,BOLD ELEMENTS,22.19,74.00,70,"Strap Type: TankClosure Type: Pullover HeadNeckline: Crew NeckSleeve Length: SleevelessApparel Length: 34 Inches - FrontDress Length: Knee LengthFiber Content: 65% Recycled Polyester, 15% Nylon, 15% Acrylic, 5% WoolFabric Description: KnitCare: Machine Wash, Tumble DryOwned & Founded: Women Owned/FoundedCountry of Origin: Imported",,,"https://jcpenney.scene7.com/is/image/JCPenney/DP0912202509254999M , https://jcpenney.scene7.com/is/image/JCPenney/DP0912202509254896M , https://jcpenney.scene7.com/is/image/JCPenney/DP0912202509254793M",,,"Large , Medium , X-Large",Burg Pink Multi
ppr5008417311,https://www.jcpenney.com/p/maya-brooke-womens-pearl-trim-grid-jacket-dress/ppr5008417311?pTmplType=regular,Maya Brooke Womens Pearl Trim Grid Jacket Dress,MAYA BROOKE,,89.00,,"Add this bold and chic women's royal blue jacket dress from Maya Brooke to your wardrobe. Crafted from a knit fabric, this set includes a round neck sleeveless dress that hits at knee-length and has a back zipper closure along with a matching jacket with fitted three-quarter sleeves. # Pieces In Set: 22nd Piece Description: Jacket2nd Piece Sleeve Style: Fitted Sleeve2nd Piece Sleeve Length: 3/4 Sleeves2nd Piece Fabric: Knit2nd Piece Fiber Content: 96% Polyester, 4% Spandex2nd Piece Care: Hand Wash, Line DryFeatures: Stretch Fabric, Pearl TrimClosure Type: ZipperNeckline: Round NeckSleeve Length: SleevelessApparel Length: 41.13 Inches - FrontDress Length: Knee LengthFiber Content: 96% Polyester, 4% SpandexFabric Description: KnitCare: Line Dry, Hand WashCountry of Origin: Imported",,,"https://jcpenney.scene7.com/is/image/JCPenney/DP0611202417010289M , https://jcpenney.scene7.com/is/image/JCPenney/DP0611202417010185M , https://jcpenney.scene7.com/is/image/JCPenney/DP0314202409023943M , https://jcpenney.scene7.com/is/image/JCPenney/DP0314202409024148M , https://jcpenney.scene7.com/is/image/JCPenney/DP0611202417010082M , https://jcpenney.scene7.com/is/image/JCPenney/DP0314202409023840M , https://jcpenney.scene7.com/is/image/JCPenney/DP0611202417010394M , https://jcpenney.scene7.com/is/image/JCPenney/DP0314202409024251M",5,2,"10 , 12 , 14 , 16 , 18 , 8",Royal Blue White
ppr5008511753,https://www.jcpenney.com/p/ana-womens-plus-long-sleeve-animal-maxi-dress/ppr5008511753?pTmplType=regular,a.n.a Womens Plus Long Sleeve Animal Maxi Dress,A.N.A,24.59,82.00,70,"a.n.a womens Plus Long Sleeve Animal Maxi Dress makes a bold statement with its all-over print and flowing silhouette. Crafted for comfort and movement, it transitions seamlessly from day to night. Pair with ankle boots or heels for confident, modern style.Features: Tie-WaistClosure Type: Pullover HeadNeckline: Split Crew NeckPocket Types: 2 Side Slip Pocket(s)Sleeve Length: Long SleeveSleeve Style: Balloon SleeveApparel Length: 53.5 Inches - Back, 55.75 Inches - FrontDress Length: Long LengthFiber Content: 100% PolyesterFabric Description: Crinkle, ChiffonLining: Partially LinedLining Material: PolyesterCare: Tumble Dry, Machine WashCountry of Origin: Imported",,,"https://jcpenney.scene7.com/is/image/JCPenney/DP0718202509201952M , https://jcpenney.scene7.com/is/image/JCPenney/DP0718202509201743M , https://jcpenney.scene7.com/is/image/JCPenney/DP0718202509201847M",,,"2X , 3X , 4X",Neutral Snake
ppr5008610069,https://www.jcpenney.com/p/maya-brooke-womens-floral-jacket-dress/ppr5008610069?pTmplType=regular,Maya Brooke Womens Floral Jacket Dress,MAYA BROOKE,69.99,94.00,25,"# Pieces In Set: 22nd Piece Description: Jacket2nd Piece Closure Type: Open Front2nd Piece Sleeve Style: Fitted Sleeve2nd Piece Sleeve Length: 3/4 Sleeves2nd Piece Fabric: Crepe2nd Piece Fiber Content: 97% Polyester, 3% Spandex2nd Piece Care: Machine Wash, Line DryFeatures: UnlinedClosure Type: ZipperNeckline: Round NeckSleeve Length: SleevelessApparel Length: 42.5 Inches - BackDress Length: Knee LengthFiber Content: 97% Polyester, 3% SpandexFabric Description: CrepeLining: UnlinedCare: Line Dry, Machine WashMaterial: CrepeCountry of Origin: Imported",,,"https://jcpenney.scene7.com/is/image/JCPenney/DP1212202509043172M , https://jcpenney.scene7.com/is/image/JCPenney/DP1212202509042964M , https://jcpenney.scene7.com/is/image/JCPenney/DP1212202509043069M , https://jcpenney.scene7.com/is/image/JCPenney/DP1212202509042860M , https://jcpenney.scene7.com/is/image/JCPenney/DP1212202509043277M",,,"10 , 12 , 14 , 16 , 18 , 8",Lt Yellow White
ppr5008568205,https://www.jcpenney.com/p/connected-apparel-womens-short-sleeve-floral-overlay-sheath-dress/ppr5008568205?pTmplType=regular,Connected Apparel Womens Short Sleeve Floral Overlay Sheath Dress,CONNECTED APPAREL,24.15,69.00,65,"Features: SheerClosure Type: Pullover HeadNeckline: Round NeckSleeve Length: Short SleeveSleeve Style: SleevelessApparel Length: 40 InchesDress Length: Knee LengthFiber Content: 100% PolyesterFabric Description: ItyLining: UnlinedCare: Dry Flat, Machine WashCountry of Origin: Imported",,,"https://jcpenney.scene7.com/is/image/JCPenney/DP0808202511034625M , https://jcpenney.scene7.com/is/image/JCPenney/DP0808202511034416M , https://jcpenney.scene7.com/is/image/JCPenney/DP0808202511034520M",,,"10 , 12 , 14 , 4 , 6 , 8",Ink
ppr5008552210,https://www.jcpenney.com/p/forever-21-womens-juniors-sleeveless-midi-casual-bodycon-dress/ppr5008552210?pTmplType=regular,Forever 21 Womens Juniors Sleeveless Midi Casual Bodycon Dress,Forever 21,20.39,34.00,40,"Strap Type: TankFeatures: Side SlitClosure Type: Pullover HeadNeckline: Scoop NeckSleeve Length: SleevelessSleeve Style: SleevelessApparel Length: 44.25 Inches - FrontDress Length: Midi LengthFiber Content: 68% Rayon, 27% Nylon, 5% SpandexFabric Description: PonteLining: UnlinedCare: Machine Wash, Tumble DryMaterial: KnitCountry of Origin: Imported",,,"https://jcpenney.scene7.com/is/image/JCPenney/DP0707202509145360M , https://jcpenney.scene7.com/is/image/JCPenney/DP0707202509145153M , https://jcpenney.scene7.com/is/image/JCPenney/DP0707202509145257M",,,"Large , Medium , Small , X-Small",Black
ppr5008537850,https://www.jcpenney.com/p/clover-and-sloane-womens-sleeveless-sheath-dress/ppr5008537850?pTmplType=regular,Clover And Sloane Womens Sleeveless Sheath Dress,CLOVER AND SLOANE,79.99,100.00,20,"This Clover and Sloane women's sheath dress is an effortless yet ultra-elegant style to wear to a cocktail party or evening affair. Made from stretch-scuba, it has a v-neck with a mesh insert and a large glittery bow adorning the back. Wear it with heels. Features: BowClosure Type: ZipperNeckline: V NeckSleeve Length: SleevelessApparel Length: 34 Inches - BackDress Length: Short LengthFiber Content: 95% Polyester, 5% SpandexFabric Description: ScubaLining: LinedLining Material: PolyesterCare: Line Dry, Machine WashMaterial: ScubaWedding Occasion: Guest of WeddingCountry of Origin: Imported",,,"https://jcpenney.scene7.com/is/image/JCPenney/DP0821202509051285M , https://jcpenney.scene7.com/is/image/JCPenney/DP0821202509051075M , https://jcpenney.scene7.com/is/image/JCPenney/DP0821202509051388M , https://jcpenney.scene7.com/is/image/JCPenney/DP0821202509051180M",,,"10 , 12 , 14 , 16 , 18 , 2 , 4 , 6 , 8",Black
ppr5008573157,https://www.jcpenney.com/p/52seven-womens-sleeveless-abstract-midi-fit-flare-dress/ppr5008573157?pTmplType=regular,52seven Womens Sleeveless Abstract Midi Fit + Flare Dress,52SEVEN,24.15,69.00,65,"52seven womens Sleeveless Abstract Midi Fit Flare Dress combines sleek design with modern artistry. The abstract print and flared silhouette create a balanced, eye-catching style. Perfect for day events or evenings out — pair with strappy heels for polished flair.Closure Type: ButtonNeckline: V NeckPocket Types: 2 Side Slip Pocket(s)Sleeve Length: SleevelessSleeve Style: SleevelessApparel Length: 44.25 InchesDress Length: Midi LengthFiber Content: 96% Polyester, 4% SpandexFabric Description: ChallisLining: Fully LinedLining Material: PolyesterCollar: Peak LapelCare: Machine Wash, Tumble DryCountry of Origin: Imported",,,"https://jcpenney.scene7.com/is/image/JCPenney/DP0807202509113039M , https://jcpenney.scene7.com/is/image/JCPenney/DP0807202509112829M , https://jcpenney.scene7.com/is/image/JCPenney/DP0807202509112934M",,,Medium,Multi
ppr5008548467,https://www.jcpenney.com/p/maya-brooke-womens-plaid-jacket-dress/ppr5008548467?pTmplType=regular,Maya Brooke Womens Plaid Jacket Dress,MAYA BROOKE,65.99,89.00,25,"Maya Brooke womens Plus Pearl Trim Plaid Jacket Dress brings classic style with refined details. The pearl trim and plaid pattern elevate this matching set for work or formal wear. Pair with understated accessories and pumps for timeless elegance.# Pieces In Set: 22nd Piece Description: Jacket2nd Piece Closure Type: Open Front2nd Piece Sleeve Style: Fitted Sleeve2nd Piece Sleeve Length: 3/4 Sleeves2nd Piece Fabric: Crepe2nd Piece Fiber Content: 100% Polyester2nd Piece Care: Dry Flat, Hand WashNeckline: Round NeckSleeve Length: SleevelessApparel Length: 42.5 Inches - BackDress Length: Knee LengthFiber Content: 100% PolyesterFabric Description: CrepeLining: UnlinedCare: Hand Wash, Dry FlatCountry of Origin: Imported",,,"https://jcpenney.scene7.com/is/image/JCPenney/DP0909202509025950M , https://jcpenney.scene7.com/is/image/JCPenney/DP0909202509025741M , https://jcpenney.scene7.com/is/image/JCPenney/DP0909202509025845M , https://jcpenney.scene7.com/is/image/JCPenney/DP0909202509025636M , https://jcpenney.scene7.com/is/image/JCPenney/DP0909202509030055M",1,1,"10 , 12 , 14 , 16 , 18 , 8",Black White
ppr5008618467,https://www.jcpenney.com/p/forever-21-womens-juniors-long-sleeve-midi-bodycon-sweater-dress/ppr5008618467?pTmplType=regular,Forever 21 Womens Juniors Long Sleeve Midi Bodycon Sweater Dress,Forever 21,22.79,38.00,40,"This Forever 21 women's and junior's sweater dress will be a stylish addition to your cold-weather wardrobe for a date night or party. Made from soft stretch-knit, this fitted midi dress has long off-the-shoulder sleeves and a wide ribbed trim.Closure Type: Pull OnNeckline: Straight NeckSleeve Length: Long SleeveSleeve Style: Fitted SleeveApparel Length: 44 Inches - FrontDress Length: Midi LengthFiber Content: 50% Rayon, 28% Polyester, 22% NylonFabric Description: Sweater KnitLining: UnlinedCare: Machine Wash, Tumble DryCountry of Origin: Imported",,,"https://jcpenney.scene7.com/is/image/JCPenney/DP1020202509023473M , https://jcpenney.scene7.com/is/image/JCPenney/DP1020202509023264M , https://jcpenney.scene7.com/is/image/JCPenney/DP1020202509023369M",,,"Large , Medium , Small , X-Large , X-Small","Black , Red"
ppr5008621869,https://www.jcpenney.com/p/s-l-fashions-womens-sleeveless-sheath-dress/ppr5008621869?pTmplType=regular,S. L. Fashions Womens Sleeveless Sheath Dress,S. L. FASHIONS,74.99,94.00,20,"Features: Hidden ClosureClosure Type: Pullover HeadNeckline: Round NeckSleeve Length: SleevelessSleeve Style: SleevelessApparel Length: 37.25 Inches - BackDress Length: Knee LengthFiber Content: 100% PolyesterFabric Description: ChiffonLining: Fully LinedLining Material: PolyesterCare: Hand Wash, Line DryMaterial: ChiffonWedding Occasion: Guest of WeddingCountry of Origin: Imported RETURNS: This item must be returned in its original condition with the green return tag in place.",,,"https://jcpenney.scene7.com/is/image/JCPenney/DP1023202507051782M , https://jcpenney.scene7.com/is/image/JCPenney/DP1023202507051678M",,,"10 , 12 , 14 , 16 , 18 , 4 , 6 , 8",Black
ppr5008537182,https://www.jcpenney.com/p/robbie-bee-womens-sleeveless-shift-dress/ppr5008537182?pTmplType=regular,Robbie Bee Womens Sleeveless Shift Dress,ROBBIE BEE,23.69,79.00,70,"Crafted from lace with a sleek mock neckline, this blue Robbie Bee women's sleeveless shift dress is a flattering choice for daytime events, dinners, or warm-weather occasions. The knee-length style is lined for added coverage and finishes with a tie detail at the back. Pair with nude heels and simple jewelry. Closure Type: TieNeckline: Mock NeckSleeve Length: SleevelessSleeve Style: SleevelessApparel Length: 38 InchesDress Length: Knee LengthFiber Content: 100% PolyesterFabric Description: LaceLining: Fully LinedLining Material: PolyesterCare: Machine Wash, Line DryMaterial: JerseyCountry of Origin: Imported",,,"https://jcpenney.scene7.com/is/image/JCPenney/DP0512202509042187M , https://jcpenney.scene7.com/is/image/JCPenney/DP0512202509042082M , https://jcpenney.scene7.com/is/image/JCPenney/DP0512202509042292M",,,"12 , 14",Peri
ppr5008497906,https://www.jcpenney.com/p/ana-womens-sleeveless-maxi-dress/ppr5008497906?pTmplType=regular,a.n.a Womens Sleeveless Maxi Dress,A.N.A,22.39,64.00,65,"This a.n.a women's sleeveless midi dress has a flowy goddess-style silhouette, making it perfect for effortless summer style moments. Made from soft twill, this dress has slim straps, a square neck with ruched detail and an asymmetrical skirt hem. Wear it with flat or heeled sandals. Strap Type: AdjustableNeckline: Square NeckSleeve Length: SleevelessApparel Length: 34.75 Inches - Back, 37 Inches - FrontDress Length: Long LengthFiber Content: 100% Tencel LyocellFabric Description: Twill, DenimLining: UnlinedCare: Machine Wash, Tumble DryCountry of Origin: Imported",,,"https://jcpenney.scene7.com/is/image/JCPenney/DP0521202509051356M , https://jcpenney.scene7.com/is/image/JCPenney/DP0521202509051251M , https://jcpenney.scene7.com/is/image/JCPenney/DP0521202509051459M",,,"Large , Medium , Small , X-Large , Xx-Large",Dark Wash
ppr5008485832,https://www.jcpenney.com/p/white-mark-womens-sleeveless-fit-flare-dress/ppr5008485832?pTmplType=regular,White Mark Womens Sleeveless Fit + Flare Dress,WHITE MARK,,52.99,,"This women's fit and flare knee length tweed dress combines timeless style with modern comfort. The soft tweed fabric offers a classic texture, while the fit and flare silhouette flatters your figure. With a round neck and sleeveless design, it's perfect for layering or wearing on its own. Ideal for workdays or special occasions, this dress brings effortless elegance to your wardrobe.Features: GlitterClosure Type: Pullover HeadNeckline: Crew NeckPocket Types: 2 Back Slip Pocket(s)Sleeve Length: SleevelessApparel Length: 38 InchesDress Length: Knee LengthFiber Content: 100% Lurex MetallicFabric Description: WovenCare: Tumble Dry, Machine WashMaterial: Cotton BlendWedding Occasion: Guest of WeddingCountry of Origin: Imported",,,"https://jcpenney.scene7.com/is/image/JCPenney/DP0930202409012615M , https://jcpenney.scene7.com/is/image/JCPenney/DP0930202409012208M , https://jcpenney.scene7.com/is/image/JCPenney/DP0930202409012819M , https://jcpenney.scene7.com/is/image/JCPenney/DP0930202409012412M , https://jcpenney.scene7.com/is/image/JCPenney/DP0930202409012005M",,,"Large , Medium , Small , X-Large","White , Black"
ppr5008452280,https://www.jcpenney.com/p/white-mark-womens-plus-sleeveless-tie-dye-sundress/ppr5008452280?pTmplType=regular,White Mark Womens Plus Sleeveless Tie Dye Sundress,WHITE MARK,,52.99,,Effortlessly chic: our smock maxi dress combines comfort and flattering style.Features: SmockedClosure Type: Pullover HeadNeckline: Square NeckPocket Types: 2 Side Slip Pocket(s)Sleeve Length: SleevelessApparel Length: 48.5 InchesDress Length: Long LengthFiber Content: 100% RayonFabric Description: KnitLining Material: CottonCare: Machine WashCountry of Origin: Imported,,,"https://jcpenney.scene7.com/is/image/JCPenney/DP0608202407025815M , https://jcpenney.scene7.com/is/image/JCPenney/DP0608202407024798M , https://jcpenney.scene7.com/is/image/JCPenney/DP0608202407030325M , https://jcpenney.scene7.com/is/image/JCPenney/DP0608202407025306M , https://jcpenney.scene7.com/is/image/JCPenney/DP0608202407024289M",,,"1X , 2X , 3X","Black , Blue , Green , Orange , Yellow"
ppr5008573172,https://www.jcpenney.com/p/msk-womens-long-sleeve-dots-fit-flare-dress/ppr5008573172?pTmplType=regular,MSK Womens Long Sleeve Dots Fit + Flare Dress,MSK,24.15,69.00,65,"This MSK women's fit and flare dress is an elegant style you can wear to any cocktail party or dressy occasion. Made from chiffon, it comes lined with long balloon sleeves, a v-neck and a smocked waist. Wear it with pumps.Features: SmockedClosure Type: Pullover HeadNeckline: V NeckSleeve Length: Long SleeveSleeve Style: Balloon SleeveApparel Length: 36 InchesDress Length: Knee LengthFiber Content: 100% PolyesterFabric Description: ChiffonLining: Fully LinedLining Material: PolyesterCare: Hand Wash, Line DryMaterial: ChiffonBody Type: PearCountry of Origin: Imported",,,"https://jcpenney.scene7.com/is/image/JCPenney/DP0804202507052505M , https://jcpenney.scene7.com/is/image/JCPenney/DP0804202507052296M , https://jcpenney.scene7.com/is/image/JCPenney/DP0804202507052400M",,,Small,Rich Black
ppr5008528958,https://www.jcpenney.com/p/ana-womens-plus-long-sleeve-paisley-peasant-dress/ppr5008528958?pTmplType=regular,a.n.a Womens Plus Long Sleeve Paisley Peasant Dress,A.N.A,23.39,78.00,70,"a.n.a womens Long Sleeve High Low Paisley A-Line Dress offers boho-inspired elegance with a flowing hem and bold paisley print. The lightweight fabric ensures comfort and movement, while the A-line cut flatters every figure. Pair with knee-high boots or wedges for effortless seasonal style.Closure Type: Pullover HeadNeckline: V NeckSleeve Length: Long SleeveSleeve Style: Raglan SleeveApparel Length: 58 Inches - Front, 49 Inches - BackDress Length: Long LengthFiber Content: 100% PolyesterFabric Description: Plain WeaveLining: LinedLining Material: PolyesterCare: Machine WashCountry of Origin: Imported",,,"https://jcpenney.scene7.com/is/image/JCPenney/DP0909202509121559M , https://jcpenney.scene7.com/is/image/JCPenney/DP0909202509121350M , https://jcpenney.scene7.com/is/image/JCPenney/DP0909202509121455M",4,1,"3X , 5X",Whimsy Paisley
ppr5008551278,https://www.jcpenney.com/p/r-m-richards-womens-sleeveless-floral-evening-gown/ppr5008551278?pTmplType=regular,R & M Richards Womens Sleeveless Floral Evening Gown,R & M RICHARDS,51.99,130.00,60,"This R & M Richards women's floral evening gown is a chic number for a wedding or special soiree. Made from chiffon, this floaty long sleeveless dress has a halter neckline with a cut-out and a trapeze swing shape with ruffled skirt layers.Closure Type: ZipperNeckline: Keyhole NeckSleeve Length: SleevelessApparel Length: 61 InchesDress Length: Knee LengthFiber Content: 100% PolyamideFabric Description: ChiffonLining: LinedLining Material: PolyesterCare: Line Dry, Hand WashMaterial: ChiffonWedding Occasion: Mother of the Bride, Guest of WeddingCountry of Origin: Imported RETURNS: This item must be returned in its original condition with the green return tag in place.",,,"https://jcpenney.scene7.com/is/image/JCPenney/DP1031202513005760M , https://jcpenney.scene7.com/is/image/JCPenney/DP1124202513013696M , https://jcpenney.scene7.com/is/image/JCPenney/DP1124202513013799M , https://jcpenney.scene7.com/is/image/JCPenney/DP1031202513005445M",,,"10 , 12 , 14 , 16 , 4 , 6 , 8",Plum Rose
ppr5008535475,https://www.jcpenney.com/p/stylus-womens-plus-long-sleeve-midi-sweater-dress/ppr5008535475?pTmplType=regular,Stylus Womens Plus Long Sleeve Midi Sweater Dress,STYLUS,20.39,68.00,70,"Stay cozy in style with this chic oversized women's plus sweater by Stylus. Made from soft brushed knit, this midi dress has a ribbed turtleneck, long sleeves and leg splits. Wear it with booties.Closure Type: Pullover HeadNeckline: TurtleneckSleeve Length: Long SleeveSleeve Style: Fitted SleeveApparel Length: 51 InchesDress Length: Midi LengthFabric Description: KnitCare: Machine Wash, Tumble DryCountry of Origin: Imported",,,"https://jcpenney.scene7.com/is/image/JCPenney/DP0909202509115052M , https://jcpenney.scene7.com/is/image/JCPenney/DP0909202509114843M , https://jcpenney.scene7.com/is/image/JCPenney/DP0909202509114947M",1,1,"1X , 2X , 3X",Palace Blue
ppr5008504944,https://www.jcpenney.com/p/brianna-milay-womens-sequin-3-4-sleeve-evening-gown/ppr5008504944?pTmplType=regular,Brianna Milay Womens Sequin 3/4 Sleeve Evening Gown,BRIANNA MILAY,59.99,100.00,40,"Shine with confidence in the Brianna Milay women's evening gown, featuring all-over sequins, 3/4 sheer sleeves, and a flattering fit. Perfect for galas or formal dinners, it radiates timeless glamour. Let this gown take center stage with understated jewelry and heels.Features: SequinsClosure Type: ZipperNeckline: Round NeckSleeve Length: 3/4 SleeveSleeve Style: Fitted SleeveApparel Length: 58 Inches - FrontDress Length: Long LengthFiber Content: 95% Polyester, 5% SpandexFabric Description: KnitLining: UnlinedCare: Hand Wash, Dry FlatMaterial: JerseyWedding Occasion: Guest of WeddingCountry of Origin: Imported RETURNS: This item must be returned in its original condition with the green return tag in place.",,,"https://jcpenney.scene7.com/is/image/JCPenney/DP0220202509132561M , https://jcpenney.scene7.com/is/image/JCPenney/DP0220202509132458M , https://jcpenney.scene7.com/is/image/JCPenney/DP0220202509132665M",4.6,5,"10 , 8",Black
ppr5008513869,https://www.jcpenney.com/p/ana-womens-long-sleeve-sweater-dress/ppr5008513869?pTmplType=regular,a.n.a Womens Long Sleeve Sweater Dress,A.N.A,23.19,58.00,60,"This a.n.a women's long-sleeve sweater features a classic cable-knit design and cream color, making it a cozy yet chic essential for cold-weather days. This pullover has a slightly oversized fit with a crew neck and long drop-shoulder sleeves.Closure Type: Pullover HeadNeckline: Crew NeckSleeve Length: Long SleeveSleeve Style: Drop-Shoulder SleeveApparel Length: 30 InchesDress Length: Short LengthFiber Content: 63% Acrylic, 37% NylonFabric Description: KnitCare: Machine Wash, Tumble DryCountry of Origin: Imported",,,"https://jcpenney.scene7.com/is/image/JCPenney/DP0929202509221847M , https://jcpenney.scene7.com/is/image/JCPenney/DP0929202509221637M , https://jcpenney.scene7.com/is/image/JCPenney/DP0929202509221742M",5,1,"Large , Medium , Small , X-Large , X-Small , Xx-Large",Birch
ppr5007831198,https://www.jcpenney.com/p/msk-womens-embellished-short-sleeve-evening-gown/ppr5007831198?pTmplType=regular,MSK Womens Embellished Short Sleeve Evening Gown,MSK,55.99,140.00,60,"This MSK women's evening gown will make you feel ultra-elegant at a wedding or black tie event. This black maxi dress is made from a soft stretch-knit with a sparkling embellished cape overlay. Wear it with stilettos and a clutch.Features: EmbellishedClosure Type: ButtonNeckline: Round NeckSleeve Length: Short SleeveSleeve Style: Cape SleeveApparel Length: 55.5 InchesDress Length: Long LengthFiber Content: 95% Polyester, 5% SpandexFabric Description: KnitLining: UnlinedCare: Hand Wash, Line DryWedding Occasion: Mother of the Bride, Guest of WeddingCountry of Origin: Made in US RETURNS: This item must be returned in its original condition with the green return tag in place.",,,"https://jcpenney.scene7.com/is/image/JCPenney/DP0514202507063364M , https://jcpenney.scene7.com/is/image/JCPenney/DP0514202507063573M , https://jcpenney.scene7.com/is/image/JCPenney/DP0514202507063678M , https://jcpenney.scene7.com/is/image/JCPenney/DP0829202407024971M , https://jcpenney.scene7.com/is/image/JCPenney/DP0410201911014492M , https://jcpenney.scene7.com/is/image/JCPenney/DP0829202407024869M",4.75,8,"Large , Medium , Small",Black
ppr5008503730,https://www.jcpenney.com/p/worthington-womens-long-sleeve-geometric-shirt-dress/ppr5008503730?pTmplType=regular,Worthington Womens Long Sleeve Geometric Shirt Dress,Worthington,23.39,78.00,70,"This Worthington women's shirt dress makes a statement with its eye-catching geometric pattern and a long flowy silhouette. Made from a recycled woven fabric and fully lined, it features a V-neckline, long balloon sleeves, a button-front closure, and a belted waist for added shape. Pair with strappy heels and gold-tone accessories. Closure Type: ButtonNeckline: V NeckSleeve Length: Long SleeveSleeve Style: Balloon SleeveApparel Length: 51 InchesDress Length: Long LengthFiber Content: 69% Polyester, 31% Recycled PolyesterFabric Description: WovenLining: LinedLining Material: PolyesterCare: Tumble Dry, Machine WashCountry of Origin: Imported",,,"https://jcpenney.scene7.com/is/image/JCPenney/DP0707202509035418M , https://jcpenney.scene7.com/is/image/JCPenney/DP0707202509035210M , https://jcpenney.scene7.com/is/image/JCPenney/DP0707202509035313M",,,"Large , Medium , Small , X-Large , X-Small , Xx-Large",Diamond Geo
ppr5008539666,https://www.jcpenney.com/p/melonie-t-womens-sleeveless-floral-lace-midi-fit-flare-dress/ppr5008539666?pTmplType=regular,Melonie T Womens Sleeveless Floral Lace Midi Fit + Flare Dress,MELONIE T,55.89,130.00,57,"This Melonie T women's lace fit and flare midi dress comes in a classy black and nude floral lace pattern, making it a chic choice for a wedding or special event. This sleeveless style comes lined with wide straps and a square neck, a belted waist and a pleated skirt. Wear it with pumps.Included: 1 Belt(s)Features: Belted, PleatedClosure Type: Hook & Eye, ZipperNeckline: Square NeckSleeve Length: SleevelessSleeve Style: SleevelessApparel Length: 49.25 Inches - Back, 50.5 Inches - FrontDress Length: Midi LengthFiber Content: 100% PolyesterFabric Description: LaceLining: Fully LinedLining Material: PolyesterCare: Hand Wash, Line DryMaterial: LaceWedding Occasion: Guest of WeddingCountry of Origin: Imported RETURNS: This item must be returned in its original condition with the green return tag in place.",,,"https://jcpenney.scene7.com/is/image/JCPenney/DP0807202509115550M , https://jcpenney.scene7.com/is/image/JCPenney/DP0807202509115340M , https://jcpenney.scene7.com/is/image/JCPenney/DP0807202509115445M",4.5,2,"10 , 12 , 14 , 16 , 18 , 2 , 4 , 6",Black Nude
ppr5008457711,https://www.jcpenney.com/p/studio-1-womens-3-4-sleeve-sweater-dress/ppr5008457711?pTmplType=regular,Studio 1 Womens 3/4 Sleeve Sweater Dress,STUDIO 1,23.69,79.00,70,"This Studio 1 women's short fitted sweater dress is a chic preppy addition to your work or play wardrobe. It's crafted from boucle with a scoop neck, 3/4 sleeves and textured trims. Wear it with booties. Closure Type: Pullover HeadNeckline: Scoop NeckSleeve Length: 3/4 SleeveSleeve Style: Ruffled SleeveApparel Length: 37 InchesDress Length: Short LengthFiber Content: 78% Rayon, 22% PolyesterFabric Description: BoucleCare: Machine Wash, Dry FlatMaterial: Rayon BlendCountry of Origin: Imported",,,"https://jcpenney.scene7.com/is/image/JCPenney/DP0814202409031065M , https://jcpenney.scene7.com/is/image/JCPenney/DP0814202409030963M , https://jcpenney.scene7.com/is/image/JCPenney/DP0814202409031166M",5,1,"Large , Medium , X-Large",Brown Ivory
ppr5008543679,https://www.jcpenney.com/p/sam-and-jess-womens-sleeveless-floral-evening-gown/ppr5008543679?pTmplType=regular,Sam And Jess Womens Sleeveless Floral Evening Gown,SAM AND JESS,71.99,120.00,40,"Crafted from lightweight chiffon, this Sam & Jess women’s evening gown features a sleeveless silhouette with a halter neckline and a refined floral print. Designed with a secure tie-back closure, it drapes into flowing pleated layers. Perfect for formal occasions and special events.Closure Type: TieNeckline: Halter NeckSleeve Length: SleevelessSleeve Style: SleevelessApparel Length: 56 Inches - BackDress Length: Long LengthFiber Content: 100% PolyesterFabric Description: ChiffonLining: LinedLining Material: PolyesterCare: Tumble Dry, Machine WashMaterial: ChiffonWedding Occasion: Guest of WeddingCountry of Origin: Imported",,,"https://jcpenney.scene7.com/is/image/JCPenney/DP1121202509095442M , https://jcpenney.scene7.com/is/image/JCPenney/DP1121202509095233M , https://jcpenney.scene7.com/is/image/JCPenney/DP1121202509095337M",5,1,"Medium , Small , X-Large",Rich Black
ppr5008526934,https://www.jcpenney.com/p/ana-womens-long-sleeve-high-low-paisley-a-line-dress/ppr5008526934?pTmplType=regular,a.n.a Womens Long Sleeve High-Low Paisley A-Line Dress,A.N.A,22.19,74.00,70,"a.n.a womens Long Sleeve High Low Paisley A-Line Dress offers boho-inspired elegance with a flowing hem and bold paisley print. The lightweight fabric ensures comfort and movement, while the A-line cut flatters every figure. Pair with knee-high boots or wedges for effortless seasonal style.Neckline: V NeckSleeve Length: Long SleeveSleeve Style: Raglan SleeveApparel Length: 47 Inches - Front, 56 Inches - BackDress Length: High Low LengthFiber Content: 100% PolyesterFabric Description: CrinkleLining: LinedLining Material: PolyesterCare: Machine Wash, Tumble DryMaterial: ChiffonCountry of Origin: Imported",,,"https://jcpenney.scene7.com/is/image/JCPenney/DP0909202509110871M , https://jcpenney.scene7.com/is/image/JCPenney/DP0909202509110767M , https://jcpenney.scene7.com/is/image/JCPenney/DP0909202509110663M",5,2,"Small , X-Small",Whimsy Paisley
ppr5008551768,https://www.jcpenney.com/p/sam-and-jess-womens-long-sleeve-leaf-evening-gown/ppr5008551768?pTmplType=regular,Sam And Jess Womens Long Sleeve Leaf Evening Gown,SAM AND JESS,77.99,130.00,40,"The Sam & Jess women's evening gown adds ethereal charm to special-occasion dressing with its flowing mesh fabric and graceful leaf print. Balloon sleeves and a flattering V-neckline enhance its soft, romantic silhouette.Closure Type: Pullover HeadNeckline: V NeckSleeve Length: Long SleeveSleeve Style: Balloon SleeveApparel Length: 55 Inches - BackDress Length: Long LengthFiber Content: 55% Metallic, 45% PolyesterFabric Description: MeshLining: LinedLining Material: PolyesterCare: Hand Wash, Line DryMaterial: PolyesterWedding Occasion: Guest of WeddingCountry of Origin: Imported",,,"https://jcpenney.scene7.com/is/image/JCPenney/DP1121202509095859M , https://jcpenney.scene7.com/is/image/JCPenney/DP1121202509095651M , https://jcpenney.scene7.com/is/image/JCPenney/DP1121202509095755M",5,3,"Large , Medium , Small , X-Large",Champagne Gold
ppr5008573171,https://www.jcpenney.com/p/msk-womens-long-sleeve-floral-shift-dress/ppr5008573171?pTmplType=regular,MSK Womens Long Sleeve Floral Shift Dress,MSK,24.15,69.00,65,"MSK womens Long Sleeve Floral Shift Dress combines soft florals with effortless sophistication. The lightweight fabric drapes beautifully, creating a flattering fit for any occasion. Pair with heels or flats for a chic day-to-evening transition.Closure Type: Pullover HeadNeckline: V NeckSleeve Length: Long SleeveSleeve Style: Balloon SleeveApparel Length: 36 InchesDress Length: Knee LengthFiber Content: 52.3% Metallic, 47.7% PolyesterFabric Description: MeshLining: Fully LinedLining Material: PolyesterCare: Hand Wash, Line DryMaterial: MeshBody Type: PearCountry of Origin: Imported",,,"https://jcpenney.scene7.com/is/image/JCPenney/DP0804202507052921M , https://jcpenney.scene7.com/is/image/JCPenney/DP0804202507052714M , https://jcpenney.scene7.com/is/image/JCPenney/DP0804202507052818M",3.6667,3,"Large , Medium , Small , X-Large",Black Gold
ppr5008442708,https://www.jcpenney.com/p/r-k-originals-womens-short-sleeve-plaid-shift-dress/ppr5008442708?pTmplType=regular,R & K Originals Womens Short Sleeve Plaid Shift Dress,R & K ORIGINALS,20.69,69.00,70,"Channel fall and cooler temps in this stylish R & K Originals women's plaid shift dress. Made from a soft stretch-knit with short sleeves, this knee-length dress is perfect to wear with heeled pumps or ankle boots.Closure Type: ButtonNeckline: Round NeckSleeve Length: Short SleeveApparel Length: 36.5 InchesDress Length: Knee LengthFiber Content: 97% Polyester, 3% SpandexFabric Description: KnitCare: Line Dry, Machine WashCountry of Origin: Imported",,,"https://jcpenney.scene7.com/is/image/JCPenney/DP0701202409110043M , https://jcpenney.scene7.com/is/image/JCPenney/DP0701202409105942M , https://jcpenney.scene7.com/is/image/JCPenney/DP0701202409110146M",4.6667,6,"Large , Medium , Small , X-Large",Grey Brown
ppr5008593408,https://www.jcpenney.com/p/brianna-milay-womens-sleeveless-evening-gown/ppr5008593408?pTmplType=regular,Brianna Milay Womens Sleeveless Evening Gown,BRIANNA MILAY,51.99,130.00,60,"Features: LinedClosure Type: ZipperNeckline: Asymmetrical NeckSleeve Length: SleevelessApparel Length: 56.25 Inches - BackDress Length: Long LengthFiber Content: 100% PolyesterLining: LinedCare: Line Dry, Hand WashMaterial: PolyesterWedding Occasion: Mother of the Bride, Guest of WeddingCountry of Origin: Imported RETURNS: This item must be returned in its original condition with the green return tag in place.",,,"https://jcpenney.scene7.com/is/image/JCPenney/DP1030202509032646M , https://jcpenney.scene7.com/is/image/JCPenney/DP1030202509032437M , https://jcpenney.scene7.com/is/image/JCPenney/DP1030202509032541M",,,"10 , 12 , 14 , 16 , 18 , 6 , 8",Black
ppr5008589467,https://www.jcpenney.com/p/liz-claiborne-womens-sleeveless-midi-leaf-a-line-dress/ppr5008589467?pTmplType=regular,Liz Claiborne Womens Sleeveless Midi Leaf A-Line Dress,LIZ CLAIBORNE,24.29,54.00,55,"You'll love the fresh tropical leaf print of this Liz Claiborne women's a-line dress for vacations or effortless warm-weather style. Made from stretch-twill, this sleeveless knee-length dress features a split crew neckline and a pleated back to create a flowy, relaxed shape. Wear it with wedge sandals or flats.Closure Type: Pullover HeadNeckline: Split Crew NeckSleeve Length: SleevelessApparel Length: 25 InchesDress Length: Midi LengthFiber Content: 89% Rayon, 11% NylonFabric Description: TwillCare: Machine Wash, Tumble DryCountry of Origin: Imported",,,"https://jcpenney.scene7.com/is/image/JCPenney/DP1113202509054042M , https://jcpenney.scene7.com/is/image/JCPenney/DP1113202509053835M , https://jcpenney.scene7.com/is/image/JCPenney/DP1113202509053938M",3,2,"Medium , X-Small",Porcelain Rose Pal
ppr5008593318,https://www.jcpenney.com/p/s-l-fashions-womens-sleeveless-floral-fit-flare-dress/ppr5008593318?pTmplType=regular,S. L. Fashions Womens Sleeveless Floral Fit + Flare Dress,S. L. FASHIONS,71.99,120.00,40,"This S. L. Fashions women's fit and flare dress is a beautiful, feminine style you will love donning for a special event or party. This sleeveless midi dress is made from organza with a gathered v-neck and a floral-print puffed skirt with a bow waist and a high-low hem for an elegant finish. Wear it with pumps and a clutch.Closure Type: ZipperNeckline: V NeckSleeve Length: SleevelessApparel Length: 50.5 InchesDress Length: Long LengthFiber Content: 95% Polyester, 5% SpandexFabric Description: OrganzaLining: Fully LinedLining Material: PolyesterCare: Dry Flat, Hand WashMaterial: PolyesterWedding Occasion: Mother of the Bride, Guest of WeddingCountry of Origin: Imported RETURNS: This item must be returned in its original condition with the green return tag in place.",,,"https://jcpenney.scene7.com/is/image/JCPenney/DP1121202509094605M , https://jcpenney.scene7.com/is/image/JCPenney/DP1121202509094395M , https://jcpenney.scene7.com/is/image/JCPenney/DP1121202509094500M",,,"10 , 14 , 16 , 18 , 6",Black Multi
ppr5008549328,https://www.jcpenney.com/p/city-triangle-womens-juniors-long-sleeve-velvet-bodycon-dress/ppr5008549328?pTmplType=regular,City Triangle Womens Juniors Long Sleeve Velvet Bodycon Dress,CITY TRIANGLE,23.19,54.00,57,"This City Triangle women's and junior's velvet bodycon dress will make you feel the part at a cocktail party or night out. Made from soft stretch-velvet, this short fitted dress has a ruched square neck bodice and long sleeves. Finish the look with pumps and a clutch.Features: Stretch Fabric, Built In BraClosure Type: Hook & Eye, ZipperNeckline: Square NeckSleeve Length: Long SleeveSleeve Style: Fitted SleeveApparel Length: 34 InchesDress Length: Short LengthFiber Content: 95% Polyester, 5% SpandexFabric Description: VelvetLining: LinedLining Material: PolyesterCare: Dry Clean OnlyMaterial: VelvetWedding Occasion: Guest of WeddingCountry of Origin: Imported",,,"https://jcpenney.scene7.com/is/image/JCPenney/DP0804202513010780M , https://jcpenney.scene7.com/is/image/JCPenney/DP0804202513010674M , https://jcpenney.scene7.com/is/image/JCPenney/DP0804202513010885M , https://jcpenney.scene7.com/is/image/JCPenney/DP0703202511003531M",,,"Medium , Small , X-Small",Black
ppr5008504838,https://www.jcpenney.com/p/jessica-howard-womens-applique-3-4-sleeve-sheath-dress/ppr5008504838?pTmplType=regular,Jessica Howard Womens Applique 3/4 Sleeve Sheath Dress,JESSICA HOWARD,64.99,100.00,35,"The lovely design of this women's sheath dress from Jessica Howard is a stylish choice for a wedding or another special occasion. It's made from soft stretch scuba fabric, and features a V-neckline with sheer elbow-length sleeves, a faux wrap waist with a large rosette applique, and a concealed back zip fastening. Pair it with nude heels and minimal jewelry.Features: AppliqueClosure Type: ZipperNeckline: V NeckSleeve Length: 3/4 SleeveApparel Length: 41 Inches - BackDress Length: Knee LengthFiber Content: 95% Polyester, 5% SpandexFabric Description: ScubaLining: LinedLining Material: PolyesterCare: Dry Flat, Hand WashMaterial: ScubaBody Type: HourglassWedding Occasion: Bridesmaid, Mother of the Bride, Guest of WeddingCountry of Origin: Imported RETURNS: This item must be returned in its original condition with the green return tag in place.",,,"https://jcpenney.scene7.com/is/image/JCPenney/DP0414202509020155M , https://jcpenney.scene7.com/is/image/JCPenney/DP0414202509020051M , https://jcpenney.scene7.com/is/image/JCPenney/DP0414202509020259M",5,2,"10 , 12 , 4 , 6 , 8",Navy
ppr5008552213,https://www.jcpenney.com/p/forever-21-womens-juniors-sleeveless-midi-slip-dress/ppr5008552213?pTmplType=regular,Forever 21 Womens Juniors Sleeveless Midi Slip Dress,Forever 21,20.39,34.00,40,"Closure Type: Pullover HeadNeckline: Mock NeckSleeve Length: SleevelessSleeve Style: SleevelessApparel Length: 48.5 Inches - FrontDress Length: Midi LengthFiber Content: 68% Rayon, 27% Nylon, 5% SpandexFabric Description: PonteLining: UnlinedCare: Machine Wash, Tumble DryMaterial: KnitCountry of Origin: Imported",,,"https://jcpenney.scene7.com/is/image/JCPenney/DP0815202511015464M , https://jcpenney.scene7.com/is/image/JCPenney/DP0815202511015361M , https://jcpenney.scene7.com/is/image/JCPenney/DP0815202511015257M",,,"Large , Medium , Small",Black
ppr5008552215,https://www.jcpenney.com/p/forever-21-womens-juniors-short-sleeve-midi-slip-dress/ppr5008552215?pTmplType=regular,Forever 21 Womens Juniors Short Sleeve Midi Slip Dress,Forever 21,20.39,34.00,40,"Features: Side SlitClosure Type: Pullover HeadNeckline: Boat NeckSleeve Length: Short SleeveSleeve Style: Fitted SleeveApparel Length: 48.5 Inches - FrontDress Length: Midi LengthFiber Content: 68% Rayon, 27% Nylon, 5% SpandexFabric Description: PonteLining: UnlinedCare: Machine Wash, Tumble DryMaterial: KnitCountry of Origin: Imported",,,"https://jcpenney.scene7.com/is/image/JCPenney/DP0726202513063841M , https://jcpenney.scene7.com/is/image/JCPenney/DP0726202513063631M , https://jcpenney.scene7.com/is/image/JCPenney/DP0726202513063736M",5,1,"Large , Medium , X-Small",Cabernet
ppr5008522090,https://www.jcpenney.com/p/dj-jaz-off-the-shoulder-womens-beaded-short-sleeve-evening-gown/ppr5008522090?pTmplType=regular,DJ Jaz Off The Shoulder Womens Beaded Short Sleeve Evening Gown,DJ JAZ,51.99,130.00,60,"This DJ Jaz women's off the shoulder beaded evening gown is a truly elegant style you'll feel great in at a wedding or formal event. It's made from stretch-jersey with a lace overlay and short cold-shoulder sleeves, plus a chiffon floaty ruffled panel for a feminine touch. Wear it with pumps.Strap Type: SpaghettiFeatures: BeadedClosure Type: ZipperNeckline: Straight NeckSleeve Length: Short SleeveSleeve Style: Cold Shoulder SleeveApparel Length: 62 InchesDress Length: Long LengthFiber Content: 100% PolyesterFabric Description: Jersey, ItyLining: LinedLining Material: PolyesterCare: Spot Clean, Dry FlatMaterial: JerseyWedding Occasion: Guest of Wedding, Mother of the Bride, BridesmaidCountry of Origin: Imported",,,"https://jcpenney.scene7.com/is/image/JCPenney/DP0717202511003910M , https://jcpenney.scene7.com/is/image/JCPenney/DP0717202511003701M , https://jcpenney.scene7.com/is/image/JCPenney/DP0717202511004014M , https://jcpenney.scene7.com/is/image/JCPenney/DP0717202511003806M",4.3333,3,"16 , 18 , 6",Black
ppr5008499284,https://www.jcpenney.com/p/melonie-t-womens-sleeveless-striped-maxi-dress/ppr5008499284?pTmplType=regular,Melonie T Womens Sleeveless Striped Maxi Dress,MELONIE T,22.19,89.00,75,"This Melonie T women's striped maxi dress is the perfect pick for sunshine-filled days. Made from colorful crochet and fully lined for coverage, it features a square neckline, thin straps, and a belted waist. Pair it with strappy sandals. Included: 1 Belt(s)Features: Hidden Closure, BeltedClosure Type: ZipperNeckline: Square NeckSleeve Length: SleevelessApparel Length: 54.5 Inches - Front, 52 Inches - BackDress Length: Long LengthFiber Content: 100% PolyesterFabric Description: CrochetLining: Fully LinedLining Material: PolyesterCare: Line Dry, Hand WashCountry of Origin: Imported",,,"https://jcpenney.scene7.com/is/image/JCPenney/DP0314202511011084M , https://jcpenney.scene7.com/is/image/JCPenney/DP0314202511010979M , https://jcpenney.scene7.com/is/image/JCPenney/DP0314202511011188M",5,5,"12 , 14 , 16",Ecru Multi
ppr5008543675,https://www.jcpenney.com/p/sam-and-jess-velvet-womens-sleeveless-scroll-evening-gown/ppr5008543675?pTmplType=regular,Sam And Jess Velvet Womens Sleeveless Scroll Evening Gown,SAM AND JESS,51.99,130.00,60,"This Sam and Jess women's sleeveless evening gown has a Grecian goddess silhouette with a contemporary pattern. Made from textured velvet, this flowy dress has a v-neckline, a gathered waist and a flattering flared skirt. Wear it with heels and statement earrings.Features: Stretch FabricClosure Type: ZipperNeckline: V NeckSleeve Length: SleevelessApparel Length: 56 Inches - BackDress Length: Long LengthFiber Content: 62% Polyester, 30% Nylon, 8% SpandexFabric Description: VelvetLining: LinedLining Material: PolyesterCare: Line Dry, Hand WashMaterial: VelvetWedding Occasion: Guest of WeddingCountry of Origin: Imported",,,"https://jcpenney.scene7.com/is/image/JCPenney/DP0828202509015060M , https://jcpenney.scene7.com/is/image/JCPenney/DP0828202509014853M , https://jcpenney.scene7.com/is/image/JCPenney/DP0828202509014957M",5,1,"10 , 12 , 14 , 16 , 18 , 2 , 4 , 6 , 8",Rich Black
ppr5008618501,https://www.jcpenney.com/p/forever-21-womens-juniors-sleeveless-sequin-bodycon-dress/ppr5008618501?pTmplType=regular,Forever 21 Womens Juniors Sleeveless Sequin Bodycon Dress,Forever 21,22.79,38.00,40,"Strap Type: SpaghettiFeatures: SequinsClosure Type: Pull On, TieNeckline: Sweetheart NeckSleeve Length: SleevelessApparel Length: 29.75 Inches - FrontDress Length: Short LengthFiber Content: 95% Polyester, 5% SpandexFabric Description: KnitLining: Fully LinedCare: Hand Wash, Line DryCountry of Origin: Imported",,,"https://jcpenney.scene7.com/is/image/JCPenney/DP0918202513034234M , https://jcpenney.scene7.com/is/image/JCPenney/DP0918202513034026M , https://jcpenney.scene7.com/is/image/JCPenney/DP0918202513034129M",,,"Large , Medium , Small , X-Large",Black
ppr5008535170,https://www.jcpenney.com/p/msk-womens-crew-neck-short-split-sleeve-jumpsuit/ppr5008535170?pTmplType=regular,MSK Womens Crew Neck Short Split Sleeve Jumpsuit,MSK,54.39,99.00,45,"Make a sleek statement in the MSK women’s jumpsuit. Featuring stylish short split sleeves, a crew neckline, and a flattering modern fit, this zip-closure design blends elegance with ease. Crafted from lightweight chiffon, it’s perfect for pear-shaped figures seeking comfort and sophistication in one chic piece.Closure Type: ZipperNeckline: Round NeckSleeve Length: Short SleeveSleeve Style: Split SleeveFiber Content: 100% PolyesterFabric Description: ChiffonInseam: 32 InCare: Hand Wash, Line DryBody Type: HourglassCountry of Origin: Imported",,,"https://jcpenney.scene7.com/is/image/JCPenney/DP0811202509012418M , https://jcpenney.scene7.com/is/image/JCPenney/DP0811202509012209M , https://jcpenney.scene7.com/is/image/JCPenney/DP0811202509012314M",2.5,4,"Medium , Small",Zinfandel
ppr5008547292,https://www.jcpenney.com/p/bold-elements-womens-plus-long-sleeve-casual-zebra-bodycon-dress/ppr5008547292?pTmplType=regular,Bold Elements Womens Plus Long Sleeve Casual Zebra Bodycon Dress,BOLD ELEMENTS,20.99,70.00,70,"This Bold Elements women's zebra-print dress is an on-trend update for your party wardrobe. Made from stretch-jersey, this fitted short dress has an asymmetrical neckline and long sleeves. Wear it with pumps.Closure Type: Pullover HeadNeckline: Asymmetrical NeckSleeve Length: Long SleeveSleeve Style: Fitted SleeveApparel Length: 35 InchesDress Length: Short LengthFiber Content: 52% Nylon, 29% Polyester, 19% SpandexFabric Description: JerseyLining: Partially LinedLining Material: PolyesterCare: Machine Wash, Tumble DryCountry of Origin: Imported",,,"https://jcpenney.scene7.com/is/image/JCPenney/DP0919202509204267M , https://jcpenney.scene7.com/is/image/JCPenney/DP0919202509204057M , https://jcpenney.scene7.com/is/image/JCPenney/DP0919202509204162M",,,"1X , 2X , 3X",Zebra Print
ppr5008529697,https://www.jcpenney.com/p/brianna-milay-womens-sleeveless-applique-embroidered-floral-fit-flare-dress/ppr5008529697?pTmplType=regular,Brianna Milay Womens Sleeveless Applique Embroidered Floral Fit + Flare Dress,BRIANNA MILAY,62.99,140.00,55,"This Brianna Milay women's sleeveless fit and flare dress is an elegant number for a cocktail party or special occasion. This flattering midi dress comes with a wrap v-neckline and a flared skirt with a mesh overlay featuring floral applique. Finish the look with pumps and a clutch. Features: Embroidered, AppliqueClosure Type: ZipperNeckline: V NeckPocket Types: 2 Side Slip Pocket(s)Sleeve Length: SleevelessApparel Length: 44.5 Inches - BackDress Length: Knee LengthFiber Content: 100% PolyesterFabric Description: MeshLining: Partially LinedLining Material: PolyesterCare: Line Dry, Hand WashMaterial: PolyesterWedding Occasion: Guest of WeddingCountry of Origin: Imported",,,"https://jcpenney.scene7.com/is/image/JCPenney/DP0515202509015276M , https://jcpenney.scene7.com/is/image/JCPenney/DP0515202509015173M , https://jcpenney.scene7.com/is/image/JCPenney/DP0515202509015380M",,,"10 , 12 , 14 , 6 , 8",Black Blush
ppr5008440044,https://www.jcpenney.com/p/jessica-howard-womens-3-4-sleeve-plaid-shift-dress/ppr5008440044?pTmplType=regular,Jessica Howard Womens 3/4 Sleeve Plaid Shift Dress,JESSICA HOWARD,20.69,69.00,70,"This Jessica Howard women's shift dress features a beautiful multicolor plaid print to upgrade your fall and winter wardrobe with. This short dress has a boat neckline, side pockets for added functionality and 3/4 bell sleeves for a feminine touch. Wear it to the office or brunch with boots. Closure Type: ButtonNeckline: Boat NeckPocket Types: 2 Side Slip Pocket(s)Sleeve Length: 3/4 SleeveSleeve Style: Bell SleeveApparel Length: 36 Inches - BackDress Length: Short LengthFiber Content: 97% Polyester, 3% SpandexFabric Description: KnitLining Material: PolyesterCare: Dry Flat, Machine WashCountry of Origin: Imported",,,"https://jcpenney.scene7.com/is/image/JCPenney/DP0715202409033163M , https://jcpenney.scene7.com/is/image/JCPenney/DP0715202409033061M , https://jcpenney.scene7.com/is/image/JCPenney/DP0715202409033265M",5,1,"Large , Medium , Small",Red Multi
ppr5008486972,https://www.jcpenney.com/p/brianna-milay-womens-beaded-lace-jacket-dress/ppr5008486972?pTmplType=regular,Brianna Milay Womens Beaded Lace Jacket Dress,BRIANNA MILAY,62.69,110.00,43,"Perfect for weddings and special occasions, this set from Brianna Milay pairs a sleeveless knee-length dress with a matching lace jacket. The dress features a flattering V-neckline while the sheer jacket has three-quarter sleeves. Finish the look with nude heels. # Pieces In Set: 22nd Piece Closure Type: Hidden Zipper2nd Piece Neckline: V Neck2nd Piece Sleeve Style: Fitted Sleeve2nd Piece Sleeve Length: 3/4 Sleeves2nd Piece Fabric: Lace2nd Piece Care: Dry Flat, Hand WashFeatures: Beaded, LaceNeckline: V NeckSleeve Length: 3/4 SleeveSleeve Style: Fitted SleeveApparel Length: 40.75 Inches - BackDress Length: Knee LengthFiber Content: 100% PolyesterFabric Description: LaceLining: UnlinedCare: Dry Flat, Hand WashMaterial: LaceWedding Occasion: Guest of Wedding, Mother of the BrideCountry of Origin: Imported",,,"https://jcpenney.scene7.com/is/image/JCPenney/DP0404202513002558M , https://jcpenney.scene7.com/is/image/JCPenney/DP0404202513002454M , https://jcpenney.scene7.com/is/image/JCPenney/DP0404202513002662M , https://jcpenney.scene7.com/is/image/JCPenney/DP0404202513002349M , https://jcpenney.scene7.com/is/image/JCPenney/DP0404202513002767M",,,"10 , 16 , 18",Latte
ppr5008513243,https://www.jcpenney.com/p/city-triangle-womens-juniors-embroidered-babydoll-dress/ppr5008513243?pTmplType=regular,City Triangle Womens Juniors Embroidered Babydoll Dress,CITY TRIANGLE,22.39,64.00,65,"Strap Type: TankFeatures: Embroidered, SmockedClosure Type: Pullover HeadNeckline: Straight NeckApparel Length: 34 InchesDress Length: Short LengthFiber Content: 97% Cotton, 3% SpandexFabric Description: PoplinLining: Partially LinedLining Material: PolyesterCare: Dry Clean OnlyMaterial: Cotton BlendWedding Occasion: Guest of WeddingCountry of Origin: Imported",,,"https://jcpenney.scene7.com/is/image/JCPenney/DP0327202507114619M , https://jcpenney.scene7.com/is/image/JCPenney/DP0327202507114514M , https://jcpenney.scene7.com/is/image/JCPenney/DP0327202507114722M",,,"Medium , X-Small",Black Cream
ppr5008529698,https://www.jcpenney.com/p/brianna-milay-womens-long-sleeve-evening-gown/ppr5008529698?pTmplType=regular,Brianna Milay Womens Long Sleeve Evening Gown,BRIANNA MILAY,77.99,120.00,35,"Turn heads as a wedding guest or another special event wearing this beautiful women's evening gown from Brianna Milay. Designed from soft chiffon, it features a V-neckline, long sleeves, a gathered waist, and a concealed back zip closure. Wear it with crystal earrings to complete this elegant ensemble.Features: Pleated, Faux WrapClosure Type: ZipperNeckline: V NeckSleeve Length: Long SleeveSleeve Style: Fitted SleeveApparel Length: 57.44 Inches - BackDress Length: Long LengthFiber Content: 100% PolyesterFabric Description: ChiffonLining: Partially LinedLining Material: PolyesterCare: Line Dry, Hand WashMaterial: PolyesterWedding Occasion: Mother of the Bride, Guest of Wedding, BridesmaidCountry of Origin: Imported",,,"https://jcpenney.scene7.com/is/image/JCPenney/DP0515202509015690M , https://jcpenney.scene7.com/is/image/JCPenney/DP0515202509015586M , https://jcpenney.scene7.com/is/image/JCPenney/DP0515202509015793M",5,1,6,Rose Gold
ppr5008544516,https://www.jcpenney.com/p/rm-rebecca-minkoff-womens-short-sleeve-shift-dress/ppr5008544516?pTmplType=regular,RM Rebecca Minkoff Womens Short Sleeve Shift Dress,RM REBECCA MINKOFF,22.19,74.00,70,"Modern and minimal, this RM Rebecca Minkoff mini dress brings subtle shine to your everyday style. The relaxed fit and short sleeves keep things easy and effortless. A front seam detail adds structure to the clean silhouette. Crafted from soft silver lurex knit with a hint of shimmer.Closure Type: Pullover HeadNeckline: Crew NeckPocket Types: 2 Side Slip Pocket(s)Sleeve Length: Short SleeveApparel Length: 34 InchesDress Length: Short LengthFiber Content: 40% Rayon, 40% Polyester, 10% Nylon, 6% Lurex Metallic, 4% SpandexFabric Description: KnitCare: Tumble Dry, Machine WashCountry of Origin: Imported",,,"https://jcpenney.scene7.com/is/image/JCPenney/DP0801202507202108M , https://jcpenney.scene7.com/is/image/JCPenney/DP0801202507201899M , https://jcpenney.scene7.com/is/image/JCPenney/DP0801202507202213M , https://jcpenney.scene7.com/is/image/JCPenney/DP0801202507202004M",,,"Large , Medium , Small , X-Large , X-Small , Xx-Large",Heather Grey
ppr5008538269,https://www.jcpenney.com/p/dj-jaz-velvet-womens-sleeveless-evening-gown/ppr5008538269?pTmplType=regular,DJ Jaz Velvet Womens Sleeveless Evening Gown,DJ JAZ,51.99,130.00,60,"DJ Jaz Velvet womens Sleeveless Evening Gown captures timeless sophistication with its smooth velvet texture and elegant floor-length cut. The sleeveless design enhances its refined silhouette. Pair with metallic heels and statement jewelry for an effortlessly glamorous evening style.Closure Type: ZipperNeckline: Asymmetrical NeckSleeve Length: SleevelessSleeve Style: One Shoulder SleeveApparel Length: 60 Inches - FrontDress Length: Long LengthFiber Content: 94% Polyester, 6% SpandexFabric Description: VelvetLining: Partially LinedLining Material: PolyesterCare: Dry Flat, Spot CleanMaterial: VelvetWedding Occasion: Guest of WeddingCountry of Origin: Imported RETURNS: This item must be returned in its original condition with the green return tag in place.",,,"https://jcpenney.scene7.com/is/image/JCPenney/DP0819202513010713M , https://jcpenney.scene7.com/is/image/JCPenney/DP0819202513010608M , https://jcpenney.scene7.com/is/image/JCPenney/DP0819202513010503M , https://jcpenney.scene7.com/is/image/JCPenney/DP0819202513010817M",5,3,"12 , 16 , 18",Black
ppr5008513244,https://www.jcpenney.com/p/city-triangle-womens-short-sleeve-juniors-floral-babydoll-dress/ppr5008513244?pTmplType=regular,City Triangle Womens Short Sleeve Juniors Floral Babydoll Dress,CITY TRIANGLE,23.59,59.00,60,"The City Triangle women’s babydoll dress features a colorful floral floral pattern that instantly brings the romance to your look. It's made from a lightweight chiffon, and features a split sweetheart neckline, and puff sleeves with an elastic ruffle trim. Add white sneakers and a crossbody bag for a cute, carefree outfit.Features: Bow, Cut OutsClosure Type: Pullover HeadNeckline: V NeckSleeve Length: Short SleeveSleeve Style: Puffed SleeveApparel Length: 34 InchesDress Length: Short LengthFiber Content: 100% PolyesterFabric Description: ChiffonLining: LinedLining Material: PolyesterCare: Line Dry, Machine WashMaterial: ChiffonWedding Occasion: Guest of WeddingCountry of Origin: Imported",,,"https://jcpenney.scene7.com/is/image/JCPenney/DP0327202507115135M , https://jcpenney.scene7.com/is/image/JCPenney/DP0327202507114928M , https://jcpenney.scene7.com/is/image/JCPenney/DP0327202507115238M , https://jcpenney.scene7.com/is/image/JCPenney/DP0327202507115032M",,,"Large , Medium , Small , X-Large , X-Small , Xx-Large",Pink Berry
ppr5008522150,https://www.jcpenney.com/p/r-m-richards-womens-sleeveless-evening-gown/ppr5008522150?pTmplType=regular,R & M Richards Womens Sleeveless Evening Gown,R & M RICHARDS,51.99,130.00,60,"Make an entrance in the R&M Richards women’s evening gown. Crafted from soft chiffon, this sleeveless dress features a V-neck and ruffle detail. It comes with a matching cape jacket with a tie-up neck and 3/4 sleeves.# Pieces In Set: 2Included: 1 Cape(s)2nd Piece Description: Jacket2nd Piece Closure Type: Tie2nd Piece Neckline: Round Neck2nd Piece Sleeve Length: 3/4 Sleeves2nd Piece Fabric: Chiffon2nd Piece Fiber Content: 100% Polyester2nd Piece Care: Hand Wash, Line DryFeatures: SheerClosure Type: ZipperNeckline: V NeckSleeve Length: SleevelessApparel Length: 59 InchesDress Length: Long LengthFiber Content: 100% PolyesterFabric Description: ChiffonLining: LinedLining Material: PolyesterCare: Line Dry, Hand WashMaterial: ChiffonWedding Occasion: Guest of Wedding, Bridesmaid, Mother of the BrideCountry of Origin: Imported",,,"https://jcpenney.scene7.com/is/image/JCPenney/DP0702202507021465M , https://jcpenney.scene7.com/is/image/JCPenney/DP0702202507021674M , https://jcpenney.scene7.com/is/image/JCPenney/DP0702202507021257M , https://jcpenney.scene7.com/is/image/JCPenney/DP0702202507021362M , https://jcpenney.scene7.com/is/image/JCPenney/DP0702202507021154M",,,"10 , 12 , 14 , 16 , 4 , 6 , 8",Emerald
ppr5008552267,https://www.jcpenney.com/p/forever-21-womens-juniors-plus-sleeveless-midi-casual-bodycon-dress/ppr5008552267?pTmplType=regular,Forever 21 Womens Juniors Plus Sleeveless Midi Casual Bodycon Dress,Forever 21,20.39,34.00,40,"Strap Type: TankFeatures: Side SlitClosure Type: Pullover HeadNeckline: Scoop NeckSleeve Length: SleevelessSleeve Style: SleevelessApparel Length: 46.25 Inches - FrontDress Length: Midi LengthFiber Content: 68% Rayon, 27% Nylon, 5% SpandexFabric Description: PonteLining: UnlinedCare: Machine Wash, Tumble DryMaterial: KnitCountry of Origin: Imported",,,"https://jcpenney.scene7.com/is/image/JCPenney/DP0707202509150611M , https://jcpenney.scene7.com/is/image/JCPenney/DP0707202509150402M , https://jcpenney.scene7.com/is/image/JCPenney/DP0707202509150506M",,,"1X , 2X , 3X",Black
ppr5008537474,https://www.jcpenney.com/p/city-triangle-womens-juniors-fit-flare-dress/ppr5008537474?pTmplType=regular,City Triangle Womens Juniors Fit + Flare Dress,CITY TRIANGLE,51.99,104.00,50,"Crafted for elegance, this City Triangle juniors’ fit & flare dress offers a chic silhouette. The dress features a one-shoulder strap design, an asymmetrical neck, 2 side-slip pockets, zipper, hook & eye closure. Made from soft-stretch knit fabric, this short-length dress with built-in bra and rhinestone embellishments is a sophisticated choice for any special occasion.Strap Type: SpaghettiFeatures: Stretch Fabric, Built In Bra, Rhinestones, GlitterClosure Type: Hook & Eye, ZipperNeckline: Asymmetrical NeckPocket Types: 2 Side Slip Pocket(s)Apparel Length: 34.5 InchesDress Length: Short LengthFiber Content: 60% Metallic, 40% SpandexFabric Description: KnitLining: Fully LinedLining Material: PolyesterCare: Dry Clean OnlyWedding Occasion: Guest of WeddingCountry of Origin: Imported RETURNS: This item must be returned in its original condition with the green return tag in place.",,,"https://jcpenney.scene7.com/is/image/JCPenney/DP0508202507013298M , https://jcpenney.scene7.com/is/image/JCPenney/DP0508202507013193M , https://jcpenney.scene7.com/is/image/JCPenney/DP0508202507013402M",5,1,"2 , 6",Royal Teal
ppr5008512004,https://www.jcpenney.com/p/bold-elements-womens-sleeveless-bodycon-dress/ppr5008512004?pTmplType=regular,Bold Elements Womens Sleeveless Bodycon Dress,BOLD ELEMENTS,23.99,80.00,70,"Closure Type: TieNeckline: Halter NeckSleeve Length: SleevelessApparel Length: 32.13 InchesDress Length: Short LengthFiber Content: 68% Rayon, 27% Nylon, 5% SpandexFabric Description: PonteCare: Hand Wash, Line DryCountry of Origin: Imported",,,"https://jcpenney.scene7.com/is/image/JCPenney/DP0623202509062439M , https://jcpenney.scene7.com/is/image/JCPenney/DP0623202509062230M , https://jcpenney.scene7.com/is/image/JCPenney/DP0623202509062335M",,,"Large , Medium , Small , X-Large , X-Small , Xx-Large",Black
ppr5008470317,https://www.jcpenney.com/p/b-smart-womens-juniors-sleeveless-embellished-sequin-ball-gown/ppr5008470317?pTmplType=regular,B. Smart Womens Juniors Sleeveless Embellished Sequin Ball Gown,BEE SMART,68.99,300.00,77,"This B. Smart women's and junior's ball gown is a dreamy princess-like style you'll love wearing for a special occasion. Crafted from soft mesh, this strapless floor-length dress has a ruched bustier and a ruffled full skirt made from tulle layers with sequins. Wear it with stilettos and statement earrings. Features: Sequins, EmbellishedClosure Type: ZipperNeckline: Straight NeckSleeve Length: SleevelessApparel Length: 63 InchesDress Length: Long LengthFiber Content: 100% PolyesterFabric Description: MeshLining: Fully LinedLining Material: PolyesterCare: Spot Clean, Tumble DryWedding Occasion: Guest of WeddingCountry of Origin: Imported RETURNS: This item must be returned in its original condition with the green return tag in place.",,,"https://jcpenney.scene7.com/is/image/JCPenney/DP0828202407035397M , https://jcpenney.scene7.com/is/image/JCPenney/DP0828202407035193M , https://jcpenney.scene7.com/is/image/JCPenney/DP0828202407035499M , https://jcpenney.scene7.com/is/image/JCPenney/DP0828202407035295M",5,2,"0 , 1 , 9",Lilac Iri
ppr5008547564,https://www.jcpenney.com/p/womens-juniors-sleeveless-hello-kitty-casual-bodycon-dress/ppr5008547564?pTmplType=regular,Womens Juniors Sleeveless Hello Kitty Casual Bodycon Dress,Bio,21.59,48.00,55,"Strap Type: SpaghettiCharacter: Hello KittyClosure Type: Pullover HeadNeckline: Scoop NeckSleeve Length: SleevelessApparel Length: 34 InchesDress Length: Short LengthFiber Content: 95% Cotton, 5% SpandexFabric Description: JerseyCare: Machine Wash, Tumble DryCountry of Origin: Imported",,,"https://jcpenney.scene7.com/is/image/JCPenney/DP0808202511023610M , https://jcpenney.scene7.com/is/image/JCPenney/DP0808202511023400M , https://jcpenney.scene7.com/is/image/JCPenney/DP0808202511023505M , https://jcpenney.scene7.com/is/image/JCPenney/DP0808202511023296M",1,1,"X-Large , X-Small , Xx-Large",Pink
ppr5008537497,https://www.jcpenney.com/p/city-triangle-womens-juniors-short-sleeve-floral-fit-flare-dress/ppr5008537497?pTmplType=regular,City Triangle Womens Juniors Short Sleeve Floral Fit + Flare Dress,CITY TRIANGLE,22.39,64.00,65,"Features: Smocked, Tiered, Lace TrimClosure Type: Pullover HeadNeckline: Square NeckSleeve Length: Short SleeveSleeve Style: Puffed SleeveApparel Length: 34.5 InchesDress Length: Short LengthFiber Content: 100% PolyesterFabric Description: ChiffonLining: LinedLining Material: PolyesterCare: Line Dry, Machine WashMaterial: ChiffonWedding Occasion: Guest of WeddingCountry of Origin: Imported",,,"https://jcpenney.scene7.com/is/image/JCPenney/DP0722202509023972M , https://jcpenney.scene7.com/is/image/JCPenney/DP0722202509023868M , https://jcpenney.scene7.com/is/image/JCPenney/DP0722202509024076M",4,1,"Large , Medium , Small , X-Small",Blk Mauve
ppr5008519518,https://www.jcpenney.com/p/marc-new-york-womens-sleeveless-midi-fit-flare-dress/ppr5008519518?pTmplType=regular,Marc New York Womens Sleeveless Midi Fit + Flare Dress,MARC NEW YORK,53.39,89.00,40,"This Marc New York sleeveless fit and flare dress for women is a chic, tailored style for work or a social gathering. Made from stretch-scuba, this midi dress has a flattering silhouette with a v-neck and a flared skirt. Wear it with pumps.Closure Type: ZipperNeckline: V NeckSleeve Length: SleevelessApparel Length: 47.88 Inches - BackDress Length: Midi LengthFiber Content: 95% Polyester, 5% SpandexFabric Description: ScubaLining: UnlinedCare: Dry Clean OnlyMaterial: ChiffonCountry of Origin: Imported",,,"https://jcpenney.scene7.com/is/image/JCPenney/DP0724202515014432M , https://jcpenney.scene7.com/is/image/JCPenney/DP0724202515014223M , https://jcpenney.scene7.com/is/image/JCPenney/DP0724202515014537M , https://jcpenney.scene7.com/is/image/JCPenney/DP0724202515014748M , https://jcpenney.scene7.com/is/image/JCPenney/DP0724202515014327M",5,3,"12 , 16",Cypress
ppr5008460542,https://www.jcpenney.com/p/studio-1-womens-short-sleeve-embellished-pearl-trim-sweater-dress/ppr5008460542?pTmplType=regular,Studio 1 Womens Short Sleeve Embellished Pearl Trim Sweater Dress,STUDIO 1,23.69,79.00,70,"This Studio 1 women's sweater dress is an easy pick to wear to the office or a dressed-up occasion. It's crafted from soft knit fabric and has a scoop neckline adorned with a pearl trim, short fitted sleeves with fringe detailing and a knee length silhouette. Pair it with boots or heels. Features: Embellished, Pearl TrimNeckline: Scoop NeckSleeve Length: Short SleeveSleeve Style: Fitted SleeveApparel Length: 37 InchesDress Length: Knee LengthFiber Content: 50% Rayon, 28% Polyester, 22% NylonFabric Description: KnitCare: Dry Flat, Machine WashMaterial: RayonCountry of Origin: Imported",,,"https://jcpenney.scene7.com/is/image/JCPenney/DP0904202409024828M , https://jcpenney.scene7.com/is/image/JCPenney/DP0904202409024726M , https://jcpenney.scene7.com/is/image/JCPenney/DP0904202409024930M",4,1,"Large , Medium , Small , X-Large",Gray
ppr5007933540,https://www.jcpenney.com/p/r-m-richards-3-4-sleeve-jacket-dress-with-removable-necklace/ppr5007933540?pTmplType=regular,R & M Richards 3/4 Sleeve Jacket Dress with Removable Necklace,R & M RICHARDS,56.39,120.00,53,"R & M Richards gives you a complete look with this long jacket, dress, and necklace combination from their women's collection. Made from soft jersey, this set features a scoop neck sleeveless knee-length shift dress with beaded detail, a matching sheer three-quarter sleeve open shawl with a beaded trim, and a removable silver-tone drop necklace. Complement this one-and-done style with flats or stacked heels.# Pieces In Set: 2Included: 1 Necklace(s)2nd Piece Description: Jacket2nd Piece Sleeve Length: 3/4 Sleeves2nd Piece Fabric: Jersey2nd Piece Fiber Content: 95% Polyester, 5% Spandex2nd Piece Care: Hand WashFeatures: Removable Necklace, GlitterClosure Type: Pullover HeadNeckline: Round NeckSleeve Length: SleevelessApparel Length: 40 InchesDress Length: Knee LengthFiber Content: 95% Polyester, 5% SpandexFabric Description: JerseyLining Material: PolyesterCare: Hand WashMaterial: JerseyWedding Occasion: Guest of Wedding, Mother of the BrideCountry of Origin: Imported RETURNS: This item must be returned in its original condition with the green return tag in place.",,,"https://jcpenney.scene7.com/is/image/JCPenney/DP0614202309033119M , https://jcpenney.scene7.com/is/image/JCPenney/DP0614202309033015M , https://jcpenney.scene7.com/is/image/JCPenney/DP0113202009001098M , https://jcpenney.scene7.com/is/image/JCPenney/DP0113202009001083M , https://jcpenney.scene7.com/is/image/JCPenney/DP0614202309033222M , https://jcpenney.scene7.com/is/image/JCPenney/DP0113202009001086M , https://jcpenney.scene7.com/is/image/JCPenney/DP0614202309032912M , https://jcpenney.scene7.com/is/image/JCPenney/DP0113202009001095M , https://jcpenney.scene7.com/is/image/JCPenney/DP0612202311020829M",4.6111,36,6,Navy
ppr5008552627,https://www.jcpenney.com/p/trixxi-womens-juniors-short-sleeve-floral-fit-flare-dress/ppr5008552627?pTmplType=regular,Trixxi Womens Juniors Short Sleeve Floral Fit + Flare Dress,TRIXXI,22.39,64.00,65,"Closure Type: Pullover HeadNeckline: V NeckSleeve Length: Short SleeveSleeve Style: Puffed SleeveApparel Length: 33 InchesDress Length: Short LengthFiber Content: 100% PolyesterFabric Description: WovenLining: Fully LinedLining Material: PolyesterCare: Hand Wash, Line DryWedding Occasion: Guest of WeddingCountry of Origin: Imported",,,"https://jcpenney.scene7.com/is/image/JCPenney/DP0617202507064165M , https://jcpenney.scene7.com/is/image/JCPenney/DP0617202507064060M , https://jcpenney.scene7.com/is/image/JCPenney/DP0617202507064374M , https://jcpenney.scene7.com/is/image/JCPenney/DP0617202507064269M , https://jcpenney.scene7.com/is/image/JCPenney/DP0617202507063956M",,,Small,"Burgflor , Black"
ppr5008534777,https://www.jcpenney.com/p/byby-womens-juniors-bodycon-dress/ppr5008534777?pTmplType=regular,by&by Womens Juniors Bodycon Dress,BY AND BY,51.99,104.00,50,"This by&by women's and junior's bodycon dress features a striking sequined pattern, making it perfect for a special occasion. This fitted short dress has a round neck and long sleeves - wear it with pumps or heeled sandals.Closure Type: Loop & Button, ZipperNeckline: Crew NeckApparel Length: 34 Inches - BackDress Length: Short LengthFiber Content: 95% Polyester, 5% SpandexFabric Description: KnitCare: Line Dry, Machine WashWedding Occasion: Guest of WeddingCountry of Origin: Imported RETURNS: This item must be returned in its original condition with the green return tag in place.",,,"https://jcpenney.scene7.com/is/image/JCPenney/DP0815202511001911M , https://jcpenney.scene7.com/is/image/JCPenney/DP0815202511001703M , https://jcpenney.scene7.com/is/image/JCPenney/DP0815202511001806M",,,X-Small,Burgundy
ppr5008552621,https://www.jcpenney.com/p/trixxi-womens-juniors-sleeveless-floral-fit-flare-dress/ppr5008552621?pTmplType=regular,Trixxi Womens Juniors Sleeveless Floral Fit + Flare Dress,TRIXXI,31.99,64.00,50,"Strap Type: AdjustableClosure Type: Pullover HeadNeckline: V NeckSleeve Length: SleevelessSleeve Style: SleevelessApparel Length: 33 InchesDress Length: Short LengthFiber Content: 100% PolyesterFabric Description: WovenLining: Fully LinedLining Material: PolyesterCare: Line Dry, Hand WashWedding Occasion: Guest of WeddingCountry of Origin: Imported",,,"https://jcpenney.scene7.com/is/image/JCPenney/DP0623202507053441M , https://jcpenney.scene7.com/is/image/JCPenney/DP0623202507053336M , https://jcpenney.scene7.com/is/image/JCPenney/DP0623202507053753M , https://jcpenney.scene7.com/is/image/JCPenney/DP0623202507053650M , https://jcpenney.scene7.com/is/image/JCPenney/DP0623202507053232M",,,"Medium , Small","Black , Pinkflrmult"
ppr5008534152,https://www.jcpenney.com/p/radiante-couture-womens-juniors-sleeveless-fit-flare-dress/ppr5008534152?pTmplType=regular,Radiante Couture Womens Juniors Sleeveless Fit + Flare Dress,RADIANTE COUTURE,51.99,104.00,50,"Embrace elegant simplicity with this Radiante Couture juniors’ fit & flare dress. The V-neck, spaghetti straps and back zip closure create a classic silhouette, while the all-over ruffle design adds a touch of feminine charm. Fully lined and made from soft mesh, this dress is perfect for any special occasion.Strap Type: SpaghettiClosure Type: ZipperNeckline: V NeckSleeve Length: SleevelessSleeve Style: SleevelessDress Length: Short LengthFiber Content: 100% PolyesterFabric Description: MeshLining: Fully LinedLining Material: PolyesterCare: Hand WashWedding Occasion: Guest of WeddingCountry of Origin: Imported RETURNS: This item must be returned in its original condition with the green return tag in place.",,,"https://jcpenney.scene7.com/is/image/JCPenney/DP0627202509015209M , https://jcpenney.scene7.com/is/image/JCPenney/DP0627202509014999M , https://jcpenney.scene7.com/is/image/JCPenney/DP0627202509015104M",,,15,Ice Blue
ppr5008618524,https://www.jcpenney.com/p/forever-21-womens-juniors-sleeveless-fit-flare-dress/ppr5008618524?pTmplType=regular,Forever 21 Womens Juniors Sleeveless Fit + Flare Dress,Forever 21,22.79,38.00,40,"This Forever 21 women's and junior's bubble dress is an on-trend chic addition to your evening rotation. Crafted from stretch-ponte, this sleeveless short fit and flare style has a square neck and a rhinestone embellished bubble skirt to add form. Wear it with heels or ankle boots.Strap Type: StraplessFeatures: RhinestonesClosure Type: Pull OnNeckline: Straight NeckSleeve Length: SleevelessApparel Length: 25 Inches - FrontDress Length: Short LengthFiber Content: 95% Polyester, 5% ElastaneFabric Description: PonteLining: Partially LinedCare: Hand WashCountry of Origin: Imported",,,"https://jcpenney.scene7.com/is/image/JCPenney/DP0918202513040325M , https://jcpenney.scene7.com/is/image/JCPenney/DP0918202513040116M , https://jcpenney.scene7.com/is/image/JCPenney/DP0918202513040220M",,,"Large , Medium , Small , X-Large , X-Small",Black White
ppr5008503729,https://www.jcpenney.com/p/bold-elements-womens-sleeveless-animal-maxi-dress/ppr5008503729?pTmplType=regular,Bold Elements Womens Sleeveless Animal Maxi Dress,BOLD ELEMENTS,20.99,70.00,70,"All eyes will be on you wearing this ultra-glam Bold Elements women's royal purple leopard-print maxi dress. Made from stretch jersey, it features an asymmetrical neckline, a gold-tone ring adorned shoulder and a long length. Wear it with stilettos.Neckline: Asymmetrical NeckSleeve Length: SleevelessApparel Length: 53 InchesDress Length: Knee LengthFiber Content: 100% PolyesterFabric Description: JerseyLining: UnlinedCare: Tumble Dry, Machine WashCountry of Origin: Imported",,,"https://jcpenney.scene7.com/is/image/JCPenney/DP0428202509105301M , https://jcpenney.scene7.com/is/image/JCPenney/DP0428202509105197M , https://jcpenney.scene7.com/is/image/JCPenney/DP0428202509105405M",5,3,Petite Small,Animal Melange
ppr5008469884,https://www.jcpenney.com/p/b-smart-womens-juniors-sleeveless-embellished-embroidered-ball-gown/ppr5008469884?pTmplType=regular,B. Smart Womens Juniors Sleeveless Embellished Embroidered Ball Gown,BEE SMART,74.99,300.00,75,"This B. Smart women's and junior's ball gown is an elegant style that will turn heads at your next event. Crafted from soft mesh with an intricate embroidered and embellished bustier, this floor-length dress also has a dramatic flared full skirt made from tulle layers. Wear it with stilettos and statement earrings. Strap Type: SpaghettiFeatures: Embellished, EmbroideredClosure Type: ZipperNeckline: Sweetheart NeckSleeve Length: SleevelessApparel Length: 64 InchesDress Length: Long LengthFiber Content: 100% PolyesterFabric Description: MeshLining: Fully LinedLining Material: PolyesterCare: Spot CleanWedding Occasion: Guest of WeddingCountry of Origin: Imported RETURNS: This item must be returned in its original condition with the green return tag in place.",,,"https://jcpenney.scene7.com/is/image/JCPenney/DP0828202407034174M , https://jcpenney.scene7.com/is/image/JCPenney/DP0828202407034072M , https://jcpenney.scene7.com/is/image/JCPenney/DP0828202407034378M , https://jcpenney.scene7.com/is/image/JCPenney/DP0828202407034277M",,,0,Black Gold Ab
ppr5008500960,https://www.jcpenney.com/p/premier-amour-womens-3-4-sleeve-floral-fit-flare-dress/ppr5008500960?pTmplType=regular,Premier Amour Womens 3/4 Sleeve Floral Fit + Flare Dress,PREMIER AMOUR,23.69,79.00,70,"This Premier Amour women's floral fit and flare dress is a chic floaty style that's perfect for a cocktail party or gathering. Made from soft chiffon, this knee-length dress comes fully lined with a smocked waistband, off-the-shoulder 3/4 sleeves and tiered skirt layers. Wear it with heels and a clutch.Features: SmockedClosure Type: Pullover HeadNeckline: Boat NeckSleeve Length: 3/4 SleeveSleeve Style: Ruffled SleeveApparel Length: 34 InchesDress Length: Short LengthFiber Content: 100% PolyesterFabric Description: ChiffonLining: LinedLining Material: PolyesterCare: Machine WashMaterial: ChiffonWedding Occasion: Guest of WeddingCountry of Origin: Imported",,,"https://jcpenney.scene7.com/is/image/JCPenney/DP0206202507120322M , https://jcpenney.scene7.com/is/image/JCPenney/DP0206202507120117M , https://jcpenney.scene7.com/is/image/JCPenney/DP0206202507120424M , https://jcpenney.scene7.com/is/image/JCPenney/DP0206202507120219M",5,2,"14 Petite , 16 Petite",Off White Mauve
ppr5008542741,https://www.jcpenney.com/p/city-triangle-womens-juniors-applique-beaded-bodycon-dress/ppr5008542741?pTmplType=regular,City Triangle Womens Juniors Applique Beaded Bodycon Dress,CITY TRIANGLE,86.99,174.00,50,"Strap Type: AdjustableFeatures: Stretch Fabric, Applique, Beaded, Built In Bra, Lace UpClosure Type: Zipper, Tie, Hook & EyeNeckline: Sweetheart NeckApparel Length: 61 InchesDress Length: Long LengthFiber Content: 95% Polyester, 5% SpandexFabric Description: KnitLining Material: PolyesterCare: Dry Clean OnlyWedding Occasion: Guest of WeddingCountry of Origin: Imported RETURNS: This item must be returned in its original condition with the green return tag in place.",,,"https://jcpenney.scene7.com/is/image/JCPenney/DP0821202509050554M , https://jcpenney.scene7.com/is/image/JCPenney/DP0821202509050449M , https://jcpenney.scene7.com/is/image/JCPenney/DP0821202509050658M",,,10,Black
ppr5008448527,https://www.jcpenney.com/p/r-k-originals-womens-long-sleeve-shift-dress/ppr5008448527?pTmplType=regular,R & K Originals Womens Long Sleeve Shift Dress,R & K ORIGINALS,20.69,69.00,70,"This women's patterned shift dress by R&K Originals is a comfortable on-trend style for your fall and winter wardrobe. Made from a soft stretchy knit, this mod-style knee-length dress has a cowl neckline and long ruched sleeves. Wear it with your favorite boots and earrings. Closure Type: ButtonNeckline: Cowl NeckSleeve Length: Long SleeveSleeve Style: Fitted SleeveApparel Length: 36.5 InchesDress Length: Knee LengthFiber Content: 97% Polyester, 3% SpandexFabric Description: KnitCare: Line Dry, Machine WashCountry of Origin: Imported",,,"https://jcpenney.scene7.com/is/image/JCPenney/DP0828202411173750M , https://jcpenney.scene7.com/is/image/JCPenney/DP0828202411173649M , https://jcpenney.scene7.com/is/image/JCPenney/DP0828202411173851M",5,1,Large,Wine Gray
ppr5008470318,https://www.jcpenney.com/p/b-smart-womens-juniors-sleeveless-embellished-sequin-ball-gown/ppr5008470318?pTmplType=regular,B. Smart Womens Juniors Sleeveless Embellished Sequin Ball Gown,BEE SMART,68.99,300.00,77,"This B. Smart women's and junior's ball gown is a dreamy princess-like style you'll love wearing for a special occasion. Crafted from soft mesh, this strapless floor-length dress has a ruched bustier and a ruffled full skirt made from tulle layers with sequins. Wear it with stilettos and statement earrings. Features: Embellished, SequinsClosure Type: ZipperNeckline: Straight NeckSleeve Length: SleevelessApparel Length: 63 InchesDress Length: Long LengthFiber Content: 100% PolyesterFabric Description: MeshLining: Fully LinedLining Material: PolyesterCare: Spot CleanWedding Occasion: Guest of WeddingCountry of Origin: Imported RETURNS: This item must be returned in its original condition with the green return tag in place.",,,"https://jcpenney.scene7.com/is/image/JCPenney/DP0828202407035804M , https://jcpenney.scene7.com/is/image/JCPenney/DP0904202415010560M , https://jcpenney.scene7.com/is/image/JCPenney/DP0828202407035906M , https://jcpenney.scene7.com/is/image/JCPenney/DP0828202407035703M",,,"5 , 7",Neon Pink Iri
ppr5008448590,https://www.jcpenney.com/p/emerald-sundae-womens-juniors-sleeveless-bodycon-dress/ppr5008448590?pTmplType=regular,Emerald Sundae Womens Juniors Sleeveless Bodycon Dress,EMERALD SUNDAE,20.69,69.00,70,"This Emerald Sundae women's and junior's bodycon mini dress is a fun, flirty option for a night out. Crafted from soft stretch-mesh in a chic muted hue, this sleeveless short dress has a square neck, spaghetti straps and ruching on the bust and sides. Wear it with stilettos and a statement necklace. Strap Type: SpaghettiClosure Type: Pullover HeadNeckline: Square NeckSleeve Length: SleevelessSleeve Style: SleevelessApparel Length: 27 Inches - FrontDress Length: Short LengthFiber Content: 79% Nylon, 21% SpandexFabric Description: MeshLining Material: PolyesterCare: Hand Wash, Dry FlatWedding Occasion: Guest of WeddingCountry of Origin: Imported",,,"https://jcpenney.scene7.com/is/image/JCPenney/DP0823202411034972M , https://jcpenney.scene7.com/is/image/JCPenney/DP0823202411034870M , https://jcpenney.scene7.com/is/image/JCPenney/DP0823202411035074M",,,"Large , Medium , Small , X-Small",Iris
ppr5008537467,https://www.jcpenney.com/p/city-triangle-womens-juniors-sequin-floral-bodycon-dress/ppr5008537467?pTmplType=regular,City Triangle Womens Juniors Sequin Floral Bodycon Dress,CITY TRIANGLE,51.99,104.00,50,"Features: Sequins, Stretch Fabric, Built In BraClosure Type: Hook & Eye, ZipperNeckline: Straight NeckApparel Length: 34 InchesDress Length: Short LengthFiber Content: 95% Polyester, 5% SpandexFabric Description: MeshLining: Fully LinedLining Material: PolyesterCare: Dry Clean OnlyWedding Occasion: Guest of WeddingCountry of Origin: Imported RETURNS: This item must be returned in its original condition with the green return tag in place.",,,"https://jcpenney.scene7.com/is/image/JCPenney/DP0508202507012464M , https://jcpenney.scene7.com/is/image/JCPenney/DP0508202507012254M , https://jcpenney.scene7.com/is/image/JCPenney/DP0508202507012568M , https://jcpenney.scene7.com/is/image/JCPenney/DP0508202507012359M",,,Xx-Large,White Blue
ppr5008513242,https://www.jcpenney.com/p/city-triangle-womens-juniors-patchwork-fit-flare-dress/ppr5008513242?pTmplType=regular,City Triangle Womens Juniors Patchwork Fit + Flare Dress,CITY TRIANGLE,23.59,59.00,60,"This City Triangle women's and junior's patchwork dress is a beautiful summer-ready style for a vacation or garden party. Made from a woven blend, this short sleeveless dress has a fit and flare shape with a ruched bodice and cut-out. Wear it with pumps or heels.Strap Type: TankFeatures: Cut Outs, Smocked, Lace TrimClosure Type: Pullover HeadNeckline: Sweetheart NeckApparel Length: 34 InchesDress Length: Short LengthFiber Content: 75% Rayon, 25% NylonFabric Description: WovenLining: Partially LinedLining Material: PolyesterCare: Machine Wash, Line DryMaterial: Rayon BlendWedding Occasion: Guest of WeddingCountry of Origin: Imported",,,"https://jcpenney.scene7.com/is/image/JCPenney/DP0327202507114202M , https://jcpenney.scene7.com/is/image/JCPenney/DP0327202507114099M , https://jcpenney.scene7.com/is/image/JCPenney/DP0327202507114306M",,,"Large , Medium , Small , X-Small , Xx-Large",Ivory Pink Blk
ppr5008503828,https://www.jcpenney.com/p/brianna-milay-womens-sequin-3-4-sleeve-sheath-dress/ppr5008503828?pTmplType=regular,Brianna Milay Womens Sequin 3/4 Sleeve Sheath Dress,BRIANNA MILAY,50.73,89.00,43,"This Brianna Milay women's 3/4 sleeve sequin sheath dress is a glamorous style for a cocktail party or special occasion. This form-fitting knee-length dress is made from a slinky stretch fabric with a sheer mesh sequin-embellished neckline and long sleeves. Wear it with pumps and a clutch. Features: SequinsClosure Type: ZipperNeckline: Round NeckSleeve Length: 3/4 SleeveSleeve Style: Fitted SleeveApparel Length: 39 Inches - BackDress Length: Knee LengthFiber Content: 95% Polyester, 5% SpandexFabric Description: ItyLining: UnlinedCare: Hand Wash, Dry FlatMaterial: PolyesterWedding Occasion: Guest of WeddingCountry of Origin: Imported RETURNS: This item must be returned in its original condition with the green return tag in place.",,,"https://jcpenney.scene7.com/is/image/JCPenney/DP0403202509092510M , https://jcpenney.scene7.com/is/image/JCPenney/DP0403202509092406M , https://jcpenney.scene7.com/is/image/JCPenney/DP0403202509092614M",4.4,5,18,Black
ppr5008517076,https://www.jcpenney.com/p/b-smart-womens-sleeveless-juniors-floral-babydoll-dress/ppr5008517076?pTmplType=regular,B. Smart Womens Sleeveless Juniors Floral Babydoll Dress,BEE SMART,22.39,64.00,65,"Closure Type: TieNeckline: Sweetheart NeckPocket Types: 2 Side Slip Pocket(s)Sleeve Length: SleevelessSleeve Style: Ruffled SleeveApparel Length: 34 InchesDress Length: Short LengthFiber Content: 100% CottonFabric Description: VoileLining: LinedLining Material: PolyesterCare: Line Dry, Machine WashWedding Occasion: Guest of WeddingCountry of Origin: Imported",,,"https://jcpenney.scene7.com/is/image/JCPenney/DP0409202511024016M , https://jcpenney.scene7.com/is/image/JCPenney/DP0409202511023807M , https://jcpenney.scene7.com/is/image/JCPenney/DP0409202511024433M , https://jcpenney.scene7.com/is/image/JCPenney/DP0409202511024120M , https://jcpenney.scene7.com/is/image/JCPenney/DP0409202511024641M , https://jcpenney.scene7.com/is/image/JCPenney/DP0409202511024536M , https://jcpenney.scene7.com/is/image/JCPenney/DP0409202511024328M , https://jcpenney.scene7.com/is/image/JCPenney/DP0409202511023912M",,,"0 , 1 , 3 , 5",Black Multi
ppr5008529699,https://www.jcpenney.com/p/brianna-milay-womens-applique-embroidered-sleeveless-evening-gown/ppr5008529699?pTmplType=regular,Brianna Milay Womens Applique Embroidered Sleeveless Evening Gown,BRIANNA MILAY,71.49,110.00,35,"Step into elegance with Brianna Milay’s sleeveless evening gown, featuring delicate floral appliqué and embroidery over a flowing silhouette. This bridesmaid gown pairs best with minimal accessories and an elegant updo.Features: Embroidered, AppliqueClosure Type: ZipperNeckline: Round NeckSleeve Length: SleevelessApparel Length: 58.25 Inches - BackDress Length: Long LengthFiber Content: 100% PolyesterFabric Description: MeshLining: UnlinedCare: Line Dry, Hand WashMaterial: PolyesterWedding Occasion: Bridesmaid, Guest of Wedding, Mother of the BrideCountry of Origin: Imported",,,"https://jcpenney.scene7.com/is/image/JCPenney/DP0515202509020103M , https://jcpenney.scene7.com/is/image/JCPenney/DP0515202509015999M , https://jcpenney.scene7.com/is/image/JCPenney/DP0515202509020206M",5,1,"10 , 12 , 16 , 8",Eggplant
ppr5008618513,https://www.jcpenney.com/p/forever-21-womens-juniors-sleeveless-animal-bodycon-dress/ppr5008618513?pTmplType=regular,Forever 21 Womens Juniors Sleeveless Animal Bodycon Dress,Forever 21,22.79,38.00,40,"This Forever 21 women's and junior's bodycon dress is a super chic twist on the trending semi-sheer and animal-print styles. This strapless dress is made stretch-mesh with a semi-sheer long skirt layer and a split. Wear it with heels. Strap Type: StraplessFeatures: Side SlitClosure Type: Pull OnNeckline: Straight NeckSleeve Length: SleevelessApparel Length: 51.5 Inches - FrontDress Length: Long LengthFiber Content: 95% Polyester, 5% SpandexFabric Description: MeshLining: Partially LinedCare: Machine WashWedding Occasion: Guest of WeddingCountry of Origin: Imported",,,"https://jcpenney.scene7.com/is/image/JCPenney/DP1020202509033731M , https://jcpenney.scene7.com/is/image/JCPenney/DP1020202509033523M , https://jcpenney.scene7.com/is/image/JCPenney/DP1020202509033628M",,,"Large , Medium , Small , X-Small","Animal , Black"
ppr5008553025,https://www.jcpenney.com/p/premier-amour-womens-long-sleeve-floral-maxi-dress/ppr5008553025?pTmplType=regular,Premier Amour Womens Long Sleeve Floral Maxi Dress,PREMIER AMOUR,53.99,109.00,50,"The Premier Amour women’s crepe maxi dress combines romantic style with flowing elegance. Designed with long sleeves and a fitted bodice with side slip pockets, it creates a graceful silhouette that moves beautifully. The floral pattern adds feminine charm, making it a perfect choice for special occasions or evening gatherings.Features: BeltedClosure Type: ButtonNeckline: Jewel NeckPocket Types: 2 Side Slip Pocket(s)Sleeve Length: Long SleeveSleeve Style: Cuffed SleeveApparel Length: 60 InchesDress Length: Long LengthFiber Content: 97% Polyester, 3% SpandexFabric Description: CrepeLining: UnlinedCare: Line Dry, Machine WashWedding Occasion: Guest of WeddingCountry of Origin: Imported",,,"https://jcpenney.scene7.com/is/image/JCPenney/DP0903202515001860M , https://jcpenney.scene7.com/is/image/JCPenney/DP0903202515001650M , https://jcpenney.scene7.com/is/image/JCPenney/DP0903202515002173M , https://jcpenney.scene7.com/is/image/JCPenney/DP0903202515001964M , https://jcpenney.scene7.com/is/image/JCPenney/DP0903202515001755M , https://jcpenney.scene7.com/is/image/JCPenney/DP0903202515001545M",4.4,5,14,Olive Multi
ppr5008474789,https://www.jcpenney.com/p/premier-amour-velvet-womens-plus-long-sleeve-sheath-dress/ppr5008474789?pTmplType=regular,Premier Amour Velvet Womens Plus Long Sleeve Sheath Dress,PREMIER AMOUR,23.69,79.00,70,"Features: Stretch FabricClosure Type: ZipperNeckline: Crew NeckSleeve Length: Long SleeveSleeve Style: Fitted SleeveApparel Length: 34 InchesDress Length: Short LengthFiber Content: 95% Polyester, 5% SpandexFabric Description: VelvetLining Material: PolyesterCare: Hand Wash, Line DryCountry of Origin: Imported",,,"https://jcpenney.scene7.com/is/image/JCPenney/DP0917202409010013M , https://jcpenney.scene7.com/is/image/JCPenney/DP0917202409005911M , https://jcpenney.scene7.com/is/image/JCPenney/DP0917202409005808M",3,1,"16W , 18W , 20W , 22W , 24W",Black
ppr5008527816,https://www.jcpenney.com/p/marc-new-york-velvet-womens-long-sleeve-sheath-dress/ppr5008527816?pTmplType=regular,Marc New York Velvet Womens Long Sleeve Sheath Dress,MARC NEW YORK,56.43,99.00,43,"This Marc New York women’s long-sleeve sheath dress delivers timeless elegance for evening occasions. Luxurious velvet fabric drapes beautifully, while a fitted silhouette enhances your figure. Pair with heels and accessories for a glamorous, polished outfit.Closure Type: ZipperNeckline: V NeckSleeve Length: Long SleeveSleeve Style: Fitted SleeveApparel Length: 38.5 InchesDress Length: Knee LengthFiber Content: 90% Polyester, 10% SpandexFabric Description: VelvetLining: LinedLining Material: PolyesterCare: Dry Clean OnlyCountry of Origin: Imported",,,"https://jcpenney.scene7.com/is/image/JCPenney/DP0905202507024495M , https://jcpenney.scene7.com/is/image/JCPenney/DP0905202507024287M , https://jcpenney.scene7.com/is/image/JCPenney/DP0905202507024600M , https://jcpenney.scene7.com/is/image/JCPenney/DP0905202507024809M , https://jcpenney.scene7.com/is/image/JCPenney/DP0905202507024391M",5,1,"12 , 16 , 18 , 6",Rosewood
ppr5008512008,https://www.jcpenney.com/p/bold-elements-womens-long-sleeve-midi-abstract-bodycon-dress/ppr5008512008?pTmplType=regular,Bold Elements Womens Long Sleeve Midi Abstract Bodycon Dress,BOLD ELEMENTS,39.99,80.00,50,"This Bold Elements women's bodycon dress has a chic abstract pattern you will love wearing. Made from stretch-mesh, this pullover dress has a boat neckline and a midi length. Wear it with heels. Closure Type: Pullover HeadNeckline: Boat NeckSleeve Length: Long SleeveSleeve Style: Fitted SleeveApparel Length: 42.5 InchesDress Length: Midi LengthFiber Content: 95% Polyester, 5% SpandexFabric Description: MeshLining: Partially LinedLining Material: PolyesterCare: Machine Wash, Tumble DryCountry of Origin: Imported",,,"https://jcpenney.scene7.com/is/image/JCPenney/DP0606202509023103M , https://jcpenney.scene7.com/is/image/JCPenney/DP0606202509022895M , https://jcpenney.scene7.com/is/image/JCPenney/DP0606202509022998M",5,1,"Large , Small",Ikat Blur
ppr5008529269,https://www.jcpenney.com/p/jessica-howard-womens-applique-sleeveless-sheath-dress/ppr5008529269?pTmplType=regular,Jessica Howard Womens Applique Sleeveless Sheath Dress,JESSICA HOWARD,56.99,100.00,43,"You'll feel ultra-glam wearing this Jessica Howard golden showstopper to your next event. Made from a metallic gold stretch-knit, this knee-length sheath dress features a large flower applique on the draped waist and a high boat neckline. Wear it with heels and a clutch to finish the look. Features: AppliqueClosure Type: ZipperNeckline: Boat NeckSleeve Length: SleevelessApparel Length: 39.5 Inches - BackDress Length: Short LengthFiber Content: 96% Polyester, 4% SpandexFabric Description: KnitLining: Partially LinedLining Material: PolyesterCare: Dry Flat, Hand WashWedding Occasion: Guest of WeddingCountry of Origin: Imported",,,"https://jcpenney.scene7.com/is/image/JCPenney/DP0726202507043866M , https://jcpenney.scene7.com/is/image/JCPenney/DP0726202507043762M , https://jcpenney.scene7.com/is/image/JCPenney/DP0726202507043657M",,,"12 , 6 , 8",Gold
ppr5008510586,https://www.jcpenney.com/p/bold-elements-womens-long-sleeve-cut-outs-sweater-dress/ppr5008510586?pTmplType=regular,Bold Elements Womens Long Sleeve Cut Outs Sweater Dress,BOLD ELEMENTS,23.99,80.00,70,"The Bold Elements women’s long sleeve cut-outs sweater dress merges cozy knit warmth with modern detail in the form of strategic cut-outs. The long sleeves balance the contemporary design for a confident silhouette. Pair with heeled boots and minimalist accessories for an evening-ready look.Features: Cut OutsClosure Type: Pullover HeadNeckline: Crew NeckSleeve Length: Long SleeveSleeve Style: Fitted SleeveApparel Length: 31 Inches - FrontDress Length: Short LengthFiber Content: 90% Cotton, 10% NylonFabric Description: KnitCare: Tumble Dry, Machine WashMaterial: Cotton BlendOwned & Founded: Women Owned/FoundedCountry of Origin: Imported",,,"https://jcpenney.scene7.com/is/image/JCPenney/DP0912202509254586M , https://jcpenney.scene7.com/is/image/JCPenney/DP0912202509254379M , https://jcpenney.scene7.com/is/image/JCPenney/DP0912202509254483M",,,"Petite Small , Petite X-Large , Petite Xx-Large",Burgundy Passion
ppr5007852091,https://www.jcpenney.com/p/j-taylor-womens-multi-way-shawl-cover-up/ppr5007852091?pTmplType=regular,J Taylor Womens Multi Way Shawl Cover-Up,J TAYLOR,20.69,46.00,55,"One Size Fits MostClosure Type: Open FrontFit: Loose FitNeckline: Open NeckSleeve Length: SleevelessApparel Length: 19.13 InchesFiber Content: 100% PolyesterCare: Hand Wash, Line DryCountry of Origin: Imported",,Loose Fit,"https://jcpenney.scene7.com/is/image/JCPenney/DP0827201915020094M , https://jcpenney.scene7.com/is/image/JCPenney/DP0827201915020083M , https://jcpenney.scene7.com/is/image/JCPenney/DP0827201915020080M , https://jcpenney.scene7.com/is/image/JCPenney/DP0827201915020086M , https://jcpenney.scene7.com/is/image/JCPenney/DP0827201915020091M , https://jcpenney.scene7.com/is/image/JCPenney/DP0827201915020088M",4.9333,15,One Size Fits Most,Black
ppr5008501950,https://www.jcpenney.com/p/cece-satin-womens-applique-short-sleeve-floral-evening-gown/ppr5008501950?pTmplType=regular,CeCe Satin Womens Applique Short Sleeve Floral Evening Gown,CECE,90.99,140.00,35,"Make a refined entrance in the CeCe satin evening gown for women. This elegant piece features sparkling sequins and a delicate floral appliqué, short sleeves, and a flattering A-line cut. Pair with nude heels and soft curls for a graceful evening ensemble.Features: AppliqueClosure Type: ZipperNeckline: V NeckSleeve Length: Short SleeveSleeve Style: Kimono SleeveApparel Length: 57.5 Inches - BackDress Length: Long LengthFiber Content: 97% Polyester, 2% Spandex, 1% Other 5% Or LessFabric Description: SatinLining: Partially LinedLining Material: PolyesterCare: Line Dry, Hand WashMaterial: PolyesterBody Type: HourglassWedding Occasion: Guest of Wedding, BridesmaidCountry of Origin: Imported RETURNS: This item must be returned in its original condition with the green return tag in place.",,,"https://jcpenney.scene7.com/is/image/JCPenney/DP0524202507012642M , https://jcpenney.scene7.com/is/image/JCPenney/DP0524202507012851M , https://jcpenney.scene7.com/is/image/JCPenney/DP0524202507012954M",,,"10 , 12 , 14 , 16 , 18 , 2 , 4 , 6 , 8",Classic Navy
ppr5008458386,https://www.jcpenney.com/p/studio-1-womens-v-neck-3-4-sleeve-shrug/ppr5008458386?pTmplType=regular,Studio 1 Womens V Neck 3/4 Sleeve Shrug,STUDIO 1,20.59,59.00,65,"Features: Tie FrontClosure Type: BeltedFit: Regular FitNeckline: V NeckSleeve Length: 3/4 SleeveSleeve Style: Cap SleeveApparel Length: 48.5 InchesFiber Content: 100% PolyesterCollar: Peak LapelCare: Line Dry, Machine WashCountry of Origin: Imported RETURNS: This item must be returned in its original condition with the green return tag in place.",,Regular Fit,"https://jcpenney.scene7.com/is/image/JCPenney/DP1001202409163302M , https://jcpenney.scene7.com/is/image/JCPenney/DP1001202409163200M , https://jcpenney.scene7.com/is/image/JCPenney/DP1001202409163404M",1,1,"Large , Medium , Small , X-Large",Black
ppr5008543681,https://www.jcpenney.com/p/sam-and-jess-velvet-womens-evening-gown/ppr5008543681?pTmplType=regular,Sam And Jess Velvet Womens Evening Gown,SAM AND JESS,55.89,130.00,57,"This Sam and Jess women's evening gown will have you turning heads at your next formal occasion. Made from stretch-velvet, this striking floor-length gown is strapless with a silver bow adorned straight neckline and a flared skirt for dramatic, glamorous effect. Wear it with heels.Strap Type: StraplessFeatures: Stretch Fabric, BowClosure Type: ZipperNeckline: Straight NeckApparel Length: 57 Inches - BackDress Length: Long LengthFiber Content: 90% Polyester, 10% SpandexFabric Description: VelvetLining: LinedLining Material: PolyesterCare: Hand Wash, Dry FlatMaterial: VelvetWedding Occasion: Guest of WeddingCountry of Origin: Imported",,,"https://jcpenney.scene7.com/is/image/JCPenney/DP1003202509034969M , https://jcpenney.scene7.com/is/image/JCPenney/DP1003202509034760M , https://jcpenney.scene7.com/is/image/JCPenney/DP1003202509034864M",,,"10 , 12 , 14 , 16 , 18 , 4 , 6 , 8",Rich Black
ppr5008657037,https://www.jcpenney.com/p/aeropostale-womens-juniors-short-sleeve-sundress/ppr5008657037?pTmplType=regular,AEROPOSTALE Womens Juniors Short Sleeve Sundress,AEROPOSTALE,28.99,49.95,42,"Closure Type: Pull OnSleeve Length: Short SleeveDress Length: Short LengthFiber Content: 100% RayonCare: Machine Wash, Tumble DryCountry of Origin: Imported",,,"https://jcpenney.scene7.com/is/image/JCPenney/DP0129202613073789M , https://jcpenney.scene7.com/is/image/JCPenney/DP0129202613074103M , https://jcpenney.scene7.com/is/image/JCPenney/DP0129202613073998M , https://jcpenney.scene7.com/is/image/JCPenney/DP0129202613073684M",,,"Large , Medium , Small , X-Large , X-Small , Xx-Large",Cream
ppr5008528579,https://www.jcpenney.com/p/dj-jaz-off-the-shoulder-womens-lace-short-sleeve-evening-gown/ppr5008528579?pTmplType=regular,DJ Jaz Off The Shoulder Womens Lace Short Sleeve Evening Gown,DJ JAZ,59.99,150.00,60,"This DJ Jaz women's off-the-shoulder evening gown is made from a beautiful burgundy colored floral lace. It includes a sweetheart neckline, short sleeves, and a leg split. Wear it with stilettos or heeled sandals.Features: LaceClosure Type: ZipperNeckline: Sweetheart NeckSleeve Length: Short SleeveSleeve Style: Off Shoulder SleeveApparel Length: 60 InchesDress Length: Long LengthFiber Content: 70% Polyester, 30% NylonFabric Description: LaceLining Material: PolyesterCare: Dry Clean OnlyMaterial: LaceWedding Occasion: Guest of Wedding, Mother of the BrideCountry of Origin: Imported RETURNS: This item must be returned in its original condition with the green return tag in place.",,,"https://jcpenney.scene7.com/is/image/JCPenney/DP0731202507073510M , https://jcpenney.scene7.com/is/image/JCPenney/DP0731202507073302M , https://jcpenney.scene7.com/is/image/JCPenney/DP0731202507073615M , https://jcpenney.scene7.com/is/image/JCPenney/DP0731202507073823M , https://jcpenney.scene7.com/is/image/JCPenney/DP0731202507073406M",,,6,Wine
ppr5008657038,https://www.jcpenney.com/p/aeropostale-womens-juniors-sleeveless-sundress/ppr5008657038?pTmplType=regular,AEROPOSTALE Womens Juniors Sleeveless Sundress,AEROPOSTALE,28.99,49.95,42,"Closure Type: Pull OnSleeve Length: SleevelessDress Length: Short LengthFiber Content: 100% CottonCare: Machine Wash, Tumble DryCountry of Origin: Imported",,,"https://jcpenney.scene7.com/is/image/JCPenney/DP1224202511121301M , https://jcpenney.scene7.com/is/image/JCPenney/DP1224202511121612M , https://jcpenney.scene7.com/is/image/JCPenney/DP1224202511121508M , https://jcpenney.scene7.com/is/image/JCPenney/DP1224202511121198M",5,1,"Large , Medium , Small , X-Large , X-Small , Xx-Large",Cream
ppr5008527811,https://www.jcpenney.com/p/marc-new-york-womens-long-sleeve-sheath-dress/ppr5008527811?pTmplType=regular,Marc New York Womens Long Sleeve Sheath Dress,MARC NEW YORK,53.39,89.00,40,"This Marc New York women's sheath dress is a chic sweater bodycon style you can easily wear from the office to drinks or dinner. Made from a soft knit in an eye-catching red tone, it has a ribbed waistband panel and gold-tone buttons. Wear it with pumps or boots.Closure Type: Pullover HeadNeckline: Round NeckPocket Types: 2 Front Flap Pocket(s)Sleeve Length: Long SleeveSleeve Style: Fitted SleeveApparel Length: 39 InchesDress Length: Knee LengthFiber Content: 71% Rayon, 29% PolyesterFabric Description: KnitLining: UnlinedCare: Dry Clean OnlyCountry of Origin: Imported",,,"https://jcpenney.scene7.com/is/image/JCPenney/DP0905202507023244M , https://jcpenney.scene7.com/is/image/JCPenney/DP0905202507023035M , https://jcpenney.scene7.com/is/image/JCPenney/DP0905202507023348M , https://jcpenney.scene7.com/is/image/JCPenney/DP0905202507023558M , https://jcpenney.scene7.com/is/image/JCPenney/DP0905202507023139M",4,1,"Large , X-Large",Red
ppr5008545271,https://www.jcpenney.com/p/forever-21-womens-sleeveless-juniors-romper/ppr5008545271?pTmplType=regular,Forever 21 Womens Sleeveless Juniors Romper,Forever 21,,28.00,,"Features: Built-In Shorts, EmbellishedClosure Type: Pull OnFit: Modern FitNeckline: Straight NeckSleeve Length: SleevelessWarmth Factor: LightweightApparel Length: 24.5 InchesFiber Content: 95% Rayon, 5% SpandexFabric Description: JerseyLining Material: JerseyInseam: 1 1/2 InCare: Machine Wash, Tumble DryCountry of Origin: Imported",,Modern Fit,"https://jcpenney.scene7.com/is/image/JCPenney/DP0707202509143277M , https://jcpenney.scene7.com/is/image/JCPenney/DP0707202509143068M , https://jcpenney.scene7.com/is/image/JCPenney/DP0707202509143172M",,,"Large , Medium , Small , X-Large , X-Small",Black
ppr5008527812,https://www.jcpenney.com/p/marc-new-york-velvet-womens-long-sleeve-sheath-dress/ppr5008527812?pTmplType=regular,Marc New York Velvet Womens Long Sleeve Sheath Dress,MARC NEW YORK,59.39,99.00,40,"This Marc New York women's sheath dress is the perfect chic holiday-ready party winner. Made from soft stretch green velvet, this form-fitting knee-length dress has a wrap v-neckline, long sleeves and a button adorned waistband to created a gathered draped effect that flatters your figure. Wear it with pumps or heels.Closure Type: ZipperNeckline: V NeckSleeve Length: Long SleeveSleeve Style: Fitted SleeveApparel Length: 38.5 InchesDress Length: Knee LengthFiber Content: 90% Polyester, 10% SpandexFabric Description: VelvetLining: LinedLining Material: PolyesterCare: Dry Clean OnlyCountry of Origin: Imported",,,"https://jcpenney.scene7.com/is/image/JCPenney/DP0908202507043825M , https://jcpenney.scene7.com/is/image/JCPenney/DP0908202507043616M , https://jcpenney.scene7.com/is/image/JCPenney/DP0908202507043721M , https://jcpenney.scene7.com/is/image/JCPenney/DP0908202507043511M",,,"10 , 12 , 14 , 16 , 18 , 2 , 6 , 8",Malachite
ppr5008544928,https://www.jcpenney.com/p/st-johns-bay-womens-sleeveless-shift-dress/ppr5008544928?pTmplType=regular,St. John's Bay Womens Sleeveless Shift Dress,ST. JOHN`S BAY,29.99,44.00,31,"Strap Type: TankClosure Type: Pullover HeadNeckline: Round NeckSleeve Length: SleevelessSleeve Style: SleevelessApparel Length: 35 InchesDress Length: Knee LengthFiber Content: 97% Polyester, 3% SpandexFabric Description: PonteCare: Tumble Dry, Machine WashCountry of Origin: Imported",,,"https://jcpenney.scene7.com/is/image/JCPenney/DP0915202509380839M , https://jcpenney.scene7.com/is/image/JCPenney/DP0915202509380421M , https://jcpenney.scene7.com/is/image/JCPenney/DP0915202509380629M",,,"Large , Medium , Small , X-Large , X-Small , Xx-Large","Stunning Green , Deep Royal"
ppr5008593339,https://www.jcpenney.com/p/premier-amour-womens-sequin-sleeveless-midi-sheath-dress/ppr5008593339?pTmplType=regular,Premier Amour Womens Sequin Sleeveless Midi Sheath Dress,PREMIER AMOUR,59.39,99.00,40,"This Premier Amour women's mini dress is a sparkly showstopper for a cocktail party or special occasion. Made from a stretch sequinned fabric, this knee-length dress has a high round neckline, draped short cap sleeves and a back zip closure. Wear it with pumps and sparkling earrings.Features: Sequins, Stretch FabricClosure Type: ZipperNeckline: Crew NeckSleeve Length: SleevelessSleeve Style: Cap SleeveApparel Length: 46 InchesDress Length: Midi LengthFiber Content: 95% Polyester, 5% SpandexFabric Description: MeshLining: LinedLining Material: PolyesterCare: Hand Wash, Line DryMaterial: PolyesterCountry of Origin: Imported",,,"https://jcpenney.scene7.com/is/image/JCPenney/DP0922202513031370M , https://jcpenney.scene7.com/is/image/JCPenney/DP0922202513031265M , https://jcpenney.scene7.com/is/image/JCPenney/DP0922202513031579M , https://jcpenney.scene7.com/is/image/JCPenney/DP0922202513031475M",4.5,6,14,Nude Silver
ppr5008625084,https://www.jcpenney.com/p/sandra-darren-womens-sleeveless-maxi-dress/ppr5008625084?pTmplType=regular,Sandra Darren Womens Sleeveless Maxi Dress,SANDRA DARREN,27.65,79.00,65,"This Sandra Darren women's sleeveless maxi dress will make a statement at your next formal event or cocktail hour. Made from a slinky stretch fabric in a striking green, this long dress features a gold-tone embellished keyhole cut-out neckline and gathered detail, plus a flowy skirt. Wear it with heels.Closure Type: Pullover HeadNeckline: Keyhole NeckSleeve Length: SleevelessSleeve Style: SleevelessApparel Length: 52.5 InchesDress Length: Long LengthFiber Content: 95% Polyester, 5% SpandexFabric Description: ItyLining: UnlinedCare: Machine Wash, Line DryCountry of Origin: Imported",,,"https://jcpenney.scene7.com/is/image/JCPenney/DP1113202509003126M , https://jcpenney.scene7.com/is/image/JCPenney/DP1113202509002917M , https://jcpenney.scene7.com/is/image/JCPenney/DP1113202509003021M",,,"Large , Medium , Small , X-Large",Hunter
ppr5008509699,https://www.jcpenney.com/p/cece-womens-sleeveless-sheath-dress/ppr5008509699?pTmplType=regular,CeCe Womens Sleeveless Sheath Dress,CECE,71.49,130.00,45,"This CeCe women's sheath dress is an elegant, slinky style that will make a statement at your next special occasion. Made from satin, this midi dress has a high cowl neckline, a gathered side to create a flattering draped effect and a leg slit. Wear it with heels and a clutch.Features: Side SlitClosure Type: ZipperNeckline: Cowl NeckSleeve Length: SleevelessSleeve Style: SleevelessApparel Length: 52 Inches - BackDress Length: Long LengthFiber Content: 100% PolyesterFabric Description: SatinLining: UnlinedCare: Line Dry, Machine WashMaterial: PolyesterBody Type: HourglassWedding Occasion: Bridesmaid, Mother of the Bride, Guest of WeddingCountry of Origin: Imported RETURNS: This item must be returned in its original condition with the green return tag in place.",,,"https://jcpenney.scene7.com/is/image/JCPenney/DP0611202513004493M , https://jcpenney.scene7.com/is/image/JCPenney/DP0611202513004284M , https://jcpenney.scene7.com/is/image/JCPenney/DP0611202513004388M",5,1,"10 , 12 , 14 , 16 , 18 , 6 , 8",Rich Caberent
ppr5008636187,https://www.jcpenney.com/p/connected-apparel-womens-faux-jacket-dress/ppr5008636187?pTmplType=regular,Connected Apparel Womens Faux-Jacket Dress,CONNECTED APPAREL,27.65,79.00,65,"This Connected Apparel women's faux jacket dress is a chic slinky one-and-done for work or social events. Made from a soft lightweight stretch fabric, this knee-length dress has a v-neckline and an open front jacket layer attached. Wear it with pumps or heels. 2nd Piece Description: Jacket2nd Piece Closure Type: Pullover Head2nd Piece Sleeve Style: Fitted Sleeve2nd Piece Sleeve Length: 3/4 Sleeves2nd Piece Fabric: Ity2nd Piece Fiber Content: 96% Polyester, 4% Spandex2nd Piece Care: Machine Wash, Line DryClosure Type: Pullover HeadNeckline: Draped NeckSleeve Length: 3/4 SleeveSleeve Style: Fitted SleeveApparel Length: 40.5 InchesDress Length: Knee LengthFiber Content: 96% Polyester, 4% SpandexFabric Description: ItyLining: UnlinedCare: Machine Wash, Line DryMaterial: JerseyCountry of Origin: Imported",,,"https://jcpenney.scene7.com/is/image/JCPenney/DP1030202509024684M , https://jcpenney.scene7.com/is/image/JCPenney/DP1030202509024474M , https://jcpenney.scene7.com/is/image/JCPenney/DP1030202509024579M",5,1,"10 , 12 , 14 , 4 , 6 , 8","Hunter , Midnight"
ppr5008539245,https://www.jcpenney.com/p/ashley-graham-womens-plus-sleeveless-midi-faux-leather-sheath-dress/ppr5008539245?pTmplType=regular,Ashley Graham Womens Plus Sleeveless Midi Faux Leather Sheath Dress,Ashley Graham,29.99,100.00,70,"The Ashley Graham collection is designed exclusively for curves, and only available at JCPenney. Feel confident and chic wearing this women's plus strapless dress made from supple faux leather with back vented hem and zip fastening. Highlight its midi-length with stilettos paired with a statement clutch.Strap Type: StraplessClosure Type: Side ZipperNeckline: Straight NeckSleeve Length: SleevelessApparel Length: 40 InchesDress Length: Midi LengthFiber Content: 100% RayonFabric Description: Faux LeatherLining: UnlinedCare: Tumble Dry, Machine WashCountry of Origin: Imported",,,"https://jcpenney.scene7.com/is/image/JCPenney/DP0807202509275132M , https://jcpenney.scene7.com/is/image/JCPenney/DP0807202509275237M , https://jcpenney.scene7.com/is/image/JCPenney/DP0807202509275027M , https://jcpenney.scene7.com/is/image/JCPenney/DP0807202509274922M , https://jcpenney.scene7.com/is/image/JCPenney/DP0807202509274818M , https://jcpenney.scene7.com/is/image/JCPenney/DP0807202509274713M",,,"14W , 16W , 18W , 20W , 22W , 24W , 26W , 28W , 30W",Sienna
ppr5008509347,https://www.jcpenney.com/p/s-l-fashions-womens-short-sleeve-floral-evening-gown/ppr5008509347?pTmplType=regular,S. L. Fashions Womens Short Sleeve Floral Evening Gown,S. L. FASHIONS,51.99,130.00,60,"Elevate your special occasions collection with this S.L. Fashions women's evening gown. Made from floral-print chiffon with metallic threading, it has a V-neckline, short flutter sleeves, and a zipper closure. Closure Type: ZipperNeckline: V NeckSleeve Length: Short SleeveSleeve Style: Bell SleeveApparel Length: 56.25 InchesDress Length: Long LengthFiber Content: 55% Polyester, 45% MetallicFabric Description: ChiffonLining: Fully LinedLining Material: PolyesterCare: Hand Wash, Line DryWedding Occasion: Guest of Wedding, Mother of the BrideCountry of Origin: Imported RETURNS: This item must be returned in its original condition with the green return tag in place.",,,"https://jcpenney.scene7.com/is/image/JCPenney/DP0508202507015485M , https://jcpenney.scene7.com/is/image/JCPenney/DP0508202507015693M , https://jcpenney.scene7.com/is/image/JCPenney/DP0508202507015797M",4.8333,6,6,Taupe Multi
ppr5008568196,https://www.jcpenney.com/p/danny-nicole-womens-short-sleeve-dots-fit-flare-dress/ppr5008568196?pTmplType=regular,Danny & Nicole Womens Short Sleeve Dots Fit + Flare Dress,DANNY & NICOLE,27.65,79.00,65,"Features: Lined, Smocked, Shirred, Hidden ClosureClosure Type: Hidden ZipperNeckline: V NeckSleeve Length: Short SleeveSleeve Style: Ruffled SleeveApparel Length: 52 Inches - Back, 53.5 Inches - FrontDress Length: Long LengthFiber Content: 100% PolyesterFabric Description: ChiffonLining: Fully LinedLining Material: PolyesterCare: Hand Wash, Line DryMaterial: ChiffonCountry of Origin: Imported",,,"https://jcpenney.scene7.com/is/image/JCPenney/DP0819202509013383M , https://jcpenney.scene7.com/is/image/JCPenney/DP0819202509013174M , https://jcpenney.scene7.com/is/image/JCPenney/DP0808202511033156M , https://jcpenney.scene7.com/is/image/JCPenney/DP0819202509013279M , https://jcpenney.scene7.com/is/image/JCPenney/DP0808202511033264M",,,"12 , 14 , 16 , 4",Rosewood Birch
ppr5008523198,https://www.jcpenney.com/p/s-l-fashions-womens-embellished-short-sleeve-evening-gown/ppr5008523198?pTmplType=regular,S. L. Fashions Womens Embellished Short Sleeve Evening Gown,S. L. FASHIONS,51.99,130.00,60,"This S.L. Fashions women's gown is a slinky, shimmery winner for your next special event. Made from a soft stretch-mesh, this long dress has a high neck, 3/4 flutter sleeves and an embellished rhinestone buckle that creates a flattering draped effect. Wear it with stilettos.Features: Glitter, EmbellishedClosure Type: ZipperNeckline: Round NeckSleeve Length: Short SleeveSleeve Style: Flutter SleeveApparel Length: 57 InchesDress Length: Long LengthFiber Content: 100% PolyesterFabric Description: MeshLining: Fully LinedLining Material: PolyesterCare: Hand Wash, Line DryMaterial: PolyesterWedding Occasion: Guest of Wedding, Mother of the Bride, BridesmaidCountry of Origin: Imported",,,"https://jcpenney.scene7.com/is/image/JCPenney/DP0725202507082636M , https://jcpenney.scene7.com/is/image/JCPenney/DP0725202507082427M , https://jcpenney.scene7.com/is/image/JCPenney/DP0725202507082532M",5,1,8,Smoke
ppr5008524044,https://www.jcpenney.com/p/worthington-womens-long-sleeve-floral-satin-a-line-dress/ppr5008524044?pTmplType=regular,Worthington Womens Long Sleeve Floral Satin A-Line Dress,Worthington,28.19,94.00,70,"Features: BeltedClosure Type: ZipperNeckline: V NeckSleeve Length: Long SleeveSleeve Style: Split SleeveApparel Length: 50 InchesDress Length: Long LengthFiber Content: 100% PolyesterFabric Description: SatinCare: Machine Wash, Tumble DryCountry of Origin: Imported",,,"https://jcpenney.scene7.com/is/image/JCPenney/DP1001202509031545M , https://jcpenney.scene7.com/is/image/JCPenney/DP1001202509031336M , https://jcpenney.scene7.com/is/image/JCPenney/DP1001202509031441M",,,"10 , 12 , 14 , 18 , 4 , 6 , 8",Grey Print
ppr5008550161,https://www.jcpenney.com/p/premier-amour-womens-long-sleeve-floral-maxi-dress/ppr5008550161?pTmplType=regular,Premier Amour Womens Long Sleeve Floral Maxi Dress,PREMIER AMOUR,59.39,99.00,40,"This Premier Amour maxi dress for women features a bold burgundy floral pattern to elevate any looks for parties or work. Made from soft stretch-crepe, it comes with a tie-wait, a split crew neckline, long puffed sleeves and a full flowy skirt that will make you feel ultra-elegant.Features: Tie-WaistClosure Type: ButtonNeckline: Jewel NeckPocket Types: 2 Side Slip Pocket(s)Sleeve Length: Long SleeveSleeve Style: Puffed SleeveApparel Length: 56 InchesDress Length: Long LengthFiber Content: 97% Polyester, 3% SpandexFabric Description: CrepeCare: Machine Wash, Line DryWedding Occasion: Guest of WeddingCountry of Origin: Imported",,,"https://jcpenney.scene7.com/is/image/JCPenney/DP0814202507145391M , https://jcpenney.scene7.com/is/image/JCPenney/DP0814202507145184M , https://jcpenney.scene7.com/is/image/JCPenney/DP0814202507145702M , https://jcpenney.scene7.com/is/image/JCPenney/DP0814202507145495M , https://jcpenney.scene7.com/is/image/JCPenney/DP0814202507145080M , https://jcpenney.scene7.com/is/image/JCPenney/DP0814202507145287M",4,11,"12 Petite , 14 Petite , 16 Petite",Burgundy Multi
ppr5008568195,https://www.jcpenney.com/p/danny-nicole-womens-short-sleeve-floral-maxi-dress/ppr5008568195?pTmplType=regular,Danny & Nicole Womens Short Sleeve Floral Maxi Dress,DANNY & NICOLE,27.65,79.00,65,"Features: Lined, SmockedClosure Type: Pullover HeadNeckline: Sweetheart NeckSleeve Length: Short SleeveSleeve Style: Balloon SleeveApparel Length: 56.5 Inches - Front, 56 Inches - BackDress Length: Long LengthFiber Content: 100% PolyesterFabric Description: WovenLining: Fully LinedLining Material: PolyesterCare: Hand Wash, Line DryMaterial: WovenCountry of Origin: Imported",,,"https://jcpenney.scene7.com/is/image/JCPenney/DP0808202511025388M , https://jcpenney.scene7.com/is/image/JCPenney/DP0808202511025180M , https://jcpenney.scene7.com/is/image/JCPenney/DP0808202511025284M",4,1,"10 , 12 , 14 , 16 , 4 , 6 , 8",Black Lavender
ppr5008568193,https://www.jcpenney.com/p/danny-nicole-womens-short-sleeve-abstract-midi-fit-flare-dress/ppr5008568193?pTmplType=regular,Danny & Nicole Womens Short Sleeve Abstract Midi Fit + Flare Dress,DANNY & NICOLE,27.65,79.00,65,"Features: Lined, Smocked, Pleated, PocketClosure Type: Hook & EyeNeckline: V NeckPocket Types: 2 Side Slip Pocket(s)Sleeve Length: Short SleeveSleeve Style: Drop-Shoulder SleeveApparel Length: 47.25 Inches - Front, 46 Inches - BackDress Length: Midi LengthFiber Content: 100% PolyesterFabric Description: SatinLining: Fully LinedLining Material: PolyesterCare: Line Dry, Hand WashMaterial: SatinCountry of Origin: Imported",,,"https://jcpenney.scene7.com/is/image/JCPenney/DP0808202511034205M , https://jcpenney.scene7.com/is/image/JCPenney/DP0808202511033996M , https://jcpenney.scene7.com/is/image/JCPenney/DP0808202511034101M",4,1,"10 , 12 , 14 , 16 , 4 , 6 , 8",Teal Multi
ppr5008527813,https://www.jcpenney.com/p/marc-new-york-velvet-womens-long-sleeve-sheath-dress/ppr5008527813?pTmplType=regular,Marc New York Velvet Womens Long Sleeve Sheath Dress,MARC NEW YORK,53.39,89.00,40,"This Marc New York wome'ns sheath dress is made from a beautiful velvet and chiffon blend. This knee-length dress is party ready, featuring a high mock neckline and semi-sheer puffed long sleeves, plus a back zip closure. Wear this fitted style with ankle boots or pumps.Closure Type: ZipperNeckline: Mock NeckSleeve Length: Long SleeveSleeve Style: Balloon SleeveApparel Length: 38 InchesDress Length: Knee LengthFiber Content: 90% Polyester, 10% SpandexFabric Description: Chiffon, VelvetLining: LinedLining Material: PolyesterCare: Dry Clean OnlyCountry of Origin: Imported",,,"https://jcpenney.scene7.com/is/image/JCPenney/DP0905202507023872M , https://jcpenney.scene7.com/is/image/JCPenney/DP0905202507023662M , https://jcpenney.scene7.com/is/image/JCPenney/DP0905202507023975M , https://jcpenney.scene7.com/is/image/JCPenney/DP0905202507024183M , https://jcpenney.scene7.com/is/image/JCPenney/DP0905202507023767M",5,1,"10 , 14 , 16 , 6 , 8",Black
ppr5008539459,https://www.jcpenney.com/p/ashley-graham-mini-womens-plus-sleeveless-faux-leather-sheath-dress/ppr5008539459?pTmplType=regular,Ashley Graham Mini Womens Plus Sleeveless Faux Leather Sheath Dress,Ashley Graham,29.99,100.00,70,"The Ashley Graham collection is designed exclusively for curves, and only available at JCPenney. For a date night or to party with friends, pair this faux leather women's plus dress with stilettos to highlight its mini length. The sleeveless design features an asymmetrical V-neckline, side slit hem, and a concealed back zip closure.Features: Side SlitClosure Type: ZipperNeckline: Asymmetrical NeckSleeve Length: SleevelessApparel Length: 41 InchesDress Length: Short LengthFiber Content: 100% RayonFabric Description: Faux LeatherCare: Tumble Dry, Machine WashCountry of Origin: Imported",,,"https://jcpenney.scene7.com/is/image/JCPenney/DP0822202513025505M , https://jcpenney.scene7.com/is/image/JCPenney/DP0822202513025401M , https://jcpenney.scene7.com/is/image/JCPenney/DP0807202511101983M , https://jcpenney.scene7.com/is/image/JCPenney/DP0807202511102297M",5,1,"14W , 18W , 20W , 22W , 24W , 26W , 28W , 30W",Pepper Black
ppr5008522014,https://www.jcpenney.com/p/danny-nicole-womens-short-sleeve-fit-flare-dress/ppr5008522014?pTmplType=regular,Danny & Nicole Womens Short Sleeve Fit + Flare Dress,DANNY & NICOLE,54.99,100.00,45,"This Danny & Nicole women's glittery fit and flare dress equals instant glam for a cocktail party or wedding event. Made from chiffon, this knee-length style has a short-sleeve cape overlay and a flowy skirt. Wear it with pumps and a clutch. Features: Glitter, Hidden ClosureClosure Type: ZipperNeckline: Round NeckSleeve Length: Short SleeveSleeve Style: Cape SleeveApparel Length: 39.5 Inches - Front, 36.25 Inches - BackDress Length: Knee LengthFiber Content: 100% PolyesterFabric Description: ChiffonLining: Fully LinedLining Material: PolyesterCare: Hand Wash, Line DryMaterial: ChiffonWedding Occasion: Mother of the Bride, Guest of WeddingCountry of Origin: Imported RETURNS: This item must be returned in its original condition with the green return tag in place.",,,"https://jcpenney.scene7.com/is/image/JCPenney/DP0604202509023243M , https://jcpenney.scene7.com/is/image/JCPenney/DP0604202509023139M , https://jcpenney.scene7.com/is/image/JCPenney/DP0604202509023348M",5,2,"10 , 12 , 14 , 4",Hunter
ppr5008568204,https://www.jcpenney.com/p/connected-apparel-womens-short-sleeve-dots-sheath-dress/ppr5008568204?pTmplType=regular,Connected Apparel Womens Short Sleeve Dots Sheath Dress,CONNECTED APPAREL,25.89,74.00,65,"You will love the classic polka-dot pattern and sleek sheath silhouette of this Connected Apparel women's knee-length dress for work or a drinks date. It has a round neck, short flutter sleeves and a knotted front. Wear it with heels. Features: Faux WrapClosure Type: Pullover HeadNeckline: Round NeckSleeve Length: Short SleeveSleeve Style: Flutter SleeveApparel Length: 40 InchesDress Length: Knee LengthFiber Content: 96% Polyester, 4% SpandexFabric Description: ItyLining: UnlinedCare: Machine Wash, Dry FlatCountry of Origin: Imported",,,"https://jcpenney.scene7.com/is/image/JCPenney/DP0807202509104216M , https://jcpenney.scene7.com/is/image/JCPenney/DP0807202509104008M , https://jcpenney.scene7.com/is/image/JCPenney/DP0807202509104112M",,,"10 , 14 , 4 , 6 , 8",Camel
ppr5008536609,https://www.jcpenney.com/p/clover-and-sloane-womens-plus-long-sleeve-midi-striped-sheath-dress/ppr5008536609?pTmplType=regular,Clover And Sloane Womens Plus Long Sleeve Midi Striped Sheath Dress,CLOVER AND SLOANE,54.39,99.00,45,"This Clover and Sloane women's plus sheath dress blends modern sophistication with subtle flair in soft striped jersey. It features a faux-wrap front, V-neckline, and long sleeves, while the midi length keeps it polished and versatile. Pair it with pointed-toe flats or pumps for an evening outing.Features: Faux WrapClosure Type: Pullover HeadNeckline: Collar NeckSleeve Length: Long SleeveApparel Length: 43.38 Inches - BackDress Length: Midi LengthFiber Content: 95% Polyester, 5% SpandexFabric Description: JerseyLining: UnlinedCare: Line Dry, Machine WashCountry of Origin: Imported",,,"https://jcpenney.scene7.com/is/image/JCPenney/DP0812202511024856M , https://jcpenney.scene7.com/is/image/JCPenney/DP0812202511024646M , https://jcpenney.scene7.com/is/image/JCPenney/DP0812202511024751M",,,"1X , 2X , 3X",Magenta Rust
ppr5008614358,https://www.jcpenney.com/p/connected-apparel-womens-3-4-sleeve-sheath-dress/ppr5008614358?pTmplType=regular,Connected Apparel Womens 3/4 Sleeve Sheath Dress,CONNECTED APPAREL,25.49,69.00,63,"This Connected Apparel women's 3/4 sheath dress is an elegant, versatile style you can wear to work or a party to feel polished. Made from soft chiffon, it has a round neckline, 3/4 bell sleeves and a gathered waist that cascades into a ruffled trim skirt for an ultra-chic finish. Wear it with pumps or heeled sandals.Features: Easy CareClosure Type: Pullover HeadNeckline: Round NeckSleeve Length: 3/4 SleeveSleeve Style: Bell SleeveApparel Length: 40 Inches - BackDress Length: Knee LengthFiber Content: 96% Polyester, 4% RayonFabric Description: Chiffon, KnitLining: Partially LinedLining Material: PolyesterCare: Machine Wash, Tumble DryMaterial: Chiffon, PolyesterBody Type: HourglassCountry of Origin: Imported",,,"https://jcpenney.scene7.com/is/image/JCPenney/DP1006202509022551M , https://jcpenney.scene7.com/is/image/JCPenney/DP1006202509022342M , https://jcpenney.scene7.com/is/image/JCPenney/DP1006202509022447M",1,1,"10 , 12 , 14 , 16 , 4 , 6 , 8",Midnight
ppr5008593337,https://www.jcpenney.com/p/premier-amour-womens-sequin-sleeveless-sheath-dress/ppr5008593337?pTmplType=regular,Premier Amour Womens Sequin Sleeveless Sheath Dress,PREMIER AMOUR,51.69,110.00,53,"This Premier Amour women's sparkling silvery sheath dress will be one of your favorite party showstoppers. Made from a stretch-sequin fabric with a dot pattern, this short fitted sleeveless tank dress has a high crew neckline and a back zip closure. Wear it with heels and a clutch. Strap Type: TankFeatures: SequinsClosure Type: ZipperNeckline: Crew NeckSleeve Length: SleevelessApparel Length: 35 InchesDress Length: Short LengthFiber Content: 95% Polyester, 5% SpandexFabric Description: MeshLining: Fully LinedLining Material: PolyesterCare: Hand Wash, Line DryMaterial: PolyesterCountry of Origin: Imported",,,"https://jcpenney.scene7.com/is/image/JCPenney/DP0922202513025801M , https://jcpenney.scene7.com/is/image/JCPenney/DP0922202513025592M , https://jcpenney.scene7.com/is/image/JCPenney/DP0922202513025905M , https://jcpenney.scene7.com/is/image/JCPenney/DP0922202513025697M , https://jcpenney.scene7.com/is/image/JCPenney/DP0922202513025489M",1,1,"10 , 12 , 14 , 16 , 2 , 4 , 6 , 8",Silver
ppr5008614359,https://www.jcpenney.com/p/connected-apparel-womens-3-4-sleeve-sheath-dress/ppr5008614359?pTmplType=regular,Connected Apparel Womens 3/4 Sleeve Sheath Dress,CONNECTED APPAREL,25.49,69.00,63,"This Connected Apparel women's sheath dress features a gorgeous flowy design made with semi-sheer 3/4 split sleeves and a gathered waist to create a beautiful draped effect. It features a round neck and a knee-length cut. Wear it with heels and a clutch. Features: Easy CareClosure Type: Pullover HeadNeckline: Round NeckSleeve Length: 3/4 SleeveSleeve Style: Split SleeveApparel Length: 40 Inches - BackDress Length: Knee LengthFiber Content: 96% Polyester, 4% RayonFabric Description: KnitLining: Partially LinedLining Material: PolyesterCare: Tumble Dry, Machine WashMaterial: PolyesterBody Type: HourglassCountry of Origin: Imported",,,"https://jcpenney.scene7.com/is/image/JCPenney/DP1006202509024641M , https://jcpenney.scene7.com/is/image/JCPenney/DP1006202509024433M , https://jcpenney.scene7.com/is/image/JCPenney/DP1006202509024537M",,,"10 , 12 , 4 , 6",Aubergine
ppr5008612797,https://www.jcpenney.com/p/premier-amour-one-shoulder-womens-short-sleeve-midi-sheath-dress/ppr5008612797?pTmplType=regular,Premier Amour One Shoulder Womens Short Sleeve Midi Sheath Dress,PREMIER AMOUR,50.39,84.00,40,"This Premier Amour women's one-shoulder sheath dress comes in a beautiful wine tone and has a flattering draped silhouette. Made from soft stretch-satin, this midi dress has an off-the-shoulder sleeve, a high leg slit and a ruched side. Wear it with stilettos and a clutch.Features: Side SlitClosure Type: Pullover HeadNeckline: Straight NeckSleeve Length: Short SleeveSleeve Style: Off Shoulder SleeveApparel Length: 51 InchesDress Length: Midi LengthFiber Content: 85% Polyester, 15% SpandexFabric Description: KnitLining: LinedLining Material: PolyesterCare: Machine Wash, Dry FlatWedding Occasion: Guest of WeddingCountry of Origin: Imported RETURNS: This item must be returned in its original condition with the green return tag in place.",,,"https://jcpenney.scene7.com/is/image/JCPenney/DP0903202515005624M , https://jcpenney.scene7.com/is/image/JCPenney/DP0903202515005416M , https://jcpenney.scene7.com/is/image/JCPenney/DP0903202515005939M , https://jcpenney.scene7.com/is/image/JCPenney/DP0903202515005729M , https://jcpenney.scene7.com/is/image/JCPenney/DP0903202515005520M , https://jcpenney.scene7.com/is/image/JCPenney/DP0903202515005311M",4.5,2,4,Wine
ppr5008614356,https://www.jcpenney.com/p/connected-apparel-womens-3-4-sleeve-sheath-dress/ppr5008614356?pTmplType=regular,Connected Apparel Womens 3/4 Sleeve Sheath Dress,CONNECTED APPAREL,25.49,69.00,63,"This Connected Apparel women's sheath dress features a gorgeous flowy design made with semi-sheer 3/4 split sleeves and a gathered waist to create a beautiful draped effect. It features a round neck and a knee-length cut. Wear it with heels and a clutch. Features: Easy CareClosure Type: Pullover HeadNeckline: Round NeckSleeve Length: 3/4 SleeveSleeve Style: Split SleeveApparel Length: 40 Inches - BackDress Length: Knee LengthFiber Content: 96% Polyester, 4% RayonFabric Description: Chiffon, KnitLining: Partially LinedLining Material: PolyesterCare: Machine Wash, Tumble DryMaterial: Chiffon, PolyesterBody Type: HourglassCountry of Origin: Imported",,,"https://jcpenney.scene7.com/is/image/JCPenney/DP1006202509024224M , https://jcpenney.scene7.com/is/image/JCPenney/DP1006202509024015M , https://jcpenney.scene7.com/is/image/JCPenney/DP1006202509024120M",,,"10 , 12 , 4 , 6 , 8",Black
ppr5008539373,https://www.jcpenney.com/p/premier-amour-belted-womens-halter-neck-sleeveless-belted-jumpsuit/ppr5008539373?pTmplType=regular,Premier Amour Belted Womens Halter Neck Sleeveless Belted Jumpsuit,PREMIER AMOUR,65.39,109.00,40,"This sleek Premier Amour women's jumpsuit features a chic halter neckline, wide-leg silhouette, and matching belt to cinch the waist. Crafted from smooth stretch crepe in white, it's a stylish alternative to an evening gown. Features: BeltedClosure Type: ZipperNeckline: Halter NeckSleeve Length: SleevelessApparel Length: 62 InchesFiber Content: 95% Polyester, 5% SpandexFabric Description: CrepeInseam: 32 1/2 InCare: Machine Wash, Dry FlatWedding Occasion: Guest of WeddingCountry of Origin: Imported RETURNS: This item must be returned in its original condition with the green return tag in place.",,,"https://jcpenney.scene7.com/is/image/JCPenney/DP0709202513010585M , https://jcpenney.scene7.com/is/image/JCPenney/DP0709202513010169M , https://jcpenney.scene7.com/is/image/JCPenney/DP0709202513011314M , https://jcpenney.scene7.com/is/image/JCPenney/DP0709202513010794M , https://jcpenney.scene7.com/is/image/JCPenney/DP0709202513011107M , https://jcpenney.scene7.com/is/image/JCPenney/DP0709202513010378M",5,1,"14 , 16",Off White
ppr5008568201,https://www.jcpenney.com/p/connected-apparel-womens-paisley-jacket-dress/ppr5008568201?pTmplType=regular,Connected Apparel Womens Paisley Jacket Dress,CONNECTED APPAREL,29.19,79.00,63,"Step out in timeless elegance with the Connected Apparel women’s paisley jacket dress. This two-piece set features a knee-length pullover dress with a round neckline and fitted long sleeves, paired with an open-front 3/4-sleeve jacket. Crafted from stretch ity fabric, it offers comfort and sophistication.# Pieces In Set: 22nd Piece Description: Jacket2nd Piece Closure Type: Open Front2nd Piece Sleeve Style: Fitted Sleeve2nd Piece Sleeve Length: 3/4 Sleeves2nd Piece Fabric: Ity2nd Piece Fiber Content: 96% Polyester, 4% Spandex2nd Piece Care: Machine Wash, Tumble DryFeatures: Stretch FabricClosure Type: Pullover HeadNeckline: Round NeckSleeve Length: Long SleeveSleeve Style: Fitted SleeveApparel Length: 38.5 InchesDress Length: Knee LengthFiber Content: 96% Polyester, 4% SpandexFabric Description: ItyLining: UnlinedCare: Tumble Dry, Machine WashCountry of Origin: Imported",,,"https://jcpenney.scene7.com/is/image/JCPenney/DP0808202511032947M , https://jcpenney.scene7.com/is/image/JCPenney/DP0808202511032842M , https://jcpenney.scene7.com/is/image/JCPenney/DP0808202511032737M",,,"10 , 12 , 14 , 16 , 4 , 6 , 8",Ink
ppr5008593353,https://www.jcpenney.com/p/premier-amour-womens-sleeveless-midi-fit-flare-dress/ppr5008593353?pTmplType=regular,Premier Amour Womens Sleeveless Midi Fit + Flare Dress,PREMIER AMOUR,58.99,120.00,50,"This Premier Amour women's sleeveless fit and flare dress is a beautiful classic for a wedding or formal event. Made from a patterned jacquard in a striking green tone, this midi dress has a fitted bustier top with a square neck and a pleated full skirt. Wear it with heels.Strap Type: TankFeatures: PleatedClosure Type: ZipperNeckline: Square NeckSleeve Length: SleevelessApparel Length: 55 InchesDress Length: Midi LengthFiber Content: 100% PolyesterFabric Description: JacquardLining: Fully LinedLining Material: PolyesterCare: Machine Wash, Dry FlatMaterial: PolyesterWedding Occasion: Guest of WeddingCountry of Origin: Imported",,,"https://jcpenney.scene7.com/is/image/JCPenney/DP0922202513022984M , https://jcpenney.scene7.com/is/image/JCPenney/DP0922202513022775M , https://jcpenney.scene7.com/is/image/JCPenney/DP0922202513023089M , https://jcpenney.scene7.com/is/image/JCPenney/DP0922202513022880M",,,14,Hunter
ppr5008510713,https://www.jcpenney.com/p/robbie-bee-womens-sleeveless-floral-midi-fit-flare-dress/ppr5008510713?pTmplType=regular,Robbie Bee Womens Sleeveless Floral Midi Fit + Flare Dress,ROBBIE BEE,27.65,79.00,65,"This Robbie Bee women's dress has a chic earthy toned floral print and a fit and flare silhouette that's perfect for dressier occasions. Made from soft chiffon, this sleeveless midi dress has a cowl neckline and a flowy asymmetrical length skirt. Wear it with heels or flats.Closure Type: Pullover HeadNeckline: Cowl NeckSleeve Length: SleevelessApparel Length: 38 InchesDress Length: Midi LengthFiber Content: 100% PolyesterFabric Description: ChiffonLining: Fully LinedLining Material: PolyesterCare: Machine Wash, Line DryMaterial: JerseyCountry of Origin: Imported",,,"https://jcpenney.scene7.com/is/image/JCPenney/DP0528202509050729M , https://jcpenney.scene7.com/is/image/JCPenney/DP0528202509050619M , https://jcpenney.scene7.com/is/image/JCPenney/DP0528202509050838M",5,2,14,Black Multi
ppr5008527814,https://www.jcpenney.com/p/marc-new-york-velvet-womens-long-sleeve-floral-sheath-dress/ppr5008527814?pTmplType=regular,Marc New York Velvet Womens Long Sleeve Floral Sheath Dress,MARC NEW YORK,59.39,99.00,40,"This Marc New York women's patterned velvet sheath dress is a gorgeous fall and winter style you'll want to have on hand. This form-fitting midi style has long sleeves, a keyhole cut-out neckline and ruched front for an elegant draped effect. Wear it with heels and a clutch.Closure Type: ZipperNeckline: Mock NeckSleeve Length: Long SleeveSleeve Style: Fitted SleeveApparel Length: 38.5 InchesDress Length: Knee LengthFiber Content: 46% Nylon, 38% Polyester, 16% SpandexFabric Description: VelvetLining: LinedLining Material: PolyesterCare: Dry Clean OnlyCountry of Origin: Imported",,,"https://jcpenney.scene7.com/is/image/JCPenney/DP1105202509100993M , https://jcpenney.scene7.com/is/image/JCPenney/DP1105202509100784M , https://jcpenney.scene7.com/is/image/JCPenney/DP1105202509100888M",5,2,"10 , 12 , 14 , 18",Malachite
ppr5008568194,https://www.jcpenney.com/p/danny-nicole-womens-sleeveless-floral-high-low-maxi-dress/ppr5008568194?pTmplType=regular,Danny & Nicole Womens Sleeveless Floral High-Low Maxi Dress,DANNY & NICOLE,27.65,79.00,65,"This Danny and Nicole women's floral-print maxi dress is an ultra-elegant choice for a cocktail party, wedding or when you want to make an impression. Made from chiffon, this sleeveless long dress has a v-neck, a tie waist and a floaty skirt with scalloped trims for a feminine finish. Wear it with pumps or sandals.Features: Tie-Waist, Lined, Hidden Closure, Faux Wrap, SmockedClosure Type: Hidden ZipperNeckline: V NeckSleeve Length: SleevelessApparel Length: 50 Inches - Front, 57 Inches - BackDress Length: High Low LengthFiber Content: 100% PolyesterFabric Description: ChiffonLining: Fully LinedLining Material: PolyesterCare: Hand Wash, Line DryMaterial: ChiffonCountry of Origin: Imported",,,"https://jcpenney.scene7.com/is/image/JCPenney/DP0821202509050866M , https://jcpenney.scene7.com/is/image/JCPenney/DP0808202511024761M , https://jcpenney.scene7.com/is/image/JCPenney/DP0808202511024866M",5,1,"16 , 4",Black Pink
ppr5008527815,https://www.jcpenney.com/p/marc-new-york-velvet-womens-long-sleeve-sheath-dress/ppr5008527815?pTmplType=regular,Marc New York Velvet Womens Long Sleeve Sheath Dress,MARC NEW YORK,59.39,99.00,40,"This Marc New York velvet women’s long sleeve sheath dress is elegant and perfect for evening events. Soft velvet fabric offers luxurious comfort, while the fitted silhouette flatters your figure. Pair with heels and statement jewelry for a sophisticated, polished look.Closure Type: ZipperNeckline: V NeckSleeve Length: Long SleeveSleeve Style: Fitted SleeveApparel Length: 38.5 InchesDress Length: Knee LengthFiber Content: 90% Polyester, 10% SpandexFabric Description: VelvetLining: LinedLining Material: PolyesterCare: Dry Clean OnlyCountry of Origin: Imported",,,"https://jcpenney.scene7.com/is/image/JCPenney/DP0908202507050127M , https://jcpenney.scene7.com/is/image/JCPenney/DP0908202507045918M , https://jcpenney.scene7.com/is/image/JCPenney/DP0908202507050232M , https://jcpenney.scene7.com/is/image/JCPenney/DP0908202507050023M , https://jcpenney.scene7.com/is/image/JCPenney/DP0908202507045810M",5,1,6,Black
ppr5008536066,https://www.jcpenney.com/p/trixxi-womens-juniors-short-sleeve-floral-midi-fit-flare-dress/ppr5008536066?pTmplType=regular,Trixxi Womens Juniors Short Sleeve Floral Midi Fit + Flare Dress,TRIXXI,25.89,74.00,65,"Closure Type: Pullover HeadNeckline: Sweetheart NeckSleeve Length: Short SleeveSleeve Style: Puffed SleeveApparel Length: 48 InchesDress Length: Midi LengthFiber Content: 100% PolyesterFabric Description: WovenLining: Fully LinedLining Material: PolyesterCare: Line Dry, Hand WashWedding Occasion: Guest of WeddingCountry of Origin: Imported",,,"https://jcpenney.scene7.com/is/image/JCPenney/DP0514202509024035M , https://jcpenney.scene7.com/is/image/JCPenney/DP0514202509023827M , https://jcpenney.scene7.com/is/image/JCPenney/DP0514202509024245M , https://jcpenney.scene7.com/is/image/JCPenney/DP0514202509024140M , https://jcpenney.scene7.com/is/image/JCPenney/DP0514202509023931M",,,Small,Navywht
ppr5008510579,https://www.jcpenney.com/p/bold-elements-womens-plus-long-sleeve-cut-outs-sweater-dress/ppr5008510579?pTmplType=regular,Bold Elements Womens Plus Long Sleeve Cut Outs Sweater Dress,BOLD ELEMENTS,25.79,86.00,70,"This Bold Elements women's plus long sleeve sweater dress features a chic cut-out at the back for an evening-ready take on the style. Made from a soft cable-knit, the pullover short dress has a crew neck and long sleeves. Wear it with heeled boots and hoop earrings.Features: Cut OutsClosure Type: Pullover HeadNeckline: Crew NeckSleeve Length: Long SleeveSleeve Style: Fitted SleeveApparel Length: 34 Inches - FrontDress Length: Knee LengthFiber Content: 90% Cotton, 10% NylonFabric Description: KnitCare: Tumble Dry, Machine WashOwned & Founded: Women Owned/FoundedCountry of Origin: Imported",,,"https://jcpenney.scene7.com/is/image/JCPenney/DP0919202509203010M , https://jcpenney.scene7.com/is/image/JCPenney/DP0919202509202799M , https://jcpenney.scene7.com/is/image/JCPenney/DP0919202509202906M",,,"1X , 2X , 3X",Burgundy Passion
ppr5008522149,https://www.jcpenney.com/p/r-m-richards-womens-sleeveless-fit-flare-dress/ppr5008522149?pTmplType=regular,R & M Richards Womens Sleeveless Fit + Flare Dress,R & M RICHARDS,56.99,100.00,43,"This R&M Richards women's sleeveless fit and flare dress features a metallic green lace for a glam, festive feel. This short dress features a keyhold cut-out neckline and a structured full skirt. Wear it with pumps.Closure Type: ZipperNeckline: Keyhole NeckSleeve Length: SleevelessApparel Length: 39 InchesDress Length: Short LengthFiber Content: 77% Polyester, 21% Nylon, 2% SpandexFabric Description: LaceLining: LinedLining Material: PolyesterCare: Line Dry, Hand WashMaterial: LaceWedding Occasion: Guest of WeddingCountry of Origin: Imported",,,"https://jcpenney.scene7.com/is/image/JCPenney/DP0702202507020944M , https://jcpenney.scene7.com/is/image/JCPenney/DP0702202507020737M , https://jcpenney.scene7.com/is/image/JCPenney/DP0702202507020841M",5,7,"10 , 12 , 14 , 16 , 18 , 4 , 6 , 8",Spruce Black
ppr5008540145,https://www.jcpenney.com/p/perceptions-womens-short-sleeve-floral-midi-fit-flare-dress/ppr5008540145?pTmplType=regular,Perceptions Womens Short Sleeve Floral Midi Fit + Flare Dress,PERCEPTIONS,25.89,74.00,65,"Closure Type: Pullover HeadNeckline: V NeckSleeve Length: Short SleeveApparel Length: 46.5 Inches - FrontDress Length: Midi LengthFiber Content: 96% Polyester, 4% SpandexFabric Description: ItyLining: UnlinedCare: Line Dry, Machine WashCountry of Origin: Imported",,,"https://jcpenney.scene7.com/is/image/JCPenney/DP0530202511013635M , https://jcpenney.scene7.com/is/image/JCPenney/DP0530202511013532M , https://jcpenney.scene7.com/is/image/JCPenney/DP0530202511013739M",5,1,"Large , Medium , Small , X-Large",Navy Rust
ppr5008530899,https://www.jcpenney.com/p/sam-and-jess-womens-short-sleeve-midi-fit-flare-dress/ppr5008530899?pTmplType=regular,Sam And Jess Womens Short Sleeve Midi Fit + Flare Dress,SAM AND JESS,59.49,119.00,50,"You'll feel on-trend for the colder months thanks to this Sam and Jess women's faux leather midi dress, which comes in a dark brown hue. It has sshort dolman sleeves, a belted waist and a flattering fit and flare shape. Wear it with pumps.Closure Type: Loop & ButtonNeckline: Keyhole NeckSleeve Length: Short SleeveSleeve Style: Dolman SleeveApparel Length: 47.25 Inches - BackDress Length: Midi LengthFiber Content: 100% PolyurethaneFabric Description: Faux LeatherLining: UnlinedCare: Hand Wash, Line DryBody Type: HourglassCountry of Origin: Imported",,,"https://jcpenney.scene7.com/is/image/JCPenney/DP0724202509163939M , https://jcpenney.scene7.com/is/image/JCPenney/DP0724202509163730M , https://jcpenney.scene7.com/is/image/JCPenney/DP0724202509163835M",4,2,"Small , X-Large",Black Coffee
ppr5008536381,https://www.jcpenney.com/p/trixxi-embellished-womens-juniors-sleeveless-bodycon-dress/ppr5008536381?pTmplType=regular,Trixxi Embellished Womens Juniors Sleeveless Bodycon Dress,TRIXXI,29.39,84.00,65,"Strap Type: AdjustableClosure Type: Pullover HeadNeckline: Draped NeckSleeve Length: SleevelessSleeve Style: SleevelessApparel Length: 33 InchesDress Length: Short LengthFiber Content: 95% Polyester, 5% SpandexFabric Description: MeshLining: Fully LinedLining Material: PolyesterCare: Hand Wash, Line DryWedding Occasion: Guest of WeddingCountry of Origin: Imported RETURNS: This item must be returned in its original condition with the green return tag in place.",,,"https://jcpenney.scene7.com/is/image/JCPenney/DP0630202507124048M , https://jcpenney.scene7.com/is/image/JCPenney/DP0630202507123943M , https://jcpenney.scene7.com/is/image/JCPenney/DP0630202507123840M , https://jcpenney.scene7.com/is/image/JCPenney/DP0630202507124256M , https://jcpenney.scene7.com/is/image/JCPenney/DP0630202507124153M",,,X-Large,Light Pink
ppr5008593363,https://www.jcpenney.com/p/premier-amour-womens-sequin-long-sleeve-sheath-dress/ppr5008593363?pTmplType=regular,Premier Amour Womens Sequin Long Sleeve Sheath Dress,PREMIER AMOUR,60.49,110.00,45,"This Premier Amour women’s sequin long sleeve sheath dress is glamorous and perfect for parties or special occasions. Shimmering sequins catch the light, while a fitted silhouette creates an elegant look. Pair with heels and statement jewelry for a polished ensemble.Features: Sequins, Stretch FabricClosure Type: ZipperNeckline: Round NeckSleeve Length: Long SleeveSleeve Style: Puffed SleeveApparel Length: 35 InchesDress Length: Knee LengthFiber Content: 93% Polyester, 7% SpandexFabric Description: MeshLining: Fully LinedLining Material: PolyesterCare: Dry Flat, Hand WashMaterial: PolyesterCountry of Origin: Imported",,,"https://jcpenney.scene7.com/is/image/JCPenney/DP0922202513032624M , https://jcpenney.scene7.com/is/image/JCPenney/DP0922202513032415M , https://jcpenney.scene7.com/is/image/JCPenney/DP0922202513032729M , https://jcpenney.scene7.com/is/image/JCPenney/DP0922202513032519M",,,"10 , 12 , 16 , 18",Burgundy
ppr5008526697,https://www.jcpenney.com/p/secret-charm-womens-juniors-3-4-sleeve-bodycon-dress/ppr5008526697?pTmplType=regular,Secret Charm Womens Juniors 3/4 Sleeve Bodycon Dress,SECRET CHARM,29.39,84.00,65,"Closure Type: Pullover HeadNeckline: Round NeckSleeve Length: 3/4 SleeveApparel Length: 34 InchesDress Length: Short LengthFiber Content: 92% Polyester, 8% SpandexFabric Description: KnitLining: Fully LinedLining Material: PolyesterCare: Line Dry, Hand WashWedding Occasion: Guest of WeddingCountry of Origin: Imported RETURNS: This item must be returned in its original condition with the green return tag in place.",,,"https://jcpenney.scene7.com/is/image/JCPenney/DP0623202509005490M , https://jcpenney.scene7.com/is/image/JCPenney/DP0623202509005282M , https://jcpenney.scene7.com/is/image/JCPenney/DP0623202509005387M",,,"Large , Medium , Small , X-Large , X-Small",Ivory
ppr5008527176,https://www.jcpenney.com/p/marc-new-york-womens-long-sleeve-floral-shift-dress/ppr5008527176?pTmplType=regular,Marc New York Womens Long Sleeve Floral Shift Dress,MARC NEW YORK,53.39,89.00,40,"Marc New York womens Long Sleeve Floral Shift Dress combines timeless sophistication with vibrant prints. The relaxed silhouette and soft fabric deliver all-day comfort and polished charm. Perfect for work or brunch, pair it with heels or flats for a refined, effortless finish.Closure Type: ZipperNeckline: Collar NeckSleeve Length: Long SleeveSleeve Style: Balloon SleeveApparel Length: 35 Inches - BackDress Length: Knee LengthFiber Content: 94% Polyester, 6% SpandexFabric Description: Crepe, ScubaLining: UnlinedCollar: Point CollarCare: Dry Clean OnlyCountry of Origin: Imported",,,"https://jcpenney.scene7.com/is/image/JCPenney/DP0905202507022617M , https://jcpenney.scene7.com/is/image/JCPenney/DP0905202507022409M , https://jcpenney.scene7.com/is/image/JCPenney/DP0905202507022721M , https://jcpenney.scene7.com/is/image/JCPenney/DP0905202507022931M , https://jcpenney.scene7.com/is/image/JCPenney/DP0905202507022512M",,,"10 , 12 , 14",Black White
ppr5008252144,https://www.jcpenney.com/p/jessica-howard-womens-3-4-sleeve-sheath-dress/ppr5008252144?pTmplType=regular,Jessica Howard Womens 3/4 Sleeve Sheath Dress,JESSICA HOWARD,27.65,79.00,65,"Jessica Howard's women's knee-length dress is cut in an A-line silhouette from stretch-jersey for a sleek style with a comfortable feel. It has a bateau neckline, short dolman sleeves, striped trim, and a back button-keyhole closure. Wear it with chunky jewlery and heels.Closure Type: Zipper, Loop & ButtonNeckline: Boat NeckSleeve Length: 3/4 SleeveApparel Length: 37 InchesDress Length: Knee LengthFiber Content: 95% Polyester, 5% SpandexFabric Description: JerseyCare: Hand Wash, Dry FlatMaterial: JerseyCountry of Origin: Imported",,,"https://jcpenney.scene7.com/is/image/JCPenney/DP0901202211005886M , https://jcpenney.scene7.com/is/image/JCPenney/DP0901202211005679M , https://jcpenney.scene7.com/is/image/JCPenney/DP0901202211005783M",5,13,4,Black
ppr5008527395,https://www.jcpenney.com/p/marc-new-york-womens-short-sleeve-midi-fit-flare-dress/ppr5008527395?pTmplType=regular,Marc New York Womens Short Sleeve Midi Fit + Flare Dress,MARC NEW YORK,53.39,89.00,40,"Marc New York womens Short Sleeve Midi Fit Flare Dress combines soft femininity with modern ease. The fitted bodice and flowing skirt create a flattering silhouette, while the floral print adds charm. Pair with block heels or a cropped jacket for a polished day-to-night look.Closure Type: ZipperNeckline: Round NeckSleeve Length: Short SleeveSleeve Style: Fitted SleeveApparel Length: 44 InchesDress Length: Midi LengthFiber Content: 96% Polyester, 4% SpandexFabric Description: Scuba, CrepeLining: UnlinedCare: Dry Clean OnlyCountry of Origin: Imported",,,"https://jcpenney.scene7.com/is/image/JCPenney/DP0724202515031850M , https://jcpenney.scene7.com/is/image/JCPenney/DP0724202515031640M , https://jcpenney.scene7.com/is/image/JCPenney/DP0724202515032164M , https://jcpenney.scene7.com/is/image/JCPenney/DP0724202515031745M , https://jcpenney.scene7.com/is/image/JCPenney/DP0724202515031954M",,,"10 , 2 , 4 , 6",Red
ppr5008534776,https://www.jcpenney.com/p/byby-womens-juniors-bodycon-dress/ppr5008534776?pTmplType=regular,by&by Womens Juniors Bodycon Dress,BY AND BY,25.89,74.00,65,"Strap Type: SpaghettiClosure Type: Pullover HeadNeckline: V NeckApparel Length: 34 Inches - BackDress Length: Short LengthFiber Content: 95% Polyester, 5% SpandexFabric Description: KnitCare: Line Dry, Machine WashWedding Occasion: Guest of WeddingCountry of Origin: Imported RETURNS: This item must be returned in its original condition with the green return tag in place.",,,"https://jcpenney.scene7.com/is/image/JCPenney/DP0717202509040375M , https://jcpenney.scene7.com/is/image/JCPenney/DP0717202509040166M , https://jcpenney.scene7.com/is/image/JCPenney/DP0717202509040271M",,,"Small , X-Small",Black
ppr5008534111,https://www.jcpenney.com/p/melonie-t-womens-plus-3-4-sleeve-floral-midi-fit-flare-dress/ppr5008534111?pTmplType=regular,Melonie T Womens Plus 3/4 Sleeve Floral Midi Fit + Flare Dress,MELONIE T,54.45,99.00,45,"Melonie T womens Plus 3/4 Sleeve Floral Midi Fit Flare Dress combines comfort and charm with its soft fabric and flattering fit. The floral print adds a touch of color and sophistication. Pair with simple accessories and pumps for a graceful day-to-evening ensemble.Included: 1 Belt(s)Features: Belted, PleatedClosure Type: ZipperNeckline: V NeckSleeve Length: 3/4 SleeveSleeve Style: Balloon SleeveApparel Length: 48.5 Inches - Front, 46.25 Inches - BackDress Length: Midi LengthFiber Content: 100% PolyesterFabric Description: WovenLining: Fully LinedLining Material: PolyesterCare: Hand Wash, Line DryCountry of Origin: Imported",,,"https://jcpenney.scene7.com/is/image/JCPenney/DP0726202513054399M , https://jcpenney.scene7.com/is/image/JCPenney/DP0726202513054189M , https://jcpenney.scene7.com/is/image/JCPenney/DP0726202513054294M",3,1,22W,Blck Rust Cinnamon
ppr5008537466,https://www.jcpenney.com/p/city-triangle-womens-juniors-glitter-bodycon-dress/ppr5008537466?pTmplType=regular,City Triangle Womens Juniors Glitter Bodycon Dress,CITY TRIANGLE,25.89,74.00,65,"Strap Type: AdjustableFeatures: Glitter, Stretch FabricClosure Type: ZipperNeckline: Draped NeckApparel Length: 34 InchesDress Length: Short LengthFiber Content: 91% Nylon, 5% Metallic, 4% SpandexFabric Description: KnitLining: Fully LinedLining Material: PolyesterCare: Dry Clean OnlyWedding Occasion: Guest of WeddingCountry of Origin: Imported RETURNS: This item must be returned in its original condition with the green return tag in place.",,,"https://jcpenney.scene7.com/is/image/JCPenney/DP0527202511004264M , https://jcpenney.scene7.com/is/image/JCPenney/DP0527202511004160M , https://jcpenney.scene7.com/is/image/JCPenney/DP0527202511004368M",,,"Medium , Small , X-Small , Xx-Large",Sage Silver
ppr5008593351,https://www.jcpenney.com/p/premier-amour-womens-beaded-sequin-long-sleeve-sheath-dress/ppr5008593351?pTmplType=regular,Premier Amour Womens Beaded Sequin Long Sleeve Sheath Dress,PREMIER AMOUR,53.99,110.00,51,"The Premier Amour women’s beaded sequin long sleeve sheath dress sparkles with elegance thanks to all-over beadwork and luxe sequin detailing. The long sleeves and sleek sheath silhouette provide streamlined sophistication for special occasions. Style with metallic heels and minimal accessories for a standout evening ensemble.Features: Beaded, Stretch Fabric, SequinsClosure Type: Pullover HeadNeckline: Round NeckSleeve Length: Long SleeveSleeve Style: Fitted SleeveApparel Length: 35 InchesDress Length: Short LengthFiber Content: 95% Polyester, 5% SpandexFabric Description: MeshLining: Fully LinedLining Material: PolyesterCare: Line Dry, Hand WashMaterial: PolyesterCountry of Origin: Imported",,,"https://jcpenney.scene7.com/is/image/JCPenney/DP0922202513024759M , https://jcpenney.scene7.com/is/image/JCPenney/DP0922202513024551M , https://jcpenney.scene7.com/is/image/JCPenney/DP0922202513024864M , https://jcpenney.scene7.com/is/image/JCPenney/DP0922202513024656M",3,1,"10 , 12 , 14 , 2 , 4 , 6",Nude Silver
ppr5008529258,https://www.jcpenney.com/p/jessica-howard-womens-plus-3-4-sleeve-plaid-shift-dress/ppr5008529258?pTmplType=regular,Jessica Howard Womens Plus 3/4 Sleeve Plaid Shift Dress,JESSICA HOWARD,27.65,79.00,65,"Look the part at your next holiday party wearing this chic Jessica Howard women's plus plaid shift dress. Made from melange, this short dress has a boat neckline, 3/4 puffed sleeves and a flattering fit. Wear it with tights and pumps.Closure Type: ButtonNeckline: Boat NeckPocket Types: 2 Side Slip Pocket(s)Sleeve Length: 3/4 SleeveApparel Length: 40.5 Inches - BackDress Length: Short LengthFiber Content: 96% Polyester, 4% SpandexFabric Description: MelangeLining: LinedLining Material: PolyesterCare: Dry Flat, Machine WashCountry of Origin: Imported",,,"https://jcpenney.scene7.com/is/image/JCPenney/DP0726202507041774M , https://jcpenney.scene7.com/is/image/JCPenney/DP0726202507041564M , https://jcpenney.scene7.com/is/image/JCPenney/DP0726202507041669M",,,"1X , 2X , 3X",Red Multi
ppr5008593321,https://www.jcpenney.com/p/premier-amour-womens-cold-shoulder-short-sleeve-velvet-midi-sheath-dress/ppr5008593321?pTmplType=regular,Premier Amour Womens Cold-Shoulder Short Sleeve Velvet Midi Sheath Dress,PREMIER AMOUR,53.39,89.00,40,"This Premier Amour women’s cold shoulder short sleeve velvet midi sheath dress is elegant and perfect for evening events. Luxurious velvet fabric drapes beautifully while the cold shoulder detail adds a modern touch. Pair with heels and statement jewelry for a glamorous outfit.Strap Type: SpaghettiFeatures: Stretch FabricClosure Type: ZipperNeckline: Straight NeckSleeve Length: Short SleeveSleeve Style: Cold Shoulder SleeveApparel Length: 54 InchesDress Length: Midi LengthFiber Content: 59% Polyester, 30% Nylon, 11% SpandexFabric Description: Burnout, VelvetLining: Fully LinedLining Material: PolyesterCare: Dry Flat, Hand WashMaterial: PolyesterCountry of Origin: Imported",,,"https://jcpenney.scene7.com/is/image/JCPenney/DP0922202513020479M , https://jcpenney.scene7.com/is/image/JCPenney/DP0922202513020270M , https://jcpenney.scene7.com/is/image/JCPenney/DP0922202513020583M , https://jcpenney.scene7.com/is/image/JCPenney/DP0922202513020374M",,,"14 , 16 , 18",Burgundy
ppr5008533783,https://www.jcpenney.com/p/isabel-nina-womens-sleeveless-midi-shirt-dress/ppr5008533783?pTmplType=regular,Isabel & Nina Womens Sleeveless Midi Shirt Dress,ISABEL & NINA,27.65,79.00,65,"Elevate your everyday style with the Isabel & Nina women’s shirt dress. Featuring a collared neckline, button-front closure, and tie-up waist detail, this dress blends classic structure with modern ease. Perfect for workdays or weekend outings with polished charm.Closure Type: ButtonNeckline: Collar NeckSleeve Length: SleevelessApparel Length: 45 InchesDress Length: Midi LengthFiber Content: 90% Polyester, 8% Nylon, 2% SpandexFabric Description: CorduroyLining: UnlinedCollar: Spread CollarCare: Line Dry, Machine WashCountry of Origin: Imported",,,"https://jcpenney.scene7.com/is/image/JCPenney/DP0724202509164355M , https://jcpenney.scene7.com/is/image/JCPenney/DP0724202509164147M , https://jcpenney.scene7.com/is/image/JCPenney/DP0724202509164251M",,,X-Large,Olive
ppr5008539372,https://www.jcpenney.com/p/premier-amour-one-shoulder-womens-short-sleeve-floral-midi-fit-flare-dress/ppr5008539372?pTmplType=regular,Premier Amour One Shoulder Womens Short Sleeve Floral Midi Fit + Flare Dress,PREMIER AMOUR,56.43,99.00,43,"Turn heads at your next event in this stunning women's one-shoulder midi dress from Premier Amour designed with a beautiful teal floral print. Made from smooth satin with a hint of stretch, it features an asymmetrical neckline, short sleeves, and a side zipper closure. Closure Type: Side ZipperNeckline: Asymmetrical NeckSleeve Length: Short SleeveSleeve Style: One Shoulder SleeveApparel Length: 56 InchesDress Length: Midi LengthFiber Content: 97% Polyester, 3% SpandexFabric Description: SatinLining: LinedLining Material: PolyesterCare: Machine Wash, Line DryWedding Occasion: Guest of WeddingCountry of Origin: Imported",,,"https://jcpenney.scene7.com/is/image/JCPenney/DP0709202513012773M , https://jcpenney.scene7.com/is/image/JCPenney/DP0709202513012564M , https://jcpenney.scene7.com/is/image/JCPenney/DP0709202513013087M , https://jcpenney.scene7.com/is/image/JCPenney/DP0709202513012878M , https://jcpenney.scene7.com/is/image/JCPenney/DP0709202513012668M",,,"12 , 14 , 16 , 2 , 6",Slate Teal
ppr5008526180,https://www.jcpenney.com/p/dj-jaz-one-shoulder-womens-applique-sleeveless-midi-sheath-dress/ppr5008526180?pTmplType=regular,DJ Jaz One Shoulder Womens Applique Sleeveless Midi Sheath Dress,DJ JAZ,29.29,89.00,67,"Make a statement at a cocktail party with this fuchsia fitted sheath dress by DJ Jaz. Made from stretch-crepe, this women's midi dress has a sleek one-shoulder design with floral applique for a glam style statement. Wear it with heels and a clutch. Features: AppliqueClosure Type: ZipperNeckline: Asymmetrical NeckSleeve Length: SleevelessSleeve Style: One Shoulder SleeveApparel Length: 43 InchesDress Length: Midi LengthFiber Content: 94% Polyester, 6% SpandexFabric Description: Crepe, ScubaLining Material: PolyesterCare: Dry Clean OnlyMaterial: Crepe, ScubaWedding Occasion: Guest of Wedding, BridesmaidCountry of Origin: Made in US",,,"https://jcpenney.scene7.com/is/image/JCPenney/DP0320202507120890M , https://jcpenney.scene7.com/is/image/JCPenney/DP0320202507120683M , https://jcpenney.scene7.com/is/image/JCPenney/DP0320202507120994M , https://jcpenney.scene7.com/is/image/JCPenney/DP0320202507121204M , https://jcpenney.scene7.com/is/image/JCPenney/DP0320202507120786M",3,2,12,Fuchsia
ppr5008527396,https://www.jcpenney.com/p/marc-new-york-womens-embellished-pearl-trim-short-sleeve-sheath-dress/ppr5008527396?pTmplType=regular,Marc New York Womens Embellished Pearl Trim Short Sleeve Sheath Dress,MARC NEW YORK,59.39,99.00,40,"You'll love this preppy polish of this Marc New York women's short sheath dress. Made from stretch tweed, this fitted short-sleeve dress has an embellished pearl peter pan collar and a flared skirt. Wear it with tights and pumps. Features: Embellished, Pearl TrimClosure Type: ZipperNeckline: Collar NeckSleeve Length: Short SleeveSleeve Style: Fitted SleeveApparel Length: 35.5 InchesDress Length: Knee LengthFiber Content: 73% Polyester, 14% Rayon, 12% Cotton, 1% SpandexFabric Description: Knit, TweedLining: UnlinedCollar: Peter Pan CollarCare: Dry Clean OnlyCountry of Origin: Imported",,,"https://jcpenney.scene7.com/is/image/JCPenney/DP0724202515032478M , https://jcpenney.scene7.com/is/image/JCPenney/DP0724202515032269M , https://jcpenney.scene7.com/is/image/JCPenney/DP0724202515032583M , https://jcpenney.scene7.com/is/image/JCPenney/DP0724202515032792M , https://jcpenney.scene7.com/is/image/JCPenney/DP0724202515032373M",5,2,"14 , 16",Soft White Black
ppr5008614360,https://www.jcpenney.com/p/connected-apparel-womens-elbow-sleeve-floral-sheath-dress/ppr5008614360?pTmplType=regular,Connected Apparel Womens Elbow Sleeve Floral Sheath Dress,CONNECTED APPAREL,25.49,69.00,63,"This Connected Apparel women's floral-print sheath dress features a gorgeous flowy design made with semi-sheer 3/4 split sleeves and a gathered waist to create a beautiful draped effect. It features a round neck and a knee-length cut. Wear it with heels and a clutch. Features: Easy CareClosure Type: Pullover HeadNeckline: Round NeckSleeve Length: Elbow SleeveSleeve Style: Flutter SleeveApparel Length: 40 Inches - BackDress Length: Knee LengthFiber Content: 96% Polyester, 4% RayonFabric Description: Chiffon, KnitLining: Partially LinedLining Material: PolyesterCare: Machine Wash, Tumble DryMaterial: Polyester, ChiffonBody Type: HourglassCountry of Origin: Imported",,,"https://jcpenney.scene7.com/is/image/JCPenney/DP1006202509022970M , https://jcpenney.scene7.com/is/image/JCPenney/DP1006202509022761M , https://jcpenney.scene7.com/is/image/JCPenney/DP1006202509022865M",,,"10 , 12 , 14 , 4 , 6",Red
ppr5008542739,https://www.jcpenney.com/p/city-triangle-womens-juniors-cut-outs-glitter-bodycon-dress/ppr5008542739?pTmplType=regular,City Triangle Womens Juniors Cut Outs Glitter Bodycon Dress,CITY TRIANGLE,71.75,205.00,65,"Strap Type: AdjustableFeatures: Cut Outs, Stretch Fabric, Built In Bra, Bow, GlitterClosure Type: Zipper, Hook & Eye, TieNeckline: Straight NeckApparel Length: 61 InchesDress Length: Long LengthFiber Content: 60% Metallic, 40% PolyesterFabric Description: KnitLining: Fully LinedLining Material: PolyesterCare: Dry Clean OnlyWedding Occasion: Guest of WeddingCountry of Origin: Imported RETURNS: This item must be returned in its original condition with the green return tag in place.",,,"https://jcpenney.scene7.com/is/image/JCPenney/DP0912202513002299M , https://jcpenney.scene7.com/is/image/JCPenney/DP0912202513002194M , https://jcpenney.scene7.com/is/image/JCPenney/DP0912202513002404M",,,"00 , 10 , 12 , 2 , 4",Royal Teal
ppr5008598816,https://www.jcpenney.com/p/perceptions-womens-short-sleeve-midi-fit-flare-dress/ppr5008598816?pTmplType=regular&selectedSKUId=22386260067,Perceptions Womens Short Sleeve Midi Fit + Flare Dress,PERCEPTIONS,40.69,74.00,45,"This Perceptions women's fit and flare midi dress features a simple, yet ultra-chic silhouette that flatters your figure. It has short flutter sleeves, a banded waist and a flowy skirt. Wear it with heels for work or an evening out.Closure Type: Pullover HeadNeckline: Round NeckSleeve Length: Short SleeveSleeve Style: Flutter SleeveApparel Length: 45.5 Inches - FrontDress Length: Midi LengthFiber Content: 95% Polyester, 5% SpandexFabric Description: ItyCare: Machine Wash, Line DryCountry of Origin: Imported",,,"https://jcpenney.scene7.com/is/image/JCPenney/DP0808202511041973M , https://jcpenney.scene7.com/is/image/JCPenney/DP0808202511041764M , https://jcpenney.scene7.com/is/image/JCPenney/DP0808202511041869M",4,2,"Medium , Small","Emerald , Rich Red"
ppr5008565511,https://www.jcpenney.com/p/robbie-bee-womens-short-sleeve-midi-fit-flare-dress/ppr5008565511?pTmplType=regular,Robbie Bee Womens Short Sleeve Midi Fit + Flare Dress,ROBBIE BEE,29.23,79.00,63,"Features: Stretch FabricClosure Type: Pullover HeadNeckline: Round NeckSleeve Length: Short SleeveSleeve Style: Cap SleeveApparel Length: 48 InchesDress Length: Midi LengthFiber Content: 95% Polyester, 5% SpandexFabric Description: MeshLining: Fully LinedLining Material: PolyesterCare: Machine Wash, Dry FlatMaterial: MeshCountry of Origin: Imported",,,"https://jcpenney.scene7.com/is/image/JCPenney/DP0917202509035527M , https://jcpenney.scene7.com/is/image/JCPenney/DP0917202509035317M , https://jcpenney.scene7.com/is/image/JCPenney/DP0917202509035422M",5,1,"Large , Medium , Small , X-Large",Cream Brown
ppr5008539229,https://www.jcpenney.com/p/premier-amour-womens-plus-short-sleeve-midi-fit-flare-dress/ppr5008539229?pTmplType=regular,Premier Amour Womens Plus Short Sleeve Midi Fit + Flare Dress,PREMIER AMOUR,56.39,94.00,40,"Embody chic boho spirit wearing this Premier Amour women's plus fit and flare dress. This textured chiffon midi dress has delicate flutter sleeves, a wrap v-neck and a tiered skirt. Dress it up or down with flats or pumps.Features: Tie-WaistClosure Type: Pullover HeadNeckline: V NeckSleeve Length: Short SleeveSleeve Style: Flutter SleeveApparel Length: 52 InchesDress Length: Midi LengthFiber Content: 100% PolyesterFabric Description: ChiffonLining: Fully LinedLining Material: PolyesterCare: Tumble Dry, Machine WashWedding Occasion: Guest of WeddingCountry of Origin: Imported",,,"https://jcpenney.scene7.com/is/image/JCPenney/DP0605202509010148M , https://jcpenney.scene7.com/is/image/JCPenney/DP0605202509010043M , https://jcpenney.scene7.com/is/image/JCPenney/DP0605202509010252M",,,22W,Burgundy
ppr5008525938,https://www.jcpenney.com/p/jessica-howard-womens-3-4-sleeve-plaid-shift-dress/ppr5008525938?pTmplType=regular,Jessica Howard Womens 3/4 Sleeve Plaid Shift Dress,JESSICA HOWARD,30.99,69.00,55,"This Jessica Howard women's plaid shift dress is a super chic style to transition into wearing for fall and the holidays. This a-line short dress has 3/4 puff sleeves and an elegant boat neckline. Wear it with tights and booties.Closure Type: ButtonNeckline: Boat NeckPocket Types: 2 Side Slip Pocket(s)Sleeve Length: 3/4 SleeveSleeve Style: Fitted SleeveApparel Length: 36.5 Inches - BackDress Length: Short LengthFiber Content: 96% Polyester, 4% SpandexFabric Description: MelangeLining: LinedLining Material: PolyesterCare: Machine Wash, Dry FlatCountry of Origin: Imported",,,"https://jcpenney.scene7.com/is/image/JCPenney/DP0801202515012737M , https://jcpenney.scene7.com/is/image/JCPenney/DP0801202515012529M , https://jcpenney.scene7.com/is/image/JCPenney/DP0801202515012633M",5,3,"Large , Medium , X-Large",Blue Brown
ppr5008593355,https://www.jcpenney.com/p/premier-amour-womens-plus-sequin-short-sleeve-midi-sheath-dress/ppr5008593355?pTmplType=regular,Premier Amour Womens Plus Sequin Short Sleeve Midi Sheath Dress,PREMIER AMOUR,65.39,109.00,40,"This Premier Amour women's plus mini dress is a sparkly showstopper for a cocktail party or special occasion. Made from a stretch sequinned fabric, this knee-length dress has a high round neckline, draped short cap sleeves and a back zip closure. Wear it with pumps and sparkling earrings.Features: Stretch Fabric, SequinsClosure Type: ZipperNeckline: Round NeckSleeve Length: Short SleeveSleeve Style: Cap SleeveApparel Length: 46 InchesDress Length: Midi LengthFiber Content: 95% Polyester, 5% SpandexFabric Description: MeshLining: LinedLining Material: PolyesterCare: Hand Wash, Line DryMaterial: PolyesterCountry of Origin: Imported",,,"https://jcpenney.scene7.com/is/image/JCPenney/DP0919202509102933M , https://jcpenney.scene7.com/is/image/JCPenney/DP0919202509102723M , https://jcpenney.scene7.com/is/image/JCPenney/DP0919202509102828M",,,"16W , 18W",Nude Silver
ppr5008522398,https://www.jcpenney.com/p/msk-womens-3-4-sleeve-floral-babydoll-dress/ppr5008522398?pTmplType=regular,MSK Womens 3/4 Sleeve Floral Babydoll Dress,MSK,27.65,79.00,65,"Bring effortless elegance to your wardrobe with the MSK women’s babydoll dress. Featuring a split crew neckline, 3/4 balloon sleeves, and a knee-length silhouette, this floral dress is crafted from chiffon with metallic lurex accents. Pair with strappy heels and a clutch for a chic evening look.Closure Type: Pullover HeadNeckline: Split Crew NeckSleeve Length: 3/4 SleeveSleeve Style: Balloon SleeveApparel Length: 35.25 Inches - BackDress Length: Knee LengthFiber Content: 90% Viscose, 10% Lurex MetallicFabric Description: ChiffonLining: LinedLining Material: PolyesterCare: Hand Wash, Line DryMaterial: ChiffonBody Type: HourglassCountry of Origin: Imported",,,"https://jcpenney.scene7.com/is/image/JCPenney/DP0602202513011444M , https://jcpenney.scene7.com/is/image/JCPenney/DP0602202513011653M , https://jcpenney.scene7.com/is/image/JCPenney/DP0602202513011756M",,,"Large , Medium",Cordovan
ppr5008527394,https://www.jcpenney.com/p/marc-new-york-womens-embellished-long-sleeve-sheath-dress/ppr5008527394?pTmplType=regular,Marc New York Womens Embellished Long Sleeve Sheath Dress,MARC NEW YORK,53.39,89.00,40,"Marc New York womens Embellished Long Sleeve Sheath Dress combines sleek sophistication with shimmering detail. The fitted silhouette and tasteful embellishments make it perfect for evening occasions. Pair with metallic heels and a clutch for a refined, modern statement.Features: EmbellishedClosure Type: ZipperNeckline: V NeckSleeve Length: Long SleeveSleeve Style: Balloon SleeveApparel Length: 34.5 InchesDress Length: Knee LengthFiber Content: 96% Polyester, 4% SpandexFabric Description: Scuba, CrepeLining: UnlinedCare: Dry Clean OnlyCountry of Origin: Imported",,,"https://jcpenney.scene7.com/is/image/JCPenney/DP0724202515031221M , https://jcpenney.scene7.com/is/image/JCPenney/DP0724202515031011M , https://jcpenney.scene7.com/is/image/JCPenney/DP0724202515031326M , https://jcpenney.scene7.com/is/image/JCPenney/DP0724202515031535M , https://jcpenney.scene7.com/is/image/JCPenney/DP0724202515031116M",5,1,"2 , 4",Black
ppr5008545087,https://www.jcpenney.com/p/perceptions-womens-plus-short-sleeve-midi-fit-flare-dress/ppr5008545087?pTmplType=regular,Perceptions Womens Plus Short Sleeve Midi Fit + Flare Dress,PERCEPTIONS,29.39,84.00,65,"Closure Type: Pullover HeadNeckline: V NeckSleeve Length: Short SleeveApparel Length: 48.25 Inches - FrontDress Length: Midi LengthFiber Content: 99% Polyester, 1% SpandexFabric Description: KnitLining: UnlinedCare: Machine Wash, Line DryCountry of Origin: Imported",,,"https://jcpenney.scene7.com/is/image/JCPenney/DP0815202511005234M , https://jcpenney.scene7.com/is/image/JCPenney/DP0815202511005026M , https://jcpenney.scene7.com/is/image/JCPenney/DP0815202511005130M",5,1,"1X , 2X , 3X",Eggplant
ppr5008537462,https://www.jcpenney.com/p/city-triangle-drop-waist-bow-womens-juniors-fit-flare-dress/ppr5008537462?pTmplType=regular,City Triangle Drop Waist Bow Womens Juniors Fit + Flare Dress,CITY TRIANGLE,51.99,104.00,50,"Strap Type: AdjustableFeatures: Built In Bra, Bow, Stretch Fabric, GlitterClosure Type: Hook & Eye, ZipperNeckline: V NeckApparel Length: 34.5 InchesDress Length: Short LengthFiber Content: 100% PolyesterFabric Description: KnitLining: Fully LinedLining Material: PolyesterCare: Dry Clean OnlyWedding Occasion: Guest of WeddingCountry of Origin: Imported RETURNS: This item must be returned in its original condition with the green return tag in place.",,,"https://jcpenney.scene7.com/is/image/JCPenney/DP0508202507011523M , https://jcpenney.scene7.com/is/image/JCPenney/DP0508202507011418M , https://jcpenney.scene7.com/is/image/JCPenney/DP0508202507011628M",,,"00 , 14 , 2 , 6",Black
ppr5008535714,https://www.jcpenney.com/p/radiante-couture-womens-juniors-sleeveless-fit-flare-dress/ppr5008535714?pTmplType=regular,Radiante Couture Womens Juniors Sleeveless Fit + Flare Dress,RADIANTE COUTURE,51.99,104.00,50,Strap Type: SpaghettiClosure Type: ZipperNeckline: Square NeckSleeve Length: SleevelessSleeve Style: SleevelessApparel Length: 27 InchesDress Length: Short LengthFiber Content: 100% PolyesterFabric Description: MeshLining: Fully LinedLining Material: PolyesterCare: Hand WashWedding Occasion: Guest of WeddingCountry of Origin: Imported RETURNS: This item must be returned in its original condition with the green return tag in place.,,,"https://jcpenney.scene7.com/is/image/JCPenney/DP0723202509073860M , https://jcpenney.scene7.com/is/image/JCPenney/DP0723202509073651M , https://jcpenney.scene7.com/is/image/JCPenney/DP0723202509073755M",,,"5 , 7",Royal
ppr5008545350,https://www.jcpenney.com/p/52seven-womens-plus-long-sleeve-windowpane-midi-sweater-dress/ppr5008545350?pTmplType=regular,52seven Womens Plus Long Sleeve Windowpane Midi Sweater Dress,52SEVEN,54.39,99.00,45,"Cozy and chic, this 52Seven plus-size sweater dress combines warmth and style effortlessly. The long sleeves and windowpane pattern add modern flair, while the midi length ensures a polished look. Perfect for workdays, brunches, or casual outings, it pairs beautifully with boots or flats. Soft knit fabric keeps you comfortable and stylish all day long.Closure Type: ButtonNeckline: V NeckSleeve Length: Long SleeveSleeve Style: Fitted SleeveApparel Length: 48 InchesDress Length: Midi LengthFiber Content: 78% Rayon, 22% PolyesterFabric Description: KnitLining: UnlinedCare: Dry Flat, Machine WashCountry of Origin: Imported",,,"https://jcpenney.scene7.com/is/image/JCPenney/DP0820202509022756M , https://jcpenney.scene7.com/is/image/JCPenney/DP0820202509022652M , https://jcpenney.scene7.com/is/image/JCPenney/DP0820202509022548M",5,1,"1X , 2X , 3X",Black White
ppr5008550169,https://www.jcpenney.com/p/premier-amour-womens-plus-long-sleeve-high-low-maxi-dress/ppr5008550169?pTmplType=regular,Premier Amour Womens Plus Long Sleeve High-Low Maxi Dress,PREMIER AMOUR,51.23,109.00,53,"Turn heads with the enchanting Premier Amour women's plus maxi dress, made from soft and breezy crepe fabric. It features a stunning high-low hem, a V-neckline, and long, puffed sleeves, offering an elegant silhouette. Perfect choice for any special occasion or celebration.Features: BeltedClosure Type: Pullover HeadNeckline: V NeckSleeve Length: Long SleeveSleeve Style: Puffed SleeveApparel Length: 57 Inches - Front, 59 Inches - BackDress Length: High Low LengthFiber Content: 100% PolyesterFabric Description: CrepeLining: LinedLining Material: PolyesterCare: Dry Flat, Machine WashWedding Occasion: Guest of WeddingCountry of Origin: Imported",,,"https://jcpenney.scene7.com/is/image/JCPenney/DP0721202509045827M , https://jcpenney.scene7.com/is/image/JCPenney/DP0721202509045619M , https://jcpenney.scene7.com/is/image/JCPenney/DP0721202509045723M",4,1,24W,Deep Plum
ppr5007961768,https://www.jcpenney.com/p/giovanna-signature-womens-embellished-3-4-sleeve-shift-dress/ppr5007961768?pTmplType=regular,Giovanna Signature Womens Embellished 3/4 Sleeve Shift Dress,GIOVANNA SIGNATURE,,90.00,,"The Giovanna Signature 1-Piece Cowl Neck Dress features an elegant draped neckline and charming 3/4 ruffled sleeves, creating a sophisticated silhouette. A tasteful brooch adds a touch of sparkle, enhancing the dress's refined design. Perfect for both day and evening events, this dress combines comfort with timeless style, ensuring you stand out with effortless grace.Features: EmbellishedClosure Type: ZipperNeckline: Cowl NeckSleeve Length: 3/4 SleeveSleeve Style: Bell SleeveApparel Length: 40 InchesDress Length: Knee LengthFiber Content: 100% PolyesterFabric Description: CrepeLining Material: PolyesterCare: Dry Clean OnlyMaterial: CrepeWedding Occasion: Mother of the BrideCountry of Origin: Imported",,,https://jcpenney.scene7.com/is/image/JCPenney/DP0912202005052845M,4.375,8,"10 , 12 , 14 , 16 , 18 , 8","Navy , Ice Blue , Dark Navy , Off White , Pale Pnk , Black , Mint , Orange Red , Yellow , Cranberry , Jam , White , Berry , Peony , Jam Red"
ppr5008488503,https://www.jcpenney.com/p/24seven-comfort-apparel-womens-plus-short-sleeve-a-line-dress/ppr5008488503?pTmplType=regular,24seven Comfort Apparel Womens Plus Short Sleeve A-Line Dress,24seven Comfort Apparel,,64.99,,"This plus size dress features a high neckline with delicate ruffle detailing, adding a touch of femininity and elegance. The cap sleeves are also adorned with ruffles, creating a soft and romantic look. Made from a luxurious pleated accordion fabric, the dress offers a comfortable and flattering fit that moves beautifully. The dress has a tiered design with a flared hemline, enhancing its playful and flowy silhouette. The back of the dress includes a keyhole button closure, providing an easy and secure fit. Perfect for any occasion, this dress combines style and comfort effortlessly.Closure Type: Pullover HeadNeckline: Round NeckSleeve Length: Short SleeveApparel Length: 36.12 InchesDress Length: Knee LengthFiber Content: 92% Polyester, 8% SpandexFabric Description: Jersey, KnitLining: Fully LinedLining Material: PolyesterCare: Tumble Dry, Machine WashMaterial: JerseyOwned & Founded: Women Owned/FoundedCountry of Origin: Imported",,,"https://jcpenney.scene7.com/is/image/JCPenney/DP1015202411040950M , https://jcpenney.scene7.com/is/image/JCPenney/DP1015202411040339M , https://jcpenney.scene7.com/is/image/JCPenney/DP1015202413022826M , https://jcpenney.scene7.com/is/image/JCPenney/DP1015202411040645M , https://jcpenney.scene7.com/is/image/JCPenney/DP1015202411040034M",,,"1X , 2X , 3X","Black , Wine , Hunter , Purple Multi"
ppr5008485654,https://www.jcpenney.com/p/24seven-comfort-apparel-womens-plus-long-sleeve-paisley-maxi-dress/ppr5008485654?pTmplType=regular,24seven Comfort Apparel Womens Plus Long Sleeve Paisley Maxi Dress,24seven Comfort Apparel,,52.99,,"Elevate your wardrobe with our elegant plus size grey long sleeve side slit fitted maxi dress. With long sleeves and a high round neckline, this dress guarantees comfort and elevated fashion. The elegant soft grey print pattern adds sophistication while the tasteful side slit gives it a touch of excitement. This fitted long sleeve maxi dress is made from a comfortable stretch material. Closure Type: Pullover HeadNeckline: Round NeckSleeve Length: Long SleeveApparel Length: 26.12 InchesDress Length: Long LengthFiber Content: 92% Polyester, 8% SpandexFabric Description: Knit, JerseyLining: UnlinedCare: Machine Wash, Tumble DryMaterial: JerseyOwned & Founded: Women Owned/FoundedCountry of Origin: Imported",,,"https://jcpenney.scene7.com/is/image/JCPenney/DP1015202413011907M , https://jcpenney.scene7.com/is/image/JCPenney/DP1015202413011806M , https://jcpenney.scene7.com/is/image/JCPenney/DP1015202413012010M , https://jcpenney.scene7.com/is/image/JCPenney/DP1015202411023891M , https://jcpenney.scene7.com/is/image/JCPenney/DP1015202413011704M",,,"1X , 2X , 3X",Purple Multi
ppr5008600520,https://www.jcpenney.com/p/giovanna-signature-womens-3-4-sleeve-midi-chevron-a-line-dress/ppr5008600520?pTmplType=regular,Giovanna Signature Womens 3/4 Sleeve Midi Chevron A-Line Dress,GIOVANNA SIGNATURE,,64.99,,"Channel the elegance of a bygone era with the Art Deco Print Pleated Dress in Chiffon — a modern tribute to vintage sophistication. With its flowing silhouette, delicate pleats, and bold geometric print, this dress captures the spirit of 1920s opulence and reimagines it for today’s woman.Crafted in airy chiffon, it moves like a whisper and speaks volumes. Whether you’re gliding into a gallery opening or dancing under city lights, this dress is your statement of style — refined, radiant, and endlessly captivating.Live the elegance. Wear the art. Shine without trying.Features: Pleated, Belted, Easy Care, Wrinkle Free, LinedClosure Type: Pullover HeadNeckline: Boat NeckSleeve Length: 3/4 SleeveSleeve Style: Fitted SleeveApparel Length: 49.5 InchesDress Length: Midi LengthLining: LinedLining Material: PolyesterCare: Hand Wash, Line DryMaterial: ChiffonOwned & Founded: Women Owned/Founded, Asian Owned/FoundedBody Type: Athletic, Pear, Hourglass, Triangle, AppleWedding Occasion: Guest of WeddingCountry of Origin: Imported",,,"https://jcpenney.scene7.com/is/image/JCPenney/DP0903202507034827M , https://jcpenney.scene7.com/is/image/JCPenney/DP0903202507035140M , https://jcpenney.scene7.com/is/image/JCPenney/DP0903202507034723M , https://jcpenney.scene7.com/is/image/JCPenney/DP0903202507035036M , https://jcpenney.scene7.com/is/image/JCPenney/DP0903202507034618M",,,"1X , 2X , Large , Medium , X-Large",Black White
ppr5008488507,https://www.jcpenney.com/p/24seven-comfort-apparel-womens-plus-long-sleeve-maxi-dress/ppr5008488507?pTmplType=regular,24seven Comfort Apparel Womens Plus Long Sleeve Maxi Dress,24seven Comfort Apparel,,76.99,,"Introducing our stunning Plus Size Fitted Long Sleeve Shimmery Fabric Side Slit Maxi Dress, designed to make a bold statement at any event. Crafted from a luxurious metallic shimmery knit fabric, this dress hugs your figure beautifully while offering exceptional comfort. The long sleeves and fitted silhouette exude elegance, while the tasteful side slit adds a touch of allure and ease of movement. Available in various color options, this maxi dress is perfect for formal occasions or glamorous nights out. Elevate your wardrobe with this sophisticated piece that combines shine, style, and comfort effortlessly.Closure Type: Pullover HeadNeckline: Crew NeckSleeve Length: Long SleeveApparel Length: 60.12 InchesDress Length: Long LengthFiber Content: 92% Polyester, 8% SpandexFabric Description: Jersey, KnitLining: Fully LinedLining Material: PolyesterCare: Tumble Dry, Machine WashMaterial: JerseyOwned & Founded: Women Owned/FoundedCountry of Origin: Imported",,,"https://jcpenney.scene7.com/is/image/JCPenney/DP1015202411045226M , https://jcpenney.scene7.com/is/image/JCPenney/DP1015202411044819M , https://jcpenney.scene7.com/is/image/JCPenney/DP1015202413023845M , https://jcpenney.scene7.com/is/image/JCPenney/DP1015202411045022M , https://jcpenney.scene7.com/is/image/JCPenney/DP1015202411044614M",,,"1X , 2X , 3X","Silver , Black"
ppr5008403944,https://www.jcpenney.com/p/24seven-comfort-apparel-womens-plus-sleeveless-midi-casual-bodycon-dress/ppr5008403944?pTmplType=regular,24seven Comfort Apparel Womens Plus Sleeveless Midi Casual Bodycon Dress,24seven Comfort Apparel,,64.99,,"Step into the spotlight with our womens one shoulder ruched bodycon plus size dress, an embodiment of glamour and confidence that will leave everyone in awe. Crafted from tastefully shimmery material, this dress is a vision of elegance that effortlessly catches the light and illuminates your every move. Embrace the perfect fit with its stretchy and comfortable fabric, ensuring you can dance the night away with ease. The flattering ruched design accentuates your curves and enhances your silhouette, making you feel like a true goddess. With an array of five stunning color options, you can choose the one that best complements your unique style and personality. Perfect for any cocktail event, this dress guarantees you'll steal the spotlight and make a striking impression that lasts long after the party ends.Closure Type: Pullover HeadNeckline: Asymmetrical NeckSleeve Length: SleevelessApparel Length: 55.12 InchesDress Length: Midi LengthFiber Content: 92% Polyester, 8% SpandexFabric Description: Knit, JerseyLining Material: Polyester, SpandexCare: Tumble Dry, Machine WashMaterial: JerseyOwned & Founded: Women Owned/FoundedWedding Occasion: BridesmaidCountry of Origin: Imported",,,"https://jcpenney.scene7.com/is/image/JCPenney/DP1009202307053604M , https://jcpenney.scene7.com/is/image/JCPenney/DP1009202307053810M , https://jcpenney.scene7.com/is/image/JCPenney/DP1009202307053913M",1,1,"1X , 2X , 3X","Black , Red , Purple , Avocado , Wine , Pink , Denim , Nude"
ppr5008600524,https://www.jcpenney.com/p/giovanna-signature-womens-easy-on-easy-off-long-sleeve-abstract-shirt-dress/ppr5008600524?pTmplType=regular,Giovanna Signature Womens Easy-on + Easy-off Long Sleeve Abstract Shirt Dress,GIOVANNA SIGNATURE,,64.99,,"Step into a world of artful motion with our Chiffon Shirt Dress in Abstract Print. Light as air and boldly expressive, this piece is where effortless style meets contemporary flair. The fluid chiffon drapes gracefully, catching every breeze, while the abstract print speaks to the soul of the modern muse — confident, creative, and unapologetically herself.Perfect from day to dusk, its button-down silhouette adds a touch of structure to the soft flow, creating a harmonious balance of ease and edge. Wear it belted to define your shape or let it billow freely — either way, you're making a statement.Features: Semi-Sheer, UnlinedClosure Type: ButtonNeckline: Collar NeckSleeve Length: Long SleeveSleeve Style: Smocked SleeveApparel Length: 49.5 InchesDress Length: Long LengthLining: UnlinedCare: Line Dry, Hand Wash, Dry FlatMaterial: ChiffonOwned & Founded: Asian Owned/Founded, Women Owned/FoundedBody Type: Hourglass, Pear, Athletic, Apple, TriangleWedding Occasion: Guest of WeddingCountry of Origin: Imported",,,"https://jcpenney.scene7.com/is/image/JCPenney/DP0903202507040705M , https://jcpenney.scene7.com/is/image/JCPenney/DP0903202507040914M , https://jcpenney.scene7.com/is/image/JCPenney/DP0903202507040600M",,,"2X , Large , Medium , X-Large",Brown
ppr5008403990,https://www.jcpenney.com/p/24seven-comfort-apparel-womens-plus-sleeveless-midi-casual-bodycon-dress/ppr5008403990?pTmplType=regular,24seven Comfort Apparel Womens Plus Sleeveless Midi Casual Bodycon Dress,24seven Comfort Apparel,,59.99,,"A dazzling fusion of allure and elegance that is sure to steal the spotlight on any occasion. Crafted from tastefully shimmery material, this plus-size dress ensures a captivating radiance, accentuating your beauty with every twirl. Its stretchy and comfortable fabric embraces your curves, allowing you to move with confidence and ease all night long. The flattering ruched detailing hugs your figure in all the right places, enhancing your silhouette and leaving you feeling effortlessly glamorous. With three enticing color options, you can choose the shade that resonates with your unique style and complements your personality. Whether it is a cocktail party or a sophisticated evening affair, this midi dress promises to be your go-to statement piece, leaving everyone in awe of your impeccable taste and undeniable charm.Closure Type: Pullover HeadNeckline: V NeckSleeve Length: SleevelessApparel Length: 55.12 InchesDress Length: Midi LengthFiber Content: 92% Polyester, 8% SpandexFabric Description: Knit, JerseyLining Material: Spandex, PolyesterCare: Tumble Dry, Machine WashMaterial: JerseyOwned & Founded: Women Owned/FoundedCountry of Origin: Imported",,,"https://jcpenney.scene7.com/is/image/JCPenney/DP1009202313020279M , https://jcpenney.scene7.com/is/image/JCPenney/DP1009202313015969M , https://jcpenney.scene7.com/is/image/JCPenney/DP1009202313020589M",5,1,"1X , 2X , 3X","Purple , Black , Rust"
ppr5008485657,https://www.jcpenney.com/p/24seven-comfort-apparel-womens-plus-long-sleeve-floral-maxi-dress/ppr5008485657?pTmplType=regular,24seven Comfort Apparel Womens Plus Long Sleeve Floral Maxi Dress,24seven Comfort Apparel,,60.99,,"Unleash your bold and adventurous side with our Plus Size Navy Floral Maxi Dress! Made from a comfortable stretch material, this dress features a v neck and long sleeves for ultimate comfort and style. The vibrant floral print and slit add a touch of daring to this maxi length dress. Its faux wrap top and empire waist will define and flatter your figure. Stand out in this stunning dress!Closure Type: Pullover HeadNeckline: V NeckSleeve Length: Long SleeveApparel Length: 55.12 InchesDress Length: Long LengthFiber Content: 92% Polyester, 8% SpandexFabric Description: Jersey, KnitLining: UnlinedCare: Tumble Dry, Machine WashMaterial: JerseyOwned & Founded: Women Owned/FoundedCountry of Origin: Imported",,,"https://jcpenney.scene7.com/is/image/JCPenney/DP1015202413014349M , https://jcpenney.scene7.com/is/image/JCPenney/DP1015202413014248M , https://jcpenney.scene7.com/is/image/JCPenney/DP1015202413014451M , https://jcpenney.scene7.com/is/image/JCPenney/DP1015202411025115M , https://jcpenney.scene7.com/is/image/JCPenney/DP1015202413014146M",5,1,"1X , 2X , 3X",Orange Multi
ppr5008393993,https://www.jcpenney.com/p/24seven-comfort-apparel-womens-short-sleeve-maxi-dress/ppr5008393993?pTmplType=regular,24seven Comfort Apparel Womens Short Sleeve Maxi Dress,24seven Comfort Apparel,,54.99,,"Make a statement with the 24seven comfort apparel womens boat neck batwing sleeve slit maxi dress. This dress is the epitome of effortless chic and versatile style. Available in three captivating color options, it allows you to express your unique personality. Crafted from comfortable stretch material, it offers a perfect blend of comfort and style. The batwing sleeves add a touch of drama, while the strategically placed side slit adds a hint of allure. This dress can be worn with one or both sides off the shoulder, providing multiple styling options for different occasions. The defined waist creates a flattering silhouette, while the draped fabric and overlapping layers add a sense of sophistication. Whether you are attending a special event or a more casual outing, this maxi dress ensures you will be the center of attention. Elevate your fashion game and embrace the elegance of our womens boat neck batwing sleeve slit maxi dress, the perfect choice for a flawless and confident look.Closure Type: Pullover HeadNeckline: Boat NeckSleeve Length: Short SleeveApparel Length: 60 InchesDress Length: Long LengthFiber Content: 92% Polyester, 8% SpandexFabric Description: Knit, JerseyCare: Tumble Dry, Machine WashMaterial: JerseyOwned & Founded: Women Owned/FoundedCountry of Origin: Imported",,,"https://jcpenney.scene7.com/is/image/JCPenney/DP0903202311031066M , https://jcpenney.scene7.com/is/image/JCPenney/DP0903202311030448M , https://jcpenney.scene7.com/is/image/JCPenney/DP0903202311031376M , https://jcpenney.scene7.com/is/image/JCPenney/DP0903202311030757M",5,2,"1X , Large , Medium , Small , X-Large","Burgundy , Black , Avocado"
ppr5008393998,https://www.jcpenney.com/p/24seven-comfort-apparel-womens-short-sleeve-wrap-dress/ppr5008393998?pTmplType=regular,24seven Comfort Apparel Womens Short Sleeve Wrap Dress,24seven Comfort Apparel,,59.99,,"Experience the epitome of feminine charm with our women's v neck ruffle sleeve knee-length dress, a delightful fusion of sophistication and playfulness. Available in three captivating color options, this dress is an enchanting addition to your wardrobe. Embrace the allure of the faux wrap design, while the ruffle cap sleeves add a touch of whimsy. The flattering draped detail on the waist creates an exquisite silhouette, complemented by the graceful tulip skirt that accentuates your curves. Whether you are attending a daytime event or a romantic evening soiree, this knee-length dress is the perfect companion, ensuring you radiate confidence and elegance with every step you take.Closure Type: Pullover HeadNeckline: V NeckSleeve Length: Short SleeveApparel Length: 40 InchesDress Length: Knee LengthFiber Content: 92% Polyester, 8% SpandexFabric Description: Knit, JerseyCare: Tumble Dry, Machine WashMaterial: JerseyOwned & Founded: Women Owned/FoundedCountry of Origin: Imported",,,"https://jcpenney.scene7.com/is/image/JCPenney/DP0903202311041259M , https://jcpenney.scene7.com/is/image/JCPenney/DP0903202311040641M , https://jcpenney.scene7.com/is/image/JCPenney/DP0903202311041569M , https://jcpenney.scene7.com/is/image/JCPenney/DP0903202311040950M",1,1,"1X , Large , Medium , Small , X-Large","Royal , Magenta , Black"
ppr5008600518,https://www.jcpenney.com/p/giovanna-signature-womens-short-sleeve-midi-floral-a-line-dress/ppr5008600518?pTmplType=regular,Giovanna Signature Womens Short Sleeve Midi Floral A-Line Dress,GIOVANNA SIGNATURE,,72.99,,"Unveil your inner muse in our Floral Brocade Short Balloon Sleeve Mermaid Pom Dress—a masterpiece of texture, movement, and modern romance. The rich floral brocade brings timeless beauty to life, while playful balloon sleeves add a touch of whimsy and charm.Fitted through the bodice and hips, the mermaid silhouette flares with grace, finished with delicate pom detailing that dances with every step. It’s a dress designed to captivate—equal parts regal and refreshing.For the woman who embraces her uniqueness and blooms wherever she stands.Be radiant. Be rare. Be unforgettable.Pair with your favorite hat for a more elevated look.Features: GlitterClosure Type: ZipperNeckline: Crew NeckSleeve Length: Short SleeveSleeve Style: Puffed SleeveApparel Length: 47 InchesDress Length: Midi LengthLining: Fully LinedLining Material: PolyesterCare: Dry Clean OnlyMaterial: Polyester BlendOwned & Founded: Women Owned/Founded, Asian Owned/FoundedBody Type: Hourglass, Pear, AppleWedding Occasion: Mother of the Bride, Guest of WeddingCountry of Origin: Imported",,,"https://jcpenney.scene7.com/is/image/JCPenney/DP0903202507041333M , https://jcpenney.scene7.com/is/image/JCPenney/DP0903202507041751M , https://jcpenney.scene7.com/is/image/JCPenney/DP0903202507041646M , https://jcpenney.scene7.com/is/image/JCPenney/DP0903202507041019M",5,1,"1X , 2X , 3X , Large , Medium , Small , X-Large","Lime , Hot Pink"
ppr5008394000,https://www.jcpenney.com/p/24seven-comfort-apparel-womens-sleeveless-midi-party-dress/ppr5008394000?pTmplType=regular,24seven Comfort Apparel Womens Sleeveless Midi Party Dress,24seven Comfort Apparel,,64.99,,"Step into the spotlight with our women's one-shoulder ruched bodycon dress, an embodiment of glamour and confidence that will leave everyone in awe. Crafted from tastefully shimmery material, this dress is a vision of elegance that effortlessly catches the light and illuminates your every move. Embrace the perfect fit with its stretchy and comfortable fabric, ensuring you can dance the night away with ease. The flattering ruched design accentuates your curves and enhances your silhouette, making you feel like a true goddess. With an array of five stunning color options, you can choose the one that best complements your unique style and personality. Perfect for any cocktail event, this dress guarantees you'll steal the spotlight and make a striking impression that lasts long after the party ends.Closure Type: Pullover HeadNeckline: Asymmetrical NeckSleeve Length: SleevelessApparel Length: 52 InchesDress Length: Midi LengthFiber Content: 92% Polyester, 8% SpandexFabric Description: Jersey, KnitLining Material: PolyesterCare: Machine Wash, Tumble DryMaterial: JerseyOwned & Founded: Women Owned/FoundedCountry of Origin: Imported",,,"https://jcpenney.scene7.com/is/image/JCPenney/DP0903202311044556M , https://jcpenney.scene7.com/is/image/JCPenney/DP0903202311043528M , https://jcpenney.scene7.com/is/image/JCPenney/DP0903202311045072M , https://jcpenney.scene7.com/is/image/JCPenney/DP0903202311044043M",,,"1X , Large , Medium , Small , X-Large","Avocado , Red , Wine , Black , Purple"
ppr5008394001,https://www.jcpenney.com/p/24seven-comfort-apparel-womens-short-sleeve-wrap-dress/ppr5008394001?pTmplType=regular,24seven Comfort Apparel Womens Short Sleeve Wrap Dress,24seven Comfort Apparel,,59.99,,"Our women's short sleeve v-neck twist-front split hem dress is a mesmerizing blend of sophistication and allure that will turn heads wherever you go. Crafted from tastefully shimmery material, this dress adds a touch of sparkle to your every step, making you the center of attention. The stretchy and comfortable fabric ensures a flawless fit, allowing you to move with grace and confidence. The flattering twist front accentuates your curves while the split hem adds a hint of allure and charm. With five exquisite color options, you can choose the shade that best reflects your unique personality and style. Whether it's a cocktail party, a night out with friends, or a special occasion, this dress is the perfect choice to make a bold and unforgettable statement.Closure Type: Pullover HeadNeckline: V NeckSleeve Length: Short SleeveApparel Length: 44 InchesDress Length: Knee LengthFiber Content: 92% Polyester, 8% SpandexFabric Description: Knit, JerseyLining Material: PolyesterCare: Machine Wash, Tumble DryMaterial: JerseyOwned & Founded: Women Owned/FoundedBody Type: AthleticCountry of Origin: Imported",,,"https://jcpenney.scene7.com/is/image/JCPenney/DP0903202311051443M , https://jcpenney.scene7.com/is/image/JCPenney/DP0903202311050411M , https://jcpenney.scene7.com/is/image/JCPenney/DP0903202311051958M , https://jcpenney.scene7.com/is/image/JCPenney/DP0903202311050927M",3,1,"1X , Large , Medium , Small , X-Large","Navy , Black , Wine , Hunter , Brown"
ppr5008600523,https://www.jcpenney.com/p/giovanna-signature-womens-beaded-embellished-long-sleeve-sheath-dress/ppr5008600523?pTmplType=regular,Giovanna Signature Womens Beaded Embellished Long Sleeve Sheath Dress,GIOVANNA SIGNATURE,,64.99,,"Make your entrance unforgettable in our Round Neck Stretch Crepe Sheath Dress with Stoned Strips and Mermaid Sweep—a silhouette that speaks volumes without saying a word.Crafted from luxe stretch crepe, this dress smooths and shapes with a second-skin feel, while the sleek sheath design follows your form with quiet confidence. Shimmering stoned strips add just the right touch of glamour, guiding the eye with every subtle sparkle. And then there’s the mermaid sweep—dramatic, poised, and made to turn every step into a statement.This is more than a dress. It’s a celebration of the woman who knows her worth.Own your walk. Dazzle with strength. Leave a lasting impression.Features: Stud Detail, Beaded, Embellished, Stretch Fabric, Glitter, UnlinedClosure Type: ZipperNeckline: Crew NeckSleeve Length: Long SleeveSleeve Style: Fitted SleeveApparel Length: 47 InchesDress Length: Long LengthLining: UnlinedCare: Line Dry, Hand WashMaterial: PolyesterOwned & Founded: Women Owned/Founded, Asian Owned/FoundedBody Type: Pear, Hourglass, Apple, AthleticWedding Occasion: Guest of Wedding, Mother of the BrideCountry of Origin: Imported",,,"https://jcpenney.scene7.com/is/image/JCPenney/DP0903202507031896M , https://jcpenney.scene7.com/is/image/JCPenney/DP0903202507032314M , https://jcpenney.scene7.com/is/image/JCPenney/DP0903202507031792M",,,"1X , 2X , 3X , 4X , Large , Medium , Small , X-Large","Royal , Violet"
ppr5008403942,https://www.jcpenney.com/p/24seven-comfort-apparel-womens-plus-short-sleeve-wrap-dress/ppr5008403942?pTmplType=regular,24seven Comfort Apparel Womens Plus Short Sleeve Wrap Dress,24seven Comfort Apparel,,59.99,,"Experience the epitome of feminine charm with our women's v neck ruffle sleeve knee-length plus-size dress, a delightful fusion of sophistication and playfulness. Available in three captivating color options, this dress is an enchanting addition to your wardrobe. Embrace the allure of the faux wrap design, while the ruffle cap sleeves add a touch of whimsy. The flattering draped detail on the waist creates an exquisite silhouette, complemented by the graceful tulip skirt that accentuates your curves. Whether you are attending a daytime event or a romantic evening soiree, this knee-length dress is the perfect companion, ensuring you radiate confidence and elegance with every step you take.Closure Type: Pullover HeadNeckline: V NeckSleeve Length: Short SleeveApparel Length: 43.12 InchesDress Length: Knee LengthFiber Content: 92% Polyester, 8% SpandexFabric Description: Jersey, KnitCare: Machine Wash, Tumble DryMaterial: JerseyOwned & Founded: Women Owned/FoundedCountry of Origin: Imported",,,"https://jcpenney.scene7.com/is/image/JCPenney/DP1009202307052060M , https://jcpenney.scene7.com/is/image/JCPenney/DP1009202307052678M , https://jcpenney.scene7.com/is/image/JCPenney/DP1009202307052986M",4,2,"1X , 2X , 3X","Magenta , Royal , Black"
ppr5008403947,https://www.jcpenney.com/p/24seven-comfort-apparel-womens-plus-sleeveless-casual-bodycon-dress/ppr5008403947?pTmplType=regular,24seven Comfort Apparel Womens Plus Sleeveless Casual Bodycon Dress,24seven Comfort Apparel,,59.99,,"Our plus size short sleeve v neck twist front split hem dress is a mesmerizing blend of sophistication and allure that will turn heads wherever you go. Crafted from tastefully shimmery material, this dress adds a touch of sparkle to your every step, making you the center of attention. The stretchy and comfortable fabric ensures a flawless fit, allowing you to move with grace and confidence. The flattering twist front accentuates your curves while the split hem adds a hint of allure and charm. With five exquisite color options, you can choose the shade that best reflects your unique personality and style. Whether its a cocktail party, a night out with friends, or a special occasion, this dress is the perfect choice to make a bold and unforgettable statement.Closure Type: Pullover HeadNeckline: V NeckSleeve Length: SleevelessApparel Length: 47.12 InchesDress Length: Long LengthFiber Content: 92% Polyester, 8% SpandexFabric Description: Knit, JerseyLining Material: Spandex, PolyesterCare: Tumble Dry, Machine WashMaterial: JerseyOwned & Founded: Women Owned/FoundedCountry of Origin: Imported",,,"https://jcpenney.scene7.com/is/image/JCPenney/DP1009202307054943M , https://jcpenney.scene7.com/is/image/JCPenney/DP1009202307055355M , https://jcpenney.scene7.com/is/image/JCPenney/DP1009202307055562M",,,"1X , 2X , 3X","Navy , Black , Wine , Hunter , Brown"
ppr5008393992,https://www.jcpenney.com/p/24seven-comfort-apparel-womens-long-sleeve-maxi-dress/ppr5008393992?pTmplType=regular,24seven Comfort Apparel Womens Long Sleeve Maxi Dress,24seven Comfort Apparel,,54.99,,"Unleash your style and embrace effortless elegance with the 24seven comfort apparel womens long sleeve v neck side slit maxi dress. This dress is the epitome of sophistication and versatility. With four captivating color options to choose from, you can effortlessly express your personal style. The tasteful side slit adds a touch of allure, while the inclusion of pockets combines practicality with fashion forward design. The faux wrap look creates a flattering silhouette, accentuating your curves, and the pleated empire waist enhances your figure with grace and style. Whether you are attending a formal event or a casual outing, this maxi dress guarantees comfort and confidence. Elevate your wardrobe and make a lasting impression with the long sleeve v neck side slit maxi dress the perfect blend of timeless beauty and contemporary charm.Closure Type: Pullover HeadNeckline: V NeckSleeve Length: Long SleeveApparel Length: 52 InchesDress Length: Long LengthFiber Content: 92% Polyester, 8% SpandexFabric Description: Jersey, KnitCare: Tumble Dry, Machine WashMaterial: JerseyOwned & Founded: Women Owned/FoundedCountry of Origin: Imported",,,"https://jcpenney.scene7.com/is/image/JCPenney/DP0903202311025001M , https://jcpenney.scene7.com/is/image/JCPenney/DP0903202311024176M , https://jcpenney.scene7.com/is/image/JCPenney/DP0903202311025415M , https://jcpenney.scene7.com/is/image/JCPenney/DP0903202311024588M",4,1,"1X , Large , Medium , Small , X-Large","Black , Hunter , Navy , Tobacco"
ppr5008442925,https://www.jcpenney.com/p/24seven-comfort-apparel-womens-plus-short-sleeve-maxi-dress/ppr5008442925?pTmplType=regular&selectedSKUId=60508460620,24seven Comfort Apparel Womens Plus Short Sleeve Maxi Dress,24seven Comfort Apparel,,74.99,,"Make a statement with the 24seven comfort apparel plus size flutter sleeve metallic knit maxi dress, a perfect blend of elegance and comfort. The dress features a v shape neckline and back design, creating a sophisticated and flattering silhouette. The flutter kimono style cap sleeves add a touch of grace, complementing the empire waist for a timeless and feminine look. With a maxi length, this dress is an epitome of elegance, making it ideal for dressy occasions, summer events, or as a chic wedding guest dress. Crafted from metallic knit material, it not only catches the light with a subtle shimmer but also ensures a comfortable and breathable wear. This elegant gown is perfect for those who seek refined style without compromising on comfort. Versatile enough to be an easy bridesmaid dress, it comes in a variety of colors, including a laid back ivory option perfect for relaxed bridal events. Elevate your wardrobe with this sophisticated maxi dress that effortlessly embodies both style.Closure Type: Pullover HeadNeckline: V NeckSleeve Length: Short SleeveApparel Length: 58.12 InchesDress Length: Long LengthFiber Content: 92% Polyester, 8% SpandexFabric Description: Jersey, KnitCare: Tumble Dry, Machine WashMaterial: JerseyOwned & Founded: Women Owned/FoundedCountry of Origin: Imported",,,"https://jcpenney.scene7.com/is/image/JCPenney/DP0403202402530509M , https://jcpenney.scene7.com/is/image/JCPenney/DP0403202402525478M , https://jcpenney.scene7.com/is/image/JCPenney/DP0403202402531023M , https://jcpenney.scene7.com/is/image/JCPenney/DP0403202402525994M , https://jcpenney.scene7.com/is/image/JCPenney/DP0403202402524962M",,,"1X , 2X , 3X","Mauve , Grey , Ivory , Black , Purple"
ppr5008403937,https://www.jcpenney.com/p/24seven-comfort-apparel-womens-plus-long-sleeve-maxi-dress/ppr5008403937?pTmplType=regular,24seven Comfort Apparel Womens Plus Long Sleeve Maxi Dress,24seven Comfort Apparel,,54.99,,"Unleash your style and embrace effortless elegance with the 24seven comfort apparel women's long sleeve v neck side slit plus size maxi dress. This dress is the epitome of sophistication and versatility. With four captivating color options to choose from, you can effortlessly express your personal style. The tasteful side slit adds a touch of allure, while the inclusion of pockets combines practicality with fashion-forward design. The faux wrap look creates a flattering silhouette, accentuating your curves, and the pleated empire waist enhances your figure with grace and style. Whether you are attending a formal event or a casual outing, this maxi dress guarantees comfort and confidence. Elevate your wardrobe and make a lasting impression with the long sleeve v neck side slit maxi dress the perfect blend of timeless beauty and contemporary charm.Closure Type: Pullover HeadNeckline: V NeckSleeve Length: Long SleeveApparel Length: 55.12 InchesDress Length: Long LengthFiber Content: 95% Rayon, 5% SpandexFabric Description: Knit, JerseyCare: Machine Wash, Tumble DryMaterial: JerseyOwned & Founded: Women Owned/FoundedCountry of Origin: Imported",,,"https://jcpenney.scene7.com/is/image/JCPenney/DP1009202307041462M , https://jcpenney.scene7.com/is/image/JCPenney/DP1009202307042288M , https://jcpenney.scene7.com/is/image/JCPenney/DP1009202307042701M",3,2,"1X , 2X , 3X","Hunter , Black , Navy , Tobacco"
ppr5008600530,https://www.jcpenney.com/p/giovanna-signature-womens-easy-on-easy-off-3-4-sleeve-midi-shirt-dress/ppr5008600530?pTmplType=regular,Giovanna Signature Womens Easy-on + Easy-off 3/4 Sleeve Midi Shirt Dress,GIOVANNA SIGNATURE,,86.99,,"Step into your power with the Notch Collar Color Block Shirt Dress in Pleats — where modern structure meets fluid grace. Designed for the woman who leads with confidence and style, this dress balances crisp tailoring with flowing movement. The refined notch collar adds a touch of sophistication, while the bold color blocking commands attention in all the right ways.Pleated to perfection, it dances with you — from boardroom brilliance to weekend wanderlust. Whether belted for a defined silhouette or worn loose for relaxed charm, this is more than a dress — it’s a statement of self-expression.Features: Unlined, PleatedClosure Type: ButtonNeckline: Collar NeckSleeve Length: 3/4 SleeveApparel Length: 50 InchesDress Length: Midi LengthLining: UnlinedCare: Hand Wash, Line DryMaterial: PolyesterOwned & Founded: Asian Owned/Founded, Women Owned/FoundedBody Type: Hourglass, Triangle, Athletic, Pear, AppleWedding Occasion: Guest of WeddingCountry of Origin: Imported",,,"https://jcpenney.scene7.com/is/image/JCPenney/DP0903202507034094M , https://jcpenney.scene7.com/is/image/JCPenney/DP0903202507033780M",,,"1X , 2X , Large , Medium , Small , X-Large","Green , Orange"
ppr5008488506,https://www.jcpenney.com/p/24seven-comfort-apparel-womens-plus-long-sleeve-maxi-dress/ppr5008488506?pTmplType=regular,24seven Comfort Apparel Womens Plus Long Sleeve Maxi Dress,24seven Comfort Apparel,,80.99,,"Showcase your style with our Plus Size Long Sleeve Scoop Neck Shimmery Fabric Maxi Dress, a perfect blend of elegance and comfort. Crafted from a luxurious metallic shimmery knit fabric, this maxi dress is designed to make you stand out at any occasion. The flattering scoop neckline and long sleeves add sophistication, while the flowing silhouette ensures a comfortable fit. Available in various color options, this dress is perfect for both formal events and stylish everyday wear. Elevate your wardrobe with this stunning piece that combines shine, comfort, and timeless style.Closure Type: Pullover HeadNeckline: Scoop NeckSleeve Length: Long SleeveApparel Length: 59.12 InchesDress Length: Long LengthFiber Content: 92% Polyester, 8% SpandexFabric Description: Knit, JerseyLining: Fully LinedLining Material: PolyesterCare: Machine Wash, Tumble DryMaterial: JerseyOwned & Founded: Women Owned/FoundedCountry of Origin: Imported",,,"https://jcpenney.scene7.com/is/image/JCPenney/DP1015202411044207M , https://jcpenney.scene7.com/is/image/JCPenney/DP1015202411043801M , https://jcpenney.scene7.com/is/image/JCPenney/DP1015202413023640M , https://jcpenney.scene7.com/is/image/JCPenney/DP1015202411044004M",,,"1X , 2X , 3X","Gold , Black"
ppr5008488501,https://www.jcpenney.com/p/24seven-comfort-apparel-womens-plus-long-sleeve-midi-a-line-dress/ppr5008488501?pTmplType=regular,24seven Comfort Apparel Womens Plus Long Sleeve Midi A-Line Dress,24seven Comfort Apparel,,86.99,,"Perfect your look with our Plus Size Luxury Pleated V Neck Empire Waist Bishop Sleeve Midi Dress, a perfect blend of elegance and comfort. This stunning dress features a deep V neckline and a flattering empire waist that enhances your silhouette, while the luxurious bishop sleeves add a touch of sophistication. Made from a comfortable pleated accordion fabric, it offers a beautiful shimmery finish that makes you stand out at any event. An inner layer ensures full coverage, providing both confidence and style. Available in various color options, this midi dress is ideal for special occasions, evening outings, or any time you want to make a memorable impression.Closure Type: Pullover HeadNeckline: V NeckSleeve Length: Long SleeveApparel Length: 48.12 InchesDress Length: Midi LengthFiber Content: 92% Polyester, 8% SpandexFabric Description: Jersey, KnitLining: Fully LinedLining Material: PolyesterCare: Machine Wash, Tumble DryMaterial: JerseyOwned & Founded: Women Owned/FoundedCountry of Origin: Imported",,,"https://jcpenney.scene7.com/is/image/JCPenney/DP1015202411035016M , https://jcpenney.scene7.com/is/image/JCPenney/DP1015202411034407M , https://jcpenney.scene7.com/is/image/JCPenney/DP1015202413022521M , https://jcpenney.scene7.com/is/image/JCPenney/DP1015202411034712M , https://jcpenney.scene7.com/is/image/JCPenney/DP1015202411034101M",5,1,"1X , 2X , 3X","Hunter , Black , Wine , Purple Multi"
ppr5008394003,https://www.jcpenney.com/p/24seven-comfort-apparel-womens-sleeveless-midi-party-dress/ppr5008394003?pTmplType=regular,24seven Comfort Apparel Womens Sleeveless Midi Party Dress,24seven Comfort Apparel,,59.99,,"A dazzling fusion of allure and elegance that is sure to steal the spotlight at any occasion. Crafted from tastefully shimmery material, this dress insures a captivating radiance, accentuating your beauty with every twirl. Its stretchy and comfortable fabric embraces your curves, allowing you to move with confidence and ease all night long. The flattering ruched detailing hugs your figure in all the right places, enhancing your silhouette and leaving you feeling effortlessly glamorous. With three enticing color options, you can choose the shade that resonates with your unique style and complements your personality. Whether it is a cocktail party or a sophisticated evening affair, this midi dress promises to be your go-to statement piece, leaving everyone in awe of your impeccable taste and undeniable charm.Closure Type: Pullover HeadNeckline: Asymmetrical NeckSleeve Length: SleevelessApparel Length: 52 InchesDress Length: Midi LengthFiber Content: 92% Polyester, 8% SpandexFabric Description: Jersey, KnitLining Material: PolyesterCare: Machine Wash, Tumble DryMaterial: JerseyOwned & Founded: Women Owned/FoundedCountry of Origin: Imported",,,"https://jcpenney.scene7.com/is/image/JCPenney/DP0903202311054843M , https://jcpenney.scene7.com/is/image/JCPenney/DP0903202311054226M , https://jcpenney.scene7.com/is/image/JCPenney/DP0903202311055153M , https://jcpenney.scene7.com/is/image/JCPenney/DP0903202311054536M",,,"1X , Large , Medium , Small , X-Large","Black , Rust , Purple"
ppr5008403949,https://www.jcpenney.com/p/24seven-comfort-apparel-womens-plus-sleeveless-midi-casual-bodycon-dress/ppr5008403949?pTmplType=regular,24seven Comfort Apparel Womens Plus Sleeveless Midi Casual Bodycon Dress,24seven Comfort Apparel,,59.99,,"Indulge in the enchanting allure of our plus size cowl neck front long asymmetrical backless halter dress. A captivating masterpiece that exudes grace and glamour with every step you take. Crafted from tastefully shimmery material, this dress casts a mesmerizing glow, illuminating your presence at any event. Its stretchy and comfortable fabric embraces your figure flawlessly, ensuring a flattering fit and freedom of movement. The draped front design adds an air of sophistication, while the daring asymmetrical hem and backless style leaves a trail of intrigue in your wake. With three stunning color options to choose from, you can find the perfect hue to match your mood and personality. Whether it is a cocktail party or an elegant evening affair, this maxi dress promises to be your show-stopping companion, making you the star of the night and leaving a lasting impression.Closure Type: Pullover HeadNeckline: Cowl NeckSleeve Length: SleevelessApparel Length: 63.12 InchesDress Length: Midi LengthFiber Content: 92% Polyester, 8% SpandexFabric Description: Jersey, KnitLining Material: Polyester, SpandexCare: Machine Wash, Tumble DryMaterial: JerseyOwned & Founded: Women Owned/FoundedCountry of Origin: Imported",,,"https://jcpenney.scene7.com/is/image/JCPenney/DP1009202307061107M , https://jcpenney.scene7.com/is/image/JCPenney/DP1009202307061727M , https://jcpenney.scene7.com/is/image/JCPenney/DP1009202307062036M",,,"1X , 2X , 3X","Royal , Red , Black"
ppr5008394002,https://www.jcpenney.com/p/24seven-comfort-apparel-womens-sleeveless-party-dress/ppr5008394002?pTmplType=regular,24seven Comfort Apparel Womens Sleeveless Party Dress,24seven Comfort Apparel,,59.99,,"Indulge in the enchanting allure of our women's cowl neck front long asymmetrical backless halter dress. A captivating masterpiece that exudes grace and glamour with every step you take. Crafted from tastefully shimmery material, this dress casts a mesmerizing glow, illuminating your presence at any event. Its stretchy and comfortable fabric embraces your figure flawlessly, ensuring a flattering fit and freedom of movement. The draped front design adds an air of sophistication, while the daring asymmetrical hem and backless style leave a trail of intrigue in your wake. With three stunning color options to choose from, you can find the perfect hue to match your mood and personality. Whether it is a cocktail party or an elegant evening affair, this maxi dress promises to be your show-stopping companion, making you the star of the night and leaving a lasting impression.Closure Type: Pullover HeadNeckline: Cowl NeckSleeve Length: SleevelessApparel Length: 60 InchesDress Length: Long LengthFiber Content: 92% Polyester, 8% SpandexFabric Description: Knit, JerseyLining Material: PolyesterCare: Machine Wash, Tumble DryMaterial: JerseyOwned & Founded: Women Owned/FoundedCountry of Origin: Imported",,,"https://jcpenney.scene7.com/is/image/JCPenney/DP0903202311053401M , https://jcpenney.scene7.com/is/image/JCPenney/DP0903202311052781M , https://jcpenney.scene7.com/is/image/JCPenney/DP0903202311053710M , https://jcpenney.scene7.com/is/image/JCPenney/DP0903202311053091M",,,"1X , Large , Medium , Small , X-Large","Red , Royal , Black"
ppr5008488508,https://www.jcpenney.com/p/24seven-comfort-apparel-womens-plus-elbow-sleeve-a-line-dress/ppr5008488508?pTmplType=regular&selectedSKUId=60509850224,24seven Comfort Apparel Womens Plus Elbow Sleeve A-Line Dress,24seven Comfort Apparel,,60.99,,"Turn heads at your next event with our Plus Size Elbow Length Sleeve Shimmer Bodycon Mini Party Dress. Crafted from a comfortable metallic shimmery knit fabric, this dress offers a flattering bodycon fit that accentuates your curves. The elegant ruched elbow length sleeves add a touch of sophistication, while the mini length ensures a fun and flirty vibe. Available in various color options, this dress is perfect for parties, nights out, and special occasions. Step out in style and shine with confidence in this stunning, eye catching piece cocktail dress.Closure Type: Pullover HeadNeckline: Round NeckSleeve Length: Elbow SleeveApparel Length: 38.12 InchesDress Length: Knee LengthFiber Content: 92% Polyester, 8% SpandexFabric Description: Knit, JerseyLining: Fully LinedLining Material: PolyesterCare: Tumble Dry, Machine WashMaterial: JerseyOwned & Founded: Women Owned/FoundedCountry of Origin: Imported",,,"https://jcpenney.scene7.com/is/image/JCPenney/DP1015202411050651M , https://jcpenney.scene7.com/is/image/JCPenney/DP1015202411050041M , https://jcpenney.scene7.com/is/image/JCPenney/DP1015202413024149M , https://jcpenney.scene7.com/is/image/JCPenney/DP1015202411050346M , https://jcpenney.scene7.com/is/image/JCPenney/DP1015202411045736M",5,1,"1X , 2X , 3X","Silver , Gold , Black"
ppr5008403938,https://www.jcpenney.com/p/24seven-comfort-apparel-womens-plus-short-sleeve-maxi-dress/ppr5008403938?pTmplType=regular,24seven Comfort Apparel Womens Plus Short Sleeve Maxi Dress,24seven Comfort Apparel,,64.99,,"24seven Comfort Apparel Machine Washable, Rayon/Spandex Blend Knit Fashion Dress. Make a statement with the 24seven Comfort Apparel Womens Boat Neck Batwing Sleeve Slit Plus Size Maxi Dress. This dress is the epitome of effortless chic and versatile style. Available in three captivating color options, it allows you to express your unique personality. Crafted from comfortable stretch material, it offers a perfect blend of comfort and style. The batwing sleeves add a touch of drama, while the strategically placed side slit adds a hint of allure. This dress can be worn with one or both sides off the shoulder, providing multiple styling options for different occasions. The defined waist creates a flattering silhouette, while the draped fabric and overlapping layers add a sense of sophistication. Whether you are attending a special event or a more casual outing, this maxi dress ensures you will be the center of attention. Elevate your fashion game and embrace the elegance of our Womens Boat Neck Batwing Sleeve Slit Maxi Dress.Closure Type: Pullover HeadNeckline: Boat NeckSleeve Length: Short SleeveApparel Length: 63.12 InchesDress Length: Long LengthFiber Content: 95% Rayon, 5% SpandexFabric Description: Jersey, KnitLining Material: Polyester, SpandexCare: Machine Wash, Tumble DryMaterial: JerseyOwned & Founded: Women Owned/FoundedCountry of Origin: Imported",,,"https://jcpenney.scene7.com/is/image/JCPenney/DP1009202307043318M , https://jcpenney.scene7.com/is/image/JCPenney/DP1009202307044144M , https://jcpenney.scene7.com/is/image/JCPenney/DP1009202307044555M",5,1,"1X , 2X , 3X","Burgundy , Black , Avocado , Brown Multi"
ppr5008600521,https://www.jcpenney.com/p/giovanna-signature-womens-sleeveless-embellished-party-dress/ppr5008600521?pTmplType=regular,Giovanna Signature Womens Sleeveless Embellished Party Dress,GIOVANNA SIGNATURE,,64.99,,"Step into the spotlight with effortless elegance in our V-neck Sleeveless A-line Dress, adorned with shimmering sequins and playful tassels that sway with every step. This isn't just a dress—it's a statement of confidence.The flattering V-neckline elongates your silhouette, while the A-line cut dances gracefully around your frame, offering both freedom and finesse. Whether you're lighting up the dance floor, toasting under the stars, or owning your moment at a special event, this dress is your partner in shine.Features: Unlined, Eyelash Trim, Embellished, GlitterClosure Type: Pullover HeadNeckline: V NeckSleeve Length: SleevelessApparel Length: 39 InchesDress Length: Short LengthLining: LinedLining Material: ViscoseCare: Line Dry, Hand WashMaterial: PolyesterOwned & Founded: Asian Owned/Founded, Women Owned/FoundedBody Type: Athletic, Hourglass, Pear, AppleWedding Occasion: Mother of the Bride, Guest of WeddingCountry of Origin: Imported",,,"https://jcpenney.scene7.com/is/image/JCPenney/DP0903202507033361M , https://jcpenney.scene7.com/is/image/JCPenney/DP0903202507033675M , https://jcpenney.scene7.com/is/image/JCPenney/DP0903202507033256M , https://jcpenney.scene7.com/is/image/JCPenney/DP0903202507033466M",,,"2X , Large , X-Large",Black
ppr5008600517,https://www.jcpenney.com/p/giovanna-signature-womens-easy-on-easy-off-long-sleeve-geometric-shift-dress/ppr5008600517?pTmplType=regular,Giovanna Signature Womens Easy-on + Easy-off Long Sleeve Geometric Shift Dress,GIOVANNA SIGNATURE,,72.99,,"Embrace your inner radiance with this stunning metallic brocade shift dress! Crafted with elegance and strength, its shimmering fan pattern reflects your unique spirit, empowering you to shine in any room. Step into confidence and let your light guide the way—because you are a masterpiece of grace and power. Pair with nude heels to elongate your legs and keep the focus on the dress's intricate design. Carry a small clutch in a matching tone to complete the sophisticated ensemble.Features: GlitterClosure Type: ZipperNeckline: Crew NeckSleeve Length: Long SleeveSleeve Style: Puffed SleeveApparel Length: 47 InchesDress Length: Knee LengthLining: Fully LinedLining Material: PolyesterCare: Dry Clean OnlyMaterial: Polyester BlendOwned & Founded: Asian Owned/Founded, Women Owned/FoundedBody Type: Apple, Pear, HourglassWedding Occasion: Mother of the Bride, Guest of WeddingCountry of Origin: Imported",,,"https://jcpenney.scene7.com/is/image/JCPenney/DP0903202507043735M , https://jcpenney.scene7.com/is/image/JCPenney/DP0903202507043421M , https://jcpenney.scene7.com/is/image/JCPenney/DP0903202507043213M",,,"1X , 2X , 3X , Large , Medium , Small , X-Large","Silver , Blue , Camel"
ppr5008247751,https://www.jcpenney.com/p/white-mark-womens-maternity-sleeveless-maxi-dress/ppr5008247751?pTmplType=regular,White Mark Womens Maternity Sleeveless Maxi Dress,WHITE MARK,,57.99,,"Stand out and make a statement with this maternity long caftan dress with bold prints. The long cold shoulder with embellished rhinestone, side slits and adjustable straps will make this your perfect choice for your next get-away trip or simply lounging by your poolside. It's loose fit makes it a perfect choice as your maternity chic wear. Made with fabric that is silky smooth to the skin.Strap Type: AdjustableClosure Type: Pullover HeadNeckline: Scoop NeckSleeve Length: SleevelessApparel Length: 45 InchesDress Length: Long LengthFiber Content: 100% PolyesterFabric Description: GeorgetteLining Material: PolyesterCare: Hand WashMaterial: ChiffonCountry of Origin: Imported",,,"https://jcpenney.scene7.com/is/image/JCPenney/DP1021202113022669M , https://jcpenney.scene7.com/is/image/JCPenney/DP1021202113022628M , https://jcpenney.scene7.com/is/image/JCPenney/DP1021202113022689M , https://jcpenney.scene7.com/is/image/JCPenney/DP1021202113022648M , https://jcpenney.scene7.com/is/image/JCPenney/DP1021202113022608M",,,One Size Fits Most,"Red Orange , Green , Peacock Feather , Aqua , Red Cheetah"
ppr5008619654,https://www.jcpenney.com/p/perceptions-womens-short-sleeve-shrug-plus/ppr5008619654?pTmplType=regular,Perceptions Womens Short Sleeve Shrug Plus,PERCEPTIONS,,59.00,,"Closure Type: Open FrontFit: Regular FitNeckline: Open NeckSleeve Length: Short SleeveApparel Length: 19.13 Inches - BackFiber Content: 85% Polyester, 15% RayonFabric Description: KnitCare: Hand Wash, Dry FlatCountry of Origin: Imported",,Regular Fit,"https://jcpenney.scene7.com/is/image/JCPenney/DP0213202613042106M , https://jcpenney.scene7.com/is/image/JCPenney/DP0213202613042211M , https://jcpenney.scene7.com/is/image/JCPenney/DP0213202613042003M",,,"1X , 2X , 3X",Black
ppr5008619653,https://www.jcpenney.com/p/perceptions-womens-short-sleeve-shrug-plus/ppr5008619653?pTmplType=regular,Perceptions Womens Short Sleeve Shrug Plus,PERCEPTIONS,,59.00,,"Closure Type: Open FrontFit: Regular FitNeckline: Open NeckSleeve Length: Short SleeveApparel Length: 19.13 Inches - BackFiber Content: 85% Polyester, 15% RayonFabric Description: KnitCare: Dry Flat, Hand WashCountry of Origin: Imported",,Regular Fit,"https://jcpenney.scene7.com/is/image/JCPenney/DP0213202613042522M , https://jcpenney.scene7.com/is/image/JCPenney/DP0213202613042626M , https://jcpenney.scene7.com/is/image/JCPenney/DP0213202613042418M",,,"1X , 2X , 3X",White
ppr5008182144,https://www.jcpenney.com/p/r-m-richards-womens-3-4-sleeve-shrug-plus/ppr5008182144?pTmplType=regular,R & M Richards Womens 3/4 Sleeve Shrug Plus,R & M RICHARDS,,54.00,,"This R & M Richards women's plus shrug is the perfect stylish cover-up for your next outing. Made from a soft stretch-knit, it has an asymmetrical open front design and 3/4 sleeves - wear it over a cocktail dress or a tank top with jeans. Closure Type: Open FrontFit: Loose FitNeckline: Open NeckSleeve Length: 3/4 SleeveSleeve Style: Flutter SleeveApparel Length: 27 InchesFiber Content: 95% Polyester, 5% SpandexFabric Description: KnitCare: Hand WashCountry of Origin: Made in US",,Loose Fit,"https://jcpenney.scene7.com/is/image/JCPenney/DP0522202509015201M , https://jcpenney.scene7.com/is/image/JCPenney/DP0522202509015096M , https://jcpenney.scene7.com/is/image/JCPenney/DP0522202513002519M",4.7059,17,"1X , 2X , 3X","Black , Ivory"
ppr5008647675,https://www.jcpenney.com/p/city-triangle-womens-juniors-plus-sleeveless-a-line-dress/ppr5008647675?pTmplType=regular,City Triangle Womens Juniors Plus Sleeveless A-Line Dress,CITY TRIANGLE,92.99,124.00,25,"Strap Type: AdjustableFeatures: Adjustable Straps, Stretch Fabric, Lined, Built In Bra, Shirred, Faux WrapClosure Type: Hook & Eye, ZipperNeckline: Sweetheart NeckPocket Types: 1 Side Slip Pocket(s)Sleeve Length: SleevelessApparel Length: 61 InchesDress Length: Long LengthFiber Content: 88% Polyester, 12% SpandexFabric Description: KnitLining: Fully LinedLining Material: PolyesterCare: Dry Clean OnlyMaterial: KnitWedding Occasion: Guest of WeddingCountry of Origin: Imported RETURNS: This item must be returned in its original condition with the green return tag in place.",,,"https://jcpenney.scene7.com/is/image/JCPenney/DP1222202513055545M , https://jcpenney.scene7.com/is/image/JCPenney/DP1222202513055442M , https://jcpenney.scene7.com/is/image/JCPenney/DP1222202513055649M",,,"14 , 16 , 18 , 20 , 22 , 24",Navy Blue
ppr5008634795,https://www.jcpenney.com/p/radiante-couture-womens-juniors-glitter-bodycon-dress/ppr5008634795?pTmplType=regular,Radiante Couture Womens Juniors Glitter Bodycon Dress,RADIANTE COUTURE,92.99,124.00,25,"Features: GlitterClosure Type: ZipperNeckline: Sweetheart NeckSleeve Style: Off Shoulder SleeveDress Length: Long LengthFiber Content: 80% Polyester, 20% SpandexLining: Fully LinedLining Material: PolyesterCare: Hand Wash, Line DryOwned & Founded: Women Owned/FoundedWedding Occasion: Guest of WeddingCountry of Origin: Imported RETURNS: This item must be returned in its original condition with the green return tag in place.",,,"https://jcpenney.scene7.com/is/image/JCPenney/DP1211202509033928M , https://jcpenney.scene7.com/is/image/JCPenney/DP1211202509033721M , https://jcpenney.scene7.com/is/image/JCPenney/DP1211202509033825M",,,"Large , Medium , Small , X-Large , X-Small , Xx-Large",Navy
ppr5008647640,https://www.jcpenney.com/p/b-smart-womens-juniors-sleeveless-bodycon-dress/ppr5008647640?pTmplType=regular,B. Smart Womens Juniors Sleeveless Bodycon Dress,BEE SMART,92.99,124.00,25,"Strap Type: SpaghettiClosure Type: ZipperNeckline: V NeckSleeve Length: SleevelessApparel Length: 64 InchesDress Length: Long LengthFiber Content: 85% Polyester, 15% SpandexLining: Fully LinedLining Material: PolyesterCare: Dry Flat, Hand WashWedding Occasion: Guest of WeddingCountry of Origin: Imported RETURNS: This item must be returned in its original condition with the green return tag in place.",,,"https://jcpenney.scene7.com/is/image/JCPenney/DP0130202611025015M , https://jcpenney.scene7.com/is/image/JCPenney/DP0130202611024806M , https://jcpenney.scene7.com/is/image/JCPenney/DP0130202611025120M , https://jcpenney.scene7.com/is/image/JCPenney/DP0130202611024911M",,,"0 , 00 , 10 , 12 , 14 , 16 , 18 , 2 , 4 , 8",Pale Yellow
ppr5008647619,https://www.jcpenney.com/p/emerald-sundae-womens-juniors-sleeveless-bodycon-dress/ppr5008647619?pTmplType=regular,Emerald Sundae Womens Juniors Sleeveless Bodycon Dress,EMERALD SUNDAE,92.99,124.00,25,"Strap Type: AdjustableClosure Type: Pull OnNeckline: Draped NeckSleeve Length: SleevelessApparel Length: 56.5 Inches - FrontDress Length: Long LengthFiber Content: 95% Polyester, 5% SpandexLining: Partially LinedLining Material: PolyesterCare: Hand WashMaterial: PolyesterWedding Occasion: Guest of WeddingCountry of Origin: Imported RETURNS: This item must be returned in its original condition with the green return tag in place.",,,"https://jcpenney.scene7.com/is/image/JCPenney/DP0127202609043416M , https://jcpenney.scene7.com/is/image/JCPenney/DP0127202609043207M , https://jcpenney.scene7.com/is/image/JCPenney/DP0127202609043311M",,,"Large , Medium , Small , X-Large , X-Small , Xx-Large",Royal
ppr5008634797,https://www.jcpenney.com/p/radiante-couture-womens-juniors-glitter-circles-bodycon-dress/ppr5008634797?pTmplType=regular,Radiante Couture Womens Juniors Glitter Circles Bodycon Dress,RADIANTE COUTURE,92.99,124.00,25,"Features: Stretch Fabric, GlitterClosure Type: ZipperNeckline: Sweetheart NeckDress Length: Long LengthFiber Content: 95% Polyester, 5% SpandexLining: Fully LinedLining Material: PolyesterCare: Hand WashOwned & Founded: Women Owned/FoundedWedding Occasion: Guest of WeddingCountry of Origin: Imported",,,"https://jcpenney.scene7.com/is/image/JCPenney/DP1211202509035173M , https://jcpenney.scene7.com/is/image/JCPenney/DP1211202509034966M , https://jcpenney.scene7.com/is/image/JCPenney/DP1211202509035069M , https://jcpenney.scene7.com/is/image/JCPenney/DP1212202509042443M",,,"Large , Medium , Small , X-Large , X-Small , Xx-Large",Navy
ppr5008647671,https://www.jcpenney.com/p/city-triangle-womens-juniors-a-line-dress/ppr5008647671?pTmplType=regular,City Triangle Womens Juniors A-Line Dress,CITY TRIANGLE,92.99,124.00,25,"Strap Type: AdjustableFeatures: Lined, Pocket, Bow, Adjustable Straps, Side Slit, Stretch FabricClosure Type: Tie, Hook & Eye, ZipperNeckline: Draped NeckPocket Types: 2 Side Slip Pocket(s)Apparel Length: 61 InchesDress Length: Long LengthFiber Content: 84% Nylon, 16% SpandexFabric Description: KnitLining: Fully LinedLining Material: PolyesterCare: Dry Clean OnlyMaterial: KnitWedding Occasion: Guest of WeddingCountry of Origin: Imported RETURNS: This item must be returned in its original condition with the green return tag in place.",,,"https://jcpenney.scene7.com/is/image/JCPenney/DP0204202613030830M , https://jcpenney.scene7.com/is/image/JCPenney/DP0204202613030726M , https://jcpenney.scene7.com/is/image/JCPenney/DP0204202613030935M",,,"0 , 00 , 10 , 14 , 16 , 18 , 2 , 4 , 6 , 8",Black
ppr5008637980,https://www.jcpenney.com/p/trixxi-womens-juniors-sleeveless-cut-outs-glitter-bodycon-dress/ppr5008637980?pTmplType=regular,Trixxi Womens Juniors Sleeveless Cut Outs Glitter Bodycon Dress,TRIXXI,92.99,124.00,25,"Strap Type: AdjustableFeatures: Cut Outs, GlitterClosure Type: ZipperNeckline: V NeckSleeve Length: SleevelessSleeve Style: SleevelessApparel Length: 62 InchesDress Length: Long LengthFiber Content: 95% Polyester, 5% SpandexLining: LinedLining Material: PolyesterCare: Dry Flat, Hand WashWedding Occasion: Guest of WeddingCountry of Origin: Imported RETURNS: This item must be returned in its original condition with the green return tag in place.",,,"https://jcpenney.scene7.com/is/image/JCPenney/DP1216202507035259M , https://jcpenney.scene7.com/is/image/JCPenney/DP1216202507035052M , https://jcpenney.scene7.com/is/image/JCPenney/DP1216202507035465M , https://jcpenney.scene7.com/is/image/JCPenney/DP1216202507035362M , https://jcpenney.scene7.com/is/image/JCPenney/DP1216202507035155M",5,1,"Large , Medium , Small , X-Large , X-Small , Xx-Large",Black
ppr5008637999,https://www.jcpenney.com/p/city-triangle-womens-juniors-sleeveless-glitter-bodycon-dress/ppr5008637999?pTmplType=regular,City Triangle Womens Juniors Sleeveless Glitter Bodycon Dress,CITY TRIANGLE,92.99,124.00,25,"Strap Type: AdjustableFeatures: GlitterClosure Type: Zipper, Hook & Eye, TieNeckline: Square NeckSleeve Length: SleevelessSleeve Style: Spaghetti StrapsApparel Length: 61 InchesDress Length: Long LengthFiber Content: 91% Nylon, 5% Spandex, 4% MetallicFabric Description: KnitLining: Fully LinedLining Material: PolyesterCare: Dry Clean OnlyWedding Occasion: Guest of WeddingCountry of Origin: Imported RETURNS: This item must be returned in its original condition with the green return tag in place.",,,"https://jcpenney.scene7.com/is/image/JCPenney/DP1007202507071258M , https://jcpenney.scene7.com/is/image/JCPenney/DP1007202507071153M , https://jcpenney.scene7.com/is/image/JCPenney/DP1007202507071361M",,,"Large , Medium , Small , X-Large , X-Small , Xx-Large",Hunter Silver
ppr5008647647,https://www.jcpenney.com/p/jump-apparel-womens-juniors-sleeveless-glitter-bodycon-dress/ppr5008647647?pTmplType=regular,Jump Apparel Womens Juniors Sleeveless Glitter Bodycon Dress,JUMP APPAREL,92.99,124.00,25,"Strap Type: AdjustableFeatures: GlitterClosure Type: Pull OnNeckline: Draped NeckSleeve Length: SleevelessSleeve Style: SleevelessApparel Length: 60 InchesDress Length: Long LengthFiber Content: 100% PolyesterFabric Description: Matte JerseyLining: LinedLining Material: PolyesterCare: Dry Flat, Hand WashMaterial: PolyesterWedding Occasion: Guest of WeddingCountry of Origin: Imported RETURNS: This item must be returned in its original condition with the green return tag in place.",,,"https://jcpenney.scene7.com/is/image/JCPenney/DP0108202607023264M , https://jcpenney.scene7.com/is/image/JCPenney/DP0108202607023160M",,,X-Large,Black
ppr5008647679,https://www.jcpenney.com/p/morgan-co-womens-juniors-satin-bodycon-dress/ppr5008647679?pTmplType=regular,Morgan & Co. Womens Juniors Satin Bodycon Dress,Morgan & Co.,92.99,124.00,25,"Strap Type: SpaghettiClosure Type: ZipperNeckline: V NeckSleeve Style: SleevelessApparel Length: 67 InchesDress Length: Long LengthFiber Content: 97% Polyester, 3% SpandexFabric Description: SatinLining: LinedLining Material: PolyesterCare: Machine WashMaterial: SatinWedding Occasion: Guest of WeddingCountry of Origin: Imported RETURNS: This item must be returned in its original condition with the green return tag in place.",,,"https://jcpenney.scene7.com/is/image/JCPenney/DP0108202607025023M , https://jcpenney.scene7.com/is/image/JCPenney/DP0108202607024816M , https://jcpenney.scene7.com/is/image/JCPenney/DP0108202607025127M , https://jcpenney.scene7.com/is/image/JCPenney/DP0108202607024920M",,,"1 , 11 , 13 , 3 , 5 , 7 , 9",Navy
ppr5008647669,https://www.jcpenney.com/p/emerald-sundae-womens-juniors-sleeveless-bodycon-dress/ppr5008647669?pTmplType=regular,Emerald Sundae Womens Juniors Sleeveless Bodycon Dress,EMERALD SUNDAE,92.99,124.00,25,"Strap Type: TankClosure Type: ZipperNeckline: V NeckSleeve Length: SleevelessSleeve Style: SleevelessApparel Length: 57.5 Inches - FrontDress Length: Long LengthFiber Content: 92% Polyester, 8% SpandexFabric Description: KnitLining: LinedLining Material: PolyesterCare: Machine WashMaterial: PolyesterWedding Occasion: Guest of WeddingCountry of Origin: Imported RETURNS: This item must be returned in its original condition with the green return tag in place.",,,"https://jcpenney.scene7.com/is/image/JCPenney/DP0217202613034201M , https://jcpenney.scene7.com/is/image/JCPenney/DP0217202613033991M , https://jcpenney.scene7.com/is/image/JCPenney/DP0217202613034096M",,,"Large , Medium , Small , X-Large , X-Small , Xx-Large",Purple
ppr5008647664,https://www.jcpenney.com/p/emerald-sundae-womens-juniors-sleeveless-bodycon-dress/ppr5008647664?pTmplType=regular,Emerald Sundae Womens Juniors Sleeveless Bodycon Dress,EMERALD SUNDAE,92.99,124.00,25,"Closure Type: ZipperNeckline: Halter NeckSleeve Length: SleevelessSleeve Style: SleevelessApparel Length: 61 Inches - FrontDress Length: Long LengthFiber Content: 92% Polyester, 8% SpandexFabric Description: KnitLining: Partially LinedLining Material: PolyesterCare: Machine WashMaterial: PolyesterWedding Occasion: Guest of WeddingCountry of Origin: Imported RETURNS: This item must be returned in its original condition with the green return tag in place.",,,"https://jcpenney.scene7.com/is/image/JCPenney/DP0217202613032527M , https://jcpenney.scene7.com/is/image/JCPenney/DP0217202613032318M , https://jcpenney.scene7.com/is/image/JCPenney/DP0217202613032423M",,,"Large , Medium , Small , X-Large , Xx-Large",Brown
ppr5008647659,https://www.jcpenney.com/p/emerald-sundae-womens-juniors-sleeveless-a-line-dress/ppr5008647659?pTmplType=regular,Emerald Sundae Womens Juniors Sleeveless A-Line Dress,EMERALD SUNDAE,92.99,124.00,25,Closure Type: ZipperNeckline: Sweetheart NeckSleeve Length: SleevelessSleeve Style: SleevelessApparel Length: 54 Inches - FrontDress Length: Long LengthFiber Content: 100% PolyesterFabric Description: KnitLining: Fully LinedLining Material: PolyesterCare: Hand WashMaterial: PolyesterWedding Occasion: Guest of WeddingCountry of Origin: Imported RETURNS: This item must be returned in its original condition with the green return tag in place.,,,"https://jcpenney.scene7.com/is/image/JCPenney/DP0217202613032946M , https://jcpenney.scene7.com/is/image/JCPenney/DP0217202613032737M , https://jcpenney.scene7.com/is/image/JCPenney/DP0217202613032842M",,,"Large , Medium , Small , X-Large , X-Small , Xx-Large",Navy
ppr5008647657,https://www.jcpenney.com/p/emerald-sundae-womens-juniors-sleeveless-bodycon-dress/ppr5008647657?pTmplType=regular,Emerald Sundae Womens Juniors Sleeveless Bodycon Dress,EMERALD SUNDAE,92.99,124.00,25,"Strap Type: AdjustableClosure Type: ZipperNeckline: Straight NeckSleeve Length: SleevelessSleeve Style: SleevelessApparel Length: 57 Inches - FrontDress Length: Long LengthFiber Content: 92% Polyester, 8% SpandexFabric Description: KnitLining: Partially LinedLining Material: PolyesterCare: Machine WashMaterial: PolyesterWedding Occasion: Guest of WeddingCountry of Origin: Imported RETURNS: This item must be returned in its original condition with the green return tag in place.",,,"https://jcpenney.scene7.com/is/image/JCPenney/DP0217202613033364M , https://jcpenney.scene7.com/is/image/JCPenney/DP0217202613033155M , https://jcpenney.scene7.com/is/image/JCPenney/DP0217202613033259M",,,"Large , Medium , Small , X-Large , X-Small , Xx-Large",Red
ppr5008647652,https://www.jcpenney.com/p/morgan-co-womens-juniors-glitter-bodycon-dress/ppr5008647652?pTmplType=regular,Morgan & Co. Womens Juniors Glitter Bodycon Dress,Morgan & Co.,92.99,124.00,25,Strap Type: SpaghettiFeatures: GlitterClosure Type: ZipperNeckline: Straight NeckSleeve Style: SleevelessApparel Length: 59 InchesDress Length: Long LengthFiber Content: 100% PolyesterFabric Description: MeshLining: LinedLining Material: PolyesterCare: Hand WashMaterial: ChiffonWedding Occasion: Guest of WeddingCountry of Origin: Imported RETURNS: This item must be returned in its original condition with the green return tag in place.,,,"https://jcpenney.scene7.com/is/image/JCPenney/DP0108202607023988M , https://jcpenney.scene7.com/is/image/JCPenney/DP0108202607023781M , https://jcpenney.scene7.com/is/image/JCPenney/DP0108202607024092M , https://jcpenney.scene7.com/is/image/JCPenney/DP0108202607023885M",,,"0 , 10 , 12 , 14 , 16 , 2 , 4 , 8",Black
ppr5008634792,https://www.jcpenney.com/p/trixxi-womens-juniors-sleeveless-glitter-bodycon-dress/ppr5008634792?pTmplType=regular,Trixxi Womens Juniors Sleeveless Glitter Bodycon Dress,TRIXXI,92.99,124.00,25,"Strap Type: AdjustableFeatures: GlitterClosure Type: ZipperNeckline: Square NeckSleeve Length: SleevelessSleeve Style: SleevelessApparel Length: 61 InchesDress Length: Long LengthFiber Content: 95% Polyester, 5% SpandexLining: LinedLining Material: PolyesterCare: Line Dry, Hand WashWedding Occasion: Guest of WeddingCountry of Origin: Imported RETURNS: This item must be returned in its original condition with the green return tag in place.",,,"https://jcpenney.scene7.com/is/image/JCPenney/DP1124202513011818M , https://jcpenney.scene7.com/is/image/JCPenney/DP1124202513011610M , https://jcpenney.scene7.com/is/image/JCPenney/DP1124202513012027M , https://jcpenney.scene7.com/is/image/JCPenney/DP1124202513011922M , https://jcpenney.scene7.com/is/image/JCPenney/DP1124202513011713M",,,"Large , Medium , Small , X-Large , X-Small , Xx-Large",Red
ppr5008634798,https://www.jcpenney.com/p/b-smart-womens-juniors-bodycon-dress/ppr5008634798?pTmplType=regular,B. Smart Womens Juniors Bodycon Dress,BEE SMART,92.99,124.00,25,"Strap Type: StraplessClosure Type: ZipperNeckline: Sweetheart NeckApparel Length: 64 InchesDress Length: Long LengthFiber Content: 95% Polyester, 5% SpandexLining: Fully LinedLining Material: PolyesterCare: Hand Wash, Dry FlatWedding Occasion: Guest of WeddingCountry of Origin: Imported RETURNS: This item must be returned in its original condition with the green return tag in place.",,,"https://jcpenney.scene7.com/is/image/JCPenney/DP1216202511022968M , https://jcpenney.scene7.com/is/image/JCPenney/DP1216202511022865M , https://jcpenney.scene7.com/is/image/JCPenney/DP1216202511023072M",,,"0 , 00 , 10 , 12 , 14 , 16 , 18 , 2 , 4 , 6 , 8",Navy Navy
ppr5008647649,https://www.jcpenney.com/p/b-smart-womens-juniors-bodycon-dress/ppr5008647649?pTmplType=regular,B. Smart Womens Juniors Bodycon Dress,BEE SMART,92.99,124.00,25,"Strap Type: WideClosure Type: Zipper, TieNeckline: V NeckSleeve Style: SleevelessApparel Length: 63 InchesDress Length: Long LengthFiber Content: 95% Polyester, 5% SpandexLining: LinedLining Material: PolyesterCare: Do Not Bleach, Machine WashMaterial: SatinWedding Occasion: Guest of WeddingCountry of Origin: Imported",,,"https://jcpenney.scene7.com/is/image/JCPenney/DP0204202613033760M , https://jcpenney.scene7.com/is/image/JCPenney/DP0204202613033655M , https://jcpenney.scene7.com/is/image/JCPenney/DP0204202613033864M",,,"0 , 00 , 10 , 12 , 14 , 16 , 18 , 2 , 4 , 6 , 8",Raspberry
ppr5008647623,https://www.jcpenney.com/p/morgan-co-womens-juniors-sleeveless-bodycon-dress/ppr5008647623?pTmplType=regular,Morgan & Co. Womens Juniors Sleeveless Bodycon Dress,Morgan & Co.,77.99,104.00,25,"Strap Type: SpaghettiFeatures: RhinestonesClosure Type: ZipperNeckline: Sweetheart NeckSleeve Length: SleevelessDress Length: Long LengthFiber Content: 82% Nylon, 18% SpandexLining: LinedCare: Hand Wash, Line DryWedding Occasion: Guest of WeddingCountry of Origin: Imported",,,"https://jcpenney.scene7.com/is/image/JCPenney/DP1217202507130671M , https://jcpenney.scene7.com/is/image/JCPenney/DP1217202507130465M , https://jcpenney.scene7.com/is/image/JCPenney/DP1217202507130568M",,,"0 , 10 , 12 , 14 , 16 , 2 , 4 , 6 , 8",Navy
ppr5008637995,https://www.jcpenney.com/p/emerald-sundae-womens-juniors-bodycon-dress/ppr5008637995?pTmplType=regular,Emerald Sundae Womens Juniors Bodycon Dress,EMERALD SUNDAE,92.99,124.00,25,"Strap Type: StraplessClosure Type: Hidden Zipper, TieNeckline: Halter NeckSleeve Style: SleevelessApparel Length: 59.5 InchesDress Length: Long LengthFiber Content: 80% Nylon, 20% SpandexFabric Description: TricotLining: Partially LinedLining Material: PolyesterCare: Hand Wash, Dry FlatMaterial: KnitCountry of Origin: Imported RETURNS: This item must be returned in its original condition with the green return tag in place.",,,"https://jcpenney.scene7.com/is/image/JCPenney/DP1020202509004838M , https://jcpenney.scene7.com/is/image/JCPenney/DP1020202509004628M , https://jcpenney.scene7.com/is/image/JCPenney/DP1020202509004733M",,,"Large , Medium , Small , X-Large , X-Small , Xx-Large",Hunter
ppr5008638003,https://www.jcpenney.com/p/b-smart-womens-juniors-sleeveless-midi-bodycon-dress/ppr5008638003?pTmplType=regular,B. Smart Womens Juniors Sleeveless Midi Bodycon Dress,BEE SMART,77.99,104.00,25,"Strap Type: SpaghettiClosure Type: Pullover HeadNeckline: Square NeckSleeve Length: SleevelessSleeve Style: SleevelessApparel Length: 52 InchesDress Length: Midi LengthFiber Content: 89% Polyester, 11% SpandexFabric Description: KnitLining: Partially LinedLining Material: PolyesterCare: Do Not Bleach, Machine Wash, Dry FlatWedding Occasion: Guest of WeddingCountry of Origin: Imported RETURNS: This item must be returned in its original condition with the green return tag in place.",,,"https://jcpenney.scene7.com/is/image/JCPenney/DP1119202507060953M , https://jcpenney.scene7.com/is/image/JCPenney/DP1119202507060849M , https://jcpenney.scene7.com/is/image/JCPenney/DP1119202507061057M",,,"0 , 00 , 10 , 12 , 14 , 16 , 18 , 2 , 4 , 6 , 8",Navy Gold
ppr5008647648,https://www.jcpenney.com/p/emerald-sundae-womens-juniors-sleeveless-bodycon-dress/ppr5008647648?pTmplType=regular,Emerald Sundae Womens Juniors Sleeveless Bodycon Dress,EMERALD SUNDAE,92.99,124.00,25,"Strap Type: AdjustableClosure Type: ZipperNeckline: Draped NeckSleeve Length: SleevelessSleeve Style: Cold Shoulder SleeveApparel Length: 52 Inches - FrontDress Length: Long LengthFiber Content: 95% Polyester, 5% SpandexFabric Description: KnitLining: Partially LinedLining Material: PolyesterCare: Hand WashMaterial: PolyesterWedding Occasion: Guest of WeddingCountry of Origin: Imported RETURNS: This item must be returned in its original condition with the green return tag in place.",,,"https://jcpenney.scene7.com/is/image/JCPenney/DP0213202613033835M , https://jcpenney.scene7.com/is/image/JCPenney/DP0213202613033627M , https://jcpenney.scene7.com/is/image/JCPenney/DP0213202613033731M",,,"Large , Medium , Small , X-Large , X-Small , Xx-Large",Black
ppr5008647661,https://www.jcpenney.com/p/rare-editions-womens-juniors-bodycon-dress/ppr5008647661?pTmplType=regular,Rare Editions Womens Juniors Bodycon Dress,Rare Editions,92.99,124.00,25,"Strap Type: SpaghettiClosure Type: Zipper, Tie, Pullover HeadNeckline: Square NeckSleeve Style: Spaghetti StrapsApparel Length: 56 InchesDress Length: Long LengthFiber Content: 82% Polyester, 18% SpandexFabric Description: KnitLining: Fully LinedLining Material: PolyesterCare: Line Dry, Machine WashMaterial: PolyesterWedding Occasion: Guest of WeddingCountry of Origin: Imported",,,"https://jcpenney.scene7.com/is/image/JCPenney/DP0127202609042578M , https://jcpenney.scene7.com/is/image/JCPenney/DP0127202609042369M , https://jcpenney.scene7.com/is/image/JCPenney/DP0127202609042473M",,,"Large , Medium , Small , X-Large , X-Small , Xx-Large",Teal
ppr5008647617,https://www.jcpenney.com/p/byby-womens-juniors-sleeveless-bodycon-dress/ppr5008647617?pTmplType=regular,by&by Womens Juniors Sleeveless Bodycon Dress,BY AND BY,77.99,104.00,25,"Strap Type: StraplessFeatures: RhinestonesClosure Type: Pull OnSleeve Length: SleevelessApparel Length: 62 InchesDress Length: Long LengthFiber Content: 95% Polyester, 5% SpandexFabric Description: KnitLining: LinedLining Material: PolyesterCare: Line Dry, Machine WashWedding Occasion: Guest of WeddingCountry of Origin: Imported RETURNS: This item must be returned in its original condition with the green return tag in place.",,,"https://jcpenney.scene7.com/is/image/JCPenney/DP1204202509050275M , https://jcpenney.scene7.com/is/image/JCPenney/DP1204202509050065M , https://jcpenney.scene7.com/is/image/JCPenney/DP1204202509050170M",,,"Large , Medium , Small , X-Large , X-Small , Xx-Large",Hunter
ppr5008637983,https://www.jcpenney.com/p/b-smart-womens-juniors-sleeveless-bodycon-dress/ppr5008637983?pTmplType=regular,B. Smart Womens Juniors Sleeveless Bodycon Dress,BEE SMART,92.99,124.00,25,"The B. Smart juniors' bodycon dress delivers a sleek, night-out look. Cut in smooth knit, it's styled with a sweetheart neckline, spaghetti straps, a side slit for movement, and a back zipper for a secure fit. Finish it with statement heels and a clutch for a confident outfit.Strap Type: SpaghettiFeatures: Side SlitClosure Type: ZipperNeckline: Sweetheart NeckSleeve Length: SleevelessApparel Length: 64 InchesDress Length: Long LengthFiber Content: 85% Polyester, 15% SpandexFabric Description: KnitLining: Fully LinedLining Material: PolyesterCare: Do Not Bleach, Dry Flat, Machine WashWedding Occasion: Guest of WeddingCountry of Origin: Imported RETURNS: This item must be returned in its original condition with the green return tag in place.",,,"https://jcpenney.scene7.com/is/image/JCPenney/DP1119202507061371M , https://jcpenney.scene7.com/is/image/JCPenney/DP1119202507061162M , https://jcpenney.scene7.com/is/image/JCPenney/DP1119202507061475M , https://jcpenney.scene7.com/is/image/JCPenney/DP1119202507061267M",,,"0 , 00 , 10 , 12 , 14 , 16 , 18 , 2 , 4 , 6 , 8",Royal
ppr5008638005,https://www.jcpenney.com/p/city-triangle-womens-juniors-sleeveless-glitter-bodycon-dress/ppr5008638005?pTmplType=regular,City Triangle Womens Juniors Sleeveless Glitter Bodycon Dress,CITY TRIANGLE,92.99,124.00,25,"Shine on at your next wedding or formal occasion with this City Triangle women's and junior's glittery bodycon dress. Cut to a floor-length, this sleeveless dress has delicate spaghetti straps, a strappy back design and a v-neck. Wear it with stilettos.Strap Type: AdjustableFeatures: GlitterClosure Type: Zipper, Hook & EyeNeckline: V NeckSleeve Length: SleevelessSleeve Style: Spaghetti StrapsApparel Length: 61 InchesDress Length: Long LengthFiber Content: 95% Polyester, 5% SpandexFabric Description: KnitLining: LinedLining Material: PolyesterCare: Dry Clean OnlyWedding Occasion: Guest of WeddingCountry of Origin: Imported RETURNS: This item must be returned in its original condition with the green return tag in place.",,,"https://jcpenney.scene7.com/is/image/JCPenney/DP1007202507071675M , https://jcpenney.scene7.com/is/image/JCPenney/DP1007202507071570M , https://jcpenney.scene7.com/is/image/JCPenney/DP1007202507071780M",,,"Large , Medium , Small , X-Large , X-Small , Xx-Large",Royal
ppr5008637991,https://www.jcpenney.com/p/trixxi-womens-juniors-sleeveless-glitter-diamond-bodycon-dress/ppr5008637991?pTmplType=regular,Trixxi Womens Juniors Sleeveless Glitter Diamond Bodycon Dress,TRIXXI,92.99,124.00,25,"Strap Type: AdjustableFeatures: GlitterClosure Type: ZipperNeckline: Square NeckSleeve Length: SleevelessApparel Length: 61 InchesDress Length: Long LengthFiber Content: 87% Nylon, 7% Metallic, 6% SpandexLining: LinedLining Material: PolyesterCare: Hand Wash, Dry FlatWedding Occasion: Guest of WeddingCountry of Origin: Imported RETURNS: This item must be returned in its original condition with the green return tag in place.",,,"https://jcpenney.scene7.com/is/image/JCPenney/DP1104202507040559M , https://jcpenney.scene7.com/is/image/JCPenney/DP1104202507040454M , https://jcpenney.scene7.com/is/image/JCPenney/DP1104202507040768M , https://jcpenney.scene7.com/is/image/JCPenney/DP1104202507040664M , https://jcpenney.scene7.com/is/image/JCPenney/DP1104202507040351M",,,"Large , Medium , Small , X-Large , X-Small , Xx-Large",Black Silver
ppr5008598421,https://www.jcpenney.com/p/jessica-howard-womens-floral-midi-jacket-dress/ppr5008598421?pTmplType=regular,Jessica Howard Womens Floral Midi Jacket Dress,JESSICA HOWARD,,130.00,,"Step into elegance with this jessica howard women’s dress set that includes a sleeveless midi-length dress and a matching floral open-front jacket. The dress features a round neckline, a floral detail at the waist, and a back zipper closure, while the jacket has three-quarter sleeves and a jewel neckline, and a button with hook-and-eye closure. Perfect for wedding parties and special occasions.Strap Type: Wide# Pieces In Set: 2Included: 1 Jacket(s)2nd Piece Description: Jacket2nd Piece Closure Type: Button W/Hook&eye2nd Piece Neckline: Jewel Neck2nd Piece Sleeve Style: Fitted Sleeve2nd Piece Sleeve Length: 3/4 Sleeves2nd Piece Fabric: Jersey2nd Piece Fiber Content: 95% Polyester, 5% Spandex2nd Piece Care: Dry Flat, Hand WashClosure Type: ZipperNeckline: Round NeckSleeve Length: SleevelessSleeve Style: SleevelessApparel Length: 47 Inches - Back, 18.5 InchesDress Length: Midi LengthFiber Content: 95% Polyester, 5% SpandexFabric Description: JerseyLining: Fully LinedLining Material: PolyesterCare: Dry Flat, Hand WashMaterial: JerseyWedding Occasion: Mother of the Bride, Guest of WeddingCountry of Origin: Imported RETURNS: This item must be returned in its original condition with the green return tag in place.",,,"https://jcpenney.scene7.com/is/image/JCPenney/DP0120202615032572M , https://jcpenney.scene7.com/is/image/JCPenney/DP0120202615032466M , https://jcpenney.scene7.com/is/image/JCPenney/DP0120202615032676M , https://jcpenney.scene7.com/is/image/JCPenney/DP0120202615032362M , https://jcpenney.scene7.com/is/image/JCPenney/DP0120202615032781M",,,"10 , 12 , 14 , 16 , 18 , 6 , 8",Navy Multi
ppr5008593371,https://www.jcpenney.com/p/melonie-t-womens-sleeveless-floral-evening-gown/ppr5008593371?pTmplType=regular,Melonie T Womens Sleeveless Floral Evening Gown,MELONIE T,111.99,140.00,20,"Romantic and refined, the Melonie T women’s evening gown is made from breezy chiffon fabric with a soft lining. Featuring a V-neckline with adjustable spaghetti straps, a tie-waist design, and a pleated long-length skirt, it is secured by a zipper with hook-and-eye closure at the back.Strap Type: AdjustableFeatures: Tie-Waist, Pleated, LinedClosure Type: Hook & Eye, ZipperNeckline: V NeckSleeve Length: SleevelessSleeve Style: SleevelessApparel Length: 61 Inches - FrontDress Length: Long LengthFiber Content: 100% PolyesterFabric Description: ChiffonLining: Fully LinedLining Material: PolyesterCare: Line Dry, Hand WashMaterial: ChiffonWedding Occasion: Guest of WeddingCountry of Origin: Imported RETURNS: This item must be returned in its original condition with the green return tag in place.",,,"https://jcpenney.scene7.com/is/image/JCPenney/DP1121202509094187M , https://jcpenney.scene7.com/is/image/JCPenney/DP1121202509093977M , https://jcpenney.scene7.com/is/image/JCPenney/DP1121202509094082M",4,2,"10 , 12 , 14 , 16 , 18 , 2 , 4 , 6 , 8",Pink Multi
ppr5008593368,https://www.jcpenney.com/p/dj-jaz-womens-sleeveless-evening-gown/ppr5008593368?pTmplType=regular,DJ Jaz Womens Sleeveless Evening Gown,DJ JAZ,111.99,140.00,20,"The DJ Jaz Women’s evening gown exudes a luxurious vibe with its sleek silhouette. Crafted from soft satin fabric, this dress features a halter neckline, a sleeveless design, and a concealed zip and a self-tie closure for a perfect fit. Pair it with strappy high heels and statement jewelry.Strap Type: StraplessClosure Type: Zipper, TieNeckline: Halter NeckSleeve Length: SleevelessApparel Length: 60 InchesDress Length: Long LengthFiber Content: 100% PolyesterFabric Description: SatinLining: Fully LinedLining Material: PolyesterCare: Dry Clean OnlyMaterial: SatinWedding Occasion: Guest of Wedding, BridesmaidCountry of Origin: Imported RETURNS: This item must be returned in its original condition with the green return tag in place.",,,"https://jcpenney.scene7.com/is/image/JCPenney/DP0114202607044372M , https://jcpenney.scene7.com/is/image/JCPenney/DP0114202607044165M , https://jcpenney.scene7.com/is/image/JCPenney/DP0114202607044476M , https://jcpenney.scene7.com/is/image/JCPenney/DP0114202607044683M , https://jcpenney.scene7.com/is/image/JCPenney/DP0114202607044268M",,,"10 , 12 , 14 , 16 , 18 , 2 , 4 , 6 , 8","Butter , Light Blue , Sage"
ppr5008637990,https://www.jcpenney.com/p/city-triangle-womens-juniors-ball-gown/ppr5008637990?pTmplType=regular,City Triangle Womens Juniors Ball Gown,CITY TRIANGLE,149.99,200.00,25,"Designed to make you stand out, this City Triangle juniors' ball gown makes a dramatic statement with its glittery, metallic finish. Featuring a V-neckline with adjustable spaghetti straps, it is secured by a zipper and hook-and-eye closure at the back. Perfect for prom night, evening parties, or special occasions.Strap Type: AdjustableFeatures: GlitterClosure Type: Zipper, Hook & EyeNeckline: V NeckSleeve Style: Spaghetti StrapsApparel Length: 61 InchesDress Length: Long LengthFiber Content: 60% Metallic, 40% PolyesterFabric Description: KnitLining: Fully LinedLining Material: PolyesterCare: Dry Clean OnlyMaterial: KnitCountry of Origin: Imported RETURNS: This item must be returned in its original condition with the green return tag in place.",,,"https://jcpenney.scene7.com/is/image/JCPenney/DP1218202507105768M , https://jcpenney.scene7.com/is/image/JCPenney/DP1218202507105665M , https://jcpenney.scene7.com/is/image/JCPenney/DP1218202507105872M",,,"0 , 00 , 10 , 12 , 14 , 16 , 18 , 2 , 4 , 6 , 8",Sapphire Magenta
ppr5008553043,https://www.jcpenney.com/p/js-jessica-simpson-womens-plus-sleeveless-midi-a-line-dress/ppr5008553043?pTmplType=regular,JS Jessica Simpson Womens Plus Sleeveless Midi A-Line Dress,JS JESSICA SIMPSON,,104.50,,"Features: Stretch FabricClosure Type: Button, Pullover HeadNeckline: Collar NeckPocket Types: 2 Side Slip Pocket(s), 2 Chest Button Pocket(s)Sleeve Length: SleevelessApparel Length: 47 InchesDress Length: Midi LengthFiber Content: 99% Cotton, 1% SpandexFabric Description: DenimLining: UnlinedCollar: Point CollarCare: Tumble Dry, Machine WashMaterial: DenimCountry of Origin: Imported",,,"https://jcpenney.scene7.com/is/image/JCPenney/DP0106202613061454M , https://jcpenney.scene7.com/is/image/JCPenney/DP0106202613061351M , https://jcpenney.scene7.com/is/image/JCPenney/DP1204202509125049M , https://jcpenney.scene7.com/is/image/JCPenney/DP0106202613061661M , https://jcpenney.scene7.com/is/image/JCPenney/DP1204202509125154M",,,"1X , 2X , 3X",Alderwood
ppr5008637986,https://www.jcpenney.com/p/city-triangle-womens-juniors-sequin-bodycon-dress/ppr5008637986?pTmplType=regular,City Triangle Womens Juniors Sequin Bodycon Dress,CITY TRIANGLE,114.99,154.00,25,"This City Triangle juniors' bodycon dress offers a refined look with its intricate lace detailing. Made from flowy knit fabric, it features adjustable spaghetti straps, a sweetheart neckline, and a tie with zipper closure. Embellished with a sequin design and a ruched drape at the waist, it is a beautiful choice for a cocktail party or evening event.Strap Type: AdjustableFeatures: SequinsClosure Type: Hook & Eye, Tie, ZipperNeckline: Sweetheart NeckSleeve Style: Spaghetti StrapsApparel Length: 61 InchesDress Length: Long LengthFiber Content: 90% Nylon, 10% SpandexFabric Description: Knit, LaceLining: LinedLining Material: PolyesterCare: Dry Clean OnlyMaterial: Lace, KnitCountry of Origin: Imported RETURNS: This item must be returned in its original condition with the green return tag in place.",,,"https://jcpenney.scene7.com/is/image/JCPenney/DP1007202507070423M , https://jcpenney.scene7.com/is/image/JCPenney/DP1007202507070319M , https://jcpenney.scene7.com/is/image/JCPenney/DP1007202507070527M",,,"Large , Medium , Small , X-Large , X-Small , Xx-Large",Black
ppr5008495688,https://www.jcpenney.com/p/dj-jaz-off-the-shoulder-womens-short-sleeve-evening-gown/ppr5008495688?pTmplType=regular,DJ Jaz Off The Shoulder Womens Short Sleeve Evening Gown,DJ JAZ,103.99,130.00,20,"Grab compliments at your next special event in this women's DJ Jaz off-the-shoulder evening gown accented with ruffles that bring elegance and drama. Crafted from soft-stretch scuba with a sweetheart neckline, short sleeves and a back zipper closure. Style it with heels and a clutch for a complete look.Closure Type: ZipperNeckline: Sweetheart NeckSleeve Length: Short SleeveApparel Length: 61 InchesDress Length: Long LengthFiber Content: 95% Polyester, 5% SpandexFabric Description: ScubaLining: LinedLining Material: PolyesterCare: Dry Clean OnlyMaterial: ScubaWedding Occasion: Guest of Wedding, Mother of the Bride, BridesmaidCountry of Origin: Imported RETURNS: This item must be returned in its original condition with the green return tag in place.",,,"https://jcpenney.scene7.com/is/image/JCPenney/DP0318202509075084M , https://jcpenney.scene7.com/is/image/JCPenney/DP0318202509074876M , https://jcpenney.scene7.com/is/image/JCPenney/DP0318202509075187M , https://jcpenney.scene7.com/is/image/JCPenney/DP0318202509075396M , https://jcpenney.scene7.com/is/image/JCPenney/DP0318202509074979M , https://jcpenney.scene7.com/is/image/JCPenney/DP0318202509074772M",4.5,12,"10 , 12 , 14 , 16 , 18 , 2 , 4 , 6 , 8","Midnight , Sage , Peri"
ppr5008532882,https://www.jcpenney.com/p/papell-boutique-womens-embellished-sleeveless-evening-gown/ppr5008532882?pTmplType=regular,Papell Boutique Womens Embellished Sleeveless Evening Gown,PAPELL BOUTIQUE,127.99,160.00,20,"The Papell Boutique women’s sleeveless evening gown delivers timeless glamour with shimmering details and a flattering silhouette. Made from soft stretch-crepe, it has a faux pearl and beaded embellished collar and a concealed back zip fastening for a secure it. Style it with drop earrings and stiletto sandals for a chic look.Features: EmbellishedClosure Type: ZipperNeckline: Halter NeckSleeve Length: SleevelessApparel Length: 60.5 InchesDress Length: Long LengthFiber Content: 95% Polyester, 5% ElastaneFabric Description: Knit, CrepeLining: LinedLining Material: PolyesterCare: Dry Clean OnlyMaterial: PolyesterWedding Occasion: Mother of the Bride, Bridesmaid, Guest of WeddingCountry of Origin: Imported RETURNS: This item must be returned in its original condition with the green return tag in place.",,,"https://jcpenney.scene7.com/is/image/JCPenney/DP0610202507082081M , https://jcpenney.scene7.com/is/image/JCPenney/DP0610202507082185M , https://jcpenney.scene7.com/is/image/JCPenney/DP0610202507082290M , https://jcpenney.scene7.com/is/image/JCPenney/DP0610202507082499M , https://jcpenney.scene7.com/is/image/JCPenney/DP0610202507082395M",3.6667,3,"10 , 12 , 14 , 16 , 18 , 4 , 6 , 8",Black
ppr5008532924,https://www.jcpenney.com/p/papell-boutique-womens-beaded-embellished-3-4-sleeve-evening-gown/ppr5008532924?pTmplType=regular,Papell Boutique Womens Beaded Embellished 3/4 Sleeve Evening Gown,PAPELL BOUTIQUE,127.99,160.00,20,"The Papell Boutique women’s evening gown radiates elegance with shimmering beaded details and a graceful silhouette. A refined V-neckline pairs with semi-sheer 3/4 sleeves for sophisticated coverage. The floor-length design ensures dramatic movement, while embellishments add sparkle. Perfect for formal occasions, it makes a stunning impression with timeless glamour.Features: Beaded, EmbellishedClosure Type: ZipperNeckline: V NeckSleeve Length: 3/4 SleeveSleeve Style: Fitted SleeveApparel Length: 60.5 InchesDress Length: Long LengthFiber Content: 100% PolyesterFabric Description: MeshLining: LinedLining Material: PolyesterCare: Dry Clean OnlyMaterial: PolyesterWedding Occasion: Bridesmaid, Guest of Wedding, Mother of the BrideCountry of Origin: Imported RETURNS: This item must be returned in its original condition with the green return tag in place.",,,"https://jcpenney.scene7.com/is/image/JCPenney/DP0610202507083441M , https://jcpenney.scene7.com/is/image/JCPenney/DP0610202507083546M , https://jcpenney.scene7.com/is/image/JCPenney/DP0610202507083755M , https://jcpenney.scene7.com/is/image/JCPenney/DP0610202507083651M",5,1,"10 , 12 , 14 , 16 , 18 , 4 , 6 , 8",Navy Rose Gold
ppr5008304460,https://www.jcpenney.com/p/jessica-howard-womens-jacket-dress/ppr5008304460?pTmplType=regular,Jessica Howard Womens Jacket Dress,JESSICA HOWARD,,130.00,,"Jessica Howard designed this jacket and dress set to take the stress out of finding the perfect outfit for a wedding, an anniversary, or any special occasion. It features a midi-length sleeveless dress with a crew neckline and a banded waist. And it has a three-quarter sleeve jacket to complement the look with a metallic floral brocade pattern and hook-and-eye closure. Polish off this formal style with stiletto pumps.# Pieces In Set: 22nd Piece Description: Jacket2nd Piece Sleeve Style: Fitted Sleeve2nd Piece Sleeve Length: 3/4 Sleeves2nd Piece Fabric: Lace2nd Piece Fiber Content: 70% Polyester, 30% Nylon2nd Piece Care: Hand WashClosure Type: ZipperNeckline: Boat NeckSleeve Length: SleevelessApparel Length: 45.25 Inches - BackDress Length: Knee LengthFiber Content: 95% Polyester, 5% SpandexFabric Description: ItyLining Material: PolyesterCare: Line Dry, Hand WashWedding Occasion: Mother of the Bride, Guest of WeddingCountry of Origin: Imported RETURNS: This item must be returned in its original condition with the green return tag in place.",,,"https://jcpenney.scene7.com/is/image/JCPenney/DP0308202311003859M , https://jcpenney.scene7.com/is/image/JCPenney/DP0308202311003653M , https://jcpenney.scene7.com/is/image/JCPenney/DP0308202311003756M , https://jcpenney.scene7.com/is/image/JCPenney/DP0308202311003549M , https://jcpenney.scene7.com/is/image/JCPenney/DP0308202311003962M",4.3256,43,"10 , 12 , 14 , 16 , 18 , 6 , 8",Navy Blush
ppr5008029817,https://www.jcpenney.com/p/j-taylor-short-sleeve-fit-flare-dress/ppr5008029817?pTmplType=regular,J Taylor Short Sleeve Fit + Flare Dress,J TAYLOR,,100.00,,"This dress by J Taylor is perfect for any formal occasion- from a wedding, graduation, or another fancy event. This knee-length style is made from airy chiffon with a flowy short-sleeve cape overlay, a crew neckline, and concealed back zip closure. Wear with stiletto sandals to raise your style higher.Included: 1 Cape(s)Features: GlitterClosure Type: ZipperNeckline: Crew NeckSleeve Length: Short SleeveSleeve Style: Cape SleeveApparel Length: 39.5 InchesDress Length: Knee LengthFiber Content: 100% PolyesterFabric Description: ChiffonLining Material: PolyesterCare: Line Dry, Hand WashMaterial: ChiffonWedding Occasion: Guest of WeddingCountry of Origin: Imported RETURNS: This item must be returned in its original condition with the green return tag in place.",,,"https://jcpenney.scene7.com/is/image/JCPenney/DP1218201809004618M , https://jcpenney.scene7.com/is/image/JCPenney/DP1218201807020239M , https://jcpenney.scene7.com/is/image/JCPenney/DP0329201909004752M , https://jcpenney.scene7.com/is/image/JCPenney/DP0329201909004747M",4.3605,86,"10 , 12 , 14 , 16 , 18 , 4 , 6 , 8",Navy
ppr5008164472,https://www.jcpenney.com/p/dj-jaz-sleeveless-embellished-sheath-dress/ppr5008164472?pTmplType=regular,DJ Jaz Sleeveless Embellished Sheath Dress,DJ JAZ,,100.00,,"This DJ Jaz sleeveless sheath dress will help you be on your best style form for cocktail parties and more dressy occasions. Made from soft jersey, this flattering knee-length dress has spaghetti straps, a sheer embellished panel across the straight neckline, and a zip closure. Style it with a pair of heeled pumps or sandals. Features: EmbellishedClosure Type: ZipperNeckline: Straight NeckSleeve Length: Short SleeveSleeve Style: Cold Shoulder SleeveApparel Length: 39 InchesDress Length: Knee LengthFiber Content: 100% PolyesterFabric Description: JerseyLining: LinedLining Material: PolyesterCare: Spot CleanMaterial: JerseyWedding Occasion: Guest of WeddingCountry of Origin: Imported RETURNS: This item must be returned in its original condition with the green return tag in place.",,,"https://jcpenney.scene7.com/is/image/JCPenney/DP0417202313014693M , https://jcpenney.scene7.com/is/image/JCPenney/DP0417202313014589M , https://jcpenney.scene7.com/is/image/JCPenney/DP0113202213002924M , https://jcpenney.scene7.com/is/image/JCPenney/DP0417202313014797M",4.6596,47,"10 , 12 , 14 , 16 , 18 , 4 , 6 , 8",Black
ppr5007953451,https://www.jcpenney.com/p/r-m-richards-womens-sleeveless-fit-flare-dress/ppr5007953451?pTmplType=regular,R & M Richards Womens Sleeveless Fit + Flare Dress,R & M RICHARDS,,100.00,,"Decorated with glittery embroidered lace, this sleeveless halter dress from R&M Richards is perfect for a wedding or special occasion. It has a sweet cutout front, a built-in bra, and it's cut in a knee-length. Pair with sleek-heeled sandals.Features: Built In Bra, Lace Trim, GlitterClosure Type: ZipperNeckline: Halter NeckSleeve Length: SleevelessApparel Length: 38.5 InchesDress Length: Knee LengthFiber Content: 77% Polyester, 21% Nylon, 2% SpandexFabric Description: LaceLining Material: PolyesterCare: Hand Wash, Line DryWedding Occasion: Guest of WeddingCountry of Origin: Imported RETURNS: This item must be returned in its original condition with the green return tag in place.",,,"https://jcpenney.scene7.com/is/image/JCPenney/DP0522202509021288M , https://jcpenney.scene7.com/is/image/JCPenney/DP0522202509021184M , https://jcpenney.scene7.com/is/image/JCPenney/DP0614202309031881M",4.6939,49,"10 , 12 , 14 , 16 , 18 , 4 , 6 , 8",Black Taupe
ppr5008250692,https://www.jcpenney.com/p/danny-nicole-womens-short-sleeve-cape-fit-flare-dress/ppr5008250692?pTmplType=regular,Danny & Nicole Womens Short Sleeve Cape Fit + Flare Dress,DANNY & NICOLE,,100.00,,"Make a statement with the Danny & Nicole women's fit-and-flare dress, featuring a flattering knee-length silhouette. Crafted from sparkly mesh fabric, it features a round neckline and short cape sleeves, enhanced by glitter embellishments. It comes with a hidden zipper to keep everything looking neat and polished, perfect for standing out and looking absolutely amazing.Included: 1 Cape(s)Features: Hidden Closure, GlitterClosure Type: ZipperNeckline: Round NeckSleeve Length: Short SleeveSleeve Style: Cape SleeveApparel Length: 40.5 InchesDress Length: Knee LengthFiber Content: 60% Metallic, 40% PolyesterFabric Description: MeshLining Material: PolyesterCare: Line Dry, Hand WashWedding Occasion: Guest of WeddingCountry of Origin: Imported RETURNS: This item must be returned in its original condition with the green return tag in place.",,,"https://jcpenney.scene7.com/is/image/JCPenney/DP0825202211022561M , https://jcpenney.scene7.com/is/image/JCPenney/DP0825202211022458M , https://jcpenney.scene7.com/is/image/JCPenney/DP1030202515175681M",4.3103,29,"10 , 12 , 14 , 16 , 18 , 4 , 6 , 8",Blush Gold
ppr5008251215,https://www.jcpenney.com/p/dj-jaz-womens-sleeveless-high-low-evening-gown/ppr5008251215?pTmplType=regular,DJ Jaz Womens Sleeveless High-Low Evening Gown,DJ JAZ,,110.00,,"Turn heads at your next special event in this DJ Jaz sleeveless midi evening gown accented with ruffles that bring elegance and drama. It's made from scuba with a V-neckline and a back zipper closure. Complete the look with strappy heels.Closure Type: ZipperNeckline: V NeckSleeve Length: SleevelessApparel Length: 43 InchesDress Length: High Low LengthFiber Content: 96% Polyester, 4% SpandexFabric Description: ScubaLining Material: PolyesterCare: Spot CleanMaterial: ScubaWedding Occasion: Guest of Wedding, BridesmaidCountry of Origin: Imported RETURNS: This item must be returned in its original condition with the green return tag in place.",,,"https://jcpenney.scene7.com/is/image/JCPenney/DP0306202307071604M , https://jcpenney.scene7.com/is/image/JCPenney/DP0306202307071396M , https://jcpenney.scene7.com/is/image/JCPenney/DP0306202307071499M",4.875,40,"10 , 12 , 14 , 16 , 18 , 4 , 6 , 8",Navy
ppr5007779596,https://www.jcpenney.com/p/msk-womens-straight-neck-short-sleeve-jumpsuit/ppr5007779596?pTmplType=regular,MSK Womens Straight Neck Short Sleeve Jumpsuit,MSK,,100.00,,"Express your inner fashionista with the MSK women’s jumpsuit. Crafted from soft knit fabric, it features a straight neckline, cape sleeves with cutouts, and an embellished design that adds flair. Secured with a zipper closure, it is perfect for fun evenings with your girlfriends.Features: EmbellishedClosure Type: ZipperNeckline: Straight NeckSleeve Length: Short SleeveSleeve Style: Cape SleeveFiber Content: 95% Polyester, 5% SpandexFabric Description: KnitInseam: 32 InCare: Line Dry, Hand WashWedding Occasion: Guest of WeddingCountry of Origin: Imported",,,"https://jcpenney.scene7.com/is/image/JCPenney/DP0210202311030980M , https://jcpenney.scene7.com/is/image/JCPenney/DP0210202311030877M , https://jcpenney.scene7.com/is/image/JCPenney/DP0210202311031083M , https://jcpenney.scene7.com/is/image/JCPenney/DP0924201811010721M",4.6486,74,"Large , Medium , Small , X-Large",Black Gunmetal
ppr5008532887,https://www.jcpenney.com/p/papell-boutique-womens-beaded-embellished-sleeveless-evening-gown/ppr5008532887?pTmplType=regular,Papell Boutique Womens Beaded Embellished Sleeveless Evening Gown,PAPELL BOUTIQUE,119.99,150.00,20,"This Papell Boutique women's beaded gown is an exquisite number that will turn heads at any special occasion, be it a wedding, a ball or a cocktail party. This long sleeveless dress is made from mesh with an intricate gold beaded design. Wear it with heels and a clutch.Features: Beaded, EmbellishedClosure Type: Side ZipperNeckline: Round NeckSleeve Length: SleevelessApparel Length: 60.5 InchesDress Length: Long LengthFiber Content: 100% PolyesterFabric Description: MeshLining: LinedLining Material: PolyesterCare: Dry Clean OnlyMaterial: PolyesterWedding Occasion: Guest of Wedding, Bridesmaid, Mother of the BrideCountry of Origin: Imported RETURNS: This item must be returned in its original condition with the green return tag in place.",,,"https://jcpenney.scene7.com/is/image/JCPenney/DP0524202507013476M , https://jcpenney.scene7.com/is/image/JCPenney/DP0524202507013685M , https://jcpenney.scene7.com/is/image/JCPenney/DP0524202507013789M , https://jcpenney.scene7.com/is/image/JCPenney/DP0524202507013894M",,,"10 , 12 , 14 , 16 , 18 , 4 , 6 , 8",Midnight Rose Gold
ppr5008539667,https://www.jcpenney.com/p/melonie-t-womens-sleeveless-evening-gown/ppr5008539667?pTmplType=regular,Melonie T Womens Sleeveless Evening Gown,MELONIE T,111.99,140.00,20,"This Melonie T women's evening gown is a gorgeous goddess inspired number that is perfect for a special occasion. Made from soft chiffon, this long sleeveless dress has a twisted v-neckline and a full pleated skirt for a glam effect. Wear it with stilettos and a clutch.Features: PleatedClosure Type: ZipperNeckline: V NeckSleeve Length: SleevelessSleeve Style: SleevelessApparel Length: 61.25 Inches - Back, 62.5 Inches - FrontDress Length: Long LengthFiber Content: 100% PolyesterFabric Description: ChiffonLining: Fully LinedLining Material: PolyesterCare: Line Dry, Hand WashMaterial: ChiffonWedding Occasion: Guest of Wedding, BridesmaidCountry of Origin: Imported RETURNS: This item must be returned in its original condition with the green return tag in place.",,,"https://jcpenney.scene7.com/is/image/JCPenney/DP0918202511011843M , https://jcpenney.scene7.com/is/image/JCPenney/DP0918202511011738M , https://jcpenney.scene7.com/is/image/JCPenney/DP0918202511011634M",,,"10 , 12 , 14 , 16 , 18 , 2 , 4 , 6 , 8",Black
ppr5008553196,https://www.jcpenney.com/p/r-m-richards-womens-jacket-dress-with-removable-necklace/ppr5008553196?pTmplType=regular,R & M Richards Womens Jacket Dress With Removable Necklace,R & M RICHARDS,103.99,130.00,20,"This R & M Richards women's jacket dress offers a chic tailored look for a cocktail party. Made from stretch-jersey in navy, it includes a knee-length sleeveless swing dress with a beaded round neckline, plus an open front jacket with semi-sheer 3/4 sleeves. It comes complete with a removable necklace - wear it with heels. # Pieces In Set: 2Included: 1 Jacket(s)2nd Piece Description: Jacket2nd Piece Sleeve Style: Fitted Sleeve2nd Piece Sleeve Length: 3/4 Sleeves2nd Piece Fabric: Ity2nd Piece Fiber Content: 95% Polyester, 5% Spandex2nd Piece Care: Line Dry, Hand WashFeatures: Removable NecklaceClosure Type: Pullover HeadNeckline: Round NeckSleeve Length: SleevelessSleeve Style: SleevelessApparel Length: 39 InchesDress Length: Knee LengthFiber Content: 95% Polyester, 5% SpandexFabric Description: ItyLining: UnlinedCare: Hand Wash, Line DryMaterial: JerseyWedding Occasion: Guest of WeddingCountry of Origin: Imported",,,"https://jcpenney.scene7.com/is/image/JCPenney/DP0702202507022089M , https://jcpenney.scene7.com/is/image/JCPenney/DP0702202507022296M , https://jcpenney.scene7.com/is/image/JCPenney/DP0702202507021881M , https://jcpenney.scene7.com/is/image/JCPenney/DP0702202507021986M , https://jcpenney.scene7.com/is/image/JCPenney/DP0702202507021778M",,,"10 , 12 , 14 , 16 , 18 , 6 , 8",Navy
ppr5008551816,https://www.jcpenney.com/p/maya-brooke-womens-applique-jacket-dress/ppr5008551816?pTmplType=regular,Maya Brooke Womens Applique Jacket Dress,MAYA BROOKE,103.99,130.00,20,"This Maya Brooke women's jacket dress offers a coordinated, polished look with minimal effort. The sleeveless ITY dress features a zipper closure, delicate appliques at the top, and a back slit for ease of movement. Paired with a matching open-front jacket with 3/4 fitted sleeves, this set works well for formal occasions or dressy events.# Pieces In Set: 2Included: 1 Jacket(s)2nd Piece Closure Type: Zipper2nd Piece Sleeve Style: Fitted Sleeve2nd Piece Sleeve Length: 3/4 Sleeves2nd Piece Fabric: Ity2nd Piece Fiber Content: 95% Polyester, 5% Spandex2nd Piece Care: Hand Wash, Line DryFeatures: AppliqueClosure Type: ZipperSleeve Length: 3/4 SleeveSleeve Style: Fitted SleeveApparel Length: 40.5 Inches - BackDress Length: Knee LengthFiber Content: 95% Polyester, 5% SpandexFabric Description: ItyLining: UnlinedCare: Hand Wash, Line DryMaterial: PolyesterWedding Occasion: Guest of Wedding, Mother of the BrideCountry of Origin: Imported RETURNS: This item must be returned in its original condition with the green return tag in place.",,,"https://jcpenney.scene7.com/is/image/JCPenney/DP1107202509013394M , https://jcpenney.scene7.com/is/image/JCPenney/DP1107202509013186M , https://jcpenney.scene7.com/is/image/JCPenney/DP1107202509013290M , https://jcpenney.scene7.com/is/image/JCPenney/DP1107202509013081M , https://jcpenney.scene7.com/is/image/JCPenney/DP1107202509013499M",,,"10 , 12 , 14 , 16 , 18 , 8",Eggplant
ppr5008552137,https://www.jcpenney.com/p/maya-brooke-womens-applique-jacket-dress/ppr5008552137?pTmplType=regular,Maya Brooke Womens Applique Jacket Dress,MAYA BROOKE,103.99,130.00,20,"The Maya Brooke women's jacket dress offers elegant layering with intricate detailing. The sleeveless knee-length dress features a round neckline and back zipper closure, sparkling with decorative applique accents, while the coordinated open-front jacket features 3/4 fitted sleeves. Made from soft stretch fabric, this set is comfortable and versatile, and perfect for formal and special occasions.# Pieces In Set: 2Included: 1 Jacket(s)2nd Piece Closure Type: Zipper2nd Piece Sleeve Style: Fitted Sleeve2nd Piece Sleeve Length: 3/4 Sleeves2nd Piece Fabric: Ity2nd Piece Fiber Content: 95% Polyester, 5% Spandex2nd Piece Care: Hand Wash, Line DryFeatures: AppliqueClosure Type: ZipperSleeve Length: 3/4 SleeveSleeve Style: Fitted SleeveApparel Length: 40.5 Inches - BackDress Length: Knee LengthFiber Content: 95% Polyester, 5% SpandexFabric Description: ItyLining: UnlinedCare: Line Dry, Hand WashMaterial: PolyesterWedding Occasion: Mother of the Bride, Guest of WeddingCountry of Origin: Imported RETURNS: This item must be returned in its original condition with the green return tag in place.",,,"https://jcpenney.scene7.com/is/image/JCPenney/DP1107202509014022M , https://jcpenney.scene7.com/is/image/JCPenney/DP1107202509013813M , https://jcpenney.scene7.com/is/image/JCPenney/DP1107202509013917M , https://jcpenney.scene7.com/is/image/JCPenney/DP1107202509013708M , https://jcpenney.scene7.com/is/image/JCPenney/DP1107202509014127M",,,"10 , 12 , 14 , 16 , 18 , 8",Cobalt
ppr5008506141,https://www.jcpenney.com/p/dj-jaz-one-shoulder-womens-sleeveless-evening-gown/ppr5008506141?pTmplType=regular,DJ Jaz One Shoulder Womens Sleeveless Evening Gown,DJ JAZ,103.99,130.00,20,"This DJ Jaz women's one shoulder sleeveless evening gown will make you feel like a queen at your next special event. Crafted from stretch-scuba, this full-length dress has an asymmetrical neckline, a gathered side waist and a dramatic ruffled panel for the ultimate glam finish. Wear it with stilettos and statement jewelry.Closure Type: ZipperNeckline: Asymmetrical NeckSleeve Length: SleevelessApparel Length: 60.5 InchesDress Length: Long LengthFiber Content: 95% Polyester, 5% SpandexFabric Description: ScubaLining: LinedLining Material: PolyesterCare: Dry Clean OnlyMaterial: ScubaWedding Occasion: Mother of the Bride, Bridesmaid, Guest of WeddingCountry of Origin: Imported RETURNS: This item must be returned in its original condition with the green return tag in place.",,,"https://jcpenney.scene7.com/is/image/JCPenney/DP0502202511011956M , https://jcpenney.scene7.com/is/image/JCPenney/DP0502202511011436M , https://jcpenney.scene7.com/is/image/JCPenney/DP0502202511011748M , https://jcpenney.scene7.com/is/image/JCPenney/DP0502202511011851M , https://jcpenney.scene7.com/is/image/JCPenney/DP0502202511011540M",4.8,5,"10 , 12 , 14 , 16 , 18 , 2 , 4 , 6 , 8",Black
ppr5008321549,https://www.jcpenney.com/p/poetic-justice-plus-long-sleeve-sheath-dress/ppr5008321549?pTmplType=regular,Poetic Justice Plus Long Sleeve Sheath Dress,POETIC JUSTICE,,129.99,,"A style statement in itself this plus size surplice maxi dress features a v-neck, fabric buckle belt for that extra fit, long blouson sleeves elastic cuffed at the wrist, and front slit that makes it glamorous. Paired with your favorite heels, you're dinner party ready!Features: BeltedClosure Type: Hook & Loop Tape, Pullover HeadNeckline: V NeckSleeve Length: Long SleeveApparel Length: 56 InchesDress Length: Long LengthFiber Content: 100% PolyesterFabric Description: WovenCare: Machine WashCountry of Origin: Imported",,,"https://jcpenney.scene7.com/is/image/JCPenney/DP0125202313012184M , https://jcpenney.scene7.com/is/image/JCPenney/DP1230202207124341M",2,1,"1X , 2X , 3X","Sunset , Artic Blue"
ppr5008535199,https://www.jcpenney.com/p/rene-by-rene-ruiz-collection-womens-sleeveless-evening-gown/ppr5008535199?pTmplType=regular,Rene by Rene Ruiz Collection Womens Sleeveless Evening Gown,RENE BY RENE RUIZ COLLECTION,,179.00,,"This striking metallic gown showcases a figure-hugging silhouette that flares elegantly to the hem. The strapless bodice features asymetric paneling, which hugs to the waist. Constructed of a stretch fabric, this gown is your go to for glamour and comfort.Closure Type: Button W/Hook&eyeNeckline: Straight NeckSleeve Length: SleevelessApparel Length: 62 Inches - FrontDress Length: Long LengthFiber Content: 100% PolyesterFabric Description: KnitLining: LinedLining Material: PolyesterCare: Dry Clean OnlyWedding Occasion: Bridesmaid, Guest of Wedding, Mother of the BrideCountry of Origin: Imported RETURNS: This item must be returned in its original condition with the green return tag in place.Recommend Dry Clean",,,"https://jcpenney.scene7.com/is/image/JCPenney/DP0410202513013411M , https://jcpenney.scene7.com/is/image/JCPenney/DP0410202513013306M , https://jcpenney.scene7.com/is/image/JCPenney/DP0410202513013514M",,,"10 , 12 , 14 , 16 , 18 , 2 , 20 , 22 , 4 , 6 , 8",Blue
ppr5008535206,https://www.jcpenney.com/p/rene-by-rene-ruiz-collection-womens-sleeveless-evening-gown/ppr5008535206?pTmplType=regular,Rene by Rene Ruiz Collection Womens Sleeveless Evening Gown,RENE BY RENE RUIZ COLLECTION,,149.00,,"This elegant off-the-shoulder cocktail dress features a figure-hugging mermaid silhouette that accentuates the curves. The ruffled neckline adds a romantic touch, while the flounced hemline creates a playful yet sophisticated finish. Crafted from a shimmering fabric, this dress is a statement piece for any chic occasion.Closure Type: Button W/Hook&eyeNeckline: Straight NeckSleeve Length: SleevelessApparel Length: 62 Inches - FrontDress Length: Long LengthFiber Content: 100% PolyesterFabric Description: KnitLining: LinedLining Material: PolyesterCare: Dry Clean OnlyWedding Occasion: Guest of Wedding, Bridesmaid, Mother of the BrideCountry of Origin: Imported RETURNS: This item must be returned in its original condition with the green return tag in place.Recommend Dry Clean",,,"https://jcpenney.scene7.com/is/image/JCPenney/DP0410202513014347M , https://jcpenney.scene7.com/is/image/JCPenney/DP0410202513014244M , https://jcpenney.scene7.com/is/image/JCPenney/DP0410202513014451M",,,"10 , 12 , 14 , 16 , 18 , 2 , 20 , 22 , 4 , 6 , 8","Blue , Gold"
ppr5008320742,https://www.jcpenney.com/p/poetic-justice-womens-plus-sleeveless-a-line-dress/ppr5008320742?pTmplType=regular,Poetic Justice Womens Plus Sleeveless A-Line Dress,POETIC JUSTICE,,104.99,,"Poetic Justice women's plus size peach midi dress is flouncy and flamboyant in style. Featuring an adjustable thin strap, front v keyhole, fitted waist with an attached drape belt, elastic in the case back waistband for a defined fit, and soft double georgette material. Strap Type: SpaghettiClosure Type: Pullover HeadNeckline: V NeckSleeve Length: SleevelessApparel Length: 38 InchesDress Length: Knee LengthFiber Content: 100% PolyesterFabric Description: CrepeCare: Machine WashCountry of Origin: Imported",,,"https://jcpenney.scene7.com/is/image/JCPenney/DP0125202313011874M , https://jcpenney.scene7.com/is/image/JCPenney/DP1230202207122565M , https://jcpenney.scene7.com/is/image/JCPenney/DP1230202207122669M",,,"1X , 2X , 3X",Peach
ppr5008302733,https://www.jcpenney.com/p/papell-boutique-womens-beaded-embellished-sleeveless-evening-gown/ppr5008302733?pTmplType=regular,Papell Boutique Womens Beaded Embellished Sleeveless Evening Gown,PAPELL BOUTIQUE,127.99,160.00,20,"Sparkle on special occasions with this Papell Boutique women’s sleeveless evening gown. Intricate beadwork and a sleek silhouette deliver glamorous sophistication. It comes complete with a round neck and a zipper closure. Accessorize with metallic heels and a clutch to complete the red-carpet look.Features: Beaded, EmbellishedClosure Type: ZipperNeckline: Round NeckSleeve Length: SleevelessApparel Length: 62 InchesDress Length: Long LengthFiber Content: 100% PolyesterFabric Description: MeshLining Material: PolyesterCare: Spot CleanWedding Occasion: Guest of Wedding, Mother of the Bride, BridesmaidCountry of Origin: Imported RETURNS: This item must be returned in its original condition with the green return tag in place.",,,"https://jcpenney.scene7.com/is/image/JCPenney/DP0610202507081247M , https://jcpenney.scene7.com/is/image/JCPenney/DP0610202507081350M , https://jcpenney.scene7.com/is/image/JCPenney/DP0610202507081560M , https://jcpenney.scene7.com/is/image/JCPenney/DP0610202507081455M",5,4,"10 , 12 , 18 , 8",Light Navy
ppr5008542740,https://www.jcpenney.com/p/city-triangle-womens-juniors-sequin-bodycon-dress/ppr5008542740?pTmplType=regular,City Triangle Womens Juniors Sequin Bodycon Dress,CITY TRIANGLE,102.49,205.00,50,"Strap Type: AdjustableFeatures: Lace Up, Built In Bra, SequinsClosure Type: Zipper, Hook & Eye, TieNeckline: Sweetheart NeckApparel Length: 61 InchesDress Length: Long LengthFiber Content: 100% PolyesterFabric Description: TulleLining: Fully LinedLining Material: PolyesterCare: Dry Clean OnlyWedding Occasion: Guest of WeddingCountry of Origin: Imported RETURNS: This item must be returned in its original condition with the green return tag in place.",,,"https://jcpenney.scene7.com/is/image/JCPenney/DP0612202513001915M , https://jcpenney.scene7.com/is/image/JCPenney/DP0612202513001812M , https://jcpenney.scene7.com/is/image/JCPenney/DP0612202513002019M",,,"0 , 00 , 8",Wine
ppr5008236177,https://www.jcpenney.com/p/giovanna-signature-womens-short-sleeve-midi-fit-flare-dress/ppr5008236177?pTmplType=regular,Giovanna Signature Womens Short Sleeve Midi Fit + Flare Dress,GIOVANNA SIGNATURE,,124.99,,"Celebrate your style with this Giovanna Signature Embroidery Lux Lace Pleated Flare Dress, a delicate blend of artistry and elegance. The intricate embroidery lace design and pleated flare silhouette create a captivating look that's both timeless and modern. Perfect for weddings, brunches, or any occasion where you want to feel radiant, this dress offers effortless charm and comfort. The soft, feminine hue adds a touch of romance, making you stand out with subtle sophistication. Pair it with nude heels and minimal jewelry to let the dress speak for itself.Features: PleatedClosure Type: ZipperNeckline: Round NeckSleeve Length: Short SleeveSleeve Style: Lace SleeveApparel Length: 45 InchesDress Length: Midi LengthFiber Content: 100% PolyesterFabric Description: LaceLining Material: PolyesterCare: Dry Clean OnlyMaterial: LaceWedding Occasion: Mother of the Bride, Guest of WeddingCountry of Origin: Imported",,,"https://jcpenney.scene7.com/is/image/JCPenney/DP0412202209013768M , https://jcpenney.scene7.com/is/image/JCPenney/DP0705202307033284M",4,2,"10 , 12 , 14 , 16 , 18 , 8","White , Pink , Black , Royal"
ppr5008236178,https://www.jcpenney.com/p/giovanna-signature-womens-plus-short-sleeve-midi-fit-flare-dress/ppr5008236178?pTmplType=regular,Giovanna Signature Womens Plus Short Sleeve Midi Fit + Flare Dress,GIOVANNA SIGNATURE,,124.99,,"Celebrate your style with this Giovanna Signature Embroidery Lux Lace Pleated Flare Dress, a delicate blend of artistry and elegance. The intricate embroidery lace design and pleated flare silhouette create a captivating look that's both timeless and modern. Perfect for weddings, brunches, or any occasion where you want to feel radiant, this dress offers effortless charm and comfort. The soft, feminine hue adds a touch of romance, making you stand out with subtle sophistication. Pair it with nude heels and minimal jewelry to let the dress speak for itself.Features: PleatedClosure Type: ZipperNeckline: Round NeckSleeve Length: Short SleeveSleeve Style: Lace SleeveApparel Length: 45 InchesDress Length: Midi LengthFiber Content: 100% PolyesterFabric Description: LaceLining Material: PolyesterCare: Dry Clean OnlyMaterial: LaceWedding Occasion: Guest of Wedding, Mother of the BrideCountry of Origin: Imported",,,"https://jcpenney.scene7.com/is/image/JCPenney/DP0412202209013776M , https://jcpenney.scene7.com/is/image/JCPenney/DP0412202209013774M",4,5,"14W , 16W , 18W , 20W , 22W , 24W , 26W","Pink , White , Black , Ryl"
ppr5008303702,https://www.jcpenney.com/p/giovanna-signature-womens-embellished-sequin-3-4-sleeve-evening-gown/ppr5008303702?pTmplType=regular,Giovanna Signature Womens Embellished Sequin 3/4 Sleeve Evening Gown,GIOVANNA SIGNATURE,,150.00,,"You'll be ready for your next RSVP with this Giovanna Signature women's evening gown. Made from lace adorned with a purple floral design and sequins, it features a crew neckline, three-quarter sleeves, and a long length. Features: Sequins, EmbellishedClosure Type: ZipperNeckline: Crew NeckSleeve Length: 3/4 SleeveSleeve Style: Lace SleeveApparel Length: 59 InchesDress Length: Long LengthFiber Content: 100% PolyesterFabric Description: LaceLining Material: PolyesterCare: Dry Clean OnlyMaterial: LaceWedding Occasion: Guest of Wedding, Mother of the BrideCountry of Origin: Imported",,,"https://jcpenney.scene7.com/is/image/JCPenney/DP1021202411054191M , https://jcpenney.scene7.com/is/image/JCPenney/DP1021202411054090M , https://jcpenney.scene7.com/is/image/JCPenney/DP1021202411053988M",3.5,2,"10 , 12 , 14 , 16 , 18 , 20 , 22 , 8","Purple , Navy"
ppr5008477394,https://www.jcpenney.com/p/giovanna-signature-womens-3-4-sleeve-midi-a-line-dress/ppr5008477394?pTmplType=regular,Giovanna Signature Womens 3/4 Sleeve Midi A-Line Dress,GIOVANNA SIGNATURE,,169.99,,"The Giovanna Signature dress is a timeless piece that combines classic elegance with modern simplicity, making it perfect for a variety of occasions. Made with mesh and organza circular petals, the fabric is lightweight and breathable, offering a comfortable fit ideal for warmer weather, fit-and-flare shape, accentuating the waist and allowing for graceful movement. Pair this versatile dress with strappy sandals and a sunhat for a chic daytime look. For evening events, dress it up with heels and statement jewelry. Its clean lines and airy design make it an excellent choice for garden parties, brunches, or summer outings.Features: Semi-SheerClosure Type: ZipperNeckline: Boat NeckSleeve Length: 3/4 SleeveSleeve Style: Bell SleeveApparel Length: 49 InchesDress Length: Midi LengthFiber Content: 100% PolyesterFabric Description: MeshLining: Fully LinedLining Material: PolyesterCare: Dry Clean Only, Line DryOwned & Founded: Asian Owned/Founded, Women Owned/FoundedWedding Occasion: Mother of the Bride, Guest of WeddingCountry of Origin: Imported",,,"https://jcpenney.scene7.com/is/image/JCPenney/DP0826202409064393M , https://jcpenney.scene7.com/is/image/JCPenney/DP0826202409064698M , https://jcpenney.scene7.com/is/image/JCPenney/DP0826202409063984M",,,"10 , 12 , 14 , 16 , 18 , 8","Red , Black , Violet , White , Chocolate"
ppr5008538456,https://www.jcpenney.com/p/giovanna-collection-womens-long-sleeve-floral-a-line-dress/ppr5008538456?pTmplType=regular,Giovanna Collection Womens Long Sleeve Floral A-Line Dress,GIOVANNA COLLECTION,,144.99,,"Turn every moment into a showstopper with our scuba dress featuring a scallop neckline, bell sleeves, and a mermaid sweep. Designed to make you feel unstoppable, this dress combines soft, structured scuba fabric with glamorous details like delicate cutouts and sparkling stones that catch the light beautifully.Features: Lace TrimClosure Type: ZipperNeckline: Crew NeckSleeve Length: Long SleeveSleeve Style: Fitted SleeveApparel Length: 45.5 InchesDress Length: Knee LengthFiber Content: 97% Polyester, 3% SpandexFabric Description: ScubaLining: Fully LinedLining Material: PolyesterCare: Line Dry, Hand WashMaterial: ScubaOwned & Founded: Asian Owned/FoundedWedding Occasion: Mother of the Bride, Guest of WeddingCountry of Origin: Imported",,,"https://jcpenney.scene7.com/is/image/JCPenney/DP0424202507131442M , https://jcpenney.scene7.com/is/image/JCPenney/DP0424202507131337M",5,1,"10 , 12 , 14 , 16 , 18 , 20 , 22 , 24 , 8",Perri
ppr5008558649,https://www.jcpenney.com/p/giovanna-collection-womens-embellished-embroidered-midi-leaf-shift-dress/ppr5008558649?pTmplType=regular,Giovanna Collection Womens Embellished Embroidered Midi Leaf Shift Dress,GIOVANNA COLLECTION,,169.99,,"Features: Embroidered, EmbellishedClosure Type: ZipperNeckline: Boat NeckSleeve Style: Cape SleeveApparel Length: 49 InchesDress Length: Midi LengthFiber Content: 100% PolyesterFabric Description: LaceLining: LinedLining Material: PolyesterCare: Dry Clean OnlyMaterial: LaceOwned & Founded: Asian Owned/FoundedWedding Occasion: Mother of the Bride, Guest of WeddingCountry of Origin: Imported",,,"https://jcpenney.scene7.com/is/image/JCPenney/DP0712202507005631M , https://jcpenney.scene7.com/is/image/JCPenney/DP0712202507005107M",,,"10 , 12 , 14 , 16 , 18 , 20 , 22 , 24 , 8","Ivory , Black"
ppr5008479858,https://www.jcpenney.com/p/giovanna-signature-womens-plus-3-4-sleeve-midi-a-line-dress/ppr5008479858?pTmplType=regular,Giovanna Signature Womens Plus 3/4 Sleeve Midi A-Line Dress,GIOVANNA SIGNATURE,,169.99,,"The Giovanna Signature dress is a timeless piece that combines classic elegance with modern simplicity, making it perfect for a variety of occasions. Made with mesh and organza circular petals, the fabric is lightweight and breathable, offering a comfortable fit ideal for warmer weather, fit-and-flare shape, accentuating the waist and allowing for graceful movement. Pair this versatile dress with strappy sandals and a sunhat for a chic daytime look. For evening events, dress it up with heels and statement jewelry. Its clean lines and airy design make it an excellent choice for garden parties, brunches, or summer outings.Features: Semi-SheerClosure Type: ZipperNeckline: Crew NeckSleeve Length: 3/4 SleeveSleeve Style: Bell SleeveApparel Length: 50 InchesDress Length: Midi LengthFiber Content: 100% PolyesterFabric Description: MeshLining: Fully LinedLining Material: PolyesterCare: Dry Clean OnlyOwned & Founded: Asian Owned/Founded, Women Owned/FoundedWedding Occasion: Guest of Wedding, Mother of the BrideCountry of Origin: Imported",,,"https://jcpenney.scene7.com/is/image/JCPenney/DP0902202415014488M , https://jcpenney.scene7.com/is/image/JCPenney/DP0902202415015303M , https://jcpenney.scene7.com/is/image/JCPenney/DP0902202415014181M",5,1,"14W , 16W , 18W , 20W , 22W , 24W , 26W , 28W","Red , Black , Violet , White"
ppr5008353079,https://www.jcpenney.com/p/giovanna-signature-womens-plus-short-sleeve-midi-shift-dress/ppr5008353079?pTmplType=regular,Giovanna Signature Womens Plus Short Sleeve Midi Shift Dress,GIOVANNA SIGNATURE,,104.99,,"Celebrate your style with our 1pc Elbow Length Sleeve Lux Lace Shift Dress from Giovanna Apparel. A true embodiment of elegance and versatility. Crafted from exquisite lace, this dress features a delicate overlay that enhances its feminine appeal. The flattering shift silhouette ensures comfort and grace, while elbow-length sleeves provide just the right amount of coverage. Perfect for weddings or special gatherings, pair it with elegant pumps and a sparkling clutch for a refined look, or accessorize with a bold belt and ankle boots for a modern twist that radiates confidence.Closure Type: ZipperNeckline: Boat NeckSleeve Length: Short SleeveSleeve Style: Lace SleeveApparel Length: 42 InchesDress Length: Midi LengthFiber Content: 100% PolyesterFabric Description: LaceLining Material: PolyesterCare: Dry Clean OnlyMaterial: LaceCountry of Origin: Imported",,,"https://jcpenney.scene7.com/is/image/JCPenney/DP0417202307110351M , https://jcpenney.scene7.com/is/image/JCPenney/DP0417202307110248M , https://jcpenney.scene7.com/is/image/JCPenney/DP0417202307110144M",4.75,4,"14W , 16W , 18W , 20W , 22W , 24W , 26W","Off White , Black , Blue"
ppr5008349081,https://www.jcpenney.com/p/giovanna-signature-womens-short-sleeve-eyelet-midi-fit-flare-dress/ppr5008349081?pTmplType=regular,Giovanna Signature Womens Short Sleeve Eyelet Midi Fit + Flare Dress,GIOVANNA SIGNATURE,,104.99,,"Celebrate your style with our 1pc Elbow Length Sleeve Lux Lace Shift Dress from Giovanna Apparel. A true embodiment of elegance and versatility. Crafted from exquisite lace, this dress features a delicate overlay that enhances its feminine appeal. The flattering shift silhouette ensures comfort and grace, while elbow-length sleeves provide just the right amount of coverage. Perfect for weddings or special gatherings, pair it with elegant pumps and a sparkling clutch for a refined look, or accessorize with a bold belt and ankle boots for a modern twist that radiates confidence.Closure Type: ZipperNeckline: Boat NeckSleeve Length: Short SleeveSleeve Style: Lace SleeveApparel Length: 41 InchesDress Length: Midi LengthFiber Content: 100% PolyesterFabric Description: LaceLining Material: PolyesterCare: Dry Clean OnlyMaterial: LaceCountry of Origin: Imported",,,"https://jcpenney.scene7.com/is/image/JCPenney/DP0403202307074901M , https://jcpenney.scene7.com/is/image/JCPenney/DP0403202307074798M , https://jcpenney.scene7.com/is/image/JCPenney/DP0403202307074694M",3,4,"10 , 12 , 14 , 16 , 18 , 8","Off White , Black , Blue"
ppr5007962076,https://www.jcpenney.com/p/giovanna-signature-3-4-sleeve-shift-dress-plus/ppr5007962076?pTmplType=regular&selectedSKUId=22010840430,Giovanna Signature 3/4 Sleeve Shift Dress - Plus,GIOVANNA SIGNATURE,,100.00,,"The Giovanna Signature 1-Piece Cowl Neck Dress features an elegant draped neckline and charming 3/4 ruffled sleeves, creating a sophisticated silhouette. A tasteful brooch adds a touch of sparkle, enhancing the dress's refined design. Perfect for both day and evening events, this dress combines comfort with timeless style, ensuring you stand out with effortless grace.Features: EmbellishedClosure Type: ZipperNeckline: Cowl NeckSleeve Length: 3/4 SleeveSleeve Style: Bell SleeveApparel Length: 41 InchesDress Length: Knee LengthFiber Content: 100% PolyesterFabric Description: CrepeLining Material: PolyesterCare: Dry Clean OnlyMaterial: CrepeWedding Occasion: Mother of the BrideCountry of Origin: Imported",,,"https://jcpenney.scene7.com/is/image/JCPenney/DP0218202107024466M , https://jcpenney.scene7.com/is/image/JCPenney/DP0218202107024455M , https://jcpenney.scene7.com/is/image/JCPenney/DP0705202307034830M , https://jcpenney.scene7.com/is/image/JCPenney/DP0721202015010445M",4.1667,6,"14W , 16W , 18W , 20W , 22W , 24W , 26W","Ice Blue , Navy , Off White , Red , Pale Pink , Black , Mint , Orange Red , Yellow , Fuchsia , Berry , Jam , Mustard , White"
ppr5008538473,https://www.jcpenney.com/p/giovanna-signature-womens-long-sleeve-diamond-sheath-dress/ppr5008538473?pTmplType=regular,Giovanna Signature Womens Long Sleeve Diamond Sheath Dress,GIOVANNA SIGNATURE,,144.99,,"The scallop neckline and dramatic bell sleeves add a touch of classic sophistication, while the mermaid silhouette with a sweeping hemline flatters and elongates your figure. Perfect for galas, special events, or any occasion where you want to stand out, this dress is your go-to for effortless elegance.Features: GlitterClosure Type: ZipperNeckline: Asymmetrical NeckSleeve Length: Long SleeveSleeve Style: Fitted SleeveApparel Length: 43.75 InchesDress Length: Knee LengthFiber Content: 100% PolyesterFabric Description: LaceLining: Fully LinedLining Material: PolyesterCare: Dry Clean OnlyMaterial: LaceOwned & Founded: Asian Owned/FoundedWedding Occasion: Guest of Wedding, Mother of the BrideCountry of Origin: Imported",,,"https://jcpenney.scene7.com/is/image/JCPenney/DP0424202507131756M , https://jcpenney.scene7.com/is/image/JCPenney/DP0424202507131651M , https://jcpenney.scene7.com/is/image/JCPenney/DP0424202507131861M",,,"10 , 12 , 14 , 16 , 18 , 20 , 22 , 24 , 8",Ivory Gold
ppr5008479857,https://www.jcpenney.com/p/giovanna-signature-womens-plus-long-sleeve-midi-fit-flare-dress/ppr5008479857?pTmplType=regular,Giovanna Signature Womens Plus Long Sleeve Midi Fit + Flare Dress,GIOVANNA SIGNATURE,,169.99,,"This Giovanna Signature dress is designed for an a-line sihouette for endless elegance with the balloon sleeves and belt. Made using lace and silky twill fabric combo, this dress offers classic style and comfort, perfect for any special occasions. Pair with wide brim derby hats and heels for a more sophisticated look.Included: 1 Belt(s)Features: Lace Trim, BeltedClosure Type: ButtonNeckline: Collar NeckSleeve Length: Long SleeveSleeve Style: Balloon SleeveApparel Length: 52 InchesDress Length: Midi LengthFiber Content: 100% PolyesterFabric Description: TwillLining: Fully LinedLining Material: PolyesterCollar: Banded CollarCare: Dry Clean OnlyMaterial: LaceOwned & Founded: Asian Owned/Founded, Women Owned/FoundedWedding Occasion: Guest of Wedding, Mother of the BrideCountry of Origin: Imported",,,"https://jcpenney.scene7.com/is/image/JCPenney/DP0902202415013774M , https://jcpenney.scene7.com/is/image/JCPenney/DP0902202415013571M",3,1,"16W , 18W , 20W , 22W , 24W , 26W","Off White , Black"
ppr5008413076,https://www.jcpenney.com/p/giovanna-signature-womens-long-sleeve-eyelet-midi-fit-flare-dress/ppr5008413076?pTmplType=regular,Giovanna Signature Womens Long Sleeve Eyelet Midi Fit + Flare Dress,GIOVANNA SIGNATURE,,154.99,,"Step into timeless beauty with this Giovanna Collection 1pc Long Sleeve A-line Lace Dress with Belt, a perfect blend of grace and charm. Whether it’s a wedding, a formal dinner, or a special celebration, this dress ensures you’ll feel as stunning as you look.The intricate lace design exudes femininity and sophistication, making it a standout choice for any occasion. The classic A-line shape highlights your natural curves, while the adjustable belt cinches at the waist for a perfectly tailored fit. With elegant long sleeves and a flowing skirt, this dress transitions seamlessly from day to evening, keeping you polished and poised.Included: 1 Belt(s)Features: Cut Outs, BeltedClosure Type: ZipperNeckline: Round NeckSleeve Length: Long SleeveSleeve Style: Fitted SleeveApparel Length: 48 InchesDress Length: Midi LengthFiber Content: 100% PolyesterFabric Description: LaceLining Material: PolyesterCare: Dry Clean OnlyMaterial: LaceOwned & Founded: Women Owned/Founded, Asian Owned/FoundedWedding Occasion: Mother of the Bride, Guest of WeddingCountry of Origin: Imported Recommend Dry Clean",,,https://jcpenney.scene7.com/is/image/JCPenney/DP1222202307021108M,1,1,"10 , 12 , 14 , 16 , 18",Off White
ppr5008538658,https://www.jcpenney.com/p/giovanna-signature-womens-belted-long-sleeve-floral-shirt-dress/ppr5008538658?pTmplType=regular,Giovanna Signature Womens Belted Long Sleeve Floral Shirt Dress,GIOVANNA SIGNATURE,,119.99,,"Make a statement without saying a word in this notch collar multi-color print & polka dot shirt dress from giovanna. Designed for the woman who embraces her confidence, this dress blends timeless polka dots with vibrant prints, creating a striking harmony of classic and contemporary. The structured notch collar adds a touch of sophistication, while the flowy silhouette ensures effortless grace. Cinched at the waist with a chic belt, this dress flatters every curve, making it your go-to piece for turning heads—whether at brunch, the office, or a night out. Versatile, stylish, and unapologetically bold—just like you. Style it with heels for elegance or sneakers for an effortlessly cool vibe. Either way, you’re bound to shine!Included: 1 Belt(s)Features: Notched, BeltedClosure Type: ButtonNeckline: Collar NeckPocket Types: 2 Side Slip Pocket(s)Sleeve Length: Long SleeveSleeve Style: Bell SleeveApparel Length: 43.5 InchesDress Length: Knee LengthFiber Content: 100% PolyesterFabric Description: TwillLining: Fully LinedLining Material: PolyesterCollar: Notch CollarCare: Dry Clean OnlyOwned & Founded: Asian Owned/FoundedWedding Occasion: Mother of the Bride, Guest of WeddingCountry of Origin: Imported",,,"https://jcpenney.scene7.com/is/image/JCPenney/DP0424202507134048M , https://jcpenney.scene7.com/is/image/JCPenney/DP0424202507133943M , https://jcpenney.scene7.com/is/image/JCPenney/DP0424202507134153M",5,1,"16W , 18W , 20W , 22W , 24W , 26W",Black Multi
ppr5008479852,https://www.jcpenney.com/p/giovanna-signature-womens-plus-long-sleeve-midi-a-line-dress/ppr5008479852?pTmplType=regular,Giovanna Signature Womens Plus Long Sleeve Midi A-Line Dress,GIOVANNA SIGNATURE,,159.99,,"The Giovanna Signature dress exudes timeless elegance and sophisticated charm, making it a perfect addition to any wardrobe. Its classic design and subtle details make it versatile for various occasions, from casual daytime outings to elegant evening events. Made using eyelash decorated fabric, fully lined, bell sleeves, a-line sihouette. Wear with heels for a more elegant look.Features: Eyelash TrimClosure Type: ZipperNeckline: Crew NeckSleeve Length: Long SleeveSleeve Style: Bell SleeveApparel Length: 49 InchesDress Length: Midi LengthFiber Content: 100% PolyesterFabric Description: LaceLining: Fully LinedLining Material: PolyesterCare: Dry Clean OnlyMaterial: LaceOwned & Founded: Asian Owned/Founded, Women Owned/FoundedWedding Occasion: Mother of the Bride, Guest of WeddingCountry of Origin: Imported",,,"https://jcpenney.scene7.com/is/image/JCPenney/DP0902202415013061M , https://jcpenney.scene7.com/is/image/JCPenney/DP0902202415012960M , https://jcpenney.scene7.com/is/image/JCPenney/DP0927202407225482M , https://jcpenney.scene7.com/is/image/JCPenney/DP0902202415012858M",1,1,"14W , 16W , 18W , 20W , 22W , 24W , 26W",Off White
ppr5008538450,https://www.jcpenney.com/p/giovanna-collection-womens-elbow-sleeve-high-low-circles-a-line-dress/ppr5008538450?pTmplType=regular,Giovanna Collection Womens Elbow Sleeve High-Low Circles A-Line Dress,GIOVANNA COLLECTION,,169.99,,"Step into effortless sophistication with our two-tone crochet in circles a-line dress with belt. Designed for the modern muse, this dress blends timeless crochet artistry with a chic, flattering silhouette. The intricate circular patterns add texture and depth, creating a look that's both delicate and bold.Included: 1 Belt(s)Features: BeltedClosure Type: ZipperNeckline: Round NeckPocket Types: 2 Side Slip Pocket(s)Sleeve Length: Elbow SleeveSleeve Style: Balloon SleeveApparel Length: 55.5 InchesDress Length: High Low LengthFiber Content: 100% PolyesterFabric Description: TwillLining: Fully LinedLining Material: PolyesterCare: Dry Clean OnlyOwned & Founded: Asian Owned/FoundedWedding Occasion: Guest of Wedding, Mother of the BrideCountry of Origin: Imported",,,"https://jcpenney.scene7.com/is/image/JCPenney/DP0424202507125663M , https://jcpenney.scene7.com/is/image/JCPenney/DP0424202507125560M",,,"10 , 12 , 14 , 16 , 18 , 8",Blackwhite
ppr5008479855,https://www.jcpenney.com/p/giovanna-signature-womens-plus-long-sleeve-abstract-midi-fit-flare-dress/ppr5008479855?pTmplType=regular,Giovanna Signature Womens Plus Long Sleeve Abstract Midi Fit + Flare Dress,GIOVANNA SIGNATURE,,144.99,,"The Giovanna Signature dress is designed using an exotic print for maximum eye-catching result. Made using flowy pleated chiffon, this full flare dress offers fun and all-day comfort with a polyester lining. Perfect for a party or any social event. Wear with heels for a more polished look.Features: PleatedClosure Type: ZipperNeckline: Crew NeckSleeve Length: Long SleeveSleeve Style: Cuffed SleeveApparel Length: 53 InchesDress Length: Midi LengthFiber Content: 100% PolyesterFabric Description: ChiffonLining: Fully LinedLining Material: PolyesterCare: Dry Clean OnlyMaterial: ChiffonOwned & Founded: Asian Owned/Founded, Women Owned/FoundedWedding Occasion: Mother of the Bride, Guest of WeddingCountry of Origin: Imported",,,"https://jcpenney.scene7.com/is/image/JCPenney/DP0902202415013368M , https://jcpenney.scene7.com/is/image/JCPenney/DP0902202415013265M , https://jcpenney.scene7.com/is/image/JCPenney/DP0927202407225584M",2.5,2,"16W , 18W , 20W , 22W , 24W",Royal Multi
ppr5008085627,https://www.jcpenney.com/p/giovanna-collection-womens-plus-sleeveless-floral-high-low-fit-flare-dress/ppr5008085627?pTmplType=regular,Giovanna Collection Womens Plus Sleeveless Floral High-Low Fit + Flare Dress,GIOVANNA COLLECTION,,110.00,,"Features: PleatedClosure Type: ZipperNeckline: Crew NeckPocket Types: 2 Side Slip Pocket(s)Sleeve Length: SleevelessApparel Length: 50.5 Inches - Back, 47 Inches - FrontDress Length: High Low LengthFiber Content: 100% PolyesterFabric Description: WovenCare: Dry Clean OnlyCountry of Origin: Imported",,,"https://jcpenney.scene7.com/is/image/JCPenney/DP0721202507064263M , https://jcpenney.scene7.com/is/image/JCPenney/DP0721202507063530M",,,"14W , 16W , 18W , 20W , 22W , 24W","Turq Flower , Navy White , Champagne , Pink , Taupe Flower , White , Emerald"
ppr5008538452,https://www.jcpenney.com/p/giovanna-collection-womens-long-sleeve-midi-eyelet-sheath-dress/ppr5008538452?pTmplType=regular,Giovanna Collection Womens Long Sleeve Midi Eyelet Sheath Dress,GIOVANNA COLLECTION,,169.99,,"Step into effortless sophistication with our two-tone crochet in circles a-line dress with belt. Designed for the modern muse, this dress blends timeless crochet artistry with a chic, flattering silhouette. The intricate circular patterns add texture and depth, creating a look that's both delicate and bold.Features: Cut OutsClosure Type: ZipperNeckline: Scallop NeckSleeve Length: Long SleeveSleeve Style: Bell SleeveApparel Length: 47.75 InchesDress Length: Midi LengthFiber Content: 97% Polyester, 3% SpandexFabric Description: ScubaLining: Fully LinedLining Material: PolyesterCare: Line Dry, Hand WashMaterial: ScubaOwned & Founded: Asian Owned/FoundedWedding Occasion: Mother of the Bride, Guest of WeddingCountry of Origin: Imported",,,"https://jcpenney.scene7.com/is/image/JCPenney/DP0424202507130291M , https://jcpenney.scene7.com/is/image/JCPenney/DP0424202507130187M",2,2,"10 , 12 , 14 , 16 , 18 , 20 , 22 , 24 , 8","Hot Pink , Mustard Yellow"
ppr5008538654,https://www.jcpenney.com/p/giovanna-signature-womens-long-sleeve-midi-polka-dot-a-line-dress/ppr5008538654?pTmplType=regular,Giovanna Signature Womens Long Sleeve Midi Polka Dot A-Line Dress,GIOVANNA SIGNATURE,,134.99,,"Effortless elegance meets timeless charm in this giovanna bell sleeve v-neck a-line polka dot dress. Crafted from luxuriously soft silky twill, this dress drapes beautifully, offering a fluid and graceful silhouette. The classic a-line design cinches at the waist with a chic belt, creating a flattering shape that moves with you. The playful polka dot print adds a vintage-inspired allure, while the bell sleeves bring a touch of romance and drama. Whether you're stepping into a brunch date, a soirée, or a day at the office, this dress is your statement of confidence and sophistication. Elegant bell sleeves for a graceful touch, silky twill fabric for a luxurious feel, flattering v-neckline and cinched waist, timeless polka dot print with a modern twist, a-line silhouette for effortless movement. Style it with heels for a refined look or pair it with flats for casual charm—this dress is your key to effortless elegance. Included: 1 Belt(s)Features: BeltedClosure Type: ZipperNeckline: V NeckPocket Types: 2 Side Slip Pocket(s)Sleeve Length: Long SleeveSleeve Style: Bell SleeveApparel Length: 50 InchesDress Length: Midi LengthFiber Content: 100% PolyesterFabric Description: TwillLining: LinedLining Material: PolyesterCare: Dry Clean OnlyOwned & Founded: Asian Owned/FoundedWedding Occasion: Guest of Wedding, Mother of the BrideCountry of Origin: Imported",,,"https://jcpenney.scene7.com/is/image/JCPenney/DP0424202507132279M , https://jcpenney.scene7.com/is/image/JCPenney/DP0424202507132175M , https://jcpenney.scene7.com/is/image/JCPenney/DP0424202507132488M , https://jcpenney.scene7.com/is/image/JCPenney/DP0424202507132070M",,,"10 , 12 , 14 , 16 , 18 , 8",Whitenavy
ppr5008303704,https://www.jcpenney.com/p/giovanna-signature-womens-short-sleeve-midi-a-line-dress/ppr5008303704?pTmplType=regular,Giovanna Signature Womens Short Sleeve Midi A-Line Dress,GIOVANNA SIGNATURE,,120.00,,"Features: EmbroideredClosure Type: ZipperNeckline: V NeckPocket Types: 2 Side Slip Pocket(s)Sleeve Length: Short SleeveSleeve Style: Lace Shoulder SleeveApparel Length: 47.5 InchesDress Length: Midi LengthFiber Content: 100% PolyesterFabric Description: LaceLining Material: PolyesterCare: Dry Clean OnlyMaterial: LaceWedding Occasion: Guest of Wedding, Mother of the BrideCountry of Origin: Imported",,,"https://jcpenney.scene7.com/is/image/JCPenney/DP0721202507063321M , https://jcpenney.scene7.com/is/image/JCPenney/DP0721202507062901M",5,1,"10 , 12 , 14 , 16 , 18 , 20 , 22 , 8",Navy Sequins
ppr5008085730,https://www.jcpenney.com/p/giovanna-signature-womens-sleeveless-high-low-fit-flare-dress/ppr5008085730?pTmplType=regular,Giovanna Signature Womens Sleeveless High-Low Fit + Flare Dress,GIOVANNA SIGNATURE,,110.00,,Features: PleatedClosure Type: ZipperNeckline: Crew NeckPocket Types: 2 Side Slip Pocket(s)Sleeve Length: SleevelessApparel Length: 47 Inches - FrontDress Length: High Low LengthFiber Content: 100% PolyesterFabric Description: WovenLining Material: PolyesterCare: Dry Clean OnlyCountry of Origin: Imported,,,"https://jcpenney.scene7.com/is/image/JCPenney/DP0721202507065205M , https://jcpenney.scene7.com/is/image/JCPenney/DP0721202507064473M",2,1,"10 , 12 , 14 , 16 , 18 , 8","Turq Flower , Navy White , Champagne , Coral , Pink , Taupe Flower , White , Emerald , Black , Whit"
ppr5008538453,https://www.jcpenney.com/p/giovanna-collection-womens-3-4-sleeve-a-line-dress/ppr5008538453?pTmplType=regular,Giovanna Collection Womens 3/4 Sleeve A-Line Dress,GIOVANNA COLLECTION,,189.99,,"The a-line shape gracefully skims your figure, offering comfort and movement, while the matching belt cinches at the waist for a defined, feminine touch. Whether you're heading to a brunch, a garden wedding, or a dreamy getaway, this dress is your go-to for making a statement with elegance. Features: Lace TrimClosure Type: ZipperNeckline: Round NeckSleeve Length: 3/4 SleeveSleeve Style: Lace SleeveApparel Length: 45.5 InchesDress Length: Knee LengthFiber Content: 97% Polyester, 3% SpandexFabric Description: ScubaLining: Fully LinedLining Material: PolyesterCare: Hand Wash, Line DryMaterial: ScubaOwned & Founded: Asian Owned/FoundedWedding Occasion: Guest of Wedding, Mother of the BrideCountry of Origin: Imported",,,"https://jcpenney.scene7.com/is/image/JCPenney/DP0424202507130815M , https://jcpenney.scene7.com/is/image/JCPenney/DP0424202507131024M",5,1,"10 , 12 , 14 , 16 , 18 , 20 , 22 , 24 , 8","Purple , Silver"
ppr5008538451,https://www.jcpenney.com/p/giovanna-collection-womens-plus-elbow-sleeve-high-low-circles-a-line-dress/ppr5008538451?pTmplType=regular,Giovanna Collection Womens Plus Elbow Sleeve High-Low Circles A-Line Dress,GIOVANNA COLLECTION,,169.99,,"The a-line shape gracefully skims your figure, offering comfort and movement, while the matching belt cinches at the waist for a defined, feminine touch. Whether you're heading to a brunch, a garden wedding, or a dreamy getaway, this dress is your go-to for making a statement with elegance. Included: 1 Belt(s)Features: BeltedClosure Type: ZipperNeckline: Crew NeckPocket Types: 2 Side Slip Pocket(s)Sleeve Length: Elbow SleeveSleeve Style: Balloon SleeveApparel Length: 56.5 InchesDress Length: High Low LengthFiber Content: 100% PolyesterFabric Description: TwillLining: Fully LinedLining Material: PolyesterCare: Dry Clean OnlyOwned & Founded: Asian Owned/FoundedWedding Occasion: Guest of Wedding, Mother of the BrideCountry of Origin: Imported",,,"https://jcpenney.scene7.com/is/image/JCPenney/DP0424202507125977M , https://jcpenney.scene7.com/is/image/JCPenney/DP0424202507125872M",,,"16W , 18W , 20W , 22W , 24W , 26W",Blackwhite
ppr5008477390,https://www.jcpenney.com/p/giovanna-signature-womens-long-sleeve-midi-a-line-dress/ppr5008477390?pTmplType=regular,Giovanna Signature Womens Long Sleeve Midi A-Line Dress,GIOVANNA SIGNATURE,,159.99,,"The Giovanna Signature dress exudes timeless elegance and sophisticated charm, making it a perfect addition to any wardrobe. Its classic design and subtle details make it versatile for various occasions, from casual daytime outings to elegant evening events. Made using eyelash decorated fabric, fully lined, bell sleeves, a-line sihouette. Wear with heels for a more elegant look.Features: Eyelash TrimClosure Type: ZipperNeckline: Square NeckSleeve Length: Long SleeveSleeve Style: Bell SleeveApparel Length: 48 InchesDress Length: Midi LengthFiber Content: 100% PolyesterFabric Description: LaceLining: Fully LinedLining Material: PolyesterCare: Line Dry, Dry Clean OnlyOwned & Founded: Asian Owned/Founded, Women Owned/FoundedWedding Occasion: Mother of the Bride, Guest of WeddingCountry of Origin: Imported",,,"https://jcpenney.scene7.com/is/image/JCPenney/DP0826202409063269M , https://jcpenney.scene7.com/is/image/JCPenney/DP0826202409063167M , https://jcpenney.scene7.com/is/image/JCPenney/DP0927202407124816M , https://jcpenney.scene7.com/is/image/JCPenney/DP0826202409063064M",,,"10 , 12 , 14 , 16 , 18 , 8",Off White
ppr5008538655,https://www.jcpenney.com/p/giovanna-signature-womens-plus-long-sleeve-midi-polka-dot-a-line-dress/ppr5008538655?pTmplType=regular,Giovanna Signature Womens Plus Long Sleeve Midi Polka Dot A-Line Dress,GIOVANNA SIGNATURE,,134.99,,"Effortless elegance meets timeless charm in this giovanna bell sleeve v-neck a-line polka dot dress. Crafted from luxuriously soft silky twill, this dress drapes beautifully, offering a fluid and graceful silhouette. The classic a-line design cinches at the waist with a chic belt, creating a flattering shape that moves with you. The playful polka dot print adds a vintage-inspired allure, while the bell sleeves bring a touch of romance and drama. Whether you're stepping into a brunch date, a soirée, or a day at the office, this dress is your statement of confidence and sophistication. Elegant bell sleeves for a graceful touch, silky twill fabric for a luxurious feel, flattering v-neckline and cinched waist, timeless polka dot print with a modern twist, a-line silhouette for effortless movement. Style it with heels for a refined look or pair it with flats for casual charm—this dress is your key to effortless elegance. Included: 1 Belt(s)Features: BeltedClosure Type: ZipperNeckline: V NeckPocket Types: 2 Side Slip Pocket(s)Sleeve Length: Long SleeveSleeve Style: Bell SleeveApparel Length: 50 InchesDress Length: Midi LengthFiber Content: 100% PolyesterFabric Description: TwillLining: LinedLining Material: PolyesterCare: Dry Clean OnlyOwned & Founded: Asian Owned/FoundedWedding Occasion: Mother of the Bride, Guest of WeddingCountry of Origin: Imported",,,"https://jcpenney.scene7.com/is/image/JCPenney/DP0424202507132799M , https://jcpenney.scene7.com/is/image/JCPenney/DP0424202507132696M , https://jcpenney.scene7.com/is/image/JCPenney/DP0424202507133008M , https://jcpenney.scene7.com/is/image/JCPenney/DP0424202507132592M",,,"14W , 16W , 18W , 20W , 22W , 24W",Whitenavy
ppr5008479842,https://www.jcpenney.com/p/giovanna-signature-womens-plus-3-4-sleeve-midi-fit-flare-dress/ppr5008479842?pTmplType=regular,Giovanna Signature Womens Plus 3/4 Sleeve Midi Fit + Flare Dress,GIOVANNA SIGNATURE,,134.99,,"The Giovanna Signature dress is designed to be simple but polished. Made using a soft silky twill fabric and polyester lining, this dress can be easy utilized for any occasion. Boat neck, a-line, 3/4 bell sleeve, back zipper closure, convenience 2 side pockets, belt included. Wear with heels or flats for an easy and elegant look.Included: 1 Belt(s)Features: BeltedClosure Type: ZipperNeckline: Square NeckPocket Types: 2 Side Slip Pocket(s)Sleeve Length: 3/4 SleeveSleeve Style: Ruffled SleeveApparel Length: 51 InchesDress Length: Midi LengthFiber Content: 100% PolyesterFabric Description: TwillLining: Fully LinedLining Material: PolyesterCare: Dry Clean OnlyOwned & Founded: Asian Owned/Founded, Women Owned/FoundedWedding Occasion: Mother of the Bride, Guest of WeddingCountry of Origin: Imported",,,"https://jcpenney.scene7.com/is/image/JCPenney/DP0902202415004382M , https://jcpenney.scene7.com/is/image/JCPenney/DP0927202407224667M",4.5,2,"14W , 16W , 18W , 20W , 22W , 24W , 26W , 28W","Black , White"
ppr5008618158,https://www.jcpenney.com/p/papell-boutique-womens-short-sleeve-evening-gown/ppr5008618158?pTmplType=regular,Papell Boutique Womens Short Sleeve Evening Gown,PAPELL BOUTIQUE,127.99,160.00,20,"Make a grand entrance with the Papell Boutique women’s evening gown designed with embellished tulle fabric, featuring a refined boat neckline, short sleeves, and a back zipper closure. Perfect choice for wedding guests, as well as other special occasions.Features: LinedClosure Type: ZipperNeckline: Boat NeckSleeve Length: Short SleeveApparel Length: 61.5 InchesDress Length: Long LengthFiber Content: 95% Nylon, 5% ElastaneFabric Description: TulleLining: Fully LinedLining Material: PolyesterCare: Dry Clean OnlyMaterial: KnitWedding Occasion: Guest of WeddingCountry of Origin: Imported RETURNS: This item must be returned in its original condition with the green return tag in place.",,,"https://jcpenney.scene7.com/is/image/JCPenney/DP0116202607030700M , https://jcpenney.scene7.com/is/image/JCPenney/DP0116202607030493M , https://jcpenney.scene7.com/is/image/JCPenney/DP0116202607030596M , https://jcpenney.scene7.com/is/image/JCPenney/DP0116202607030389M",,,"10 , 12 , 14 , 16 , 18 , 4 , 6 , 8",Black
ppr5008637989,https://www.jcpenney.com/p/lilli-asher-womens-juniors-sleeveless-embellished-floral-bodycon-dress/ppr5008637989?pTmplType=regular,Lilli Asher Womens Juniors Sleeveless Embellished Floral Bodycon Dress,LILLI ASHER,149.99,200.00,25,"This Lilli Asher juniors' bodycon dress leans into a sleek silhouette with a sprkling floral embellishment. Cut with a V-neckline, tank straps, and a sleeveless style, it finishes with a back zipper for a smooth fit. Choose simple heels and minimal jewelry to keep the look elegant.Strap Type: TankFeatures: EmbellishedClosure Type: ZipperNeckline: V NeckSleeve Length: SleevelessSleeve Style: SleevelessApparel Length: 61 InchesDress Length: Long LengthFiber Content: 96% Polyester, 4% NylonFabric Description: MeshLining: Fully LinedLining Material: PolyesterCare: Spot CleanMaterial: PolyesterWedding Occasion: Guest of WeddingCountry of Origin: Imported RETURNS: This item must be returned in its original condition with the green return tag in place.",,,"https://jcpenney.scene7.com/is/image/JCPenney/DP0114202607030435M , https://jcpenney.scene7.com/is/image/JCPenney/DP0114202607030228M , https://jcpenney.scene7.com/is/image/JCPenney/DP0114202607030538M , https://jcpenney.scene7.com/is/image/JCPenney/DP0114202607030331M , https://jcpenney.scene7.com/is/image/JCPenney/DP0114202607030124M",,,"0 , 00 , 10 , 12 , 14 , 16 , 2 , 4 , 6 , 8",Wine
ppr5008647662,https://www.jcpenney.com/p/b-smart-womens-juniors-floral-ball-gown/ppr5008647662?pTmplType=regular,B. Smart Womens Juniors Floral Ball Gown,BEE SMART,149.99,200.00,25,"Strap Type: SpaghettiClosure Type: ZipperNeckline: Square NeckSleeve Style: SleevelessApparel Length: 63 InchesDress Length: Long LengthFiber Content: 85% Polyester, 15% MetallicLining: Fully LinedLining Material: PolyesterCare: Spot Clean, Professional CleanWedding Occasion: Guest of WeddingCountry of Origin: Imported",,,"https://jcpenney.scene7.com/is/image/JCPenney/DP1210202507025483M , https://jcpenney.scene7.com/is/image/JCPenney/DP1210202507025274M , https://jcpenney.scene7.com/is/image/JCPenney/DP1210202507025587M , https://jcpenney.scene7.com/is/image/JCPenney/DP1210202507025378M",,,"0 , 00 , 10 , 12 , 14 , 8",Cream Blue Gold
ppr5008647630,https://www.jcpenney.com/p/city-triangle-womens-juniors-cut-outs-embellished-embroidered-bodycon-dress/ppr5008647630?pTmplType=regular,City Triangle Womens Juniors Cut Outs Embellished Embroidered Bodycon Dress,CITY TRIANGLE,114.99,154.00,25,"The City Triangle juniors bodycon dress brings a glamorous party vibe, perfect for evening events. Fashioned from stretch knit fabric, this long gown features a V-neckline with a built-in bra, adjustable straps, and a side slit. This piece is detailed with lacy accents, rhinestones, and embroidery, secured with a combination of a zipper, tie, and hook-and-eye closure. Complete the look with sleek heels and minimal accessories.Strap Type: AdjustableFeatures: Stretch Fabric, Lined, Side Slit, Built In Bra, Lace Up, Adjustable Straps, Cut Outs, Embellished, Embroidered, RhinestonesClosure Type: Zipper, Tie, Hook & EyeNeckline: V NeckApparel Length: 61 InchesDress Length: Long LengthFiber Content: 100% PolyesterFabric Description: KnitLining: LinedLining Material: PolyesterCare: Dry Clean OnlyMaterial: KnitBody Type: Hourglass, Apple, AthleticWedding Occasion: Guest of WeddingCountry of Origin: Imported RETURNS: This item must be returned in its original condition with the green return tag in place.",,,"https://jcpenney.scene7.com/is/image/JCPenney/DP1118202507023325M , https://jcpenney.scene7.com/is/image/JCPenney/DP1118202507023220M , https://jcpenney.scene7.com/is/image/JCPenney/DP1118202507023430M",,,"Large , Medium , Small , X-Large , X-Small , Xx-Large",Vintage Blue
ppr5008647616,https://www.jcpenney.com/p/radiante-couture-womens-juniors-floral-a-line-dress/ppr5008647616?pTmplType=regular,Radiante Couture Womens Juniors Floral A-Line Dress,RADIANTE COUTURE,129.99,174.00,25,"This Radiante Couture juniors' A-line dress plays with soft florals and delicate spaghetti straps, shaped with a sweetheart neckline. Vertical ruffle details add movement, while the zipper and tie closure keep the fit secure and easy. Keep accessories minimal and heels to elevate the overall look.Strap Type: SpaghettiClosure Type: ZipperNeckline: Sweetheart NeckSleeve Style: SleevelessApparel Length: 50 InchesDress Length: Long LengthFiber Content: 100% PolyesterLining: Fully LinedLining Material: PolyesterCare: Hand WashMaterial: PolyesterWedding Occasion: Guest of WeddingCountry of Origin: Imported RETURNS: This item must be returned in its original condition with the green return tag in place.",,,"https://jcpenney.scene7.com/is/image/JCPenney/DP1121202509070927M , https://jcpenney.scene7.com/is/image/JCPenney/DP1121202509070717M , https://jcpenney.scene7.com/is/image/JCPenney/DP1121202509070821M",,,"0 , 00 , 10 , 12 , 14 , 2 , 4 , 6 , 8",Blush Raspberry
ppr5008637984,https://www.jcpenney.com/p/b-smart-womens-juniors-sleeveless-glitter-bodycon-dress/ppr5008637984?pTmplType=regular,B. Smart Womens Juniors Sleeveless Glitter Bodycon Dress,BEE SMART,129.99,174.00,25,"This B. Smart juniors' bodycon long-length dress made from stunning lace fabric with a soft lining, is perfect for special occasions. Sparkling with glitter accents, this sleeveless dress features a sweetheart neckline with spaghetti straps and back zipper closure for a sleek, secure fit.Strap Type: SpaghettiFeatures: GlitterClosure Type: ZipperNeckline: Sweetheart NeckSleeve Length: SleevelessSleeve Style: SleevelessApparel Length: 64 InchesDress Length: Long LengthFiber Content: 95% Nylon, 5% SpandexFabric Description: LaceLining: Fully LinedLining Material: PolyesterCare: Do Not Bleach, Dry Flat, Hand WashWedding Occasion: Guest of WeddingCountry of Origin: Imported RETURNS: This item must be returned in its original condition with the green return tag in place.",,,"https://jcpenney.scene7.com/is/image/JCPenney/DP1119202507055698M , https://jcpenney.scene7.com/is/image/JCPenney/DP1119202507055488M , https://jcpenney.scene7.com/is/image/JCPenney/DP1119202507055802M , https://jcpenney.scene7.com/is/image/JCPenney/DP1119202507055593M",,,"0 , 00 , 10 , 12 , 14 , 16 , 18 , 2 , 4 , 6 , 8",Black Black Black
ppr5008634793,https://www.jcpenney.com/p/b-smart-womens-juniors-sleeveless-sequin-scroll-bodycon-dress/ppr5008634793?pTmplType=regular,B. Smart Womens Juniors Sleeveless Sequin Scroll Bodycon Dress,BEE SMART,149.99,200.00,25,"This B. Smart juniors' bodycon dress makes a sparkling statement for nights out or special occasions. It features spaghetti straps, a square neckline, and sequined mesh fabric. Finished with a side slit and back zipper, style it with strappy heels and minimal jewelry for aa chic look.Strap Type: SpaghettiFeatures: SequinsClosure Type: ZipperNeckline: Square NeckSleeve Length: SleevelessSleeve Style: SleevelessApparel Length: 64 InchesDress Length: Long LengthFiber Content: 95% Polyester, 5% SpandexFabric Description: MeshLining: Fully LinedLining Material: PolyesterCare: Do Not Bleach, Dry Flat, Hand WashWedding Occasion: Guest of WeddingCountry of Origin: Imported RETURNS: This item must be returned in its original condition with the green return tag in place.",,,"https://jcpenney.scene7.com/is/image/JCPenney/DP1119202507060639M , https://jcpenney.scene7.com/is/image/JCPenney/DP1119202507060534M , https://jcpenney.scene7.com/is/image/JCPenney/DP1119202507060744M",,,"0 , 00 , 10 , 12 , 14 , 16 , 18 , 2 , 4 , 6 , 8",Royal
ppr5008638000,https://www.jcpenney.com/p/b-smart-womens-juniors-sleeveless-sequin-ball-gown/ppr5008638000?pTmplType=regular,B. Smart Womens Juniors Sleeveless Sequin Ball Gown,BEE SMART,186.99,250.00,25,"This B. Smart juniors' ball gown adds sparkle to special occasions with a show-stopping design. Styled with delicate spaghetti straps and a sweetheart neckline, it's finished in shimmering sequins over airy tulle, complete with a back zipper and sweeping floor-length skirt. Pair it with minimal jewelry and strappy heels to leg the gown take center stage.Strap Type: SpaghettiFeatures: SequinsClosure Type: ZipperNeckline: Sweetheart NeckSleeve Length: SleevelessApparel Length: 64 InchesDress Length: Long LengthFiber Content: 100% PolyesterFabric Description: TulleLining: Partially LinedLining Material: PolyesterCare: Do Not Bleach, Hand Wash, Do Not Iron, Line DryWedding Occasion: Guest of WeddingCountry of Origin: Imported RETURNS: This item must be returned in its original condition with the green return tag in place.",,,"https://jcpenney.scene7.com/is/image/JCPenney/DP1202202507080164M , https://jcpenney.scene7.com/is/image/JCPenney/DP1202202507075954M , https://jcpenney.scene7.com/is/image/JCPenney/DP1202202507080268M , https://jcpenney.scene7.com/is/image/JCPenney/DP1202202507080059M",5,1,"0 , 00 , 10 , 12 , 14 , 16 , 18 , 2 , 4 , 6 , 8",Black Black Black
ppr5008637985,https://www.jcpenney.com/p/radiante-couture-womens-juniors-sleeveless-a-line-dress/ppr5008637985?pTmplType=regular,Radiante Couture Womens Juniors Sleeveless A-Line Dress,RADIANTE COUTURE,144.99,194.00,25,"This Radiante Couture juniors' A-line dress offers an elegant silhouette. Featuring sleeveless design, V-neckline, and a zipper with tie closure, it brings a shimmering look with floral appliques and allover glitter. The vertical ruffle detailing makes it ideal to be paired with block heels or stilettos.Strap Type: AdjustableFeatures: Applique, GlitterClosure Type: ZipperNeckline: V NeckSleeve Length: SleevelessSleeve Style: SleevelessDress Length: Long LengthFiber Content: 100% PolyesterLining: Fully LinedLining Material: PolyesterCare: Hand WashWedding Occasion: Guest of WeddingCountry of Origin: Imported RETURNS: This item must be returned in its original condition with the green return tag in place.",,,"https://jcpenney.scene7.com/is/image/JCPenney/DP1211202509034758M , https://jcpenney.scene7.com/is/image/JCPenney/DP1211202509034551M , https://jcpenney.scene7.com/is/image/JCPenney/DP1211202509034655M",5,1,"0 , 00 , 10 , 12 , 14 , 16 , 18 , 2 , 4 , 6 , 8",Emerald
ppr5008637987,https://www.jcpenney.com/p/b-smart-womens-juniors-sleeveless-a-line-dress/ppr5008637987?pTmplType=regular,B. Smart Womens Juniors Sleeveless A-Line Dress,BEE SMART,114.99,154.00,25,"The B Smart juniors' A-line dress blends a sleek structure with soft shine for aa standout evening look. Designed with a corset-style bodice and sweetheart neckline, it features delicate spaghetti straps, a fluid charmeuse finish, side slip pockets, and a subtle side slit, complete with a back zipper and sleeveless cut. Pair it with strappy heels and minimal jewelry to complete the look.Strap Type: SpaghettiFeatures: Side SlitClosure Type: ZipperNeckline: Sweetheart NeckPocket Types: 2 Side Slip Pocket(s)Sleeve Length: SleevelessSleeve Style: SleevelessApparel Length: 64 InchesDress Length: Long LengthFiber Content: 97% Polyester, 3% SpandexFabric Description: CharmeuseLining: Fully LinedLining Material: PolyesterCare: Line Dry, Hand Wash, Do Not BleachWedding Occasion: Guest of WeddingCountry of Origin: Imported RETURNS: This item must be returned in its original condition with the green return tag in place.",,,"https://jcpenney.scene7.com/is/image/JCPenney/DP1202202507080687M , https://jcpenney.scene7.com/is/image/JCPenney/DP1202202507080478M , https://jcpenney.scene7.com/is/image/JCPenney/DP1202202507080792M , https://jcpenney.scene7.com/is/image/JCPenney/DP1202202507080582M",,,"0 , 00 , 10 , 12 , 14 , 16 , 18 , 2 , 4 , 6 , 8",Sage
ppr5008637992,https://www.jcpenney.com/p/b-smart-womens-juniors-sleeveless-floral-a-line-dress/ppr5008637992?pTmplType=regular,B. Smart Womens Juniors Sleeveless Floral A-Line Dress,BEE SMART,144.99,194.00,25,"This B. Smart juniors' A-line dress is designed with a sweetheart neckline, wide bow-tie straps, and a sleeveless cut. It features a tiered floral mesh skirt that flows into a graceful long length. Style it with delicate heels and simple jewelry to elevate the look.Strap Type: WideFeatures: TieredClosure Type: ZipperNeckline: Sweetheart NeckSleeve Length: SleevelessSleeve Style: SleevelessApparel Length: 64 InchesDress Length: Long LengthFiber Content: 100% PolyesterFabric Description: MeshLining: Fully LinedLining Material: PolyesterCare: Do Not Bleach, Hand Wash, Line DryWedding Occasion: Guest of WeddingCountry of Origin: Imported RETURNS: This item must be returned in its original condition with the green return tag in place.",,,"https://jcpenney.scene7.com/is/image/JCPenney/DP1119202507060012M , https://jcpenney.scene7.com/is/image/JCPenney/DP1119202507060221M , https://jcpenney.scene7.com/is/image/JCPenney/DP1119202507060430M , https://jcpenney.scene7.com/is/image/JCPenney/DP1119202507060116M , https://jcpenney.scene7.com/is/image/JCPenney/DP1119202507055907M , https://jcpenney.scene7.com/is/image/JCPenney/DP1119202507060325M",,,"0 , 00 , 10 , 12 , 14 , 16 , 18 , 2 , 4 , 6 , 8",Sage Dark Pink
ppr5008647625,https://www.jcpenney.com/p/city-triangle-womens-juniors-embellished-sequin-bodycon-dress/ppr5008647625?pTmplType=regular,City Triangle Womens Juniors Embellished Sequin Bodycon Dress,CITY TRIANGLE,114.99,154.00,25,"The City Triangle juniors' bodycon dress highlights your silhouette with its fitted design and glimmering accent. Made from a knitted stretch fabric, it features a straight neckline, an embroidered floral-lace bodice with corset-like boning, a built-in bra, adjustable straps, and a long-length side-slit skirt. Its a go-to choice for special events.Strap Type: AdjustableFeatures: Adjustable Straps, Lace Up, Built In Bra, Stretch Fabric, Embellished, Side Slit, Lined, SequinsClosure Type: Hook & Eye, Zipper, TieNeckline: Straight NeckApparel Length: 61 InchesDress Length: Long LengthFiber Content: 100% PolyesterFabric Description: Knit, TulleLining: Fully LinedLining Material: PolyesterCare: Dry Clean OnlyMaterial: KnitBody Type: Hourglass, Apple, AthleticWedding Occasion: Guest of WeddingCountry of Origin: Imported RETURNS: This item must be returned in its original condition with the green return tag in place.",,,"https://jcpenney.scene7.com/is/image/JCPenney/DP1118202507020812M , https://jcpenney.scene7.com/is/image/JCPenney/DP1118202507020708M , https://jcpenney.scene7.com/is/image/JCPenney/DP1118202507020917M",,,"Large , Medium , Small , X-Large , X-Small , Xx-Large",Royal
ppr5008634791,https://www.jcpenney.com/p/radiante-couture-womens-juniors-sleeveless-a-line-dress/ppr5008634791?pTmplType=regular,Radiante Couture Womens Juniors Sleeveless A-Line Dress,RADIANTE COUTURE,129.99,174.00,25,"The Radiante Couture juniors' A-line dress adds a touch of sparkle to special occasions. Designed with a scoop neckline and sleeveless silhouette, it features adjustable straps, glitter detailing, a zipper and tie closure, and soft ruffle accents for playful movement. Style it with heels and minimal jewelry to let the shimmer stand out.Strap Type: AdjustableFeatures: GlitterClosure Type: Zipper, TieNeckline: Scoop NeckSleeve Length: SleevelessDress Length: Long LengthFiber Content: 100% PolyesterLining: Fully LinedLining Material: PolyesterCare: Dry Flat, Hand WashWedding Occasion: Guest of WeddingCountry of Origin: Imported RETURNS: This item must be returned in its original condition with the green return tag in place.",,,"https://jcpenney.scene7.com/is/image/JCPenney/DP1103202511031676M , https://jcpenney.scene7.com/is/image/JCPenney/DP1103202511031467M , https://jcpenney.scene7.com/is/image/JCPenney/DP1103202511031571M",4.5,2,"0 , 00 , 10 , 12 , 14 , 16 , 2 , 4 , 6 , 8",Periwinkle
ppr5008647626,https://www.jcpenney.com/p/city-triangle-womens-juniors-sequin-floral-bodycon-dress/ppr5008647626?pTmplType=regular,City Triangle Womens Juniors Sequin Floral Bodycon Dress,CITY TRIANGLE,114.99,154.00,25,"Dazzle at your next ball or formal occasion wearing this stunning City Triangle women's and junior's strapless bodycon dress. Made from stretch-charmeuse with a floral sequin design, this sleeveless floor-length dress has a twisted bustier with a sweetheart neckline and a thigh high split for added glam. Wear it with heels and a clutch. Strap Type: StraplessFeatures: Stretch Fabric, Built In Bra, Sequins, Side Slit, Bow, LinedClosure Type: Hook & Eye, Zipper, TieNeckline: Sweetheart NeckApparel Length: 61 InchesDress Length: Long LengthFiber Content: 97% Polyester, 3% SpandexFabric Description: Mesh, CharmeuseLining: Fully LinedLining Material: PolyesterCare: Dry Clean OnlyMaterial: MeshBody Type: Athletic, Hourglass, AppleWedding Occasion: Guest of WeddingCountry of Origin: Imported RETURNS: This item must be returned in its original condition with the green return tag in place.",,,"https://jcpenney.scene7.com/is/image/JCPenney/DP1118202507022487M , https://jcpenney.scene7.com/is/image/JCPenney/DP1118202507022383M , https://jcpenney.scene7.com/is/image/JCPenney/DP1118202507022592M",,,"0 , 10 , 2 , 4 , 6 , 8",Ivory Pink Green
ppr5008647643,https://www.jcpenney.com/p/radiante-couture-womens-juniors-plus-floral-a-line-dress/ppr5008647643?pTmplType=regular,Radiante Couture Womens Juniors Plus Floral A-Line Dress,RADIANTE COUTURE,129.99,174.00,25,Strap Type: SpaghettiClosure Type: ZipperNeckline: V NeckSleeve Style: SleevelessApparel Length: 50 InchesDress Length: Long LengthFiber Content: 100% PolyesterLining: Fully LinedLining Material: PolyesterCare: Hand WashMaterial: PolyesterWedding Occasion: Guest of WeddingCountry of Origin: Imported RETURNS: This item must be returned in its original condition with the green return tag in place.,,,"https://jcpenney.scene7.com/is/image/JCPenney/DP0130202607032343M , https://jcpenney.scene7.com/is/image/JCPenney/DP0130202607032134M , https://jcpenney.scene7.com/is/image/JCPenney/DP0130202607032239M",,,"14 , 16 , 18 , 20 , 22 , 24",Blush Raspberry
ppr5008647654,https://www.jcpenney.com/p/radiante-couture-womens-juniors-sleeveless-floral-a-line-dress/ppr5008647654?pTmplType=regular,Radiante Couture Womens Juniors Sleeveless Floral A-Line Dress,RADIANTE COUTURE,129.99,174.00,25,Strap Type: SpaghettiClosure Type: ZipperNeckline: V NeckSleeve Length: SleevelessSleeve Style: SleevelessApparel Length: 51 InchesDress Length: Long LengthFiber Content: 100% PolyesterFabric Description: MeshLining: Fully LinedLining Material: PolyesterCare: Hand WashWedding Occasion: Guest of WeddingCountry of Origin: Imported RETURNS: This item must be returned in its original condition with the green return tag in place.,,,"https://jcpenney.scene7.com/is/image/JCPenney/DP1211202509040421M , https://jcpenney.scene7.com/is/image/JCPenney/DP1211202509040212M , https://jcpenney.scene7.com/is/image/JCPenney/DP1211202509040316M",,,"0 , 00 , 10 , 12 , 14 , 18 , 2 , 4 , 6 , 8",Purple
ppr5008637994,https://www.jcpenney.com/p/b-smart-womens-juniors-sleeveless-sequin-scroll-bodycon-dress/ppr5008637994?pTmplType=regular,B. Smart Womens Juniors Sleeveless Sequin Scroll Bodycon Dress,BEE SMART,149.99,200.00,25,"This B. Smart juniors' bodycon dress makes a bold entrance with shimmering sequin detailing and aa sleek, elongated shape. Designed with a sleeveless cut, it’s finished with delicate bow accents at the shoulders and a back zipper for a smooth fit. Style it with strappy heels and simple jewelry to keep the focus on the sparkle.Features: SequinsClosure Type: ZipperNeckline: V NeckSleeve Length: SleevelessApparel Length: 64 InchesDress Length: Long LengthFiber Content: 95% Polyester, 5% SpandexLining: Fully LinedLining Material: PolyesterCare: Dry Flat, Hand WashWedding Occasion: Guest of WeddingCountry of Origin: Imported RETURNS: This item must be returned in its original condition with the green return tag in place.",,,"https://jcpenney.scene7.com/is/image/JCPenney/DP1210202507022868M , https://jcpenney.scene7.com/is/image/JCPenney/DP1210202507022658M , https://jcpenney.scene7.com/is/image/JCPenney/DP1210202507022971M , https://jcpenney.scene7.com/is/image/JCPenney/DP1210202507022763M",,,"0 , 00 , 10 , 12 , 14 , 16 , 18 , 2 , 4 , 6 , 8",Lt Blue Iri
ppr5008637997,https://www.jcpenney.com/p/trixxi-womens-juniors-sleeveless-sequin-floral-ball-gown/ppr5008637997?pTmplType=regular,Trixxi Womens Juniors Sleeveless Sequin Floral Ball Gown,TRIXXI,186.99,250.00,25,"This Trixxi juniors' ball gown gives a fairytale statement look with its sequin floral detailing over a soft mesh fabric. It features a sweetheart neckline, sleeveless design, and comfortable adjustable straps with a corset bodice. Pair it with heels to get an evening-ready look.Strap Type: AdjustableFeatures: SequinsClosure Type: ZipperNeckline: Sweetheart NeckSleeve Length: SleevelessApparel Length: 60 InchesDress Length: Long LengthFiber Content: 100% PolyesterLining: Fully LinedLining Material: PolyesterCare: Dry Clean OnlyWedding Occasion: Guest of WeddingCountry of Origin: Imported RETURNS: This item must be returned in its original condition with the green return tag in place.",,,"https://jcpenney.scene7.com/is/image/JCPenney/DP1015202515003008M , https://jcpenney.scene7.com/is/image/JCPenney/DP1015202517002530M , https://jcpenney.scene7.com/is/image/JCPenney/DP1015202515003218M , https://jcpenney.scene7.com/is/image/JCPenney/DP1015202515003112M , https://jcpenney.scene7.com/is/image/JCPenney/DP1015202515002903M",,,"0 , 00 , 10 , 12 , 14 , 16 , 18 , 2 , 4 , 6 , 8",Navy
ppr5008647624,https://www.jcpenney.com/p/byby-womens-juniors-sleeveless-satin-ball-gown/ppr5008647624?pTmplType=regular,by&by Womens Juniors Sleeveless Satin Ball Gown,BY AND BY,144.99,194.00,25,"Strap Type: StraplessClosure Type: ZipperNeckline: Sweetheart NeckSleeve Length: SleevelessApparel Length: 62.5 InchesDress Length: Long LengthFiber Content: 95% Polyester, 5% SpandexFabric Description: Chiffon, SatinLining: Fully LinedLining Material: PolyesterCare: Line Dry, Machine WashWedding Occasion: Guest of WeddingCountry of Origin: Imported",,,"https://jcpenney.scene7.com/is/image/JCPenney/DP0204202609024977M , https://jcpenney.scene7.com/is/image/JCPenney/DP0204202609024768M , https://jcpenney.scene7.com/is/image/JCPenney/DP0204202609024873M",,,"Large , Medium , Small , X-Large , X-Small , Xx-Large",Red
ppr5008647633,https://www.jcpenney.com/p/b-smart-womens-juniors-sleeveless-sequin-scroll-bodycon-dress/ppr5008647633?pTmplType=regular,B. Smart Womens Juniors Sleeveless Sequin Scroll Bodycon Dress,BEE SMART,149.99,200.00,25,"B. Smart juniors' scroll bodycon dress showcases swirling sequin detail. Styled with a sweetheart neckline and slim spaghetti straps, it finishes with a back tie and a long-length cut. Keep accessories minimal and pair with a sleek heel to get a party ready look.Strap Type: SpaghettiFeatures: SequinsClosure Type: ZipperNeckline: Sweetheart NeckSleeve Length: SleevelessApparel Length: 64 InchesDress Length: Long LengthFiber Content: 95% Polyester, 5% SpandexLining: Fully LinedLining Material: PolyesterCare: Hand Wash, Dry FlatWedding Occasion: Guest of WeddingCountry of Origin: Imported RETURNS: This item must be returned in its original condition with the green return tag in place.",,,"https://jcpenney.scene7.com/is/image/JCPenney/DP1210202507023913M , https://jcpenney.scene7.com/is/image/JCPenney/DP1210202507023704M , https://jcpenney.scene7.com/is/image/JCPenney/DP1210202507024018M , https://jcpenney.scene7.com/is/image/JCPenney/DP1210202507023809M",,,"0 , 00 , 10 , 12 , 14 , 16 , 2 , 4 , 6 , 8",Black Black Black
ppr5008647632,https://www.jcpenney.com/p/city-triangle-womens-juniors-a-line-dress/ppr5008647632?pTmplType=regular,City Triangle Womens Juniors A-Line Dress,CITY TRIANGLE,129.99,174.00,25,"Strap Type: StraplessFeatures: Tiered, Built In Bra, Lined, Lace UpClosure Type: Zipper, Hook & Eye, TieNeckline: V NeckApparel Length: 61 InchesDress Length: Long LengthFiber Content: 80% Nylon, 20% SpandexFabric Description: Mesh, KnitLining: Fully LinedLining Material: PolyesterCare: Dry Clean OnlyMaterial: Knit, MeshBody Type: Apple, Pear, Athletic, Triangle, HourglassWedding Occasion: Guest of WeddingCountry of Origin: Imported RETURNS: This item must be returned in its original condition with the green return tag in place.",,,"https://jcpenney.scene7.com/is/image/JCPenney/DP1118202507021650M , https://jcpenney.scene7.com/is/image/JCPenney/DP1118202507021545M , https://jcpenney.scene7.com/is/image/JCPenney/DP1118202507021755M",,,"0 , 00 , 2",Red
ppr5008647628,https://www.jcpenney.com/p/lilli-asher-womens-juniors-sleeveless-glitter-sequin-bodycon-dress/ppr5008647628?pTmplType=regular,Lilli Asher Womens Juniors Sleeveless Glitter Sequin Bodycon Dress,LILLI ASHER,144.99,194.00,25,"This Lilli Asher juniors' bodycon dress turns heads with a sleek silhouette. Cut in glittering mesh, it features a sweetheart neckline, sleeveless shape, shimmering sequin accents, and a removable strap for versatile styling, finished with a secure back zipper and floor-grazing length. Wear it with statement heels and a clutch for formal nights.Strap Type: RemovableFeatures: Glitter, SequinsClosure Type: ZipperNeckline: Sweetheart NeckSleeve Length: SleevelessApparel Length: 61.5 InchesDress Length: Long LengthFiber Content: 96% Polyester, 4% NylonFabric Description: MeshLining: Fully LinedLining Material: PolyesterCare: Spot CleanMaterial: PolyesterWedding Occasion: Guest of WeddingCountry of Origin: Made in US RETURNS: This item must be returned in its original condition with the green return tag in place.",,,"https://jcpenney.scene7.com/is/image/JCPenney/DP1218202507105250M , https://jcpenney.scene7.com/is/image/JCPenney/DP1218202507105044M , https://jcpenney.scene7.com/is/image/JCPenney/DP1218202507105354M , https://jcpenney.scene7.com/is/image/JCPenney/DP1218202507105561M , https://jcpenney.scene7.com/is/image/JCPenney/DP1218202507105147M",1,1,"0 , 00 , 10 , 12 , 14 , 16 , 2 , 4 , 6 , 8",Teal
ppr5008647638,https://www.jcpenney.com/p/city-triangle-womens-juniors-beaded-cut-outs-sequin-bodycon-dress/ppr5008647638?pTmplType=regular,City Triangle Womens Juniors Beaded Cut Outs Sequin Bodycon Dress,CITY TRIANGLE,114.99,154.00,25,"Strap Type: AdjustableFeatures: Sequins, Beaded, Adjustable Straps, Built In Bra, Stretch Fabric, Lined, Side Slit, Cut OutsClosure Type: Zipper, Hook & EyeNeckline: Asymmetrical NeckApparel Length: 61 InchesDress Length: Long LengthFiber Content: 95% Polyester, 5% SpandexFabric Description: MeshLining: Fully LinedLining Material: PolyesterCare: Dry Clean OnlyMaterial: MeshBody Type: Athletic, Hourglass, AppleWedding Occasion: Guest of WeddingCountry of Origin: Imported RETURNS: This item must be returned in its original condition with the green return tag in place.",,,"https://jcpenney.scene7.com/is/image/JCPenney/DP1118202507021231M , https://jcpenney.scene7.com/is/image/JCPenney/DP1118202507021127M , https://jcpenney.scene7.com/is/image/JCPenney/DP1118202507021336M",,,"Large , Medium , Small , X-Large , X-Small , Xx-Large",Mint
ppr5008647637,https://www.jcpenney.com/p/city-triangle-womens-juniors-floral-a-line-dress/ppr5008647637?pTmplType=regular,City Triangle Womens Juniors Floral A-Line Dress,CITY TRIANGLE,129.99,174.00,25,"Strap Type: AdjustableFeatures: Lined, Lace Up, Adjustable Straps, Tiered, Built In BraClosure Type: Zipper, Tie, Hook & EyeNeckline: Sweetheart NeckApparel Length: 61 InchesDress Length: Long LengthFiber Content: 100% PolyesterFabric Description: MeshLining: Fully LinedLining Material: PolyesterCare: Dry Clean OnlyMaterial: MeshBody Type: Hourglass, Pear, Triangle, Athletic, AppleWedding Occasion: Guest of WeddingCountry of Origin: Imported RETURNS: This item must be returned in its original condition with the green return tag in place.",,,"https://jcpenney.scene7.com/is/image/JCPenney/DP0105202609033534M , https://jcpenney.scene7.com/is/image/JCPenney/DP0105202609033327M , https://jcpenney.scene7.com/is/image/JCPenney/DP1118202507021965M , https://jcpenney.scene7.com/is/image/JCPenney/DP1118202507022173M , https://jcpenney.scene7.com/is/image/JCPenney/DP0105202609033431M",,,"0 , 00 , 10 , 12 , 14 , 16 , 2 , 4 , 6 , 8",Pink Multi
ppr5008637996,https://www.jcpenney.com/p/b-smart-womens-juniors-sleeveless-floral-ball-gown/ppr5008637996?pTmplType=regular,B. Smart Womens Juniors Sleeveless Floral Ball Gown,BEE SMART,144.99,194.00,25,"The B. Smart juniors' ball gown makes a graceful statement with layered movement. Designed with spaghetti straps and a sweetheart neckline, it highlights cold-shoulder sleeves, a tiered floral mesh skirt, and a back zipper, finished in a flowing floor-length cut. Style it with delicate heels and simple jewelry to let the tiers and print stand out.Strap Type: SpaghettiFeatures: TieredClosure Type: ZipperNeckline: Sweetheart NeckSleeve Length: SleevelessSleeve Style: Cold Shoulder SleeveApparel Length: 64 InchesDress Length: Long LengthFiber Content: 100% PolyesterFabric Description: MeshLining: Fully LinedLining Material: PolyesterCare: Do Not Bleach, Do Not Iron, Line Dry, Hand WashWedding Occasion: Guest of WeddingCountry of Origin: Imported RETURNS: This item must be returned in its original condition with the green return tag in place.",,,"https://jcpenney.scene7.com/is/image/JCPenney/DP1202202507081212M , https://jcpenney.scene7.com/is/image/JCPenney/DP1202202507081001M , https://jcpenney.scene7.com/is/image/JCPenney/DP1202202507081316M , https://jcpenney.scene7.com/is/image/JCPenney/DP1202202507081107M",,,"0 , 00 , 10 , 12 , 14 , 16 , 18 , 2 , 4 , 6 , 8",Ofwhite Royal
ppr5008634794,https://www.jcpenney.com/p/radiante-couture-womens-juniors-plus-sleeveless-a-line-dress/ppr5008634794?pTmplType=regular,Radiante Couture Womens Juniors Plus Sleeveless A-Line Dress,RADIANTE COUTURE,144.99,194.00,25,"This women's and junior's long a-line dress from Radiante Couture is a dreamy, feminine style for a special occasion such as a wedding. Made from soft glittery chiffon, it features a scoop neckline, spaghetti straps and and tie details at the back, plus ruffled skirt panels. Pair it with strappy heels. Strap Type: AdjustableClosure Type: Zipper, Pullover Head, TieNeckline: Scoop NeckSleeve Length: SleevelessDress Length: Long LengthFiber Content: 100% PolyesterFabric Description: MeshLining: LinedLining Material: PolyesterCare: Hand Wash, Dry FlatMaterial: PolyesterWedding Occasion: Guest of WeddingCountry of Origin: Imported RETURNS: This item must be returned in its original condition with the green return tag in place.",,,"https://jcpenney.scene7.com/is/image/JCPenney/DP1211202509034343M , https://jcpenney.scene7.com/is/image/JCPenney/DP1211202509034136M , https://jcpenney.scene7.com/is/image/JCPenney/DP1211202509034239M",,,"14 , 16 , 18 , 20 , 22",Periwinkle
ppr5008647618,https://www.jcpenney.com/p/city-triangle-womens-juniors-ball-gown/ppr5008647618?pTmplType=regular,City Triangle Womens Juniors Ball Gown,CITY TRIANGLE,149.99,200.00,25,"The City Triangle juniors' ball gown is designed with dazzling style for an evening look. Fashioned from knit fabric, it features a V-neckline with a built-in bra and adjustable straps for a customized fit. Secured with a zipper and hook-and-eye closure, it includes two side slip pockets. Team it with heels to achieve a show-stopping, prom-ready look.Strap Type: AdjustableFeatures: Built In Bra, Pocket, Adjustable Straps, Lined, GlitterClosure Type: Hook & Eye, ZipperNeckline: V NeckPocket Types: 2 Side Slip Pocket(s)Apparel Length: 61 InchesDress Length: Long LengthFiber Content: 100% PolyesterFabric Description: KnitLining: Fully LinedLining Material: PolyesterCare: Dry Clean OnlyMaterial: KnitBody Type: Triangle, Athletic, Apple, Pear, HourglassWedding Occasion: Guest of WeddingCountry of Origin: Imported RETURNS: This item must be returned in its original condition with the green return tag in place.",,,"https://jcpenney.scene7.com/is/image/JCPenney/DP1118202507022906M , https://jcpenney.scene7.com/is/image/JCPenney/DP1118202507022801M , https://jcpenney.scene7.com/is/image/JCPenney/DP1118202507023011M",,,"0 , 00 , 14 , 2 , 4 , 8",Berry
ppr5008647629,https://www.jcpenney.com/p/lilli-asher-attached-scarf-womens-juniors-sleeveless-satin-bodycon-dress/ppr5008647629?pTmplType=regular,Lilli Asher Attached Scarf Womens Juniors Sleeveless Satin Bodycon Dress,LILLI ASHER,114.99,154.00,25,"The Lilli Asher juniors' bodycon dress is a flawless selection for a cocktail party. This strapless gown comes with an attached scarf and features a corset, non-cushioned bodice. Highlighting a straight neck, zipper closure, and a sleek side slit, the smooth satin build offers a timeless look when dressed in minimal accessories and chic heels.Strap Type: StraplessFeatures: Non-CushionedClosure Type: ZipperNeckline: Straight NeckSleeve Length: SleevelessApparel Length: 61 InchesDress Length: Long LengthFiber Content: 97% Polyester, 3% SpandexFabric Description: SatinLining: Fully LinedLining Material: PolyesterCare: Dry Clean OnlyMaterial: PolyesterWedding Occasion: Guest of WeddingCountry of Origin: Imported RETURNS: This item must be returned in its original condition with the green return tag in place.",,,"https://jcpenney.scene7.com/is/image/JCPenney/DP1218202507104629M , https://jcpenney.scene7.com/is/image/JCPenney/DP1218202507104323M , https://jcpenney.scene7.com/is/image/JCPenney/DP1218202507104733M , https://jcpenney.scene7.com/is/image/JCPenney/DP1218202507104940M , https://jcpenney.scene7.com/is/image/JCPenney/DP1218202507104429M",3,2,"0 , 00 , 10 , 12 , 14 , 16 , 2 , 4 , 6 , 8",Black
ppr5008647635,https://www.jcpenney.com/p/city-triangle-womens-juniors-sequin-bodycon-dress/ppr5008647635?pTmplType=regular,City Triangle Womens Juniors Sequin Bodycon Dress,CITY TRIANGLE,129.99,174.00,25,"Strap Type: AdjustableFeatures: Side Slit, Lined, Adjustable Straps, Built In Bra, Stretch Fabric, SequinsClosure Type: Zipper, Hook & EyeNeckline: V NeckApparel Length: 61 InchesDress Length: Long LengthFiber Content: 95% Polyester, 5% SpandexFabric Description: MeshLining: Fully LinedLining Material: PolyesterCare: Dry Clean OnlyMaterial: MeshBody Type: Apple, Hourglass, AthleticWedding Occasion: Guest of WeddingCountry of Origin: Imported RETURNS: This item must be returned in its original condition with the green return tag in place.",,,"https://jcpenney.scene7.com/is/image/JCPenney/DP1118202507020394M , https://jcpenney.scene7.com/is/image/JCPenney/DP1118202507020290M , https://jcpenney.scene7.com/is/image/JCPenney/DP1118202507020499M",,,"Large , Medium , Small , X-Large , X-Small , Xx-Large",Cream Multi
ppr5008647660,https://www.jcpenney.com/p/city-triangle-womens-juniors-sequin-bodycon-dress/ppr5008647660?pTmplType=regular,City Triangle Womens Juniors Sequin Bodycon Dress,CITY TRIANGLE,149.99,200.00,25,"Strap Type: TankFeatures: Built In Bra, Stretch Fabric, Side Slit, Lined, SequinsClosure Type: Hook & Eye, ZipperNeckline: V NeckApparel Length: 61 InchesDress Length: Long LengthFiber Content: 95% Polyester, 5% SpandexFabric Description: MeshLining: Fully LinedLining Material: PolyesterCare: Dry Clean OnlyMaterial: MeshWedding Occasion: Guest of WeddingCountry of Origin: Imported RETURNS: This item must be returned in its original condition with the green return tag in place.",,,"https://jcpenney.scene7.com/is/image/JCPenney/DP0204202613032087M , https://jcpenney.scene7.com/is/image/JCPenney/DP0204202613031982M , https://jcpenney.scene7.com/is/image/JCPenney/DP0204202613032191M",,,"0 , 1 , 11 , 13 , 15 , 17 , 19 , 3 , 5 , 7 , 9",Neon Pink
ppr5008647673,https://www.jcpenney.com/p/b-smart-womens-juniors-bodycon-dress/ppr5008647673?pTmplType=regular,B. Smart Womens Juniors Bodycon Dress,BEE SMART,114.99,154.00,25,"Strap Type: SpaghettiClosure Type: ZipperSleeve Style: SleevelessApparel Length: 64 InchesDress Length: Long LengthFiber Content: 95% Polyester, 5% SpandexLining: Fully LinedLining Material: PolyesterCare: Professional Clean, Spot CleanMaterial: MeshWedding Occasion: Guest of WeddingCountry of Origin: Imported",,,"https://jcpenney.scene7.com/is/image/JCPenney/DP0212202609024372M , https://jcpenney.scene7.com/is/image/JCPenney/DP0212202609024268M , https://jcpenney.scene7.com/is/image/JCPenney/DP0212202609024475M",,,"0 , 00 , 10 , 12 , 14 , 16 , 18 , 2 , 8",Lt Yellow
ppr5008647642,https://www.jcpenney.com/p/morgan-co-womens-juniors-sleeveless-beaded-glitter-sequin-bodycon-dress/ppr5008647642?pTmplType=regular,Morgan & Co. Womens Juniors Sleeveless Beaded Glitter Sequin Bodycon Dress,Morgan & Co.,114.99,154.00,25,"This Morgan & Co women's bodycon dress is a showstopping sparkly number for a formal event. It features a sweet butterfly shaped bustier top with cut-outs and sequins, plus a floor-length satin skirt with a split, a delicate criss-cross strappy back and gathered details to drape your figure perfectly. Wear it with pumps and a clutch. Strap Type: SpaghettiFeatures: Sequins, Glitter, BeadedClosure Type: ZipperNeckline: V NeckSleeve Length: SleevelessDress Length: Long LengthFiber Content: 96% Polyester, 4% SpandexLining: LinedCare: Hand Wash, Line DryWedding Occasion: Guest of WeddingCountry of Origin: Imported",,,"https://jcpenney.scene7.com/is/image/JCPenney/DP1217202507131085M , https://jcpenney.scene7.com/is/image/JCPenney/DP1217202507130878M , https://jcpenney.scene7.com/is/image/JCPenney/DP1217202507130981M",,,"0 , 10 , 12 , 14 , 16 , 2 , 4 , 6 , 8",Black
ppr5008647680,https://www.jcpenney.com/p/morgan-co-womens-juniors-floral-bodycon-dress/ppr5008647680?pTmplType=regular,Morgan & Co. Womens Juniors Floral Bodycon Dress,Morgan & Co.,129.99,174.00,25,"Strap Type: StraplessFeatures: Lace UpClosure Type: ZipperNeckline: Scallop NeckSleeve Style: SleevelessApparel Length: 67 InchesDress Length: Long LengthFiber Content: 94% Polyester, 6% SpandexLining: LinedLining Material: PolyesterCare: Hand WashMaterial: MeshWedding Occasion: Guest of Wedding, Mother of the BrideCountry of Origin: Imported RETURNS: This item must be returned in its original condition with the green return tag in place.",,,"https://jcpenney.scene7.com/is/image/JCPenney/DP0108202607024506M , https://jcpenney.scene7.com/is/image/JCPenney/DP0108202607024299M , https://jcpenney.scene7.com/is/image/JCPenney/DP0108202607024609M , https://jcpenney.scene7.com/is/image/JCPenney/DP0108202607024402M",,,"0 , 1 , 11 , 13 , 15 , 3 , 5 , 7 , 9",Royal White
ppr5008647656,https://www.jcpenney.com/p/city-triangle-womens-juniors-sequin-floral-bodycon-dress/ppr5008647656?pTmplType=regular,City Triangle Womens Juniors Sequin Floral Bodycon Dress,CITY TRIANGLE,149.99,200.00,25,"Strap Type: StraplessFeatures: Built In Bra, Lined, Side Slit, Sequins, Stretch FabricClosure Type: Zipper, Hook & EyeNeckline: Straight NeckApparel Length: 61 InchesDress Length: Long LengthFiber Content: 95% Polyester, 5% SpandexFabric Description: MeshLining: Fully LinedLining Material: PolyesterCare: Dry Clean OnlyMaterial: MeshWedding Occasion: Guest of WeddingCountry of Origin: Imported RETURNS: This item must be returned in its original condition with the green return tag in place.",,,"https://jcpenney.scene7.com/is/image/JCPenney/DP0212202613055081M , https://jcpenney.scene7.com/is/image/JCPenney/DP0212202613054977M , https://jcpenney.scene7.com/is/image/JCPenney/DP0212202613055185M",,,"Large , Medium , Small , X-Small , Xx-Large",White Fuchsia
ppr5008647676,https://www.jcpenney.com/p/city-triangle-womens-juniors-plus-a-line-dress/ppr5008647676?pTmplType=regular,City Triangle Womens Juniors Plus A-Line Dress,CITY TRIANGLE,149.99,200.00,25,"Strap Type: AdjustableFeatures: Beaded, Rhinestones, Adjustable Straps, Glitter, Side Slit, Lace Up, Applique, Pocket, Lined, Built In BraClosure Type: Tie, Zipper, Hook & EyeNeckline: Draped NeckPocket Types: 2 Side Slip Pocket(s)Sleeve Style: Off Shoulder SleeveApparel Length: 61 InchesDress Length: Long LengthFiber Content: 100% PolyesterFabric Description: KnitLining: LinedLining Material: PolyesterCare: Dry Clean OnlyMaterial: KnitWedding Occasion: Guest of WeddingCountry of Origin: Imported RETURNS: This item must be returned in its original condition with the green return tag in place.",,,"https://jcpenney.scene7.com/is/image/JCPenney/DP1222202513055132M , https://jcpenney.scene7.com/is/image/JCPenney/DP1222202513055028M , https://jcpenney.scene7.com/is/image/JCPenney/DP1222202513055235M",,,"14 , 16 , 22 , 24",Pale Blue
ppr5008647670,https://www.jcpenney.com/p/emerald-sundae-womens-juniors-sleeveless-bodycon-dress/ppr5008647670?pTmplType=regular,Emerald Sundae Womens Juniors Sleeveless Bodycon Dress,EMERALD SUNDAE,149.99,200.00,25,"Strap Type: AdjustableClosure Type: ZipperNeckline: Round NeckSleeve Length: SleevelessSleeve Style: SleevelessApparel Length: 56.25 Inches - FrontDress Length: Long LengthFiber Content: 97% Polyester, 3% SpandexFabric Description: MeshLining: LinedLining Material: PolyesterCare: Hand WashMaterial: PolyesterWedding Occasion: Guest of WeddingCountry of Origin: Imported RETURNS: This item must be returned in its original condition with the green return tag in place.",,,"https://jcpenney.scene7.com/is/image/JCPenney/DP0217202613033782M , https://jcpenney.scene7.com/is/image/JCPenney/DP0217202613033573M , https://jcpenney.scene7.com/is/image/JCPenney/DP0217202613033678M",,,"Large , Medium , Small , X-Large , X-Small , Xx-Large",Green
ppr5008647658,https://www.jcpenney.com/p/city-triangle-womens-juniors-embellished-sequin-bodycon-dress/ppr5008647658?pTmplType=regular,City Triangle Womens Juniors Embellished Sequin Bodycon Dress,CITY TRIANGLE,114.99,154.00,25,"Strap Type: WideFeatures: Stretch Fabric, Lined, Sequins, Embellished, Built In BraClosure Type: Hook & Eye, ZipperNeckline: Asymmetrical NeckApparel Length: 61 InchesDress Length: Long LengthFiber Content: 84% Nylon, 16% SpandexFabric Description: KnitLining: Fully LinedLining Material: Acetate, PolyesterCare: Dry Clean OnlyMaterial: KnitWedding Occasion: Guest of WeddingCountry of Origin: Imported RETURNS: This item must be returned in its original condition with the green return tag in place.",,,"https://jcpenney.scene7.com/is/image/JCPenney/DP0204202613025994M , https://jcpenney.scene7.com/is/image/JCPenney/DP0204202613025889M , https://jcpenney.scene7.com/is/image/JCPenney/DP0204202613030098M",,,"Large , Medium , Small , X-Large , X-Small , Xx-Large",Hunter
ppr5008637993,https://www.jcpenney.com/p/b-smart-womens-juniors-sleeveless-satin-a-line-dress/ppr5008637993?pTmplType=regular,B. Smart Womens Juniors Sleeveless Satin A-Line Dress,BEE SMART,114.99,154.00,25,"This B. Smart juniors' A-line dress comes with spaghetti straps, a square neckline, and a sleeveless cut. Finished with a tiered silhouette, satin fabric, and a zipper closure at the back, it can be styled with ballet flats or heels.Strap Type: SpaghettiFeatures: TieredClosure Type: ZipperNeckline: Square NeckSleeve Length: SleevelessApparel Length: 64 InchesDress Length: Long LengthFiber Content: 100% PolyesterFabric Description: SatinLining: Fully LinedLining Material: PolyesterCare: Do Not Bleach, Machine Wash, Line DryWedding Occasion: Guest of WeddingCountry of Origin: Imported RETURNS: This item must be returned in its original condition with the green return tag in place.",,,"https://jcpenney.scene7.com/is/image/JCPenney/DP1124202507030538M , https://jcpenney.scene7.com/is/image/JCPenney/DP1124202507030302M , https://jcpenney.scene7.com/is/image/JCPenney/DP1124202507030886M , https://jcpenney.scene7.com/is/image/JCPenney/DP1124202507030653M , https://jcpenney.scene7.com/is/image/JCPenney/DP1124202507030768M , https://jcpenney.scene7.com/is/image/JCPenney/DP1124202507030417M",,,"0 , 00 , 10 , 12 , 14 , 16 , 18 , 2 , 4 , 6 , 8",Navy
ppr5008647631,https://www.jcpenney.com/p/byby-womens-juniors-sleeveless-beaded-sequin-bodycon-dress/ppr5008647631?pTmplType=regular,by&by Womens Juniors Sleeveless Beaded Sequin Bodycon Dress,BY AND BY,114.99,154.00,25,"Features: Beaded, SequinsClosure Type: ZipperNeckline: V NeckSleeve Length: SleevelessSleeve Style: SleevelessApparel Length: 60 Inches - BackDress Length: Long LengthFiber Content: 95% Polyester, 5% SpandexFabric Description: MeshLining: LinedLining Material: PolyesterCare: Machine Wash, Line DryWedding Occasion: Guest of WeddingCountry of Origin: Imported RETURNS: This item must be returned in its original condition with the green return tag in place.",,,"https://jcpenney.scene7.com/is/image/JCPenney/DP1204202509050692M , https://jcpenney.scene7.com/is/image/JCPenney/DP1204202509050484M , https://jcpenney.scene7.com/is/image/JCPenney/DP1204202509050588M",,,"Large , Medium , Small , X-Large , X-Small , Xx-Large",Red
ppr5008647641,https://www.jcpenney.com/p/b-smart-womens-juniors-beaded-bodycon-dress/ppr5008647641?pTmplType=regular,B. Smart Womens Juniors Beaded Bodycon Dress,BEE SMART,129.99,174.00,25,"Strap Type: StraplessFeatures: BeadedClosure Type: ZipperNeckline: Draped NeckApparel Length: 63 InchesDress Length: Long LengthFiber Content: 95% Polyester, 5% SpandexFabric Description: MeshLining: Fully LinedLining Material: PolyesterCare: Dry Flat, Hand WashWedding Occasion: Guest of WeddingCountry of Origin: Imported RETURNS: This item must be returned in its original condition with the green return tag in place.",,,"https://jcpenney.scene7.com/is/image/JCPenney/DP0114202607030848M , https://jcpenney.scene7.com/is/image/JCPenney/DP0114202607030642M , https://jcpenney.scene7.com/is/image/JCPenney/DP0114202607030952M , https://jcpenney.scene7.com/is/image/JCPenney/DP0114202607030745M",,,"Large , Medium , Small , X-Small",Lt Pink
ppr5008647536,https://www.jcpenney.com/p/trixxi-womens-juniors-cut-outs-sequin-bodycon-dress/ppr5008647536?pTmplType=regular,Trixxi Womens Juniors Cut Outs Sequin Bodycon Dress,TRIXXI,114.99,154.00,25,"This Trixxi women's and junior's sequin bodycon floor-length dress will be a red carpet style winner for a wedding, black tie or special event. Made from stretch-mesh with a sequin coating and a sheer panel, this ultra-glam one-shoulder design comes complete with a thigh-high split and flattering figure-hugging fit. Wear it with pumps or strappy sandals. Features: Sequins, Cut OutsClosure Type: ZipperNeckline: Asymmetrical NeckApparel Length: 62 InchesDress Length: Long LengthFiber Content: 95% Polyester, 5% SpandexFabric Description: MeshLining: LinedLining Material: PolyesterCare: Hand Wash, Dry FlatWedding Occasion: Guest of WeddingCountry of Origin: Imported RETURNS: This item must be returned in its original condition with the green return tag in place.",,,"https://jcpenney.scene7.com/is/image/JCPenney/DP1104202507035306M , https://jcpenney.scene7.com/is/image/JCPenney/DP1104202507035201M , https://jcpenney.scene7.com/is/image/JCPenney/DP1104202507035515M , https://jcpenney.scene7.com/is/image/JCPenney/DP1104202507035411M , https://jcpenney.scene7.com/is/image/JCPenney/DP1104202507035097M",,,"0 , 00 , 10 , 12 , 14 , 2 , 4 , 6 , 8",Black
ppr5008637982,https://www.jcpenney.com/p/trixxi-womens-juniors-sleeveless-floral-ball-gown/ppr5008637982?pTmplType=regular,Trixxi Womens Juniors Sleeveless Floral Ball Gown,TRIXXI,144.99,194.00,25,Strap Type: AdjustableClosure Type: ZipperNeckline: Sweetheart NeckSleeve Length: SleevelessApparel Length: 61 InchesDress Length: Long LengthFiber Content: 100% PolyesterLining: LinedLining Material: PolyesterCare: Dry Clean OnlyWedding Occasion: Guest of WeddingCountry of Origin: Imported RETURNS: This item must be returned in its original condition with the green return tag in place.,,,"https://jcpenney.scene7.com/is/image/JCPenney/DP1216202507035879M , https://jcpenney.scene7.com/is/image/JCPenney/DP1216202507035672M , https://jcpenney.scene7.com/is/image/JCPenney/DP1216202507040085M , https://jcpenney.scene7.com/is/image/JCPenney/DP1216202507035982M , https://jcpenney.scene7.com/is/image/JCPenney/DP1216202507035775M",,,"0 , 00 , 10 , 12 , 14 , 16 , 18 , 2 , 4 , 6 , 8",White Blue Floral
ppr5008638001,https://www.jcpenney.com/p/trixxi-womens-juniors-sleeveless-embellished-bodycon-dress/ppr5008638001?pTmplType=regular,Trixxi Womens Juniors Sleeveless Embellished Bodycon Dress,TRIXXI,114.99,154.00,25,"This Trixxi women's and junior's embellished floor-length dress is a black tie or wedding guest stunner. Made from a slinky stretch fabric, this bodycon long dress comes embellished with faux pearls and rhinestones and has spaghetti straps and a square neck. Wear it with stilettos. Strap Type: AdjustableFeatures: EmbellishedClosure Type: ZipperNeckline: Square NeckSleeve Length: SleevelessSleeve Style: SleevelessApparel Length: 61 InchesDress Length: Long LengthFiber Content: 97% Polyester, 3% SpandexLining: LinedLining Material: PolyesterCare: Hand Wash, Line DryWedding Occasion: Guest of WeddingCountry of Origin: Imported RETURNS: This item must be returned in its original condition with the green return tag in place.",,,"https://jcpenney.scene7.com/is/image/JCPenney/DP1216202507040499M , https://jcpenney.scene7.com/is/image/JCPenney/DP1216202507040292M , https://jcpenney.scene7.com/is/image/JCPenney/DP1216202507040705M , https://jcpenney.scene7.com/is/image/JCPenney/DP1216202507040602M , https://jcpenney.scene7.com/is/image/JCPenney/DP1216202507040395M",,,"Large , Medium , Small , X-Large , X-Small , Xx-Large",Black
ppr5008647655,https://www.jcpenney.com/p/b-smart-womens-juniors-sequin-bodycon-dress/ppr5008647655?pTmplType=regular,B. Smart Womens Juniors Sequin Bodycon Dress,BEE SMART,129.99,174.00,25,"Strap Type: SpaghettiFeatures: SequinsClosure Type: ZipperSleeve Style: SleevelessApparel Length: 63 InchesDress Length: Long LengthFiber Content: 85% Polyester, 15% MetallicLining: Fully LinedLining Material: PolyesterCare: Spot Clean, Professional CleanMaterial: VelvetWedding Occasion: Guest of WeddingCountry of Origin: Imported",,,"https://jcpenney.scene7.com/is/image/JCPenney/DP0204202613035854M , https://jcpenney.scene7.com/is/image/JCPenney/DP0204202613035749M , https://jcpenney.scene7.com/is/image/JCPenney/DP0204202613040168M , https://jcpenney.scene7.com/is/image/JCPenney/DP0204202613035959M",,,"0 , 00 , 10 , 12 , 14 , 18 , 2 , 4 , 6 , 8",Saph Saph
ppr5008647621,https://www.jcpenney.com/p/b-smart-womens-juniors-sleeveless-cut-outs-sequin-bodycon-dress/ppr5008647621?pTmplType=regular,B. Smart Womens Juniors Sleeveless Cut Outs Sequin Bodycon Dress,BEE SMART,114.99,154.00,25,"Strike a pose at your next formal occasion wearing this stunning sparkler of a dress from the B. Smart women's and junior's collection. Made from sequin coated stretch fabric, this floor-length bodycon dress has a tie back, a thigh-high split and a knotted bustier with a semi-sheer cut-out to max out the glam factor. Wear it with stilettos and a clutch. Strap Type: SpaghettiFeatures: Cut Outs, SequinsClosure Type: ZipperNeckline: V NeckSleeve Length: SleevelessApparel Length: 64 InchesDress Length: Long LengthFiber Content: 97% Polyester, 3% SpandexLining: Fully LinedLining Material: PolyesterCare: Dry Flat, Hand WashWedding Occasion: Guest of WeddingCountry of Origin: Imported RETURNS: This item must be returned in its original condition with the green return tag in place.",,,"https://jcpenney.scene7.com/is/image/JCPenney/DP1210202507024960M , https://jcpenney.scene7.com/is/image/JCPenney/DP1210202507024751M , https://jcpenney.scene7.com/is/image/JCPenney/DP1210202507025065M , https://jcpenney.scene7.com/is/image/JCPenney/DP1210202507024856M",,,"0 , 00 , 10 , 12 , 14 , 16 , 18 , 2 , 4 , 6 , 8",Navy Navy
ppr5008647677,https://www.jcpenney.com/p/city-triangle-womens-juniors-plus-sequin-ball-gown/ppr5008647677?pTmplType=regular,City Triangle Womens Juniors Plus Sequin Ball Gown,CITY TRIANGLE,149.99,200.00,25,"Strap Type: AdjustableFeatures: Lined, Lace Back, Adjustable Straps, Pocket, Glitter, Built In Bra, Sequins, Cut OutsClosure Type: Zipper, Hook & EyeNeckline: Scoop NeckPocket Types: 2 Side Slip Pocket(s)Apparel Length: 61 InchesDress Length: Long LengthFiber Content: 100% PolyesterFabric Description: KnitLining: LinedLining Material: PolyesterCare: Dry Clean OnlyMaterial: KnitWedding Occasion: Guest of WeddingCountry of Origin: Imported RETURNS: This item must be returned in its original condition with the green return tag in place.",,,"https://jcpenney.scene7.com/is/image/JCPenney/DP1222202513055960M , https://jcpenney.scene7.com/is/image/JCPenney/DP1222202513055856M , https://jcpenney.scene7.com/is/image/JCPenney/DP1222202513060063M",,,"14 , 16 , 18 , 20 , 22 , 24",Bright Royal
ppr5008647622,https://www.jcpenney.com/p/emerald-sundae-womens-juniors-sleeveless-bodycon-dress/ppr5008647622?pTmplType=regular,Emerald Sundae Womens Juniors Sleeveless Bodycon Dress,EMERALD SUNDAE,114.99,154.00,25,"Strap Type: AdjustableClosure Type: Pull On, TieNeckline: Square NeckSleeve Length: SleevelessApparel Length: 59 Inches - FrontDress Length: Long LengthFiber Content: 100% PolyesterLining: Fully LinedLining Material: PolyesterCare: Dry Clean OnlyMaterial: PolyesterWedding Occasion: Guest of WeddingCountry of Origin: Imported RETURNS: This item must be returned in its original condition with the green return tag in place.",,,"https://jcpenney.scene7.com/is/image/JCPenney/DP0127202609042997M , https://jcpenney.scene7.com/is/image/JCPenney/DP0127202609042787M , https://jcpenney.scene7.com/is/image/JCPenney/DP0127202609042892M",,,"Large , Medium , Small , X-Large , X-Small , Xx-Large",Champagne
ppr5008647634,https://www.jcpenney.com/p/radiante-couture-womens-juniors-sequin-bodycon-dress/ppr5008647634?pTmplType=regular,Radiante Couture Womens Juniors Sequin Bodycon Dress,RADIANTE COUTURE,114.99,154.00,25,"Strap Type: SpaghettiFeatures: SequinsClosure Type: ZipperNeckline: V NeckSleeve Style: SleevelessApparel Length: 51 InchesDress Length: Long LengthFiber Content: 90% Polyester, 10% SpandexLining: Fully LinedLining Material: PolyesterCare: Hand WashMaterial: PolyesterWedding Occasion: Guest of WeddingCountry of Origin: Imported RETURNS: This item must be returned in its original condition with the green return tag in place.",,,"https://jcpenney.scene7.com/is/image/JCPenney/DP1211202509035588M , https://jcpenney.scene7.com/is/image/JCPenney/DP1211202509035381M , https://jcpenney.scene7.com/is/image/JCPenney/DP1211202509035484M , https://jcpenney.scene7.com/is/image/JCPenney/DP1212202509042652M",,,"Large , Medium , Small , X-Large , X-Small , Xx-Large",Charcoal
ppr5008647627,https://www.jcpenney.com/p/b-smart-womens-juniors-sleeveless-sequin-bodycon-dress/ppr5008647627?pTmplType=regular,B. Smart Womens Juniors Sleeveless Sequin Bodycon Dress,BEE SMART,114.99,154.00,25,"The B. Smart juniors' bodycon dress offers a glamorous, sparkling look. It is covered in sequins and features a V-neckline, spaghetti straps, and a zipper closure. A bold side slit keeps the silhouette sleek making it a right party-ready ensemble when paired with strappy heels.Strap Type: SpaghettiFeatures: SequinsClosure Type: ZipperNeckline: V NeckSleeve Length: SleevelessApparel Length: 64 InchesDress Length: Long LengthFiber Content: 95% Polyester, 5% SpandexLining: Fully LinedLining Material: PolyesterCare: Dry Flat, Hand WashWedding Occasion: Guest of WeddingCountry of Origin: Imported RETURNS: This item must be returned in its original condition with the green return tag in place.",,,"https://jcpenney.scene7.com/is/image/JCPenney/DP1210202507024437M , https://jcpenney.scene7.com/is/image/JCPenney/DP1210202507024227M , https://jcpenney.scene7.com/is/image/JCPenney/DP1210202507024541M , https://jcpenney.scene7.com/is/image/JCPenney/DP1210202507024332M",,,"00 , 12 , 14 , 18 , 2",Wine
ppr5008634796,https://www.jcpenney.com/p/b-smart-womens-juniors-sleeveless-a-line-dress/ppr5008634796?pTmplType=regular,B. Smart Womens Juniors Sleeveless A-Line Dress,BEE SMART,144.99,194.00,25,"The B. Smart juniors' A-Line dress delivers a flowy, playful look with its tiered silhouette. Crafted from lightweight fabric, it features a V-neckline with spaghetti straps, a sleeveless design, and a zipper closure at the back. Finish with simple heels for a charming, party-ready outfit.Strap Type: SpaghettiFeatures: TieredClosure Type: ZipperNeckline: V NeckSleeve Length: SleevelessApparel Length: 64 InchesDress Length: Long LengthFiber Content: 100% PolyesterFabric Description: MeshLining: Fully LinedLining Material: PolyesterCare: Hand Wash, Line Dry, Do Not BleachWedding Occasion: Guest of WeddingCountry of Origin: Imported RETURNS: This item must be returned in its original condition with the green return tag in place.",,,"https://jcpenney.scene7.com/is/image/JCPenney/DP1124202507025825M , https://jcpenney.scene7.com/is/image/JCPenney/DP1124202507025424M , https://jcpenney.scene7.com/is/image/JCPenney/DP1124202507030187M , https://jcpenney.scene7.com/is/image/JCPenney/DP1124202507030025M , https://jcpenney.scene7.com/is/image/JCPenney/DP1124202507025625M",,,"0 , 00 , 10 , 12 , 14 , 18 , 2 , 4 , 6 , 8",Black Black
ppr5008647653,https://www.jcpenney.com/p/city-triangle-womens-juniors-glitter-lace-bodycon-dress/ppr5008647653?pTmplType=regular,City Triangle Womens Juniors Glitter Lace Bodycon Dress,CITY TRIANGLE,129.99,174.00,25,"Strap Type: TankFeatures: Lace, Lined, Built In Bra, Lace Up, Glitter, Stretch Fabric, BowClosure Type: Hook & Eye, ZipperNeckline: Sweetheart NeckApparel Length: 61 InchesDress Length: Long LengthFiber Content: 98% Polyester, 2% SpandexFabric Description: LaceLining: Fully LinedLining Material: PolyesterCare: Dry Clean OnlyMaterial: LaceWedding Occasion: Guest of WeddingCountry of Origin: Imported RETURNS: This item must be returned in its original condition with the green return tag in place.",,,"https://jcpenney.scene7.com/is/image/JCPenney/DP0204202613031249M , https://jcpenney.scene7.com/is/image/JCPenney/DP0204202613031144M , https://jcpenney.scene7.com/is/image/JCPenney/DP0204202613031354M",,,"0 , 00 , 10 , 12 , 14 , 16 , 18 , 2 , 4 , 6 , 8",Cabernet
ppr5008647620,https://www.jcpenney.com/p/b-smart-womens-juniors-sleeveless-bodycon-dress/ppr5008647620?pTmplType=regular,B. Smart Womens Juniors Sleeveless Bodycon Dress,BEE SMART,149.99,200.00,25,"Strap Type: SpaghettiClosure Type: ZipperNeckline: V NeckSleeve Length: SleevelessApparel Length: 63 InchesDress Length: Long LengthFiber Content: 95% Polyester, 5% SpandexLining: Fully LinedLining Material: PolyesterCare: Hand Wash, Dry FlatWedding Occasion: Guest of WeddingCountry of Origin: Imported RETURNS: This item must be returned in its original condition with the green return tag in place.",,,"https://jcpenney.scene7.com/is/image/JCPenney/DP0212202609023440M , https://jcpenney.scene7.com/is/image/JCPenney/DP0212202609023232M , https://jcpenney.scene7.com/is/image/JCPenney/DP0212202609023544M , https://jcpenney.scene7.com/is/image/JCPenney/DP0212202609023335M",,,"0 , 00 , 10 , 12 , 14 , 16 , 18 , 2 , 4 , 6 , 8",Lt Yellow Iri
ppr5008647636,https://www.jcpenney.com/p/byby-womens-juniors-sleeveless-bodycon-dress/ppr5008647636?pTmplType=regular,by&by Womens Juniors Sleeveless Bodycon Dress,BY AND BY,149.99,200.00,25,"Strap Type: StraplessFeatures: BowClosure Type: ZipperNeckline: Sweetheart NeckSleeve Length: SleevelessApparel Length: 60 Inches - BackDress Length: Long LengthFiber Content: 100% PolyesterFabric Description: KnitLining: LinedLining Material: PolyesterCare: Line Dry, Machine WashWedding Occasion: Guest of WeddingCountry of Origin: Imported RETURNS: This item must be returned in its original condition with the green return tag in place.",,,"https://jcpenney.scene7.com/is/image/JCPenney/DP0204202609024558M , https://jcpenney.scene7.com/is/image/JCPenney/DP0204202609024349M , https://jcpenney.scene7.com/is/image/JCPenney/DP0204202609024454M",,,"Large , Medium , Small , X-Large , X-Small , Xx-Large",Confetti
ppr5008647663,https://www.jcpenney.com/p/city-triangle-womens-juniors-glitter-bodycon-dress/ppr5008647663?pTmplType=regular,City Triangle Womens Juniors Glitter Bodycon Dress,CITY TRIANGLE,149.99,200.00,25,"Strap Type: AdjustableFeatures: Faux Wrap, Side Slit, Glitter, Adjustable Straps, Built In Bra, LinedClosure Type: Hook & Eye, ZipperNeckline: Sweetheart NeckApparel Length: 61 InchesDress Length: Long LengthFiber Content: 60% Metallic, 40% PolyesterFabric Description: KnitLining: Fully LinedLining Material: PolyesterCare: Dry Clean OnlyMaterial: KnitWedding Occasion: Guest of WeddingCountry of Origin: Imported RETURNS: This item must be returned in its original condition with the green return tag in place.",,,"https://jcpenney.scene7.com/is/image/JCPenney/DP0204202613030413M , https://jcpenney.scene7.com/is/image/JCPenney/DP0204202613030308M , https://jcpenney.scene7.com/is/image/JCPenney/DP0204202613030517M",,,"0 , 00 , 10 , 12 , 14 , 16 , 18 , 2 , 4 , 6 , 8",Seagreen
ppr5008647639,https://www.jcpenney.com/p/morgan-co-womens-juniors-sleeveless-beaded-sequin-bodycon-dress/ppr5008647639?pTmplType=regular,Morgan & Co. Womens Juniors Sleeveless Beaded Sequin Bodycon Dress,Morgan & Co.,149.99,200.00,25,"Strap Type: SpaghettiFeatures: Sequins, BeadedClosure Type: ZipperNeckline: Square NeckSleeve Length: SleevelessSleeve Style: SleevelessDress Length: Long LengthFiber Content: 100% PolyesterLining: LinedCare: Hand WashWedding Occasion: Guest of WeddingCountry of Origin: Imported",,,"https://jcpenney.scene7.com/is/image/JCPenney/DP1217202507131498M , https://jcpenney.scene7.com/is/image/JCPenney/DP1217202507131292M , https://jcpenney.scene7.com/is/image/JCPenney/DP1217202507131395M",,,"0 , 10 , 12 , 14 , 16 , 2 , 4 , 6 , 8",Periwinkle
ppr5008637988,https://www.jcpenney.com/p/b-smart-womens-juniors-sleeveless-a-line-dress/ppr5008637988?pTmplType=regular,B. Smart Womens Juniors Sleeveless A-Line Dress,BEE SMART,129.99,174.00,25,"Strap Type: SpaghettiFeatures: Side SlitClosure Type: ZipperNeckline: Sweetheart NeckSleeve Length: SleevelessSleeve Style: SleevelessApparel Length: 63 InchesDress Length: Long LengthFiber Content: 100% PolyesterFabric Description: MeshLining: LinedLining Material: PolyesterCare: Professional Clean, Spot CleanWedding Occasion: Guest of WeddingCountry of Origin: Imported RETURNS: This item must be returned in its original condition with the green return tag in place.",,,"https://jcpenney.scene7.com/is/image/JCPenney/DP1119202507062311M , https://jcpenney.scene7.com/is/image/JCPenney/DP1119202507062102M , https://jcpenney.scene7.com/is/image/JCPenney/DP1119202507062416M , https://jcpenney.scene7.com/is/image/JCPenney/DP1119202507062207M",,,"0 , 00 , 10 , 12 , 14 , 16 , 18 , 2 , 4 , 6 , 8",Yellow Yellow
ppr5008637998,https://www.jcpenney.com/p/b-smart-womens-juniors-satin-bodycon-dress/ppr5008637998?pTmplType=regular,B. Smart Womens Juniors Satin Bodycon Dress,BEE SMART,114.99,154.00,25,"Strap Type: SpaghettiFeatures: Side SlitClosure Type: ZipperNeckline: Sweetheart NeckSleeve Style: Off Shoulder SleeveApparel Length: 64 InchesDress Length: Long LengthFiber Content: 95% Polyester, 5% SpandexFabric Description: SatinLining: Partially LinedLining Material: PolyesterCare: Dry Flat, Do Not Bleach, Machine WashWedding Occasion: Guest of WeddingCountry of Origin: Imported RETURNS: This item must be returned in its original condition with the green return tag in place.",,,"https://jcpenney.scene7.com/is/image/JCPenney/DP1124202507031237M , https://jcpenney.scene7.com/is/image/JCPenney/DP1124202507031001M , https://jcpenney.scene7.com/is/image/JCPenney/DP1124202507031353M , https://jcpenney.scene7.com/is/image/JCPenney/DP1124202507031117M",,,"0 , 00 , 10 , 12 , 14 , 16 , 18 , 2 , 4 , 6 , 8",Red
ppr5008638004,https://www.jcpenney.com/p/b-smart-womens-juniors-sleeveless-embellished-pearl-trim-bodycon-dress/ppr5008638004?pTmplType=regular,B. Smart Womens Juniors Sleeveless Embellished Pearl Trim Bodycon Dress,BEE SMART,129.99,174.00,25,"This B. Smart juniors' bodycon long-length dress made from soft stretch fabric, brings glamour to special occasions. Designed with a stylish halter neckline with a tie and zipper closure at the back, this sleeveless dress features pearl embellishments, creating a party-ready look.Features: Embellished, Pearl TrimClosure Type: ZipperNeckline: Halter NeckSleeve Length: SleevelessApparel Length: 63 InchesDress Length: Long LengthFiber Content: 95% Polyester, 5% SpandexLining: Fully LinedLining Material: PolyesterCare: Hand Wash, Dry FlatWedding Occasion: Guest of WeddingCountry of Origin: Imported RETURNS: This item must be returned in its original condition with the green return tag in place.",,,"https://jcpenney.scene7.com/is/image/JCPenney/DP1216202511022554M , https://jcpenney.scene7.com/is/image/JCPenney/DP1216202511022347M , https://jcpenney.scene7.com/is/image/JCPenney/DP1216202511022658M , https://jcpenney.scene7.com/is/image/JCPenney/DP1216202511022451M",,,"Large , Medium , Small , X-Small",Ofw Ofw
ppr5008623084,https://www.jcpenney.com/p/rene-by-rene-ruiz-collection-womens-sleeveless-embroidered-evening-gown/ppr5008623084?pTmplType=regular,Rene by Rene Ruiz Collection Womens Sleeveless Embroidered Evening Gown,RENE BY RENE RUIZ COLLECTION,,299.00,,"The Rene by Rene Ruiz Collection women’s sleeveless embroidered evening gown exudes timeless grace. Designed with a classic crew neckline, it features intricate embroidery and a long, fully lined silhouette that flatters every figure. A back zipper with hook-and-eye closure ensures a smooth, secure fit. Perfect for mother of the bride or wedding guests, pair it with drop earrings and heels for an unforgettable statement look.Features: EmbroideredClosure Type: Hook & Eye, ZipperNeckline: Crew NeckSleeve Length: SleevelessSleeve Style: SleevelessDress Length: Long LengthLining: Fully LinedCare: Dry Clean OnlyWedding Occasion: Mother of the Bride, Guest of WeddingCountry of Origin: Imported RETURNS: This item must be returned in its original condition with the green return tag in place.",,,"https://jcpenney.scene7.com/is/image/JCPenney/DP1119202511004622M , https://jcpenney.scene7.com/is/image/JCPenney/DP1119202511004518M , https://jcpenney.scene7.com/is/image/JCPenney/DP1119202511004727M",,,"10 , 12 , 14 , 16 , 18 , 2 , 20 , 22 , 4 , 6 , 8",Black Floral
ppr5008523526,https://www.jcpenney.com/p/rene-by-rene-ruiz-collection-womens-elbow-sleeve-embroidered-evening-gown/ppr5008523526?pTmplType=regular,Rene by Rene Ruiz Collection Womens Elbow Sleeve Embroidered Evening Gown,RENE BY RENE RUIZ COLLECTION,,299.00,,"Sparkle in this stunning style, perfect for mother of! the flutter sleeves are cut down to the elbow providing just the right arm coverage, while the silhouette is a sexy fit and flare, crafted of sequin and embroidery fabric. Offered in many different colors, this gown is a guaranteed head turner exuding elegance and grace.Features: EmbroideredClosure Type: Button W/Hook&eyeNeckline: V NeckSleeve Length: Elbow SleeveSleeve Style: Flutter SleeveApparel Length: 63 Inches - FrontDress Length: Long LengthFiber Content: 100% PolyesterFabric Description: TulleLining: LinedLining Material: PolyesterCare: Dry Clean OnlyWedding Occasion: Mother of the Bride, Guest of WeddingCountry of Origin: Imported RETURNS: This item must be returned in its original condition with the green return tag in place.Recommend Dry Clean",,,"https://jcpenney.scene7.com/is/image/JCPenney/DP0224202507202260M , https://jcpenney.scene7.com/is/image/JCPenney/DP0224202507201851M , https://jcpenney.scene7.com/is/image/JCPenney/DP0224202507202674M",5,1,"10 , 12 , 14 , 16 , 18 , 2 , 20 , 4 , 6 , 8","Platinum , Navy , Cobalt , Black"
ppr5008623086,https://www.jcpenney.com/p/rene-by-rene-ruiz-collection-womens-short-sleeve-evening-gown/ppr5008623086?pTmplType=regular,Rene by Rene Ruiz Collection Womens Short Sleeve Evening Gown,RENE BY RENE RUIZ COLLECTION,,299.00,,"Turn heads in the René by René Ruiz women’s evening gown. The elegant lace sleeves and flattering neckline frame the bodice beautifully, while the full-length skirt flows with sophisticated movement. Crafted in luxe fabric with refined detailing at the waist, this gown delivers red-carpet elegance for galas, weddings, or unforgettable evenings.Features: LaceClosure Type: Hook & Eye, ZipperNeckline: Crew NeckSleeve Length: Short SleeveSleeve Style: Cap SleeveDress Length: Long LengthLining: Fully LinedCare: Dry Clean OnlyWedding Occasion: Mother of the Bride, Guest of WeddingCountry of Origin: Imported RETURNS: This item must be returned in its original condition with the green return tag in place.",,,"https://jcpenney.scene7.com/is/image/JCPenney/DP1117202513014010M , https://jcpenney.scene7.com/is/image/JCPenney/DP1117202513013905M , https://jcpenney.scene7.com/is/image/JCPenney/DP1117202513014114M",,,"10 , 12 , 14 , 16 , 18 , 2 , 20 , 22 , 4 , 6 , 8",Blue
ppr5008623090,https://www.jcpenney.com/p/rene-by-rene-ruiz-collection-womens-short-sleeve-evening-gown/ppr5008623090?pTmplType=regular,Rene by Rene Ruiz Collection Womens Short Sleeve Evening Gown,RENE BY RENE RUIZ COLLECTION,,299.00,,"The Rene by Rene Ruiz Collection women’s evening gown radiates sophisticated elegance. Designed with an off-shoulder sweetheart neckline, it features a sleek long silhouette with full lining for a smooth, flattering drape. A back zipper with hook-and-eye closure ensures a secure fit, while the subtle sheen adds refined glamour. Pair with metallic heels and statement jewelry for an unforgettable evening look.Features: LinedClosure Type: Zipper, Hook & EyeNeckline: Sweetheart NeckSleeve Length: Short SleeveSleeve Style: Off Shoulder SleeveDress Length: Long LengthLining: Fully LinedCare: Dry Clean OnlyWedding Occasion: Mother of the Bride, Guest of WeddingCountry of Origin: Imported RETURNS: This item must be returned in its original condition with the green return tag in place.",,,"https://jcpenney.scene7.com/is/image/JCPenney/DP1119202511004205M , https://jcpenney.scene7.com/is/image/JCPenney/DP1119202511004101M , https://jcpenney.scene7.com/is/image/JCPenney/DP1119202511004308M",,,"10 , 12 , 14 , 16 , 18 , 2 , 20 , 22 , 4 , 6 , 8",Black Gold
ppr5008623098,https://www.jcpenney.com/p/rene-by-rene-ruiz-collection-womens-sleeveless-evening-gown/ppr5008623098?pTmplType=regular,Rene by Rene Ruiz Collection Womens Sleeveless Evening Gown,RENE BY RENE RUIZ COLLECTION,,299.00,,"René by René Ruiz Collection womens sleeveless evening gown captivates with its sculpted fit and luxurious finish. The floor-length design exudes elegance, making it ideal for galas or weddings. Complete the look with a clutch and sparkling accessories for true evening glamour.Features: BeltedClosure Type: Zipper, Hook & EyeNeckline: V NeckSleeve Length: SleevelessSleeve Style: SleevelessDress Length: Long LengthLining: Fully LinedCare: Dry Clean OnlyWedding Occasion: Mother of the Bride, Guest of WeddingCountry of Origin: Imported RETURNS: This item must be returned in its original condition with the green return tag in place.",,,"https://jcpenney.scene7.com/is/image/JCPenney/DP1117202513013383M , https://jcpenney.scene7.com/is/image/JCPenney/DP1117202513013278M , https://jcpenney.scene7.com/is/image/JCPenney/DP1117202513013486M",,,"10 , 12 , 14 , 16 , 18 , 2 , 20 , 22 , 4 , 6 , 8",Blk Red Multi
ppr5008536664,https://www.jcpenney.com/p/rene-by-rene-ruiz-collection-womens-sleeveless-embroidered-evening-gown/ppr5008536664?pTmplType=regular,Rene by Rene Ruiz Collection Womens Sleeveless Embroidered Evening Gown,RENE BY RENE RUIZ COLLECTION,,299.00,,"Make a delicate statement in this women’s strapless evening gown from Rene by Rene Ruiz. Featuring intricate embroidery and a graceful silhouette, it’s perfect for formal soirées. Add fine jewelry and an updo for a standout, photo-ready moment.Strap Type: StraplessFeatures: EmbroideredClosure Type: ZipperNeckline: Sweetheart NeckSleeve Length: SleevelessApparel Length: 62 Inches - FrontDress Length: Long LengthFiber Content: 100% PolyesterFabric Description: WovenLining: Fully LinedLining Material: PolyesterCare: Dry Clean OnlyMaterial: PolyesterWedding Occasion: Guest of WeddingCountry of Origin: Imported RETURNS: This item must be returned in its original condition with the green return tag in place.",,,"https://jcpenney.scene7.com/is/image/JCPenney/DP0507202511023166M , https://jcpenney.scene7.com/is/image/JCPenney/DP0507202511023062M , https://jcpenney.scene7.com/is/image/JCPenney/DP0507202511023270M",,,"10 , 12 , 14 , 16 , 18 , 20 , 22",Light Blue
ppr5008536690,https://www.jcpenney.com/p/rene-by-rene-ruiz-collection-womens-sleeveless-evening-gown/ppr5008536690?pTmplType=regular,Rene by Rene Ruiz Collection Womens Sleeveless Evening Gown,RENE BY RENE RUIZ COLLECTION,,249.00,,"The Rene by Rene Ruiz sleeveless evening gown for women delivers graceful elegance with a tailored fit and luxurious finish. Crafted for standout occasions, it embodies the brand’s couture-inspired artistry. Accentuate the gown’s clean lines with drop earrings and a sleek clutch.Features: Side SlitClosure Type: ZipperNeckline: Asymmetrical NeckSleeve Length: SleevelessApparel Length: 62 Inches - FrontDress Length: Long LengthFiber Content: 100% PolyesterFabric Description: ChiffonLining: Fully LinedLining Material: PolyesterCare: Dry Clean OnlyMaterial: PolyesterWedding Occasion: Guest of Wedding, BridesmaidCountry of Origin: Imported RETURNS: This item must be returned in its original condition with the green return tag in place.",,,"https://jcpenney.scene7.com/is/image/JCPenney/DP0507202511031332M , https://jcpenney.scene7.com/is/image/JCPenney/DP0507202511031228M , https://jcpenney.scene7.com/is/image/JCPenney/DP0507202511031435M",,,"10 , 12 , 14 , 16 , 2 , 22",Blush
ppr5008536659,https://www.jcpenney.com/p/rene-by-rene-ruiz-collection-womens-short-sleeve-evening-gown/ppr5008536659?pTmplType=regular,Rene by Rene Ruiz Collection Womens Short Sleeve Evening Gown,RENE BY RENE RUIZ COLLECTION,,255.00,,"Radiate red carpet energy in this printed women's chiffon evening gown from the Rene by Rene Ruiz Collection. Tailored to perfection, it has a figure-enhancing silhouette with off-the-shoulder sleeves, pleated detail and a graceful side slit to move effortlessly. Ideal for black-tie affairs, weddings, or upscale soirees, style it with stilettos and drop earrings.Strap Type: SpaghettiFeatures: Side SlitClosure Type: ZipperNeckline: Straight NeckSleeve Length: Short SleeveApparel Length: 62 Inches - FrontDress Length: Long LengthFiber Content: 100% PolyesterFabric Description: ChiffonLining: Fully LinedLining Material: PolyesterCare: Dry Clean OnlyMaterial: PolyesterWedding Occasion: Guest of Wedding, BridesmaidCountry of Origin: Imported RETURNS: This item must be returned in its original condition with the green return tag in place.",,,"https://jcpenney.scene7.com/is/image/JCPenney/DP0627202511001548M , https://jcpenney.scene7.com/is/image/JCPenney/DP0627202511001443M , https://jcpenney.scene7.com/is/image/JCPenney/DP0627202511001652M",5,1,"10 , 12 , 16 , 2 , 20 , 22 , 6",Blue
ppr5008535196,https://www.jcpenney.com/p/rene-by-rene-ruiz-collection-womens-sleeveless-evening-gown/ppr5008535196?pTmplType=regular,Rene by Rene Ruiz Collection Womens Sleeveless Evening Gown,RENE BY RENE RUIZ COLLECTION,,229.00,,"This stunning mikado gown features a sophisticated princess-line silhouette that gracefully drapes to the floor. The strapless bodice showcases an asymmetrical folded detail, adding a modern touch of elegance. A cascading side ruffle, enhances the gown’s luxurious appeal, making it a perfect choice for formal occasions.Closure Type: Button W/Hook&eyeNeckline: Straight NeckSleeve Length: SleevelessApparel Length: 64 Inches - FrontDress Length: Long LengthFiber Content: 100% PolyesterFabric Description: KnitLining: LinedLining Material: PolyesterCare: Dry Clean OnlyWedding Occasion: Guest of Wedding, Bridesmaid, Mother of the BrideCountry of Origin: Imported RETURNS: This item must be returned in its original condition with the green return tag in place.Recommend Dry Clean",,,"https://jcpenney.scene7.com/is/image/JCPenney/DP0410202513012476M , https://jcpenney.scene7.com/is/image/JCPenney/DP0410202513012373M , https://jcpenney.scene7.com/is/image/JCPenney/DP0410202513012579M",,,"10 , 12 , 14 , 16 , 18 , 2 , 20 , 22 , 4 , 6 , 8","Gold , Blue Ivory , Cobalt , Navy Print"
ppr5008536656,https://www.jcpenney.com/p/rene-by-rene-ruiz-collection-womens-sleeveless-evening-gown/ppr5008536656?pTmplType=regular,Rene by Rene Ruiz Collection Womens Sleeveless Evening Gown,RENE BY RENE RUIZ COLLECTION,,249.00,,"The perfect outfit for bridesmaids or wedding guests, this Rene by Rene Ruiz Collection women's evening dress is made from breezy chiffon in an eye-catching terracotta tone. Featuring a sweetheart neckline, a flowy pleated skirt, and a back zipper closure, this long-length dress can be paired with stilettos and minimal jewelry for a put-together look.Strap Type: StraplessFeatures: PleatedClosure Type: ZipperNeckline: Sweetheart NeckSleeve Length: SleevelessApparel Length: 62 Inches - FrontDress Length: Long LengthFiber Content: 100% PolyesterFabric Description: ChiffonLining: Fully LinedLining Material: PolyesterCare: Dry Clean OnlyMaterial: PolyesterWedding Occasion: Bridesmaid, Guest of WeddingCountry of Origin: Imported RETURNS: This item must be returned in its original condition with the green return tag in place.",,,"https://jcpenney.scene7.com/is/image/JCPenney/DP0507202511022749M , https://jcpenney.scene7.com/is/image/JCPenney/DP0507202511022645M , https://jcpenney.scene7.com/is/image/JCPenney/DP0507202511022854M",,,"10 , 12 , 14 , 16 , 18 , 2 , 20 , 22 , 4 , 6 , 8",Teracotta
ppr5008535204,https://www.jcpenney.com/p/rene-by-rene-ruiz-collection-womens-sleeveless-evening-gown/ppr5008535204?pTmplType=regular,Rene by Rene Ruiz Collection Womens Sleeveless Evening Gown,RENE BY RENE RUIZ COLLECTION,,239.00,,"This dazzling sequin gown features a timeless silhouette that gracefully skims the body. The sleeveless design is complemented by a soft v-neckline, offering an elegant and flattering fit. Fully adorned with shimmering sequins, this gown exudes sophistication and radiance, making it perfect for any glamorous occasion.Closure Type: Button W/Hook&eyeNeckline: V NeckSleeve Length: SleevelessApparel Length: 62 Inches - FrontDress Length: Long LengthFiber Content: 100% PolyesterFabric Description: KnitLining: LinedLining Material: PolyesterCare: Dry Clean OnlyWedding Occasion: Mother of the Bride, Guest of Wedding, BridesmaidCountry of Origin: Imported RETURNS: This item must be returned in its original condition with the green return tag in place.Recommend Dry Clean",,,"https://jcpenney.scene7.com/is/image/JCPenney/DP0410202513014036M , https://jcpenney.scene7.com/is/image/JCPenney/DP0410202513013932M , https://jcpenney.scene7.com/is/image/JCPenney/DP0410202513014140M",,,"10 , 12 , 14 , 16 , 18 , 2 , 20 , 22 , 4 , 6 , 8",Gold
ppr5008536674,https://www.jcpenney.com/p/rene-by-rene-ruiz-collection-womens-sleeveless-sheath-dress/ppr5008536674?pTmplType=regular,Rene by Rene Ruiz Collection Womens Sleeveless Sheath Dress,RENE BY RENE RUIZ COLLECTION,,275.00,,"Sleek and sophisticated, the Rene by Rene Ruiz strapless sheath dress for women flatters with clean lines and a tailored trail. Ideal for cocktail hours or elegant dinners, it blends classic cuts with designer flair. Add a statement necklace or metallic sandals for a polished finish with just the right amount of edge.Strap Type: StraplessClosure Type: ZipperNeckline: Straight NeckSleeve Length: SleevelessApparel Length: 40 Inches - FrontDress Length: Knee LengthFiber Content: 100% PolyesterFabric Description: MikadoLining: Fully LinedLining Material: PolyesterCare: Dry Clean OnlyMaterial: PolyesterWedding Occasion: Guest of Wedding, BridesmaidCountry of Origin: Imported RETURNS: This item must be returned in its original condition with the green return tag in place.",,,"https://jcpenney.scene7.com/is/image/JCPenney/DP0507202511025245M , https://jcpenney.scene7.com/is/image/JCPenney/DP0507202511025141M , https://jcpenney.scene7.com/is/image/JCPenney/DP0507202511025348M",1,1,"10 , 12 , 14 , 16 , 18 , 2 , 20 , 22 , 4 , 6",Black White
ppr5008535201,https://www.jcpenney.com/p/rene-by-rene-ruiz-collection-womens-sleeveless-evening-gown/ppr5008535201?pTmplType=regular,Rene by Rene Ruiz Collection Womens Sleeveless Evening Gown,RENE BY RENE RUIZ COLLECTION,,229.00,,"This striking metallic stretch gown features a figure-hugging silhouette that exudes modern glamour. The pleated fabric enhances its sleek design, while a deep v-neckline and delicate spaghetti straps add an alluring touch. A wrapped bodice cinches the waist, flowing effortlessly into a draped skirt with a sultry thigh-high slit, perfect for making a statement at any event.2nd Piece Closure Type: Zipper2nd Piece Neckline: V Neck2nd Piece Sleeve Style: Strap2nd Piece Sleeve Length: Sleeveless2nd Piece Fiber Content: 100% Polyester2nd Piece Care: Dry Clean OnlyFeatures: Side SlitClosure Type: Button W/Hook&eyeNeckline: V NeckSleeve Length: SleevelessApparel Length: 62 Inches - FrontDress Length: Long LengthFiber Content: 100% PolyesterFabric Description: KnitLining: LinedLining Material: PolyesterCare: Dry Clean OnlyWedding Occasion: Bridesmaid, Mother of the Bride, Guest of WeddingCountry of Origin: Imported RETURNS: This item must be returned in its original condition with the green return tag in place.Recommend Dry Clean",,,"https://jcpenney.scene7.com/is/image/JCPenney/DP0411202513002577M , https://jcpenney.scene7.com/is/image/JCPenney/DP0410202513013619M , https://jcpenney.scene7.com/is/image/JCPenney/DP0411202513002682M",,,"10 , 12 , 14 , 16 , 18 , 2 , 20 , 22 , 4 , 6 , 8",Cobalt
ppr5008536676,https://www.jcpenney.com/p/rene-by-rene-ruiz-collection-womens-sleeveless-evening-gown/ppr5008536676?pTmplType=regular,Rene by Rene Ruiz Collection Womens Sleeveless Evening Gown,RENE BY RENE RUIZ COLLECTION,,299.00,,"This Rene by Rene Ruiz women's one-shoulder evening gown is a dreamy, feminine showstopper for a black tie event or to wear as a wedding guest. Made from soft printed purple organza, this long dress has an asymmetrical neckline, a belted waist and a full floaty skirt. Wear it with stiletto heels and a clutch. Closure Type: ZipperNeckline: Asymmetrical NeckSleeve Length: SleevelessApparel Length: 62 Inches - FrontDress Length: Long LengthFiber Content: 100% PolyesterFabric Description: OrganzaLining: Fully LinedLining Material: PolyesterCare: Dry Clean OnlyMaterial: PolyesterWedding Occasion: Guest of WeddingCountry of Origin: Imported RETURNS: This item must be returned in its original condition with the green return tag in place.",,,"https://jcpenney.scene7.com/is/image/JCPenney/DP0507202511025662M , https://jcpenney.scene7.com/is/image/JCPenney/DP0507202511025557M , https://jcpenney.scene7.com/is/image/JCPenney/DP0507202511025766M",1,1,"10 , 12 , 14 , 16 , 18 , 2 , 4 , 6",Purple Multi
ppr5008535183,https://www.jcpenney.com/p/rene-by-rene-ruiz-collection-womens-short-sleeve-evening-gown/ppr5008535183?pTmplType=regular,Rene by Rene Ruiz Collection Womens Short Sleeve Evening Gown,RENE BY RENE RUIZ COLLECTION,,255.00,,"This exquisite mikado gown showcases a sleek column silhouette paired with dramatic puff sleeves for a bold yet elegant statement. The off-the-shoulder neckline enhances its sophisticated appeal, while the structured bodice ensures a flattering fit. Perfect for formal events, this gown embodies modern glamour with timeless charm.Closure Type: Button W/Hook&eye, ZipperNeckline: Straight NeckSleeve Length: Short SleeveSleeve Style: Puffed SleeveApparel Length: 64 Inches - FrontDress Length: Long LengthFiber Content: 100% PolyesterFabric Description: KnitLining: LinedLining Material: PolyesterCare: Dry Clean OnlyWedding Occasion: Mother of the Bride, Guest of Wedding, BridesmaidCountry of Origin: Imported RETURNS: This item must be returned in its original condition with the green return tag in place.Recommend Dry Clean",,,"https://jcpenney.scene7.com/is/image/JCPenney/DP0410202513011546M , https://jcpenney.scene7.com/is/image/JCPenney/DP0410202513011441M , https://jcpenney.scene7.com/is/image/JCPenney/DP0410202513011649M",,,"10 , 12 , 14 , 16 , 18 , 2 , 20 , 22 , 4 , 6 , 8","Navy Print , Fuchsia Plum , Black White , Gold Black"
ppr5008623096,https://www.jcpenney.com/p/rene-by-rene-ruiz-collection-womens-sleeveless-evening-gown/ppr5008623096?pTmplType=regular,Rene by Rene Ruiz Collection Womens Sleeveless Evening Gown,RENE BY RENE RUIZ COLLECTION,,299.00,,"The René by René Ruiz Collection Women’s Sleeveless Evening Gown exudes modern sophistication with its sleek silhouette. It features a fitted bodice and fluid drape that accentuate the figure. Perfect for galas or formal events—pair it with statement jewelry and strappy heels for timeless elegance.Features: Side SlitClosure Type: Zipper, Hook & EyeNeckline: Asymmetrical NeckSleeve Length: SleevelessSleeve Style: SleevelessDress Length: Long LengthLining: Fully LinedCare: Dry Clean OnlyWedding Occasion: Guest of Wedding, Mother of the BrideCountry of Origin: Imported RETURNS: This item must be returned in its original condition with the green return tag in place.",,,"https://jcpenney.scene7.com/is/image/JCPenney/DP1117202513012965M , https://jcpenney.scene7.com/is/image/JCPenney/DP1117202513012862M , https://jcpenney.scene7.com/is/image/JCPenney/DP1117202513013069M",,,"10 , 12 , 14 , 16 , 18 , 2 , 20 , 22 , 4 , 6 , 8",Plum Ombre
ppr5008623092,https://www.jcpenney.com/p/rene-by-rene-ruiz-collection-womens-short-sleeve-evening-gown/ppr5008623092?pTmplType=regular,Rene by Rene Ruiz Collection Womens Short Sleeve Evening Gown,RENE BY RENE RUIZ COLLECTION,,275.00,,"The Rene by Rene Ruiz Collection Women’s Evening Gown features an off-the-shoulder sleeve silhouette with hook-and-eye and zipper closures for a sleek fit. Designed with a round neckline and a fully lined long-length hem, it’s beautifully crafted for special occasions with timeless elegance.Features: ShirredClosure Type: Hook & Eye, ZipperSleeve Length: Short SleeveSleeve Style: Off Shoulder SleeveDress Length: Long LengthLining: Fully LinedCare: Dry Clean OnlyWedding Occasion: Mother of the Bride, Guest of WeddingCountry of Origin: Imported RETURNS: This item must be returned in its original condition with the green return tag in place.",,,"https://jcpenney.scene7.com/is/image/JCPenney/DP1121202509062217M , https://jcpenney.scene7.com/is/image/JCPenney/DP1121202509062113M , https://jcpenney.scene7.com/is/image/JCPenney/DP1121202509062321M",,,"10 , 12 , 14 , 16 , 18 , 2 , 20 , 22 , 4 , 6 , 8",Fuschia Purple
ppr5008536670,https://www.jcpenney.com/p/rene-by-rene-ruiz-collection-womens-short-sleeve-off-the-shoulder-midi-sheath-dress/ppr5008536670?pTmplType=regular,Rene by Rene Ruiz Collection Womens Short Sleeve Off the Shoulder Midi Sheath Dress,RENE BY RENE RUIZ COLLECTION,,249.00,,"The Rene by Rene Ruiz Collection women's midi sheath dress makes a striking style statement at a wedding or special event. With an off-the-shoulder crossed sweetheart neckline and elegant floral print, this midi dress is made from a figure-hugging stretch-scuba. Style it with heels.Closure Type: ZipperNeckline: Sweetheart NeckSleeve Length: Short SleeveSleeve Style: Off Shoulder SleeveApparel Length: 50 Inches - FrontDress Length: Midi LengthFiber Content: 100% PolyesterFabric Description: ScubaLining: Fully LinedLining Material: PolyesterCare: Dry Clean OnlyMaterial: PolyesterWedding Occasion: Bridesmaid, Guest of WeddingCountry of Origin: Imported RETURNS: This item must be returned in its original condition with the green return tag in place.",,,"https://jcpenney.scene7.com/is/image/JCPenney/DP0627202511001965M , https://jcpenney.scene7.com/is/image/JCPenney/DP0627202511001862M , https://jcpenney.scene7.com/is/image/JCPenney/DP0627202511002070M",3.5,2,"10 , 12 , 14 , 16 , 18 , 2 , 20 , 22 , 4 , 6 , 8",Emerald
ppr5008536666,https://www.jcpenney.com/p/rene-by-rene-ruiz-collection-womens-sleeveless-evening-gown/ppr5008536666?pTmplType=regular,Rene by Rene Ruiz Collection Womens Sleeveless Evening Gown,RENE BY RENE RUIZ COLLECTION,,249.00,,"Be the best dressed guest at any wedding with this women's evening gown by Rene by Rene Ruiz Collection. Crafted from soft satin, this floral dress features spaghetti straps with a cowl neckline, a side slit, and a back zipper closure. Wear it with stilettos and a clutch.Strap Type: SpaghettiFeatures: Side SlitClosure Type: ZipperNeckline: Cowl NeckSleeve Length: SleevelessApparel Length: 62 Inches - FrontDress Length: Long LengthFiber Content: 100% PolyesterFabric Description: SatinLining: Fully LinedLining Material: PolyesterCare: Dry Clean OnlyMaterial: PolyesterWedding Occasion: Guest of WeddingCountry of Origin: Imported RETURNS: This item must be returned in its original condition with the green return tag in place.",,,"https://jcpenney.scene7.com/is/image/JCPenney/DP0507202511023892M , https://jcpenney.scene7.com/is/image/JCPenney/DP0507202511024204M , https://jcpenney.scene7.com/is/image/JCPenney/DP0507202511023995M",,,"10 , 12 , 14 , 16 , 18 , 2 , 20 , 22 , 4 , 6",Tan
ppr5008536665,https://www.jcpenney.com/p/rene-by-rene-ruiz-collection-womens-sleeveless-high-low-evening-gown/ppr5008536665?pTmplType=regular,Rene by Rene Ruiz Collection Womens Sleeveless High-Low Evening Gown,RENE BY RENE RUIZ COLLECTION,,299.00,,"Dramatic yet chic, this Rene by Rene Ruiz high-low evening gown for women showcases a strapless design with a cascading hem. It’s made with organza for extra shine and grace. Perfect for events where elegance meets movement when paired with ankle-strap heels and a bold lip.Strap Type: StraplessClosure Type: ZipperNeckline: Straight NeckSleeve Length: SleevelessApparel Length: 50 Inches - FrontDress Length: High Low LengthFiber Content: 100% PolyesterFabric Description: OrganzaLining: Fully LinedLining Material: PolyesterCare: Dry Clean OnlyMaterial: PolyesterWedding Occasion: Guest of WeddingCountry of Origin: Imported RETURNS: This item must be returned in its original condition with the green return tag in place.",,,"https://jcpenney.scene7.com/is/image/JCPenney/DP0507202511023580M , https://jcpenney.scene7.com/is/image/JCPenney/DP0507202511023476M , https://jcpenney.scene7.com/is/image/JCPenney/DP0507202511023684M",,,"10 , 12 , 14 , 16 , 18 , 2 , 22 , 6",Blue Multi
ppr5008623083,https://www.jcpenney.com/p/rene-by-rene-ruiz-collection-womens-sleeveless-midi-evening-gown/ppr5008623083?pTmplType=regular,Rene by Rene Ruiz Collection Womens Sleeveless Midi Evening Gown,RENE BY RENE RUIZ COLLECTION,,299.00,,"This René by René Ruiz Collection Women’s Sleeveless Evening Gown features a smooth fabric, and a fitted bodice for elegant refinement. The sleeveless design and subtle drape create a polished finish perfect for formal occasions. Style with metallic heels and a sleek clutch for a sophisticated, head-turning look.Features: Flat SeamsClosure Type: Zipper, Hook & EyeNeckline: Straight NeckSleeve Length: SleevelessSleeve Style: SleevelessDress Length: Midi LengthLining: Fully LinedCare: Dry Clean OnlyWedding Occasion: Guest of Wedding, Mother of the BrideCountry of Origin: Imported RETURNS: This item must be returned in its original condition with the green return tag in place.",,,"https://jcpenney.scene7.com/is/image/JCPenney/DP1117202513013696M , https://jcpenney.scene7.com/is/image/JCPenney/DP1117202513013591M , https://jcpenney.scene7.com/is/image/JCPenney/DP1117202513013800M",,,"10 , 12 , 14 , 16 , 18 , 2 , 20 , 22 , 4 , 6 , 8",Navy Lavendar
ppr5008536687,https://www.jcpenney.com/p/rene-by-rene-ruiz-collection-off-the-shoulder-womens-short-sleeve-evening-gown/ppr5008536687?pTmplType=regular,Rene by Rene Ruiz Collection Off The Shoulder Womens Short Sleeve Evening Gown,RENE BY RENE RUIZ COLLECTION,,299.00,,"You'll feel like a goddess wearing this Rene by Rene Ruiz women's off-the-shoulder evening gown. Made from gold satin with a subtle pattern, this long formal dress has a sweetheart neckline, structured off-the-shoulder short sleeves and a dramatic flared full skirt to make a statement at any black tie gathering. Wear it with stiletto heels and a clutch. Closure Type: ZipperNeckline: Sweetheart NeckSleeve Length: Short SleeveSleeve Style: Off Shoulder SleeveApparel Length: 62 Inches - FrontDress Length: Long LengthFiber Content: 100% PolyesterFabric Description: SatinLining: Fully LinedLining Material: PolyesterCare: Dry Clean OnlyMaterial: PolyesterWedding Occasion: Guest of WeddingCountry of Origin: Imported RETURNS: This item must be returned in its original condition with the green return tag in place.",,,"https://jcpenney.scene7.com/is/image/JCPenney/DP0611202513003341M , https://jcpenney.scene7.com/is/image/JCPenney/DP0611202513003236M , https://jcpenney.scene7.com/is/image/JCPenney/DP0611202513003446M",1.5,2,"10 , 12 , 14 , 16 , 2 , 20 , 22 , 4 , 6",Gold Multi
ppr5008536672,https://www.jcpenney.com/p/rene-by-rene-ruiz-collection-off-the-shoulder-womens-short-sleeve-evening-gown/ppr5008536672?pTmplType=regular,Rene by Rene Ruiz Collection Off The Shoulder Womens Short Sleeve Evening Gown,RENE BY RENE RUIZ COLLECTION,,275.00,,"Graceful and refined, the off-the-shoulder gown for women by Rene by Rene Ruiz features a sculpted bodice and elegant drape. The puff sleeves add drama to the striking silhouette. Crafted for special occasions with Mikado fabric, it embodies modern glamour. Complement with pearls or dramatic earrings for timeless, show-stopping style.Closure Type: ZipperNeckline: Straight NeckSleeve Length: Short SleeveSleeve Style: Off Shoulder SleeveApparel Length: 62 Inches - FrontDress Length: Long LengthFiber Content: 100% PolyesterFabric Description: MikadoLining: Fully LinedLining Material: PolyesterCare: Dry Clean OnlyMaterial: PolyesterWedding Occasion: Bridesmaid, Guest of WeddingCountry of Origin: Imported RETURNS: This item must be returned in its original condition with the green return tag in place.",,,"https://jcpenney.scene7.com/is/image/JCPenney/DP0507202511024828M , https://jcpenney.scene7.com/is/image/JCPenney/DP0507202511024723M , https://jcpenney.scene7.com/is/image/JCPenney/DP0507202511024932M",,,"10 , 12 , 14 , 16 , 20 , 22",Pink Multi
ppr5008623088,https://www.jcpenney.com/p/rene-by-rene-ruiz-collection-womens-short-sleeve-evening-gown/ppr5008623088?pTmplType=regular,Rene by Rene Ruiz Collection Womens Short Sleeve Evening Gown,RENE BY RENE RUIZ COLLECTION,,275.00,,"This René by René Ruiz Women’s Short-Sleeve Evening Gown features spaghetti straps, an off-shoulder design, and a straight neckline for contemporary flair. Crafted in stretch fabric with a fully lined, long-length silhouette and secure zipper with hook-and-eye closures, it’s built for elegant movement.Strap Type: SpaghettiFeatures: Stretch FabricClosure Type: Zipper, Hook & EyeNeckline: Straight NeckSleeve Length: Short SleeveSleeve Style: Off Shoulder SleeveDress Length: Long LengthLining: Fully LinedCare: Dry Clean OnlyWedding Occasion: Mother of the Bride, Guest of WeddingCountry of Origin: Imported RETURNS: This item must be returned in its original condition with the green return tag in place.",,,"https://jcpenney.scene7.com/is/image/JCPenney/DP1121202509062636M , https://jcpenney.scene7.com/is/image/JCPenney/DP1204202509044704M , https://jcpenney.scene7.com/is/image/JCPenney/DP1121202509062740M",,,"10 , 12 , 14 , 16 , 18 , 2 , 20 , 22 , 4 , 6 , 8",Wisteria
ppr5008523524,https://www.jcpenney.com/p/rene-by-rene-ruiz-collection-womens-sleeveless-evening-gown/ppr5008523524?pTmplType=regular,Rene by Rene Ruiz Collection Womens Sleeveless Evening Gown,RENE BY RENE RUIZ COLLECTION,,249.00,,"This strapless hand draped bodice a-line organza gown is a guarenteed head turner. The organza is lightweight and flowy, perfect for all-day wear. The bodice is fitted around the bust and the waist giving a secure fit, which then flows into an a-line skirt. Pair with a necklace & earrings and you are ready to party!Features: SheerClosure Type: Button W/Hook&eyeNeckline: Straight NeckSleeve Length: SleevelessApparel Length: 64 Inches - FrontDress Length: Long LengthFiber Content: 100% PolyesterFabric Description: OrganzaLining: LinedLining Material: PolyesterCare: Dry Clean OnlyWedding Occasion: Guest of Wedding, BridesmaidCountry of Origin: Imported RETURNS: This item must be returned in its original condition with the green return tag in place.Recommend Dry Clean",,,"https://jcpenney.scene7.com/is/image/JCPenney/DP0219202507081117M , https://jcpenney.scene7.com/is/image/JCPenney/DP0219202507080912M , https://jcpenney.scene7.com/is/image/JCPenney/DP0219202507081323M",,,"10 , 12 , 14 , 16 , 18 , 2 , 20 , 4 , 6 , 8","Pink Black , Purple Multi"
ppr5008320872,https://www.jcpenney.com/p/st-johns-bay-womens-scoop-neck-sleeveless-tank-top/ppr5008320872?pTmplType=regular,St. John's Bay Womens Scoop Neck Sleeveless Tank Top,ST. JOHN`S BAY,6.99,10.00,30,"Deemed a Gotta-Have-It item for value you can count on every day! Cut for a regular-fit, this women's tank top from St. John's Bay is a warm-weather essential your wardrobe needs. Made from super soft ribbed cotton, this scoop neck sleeveless top will effortlessly pair layered under a blazer or hoodie or worn alone with jeans or shorts.Strap Type: TankFeatures: EssentialsClosure Type: Pullover HeadFit: Regular FitNeckline: Scoop NeckSleeve Length: SleevelessApparel Length: 26.5 InchesFiber Content: 100% CottonFabric Description: Rib KnitCare: Machine Wash, Tumble DryCountry of Origin: Imported",,Regular Fit,"https://jcpenney.scene7.com/is/image/JCPenney/DP1128202309074898M , https://jcpenney.scene7.com/is/image/JCPenney/DP1128202309074778M , https://jcpenney.scene7.com/is/image/JCPenney/DP1128202309075050M",4.7639,2003,"Large , Medium , Small , X-Large , X-Small , Xx-Large","Cabaret Red , White , Black , Stone Beige , American Navy"
ppr5008206911,https://www.jcpenney.com/p/ana-womens-scoop-neck-short-sleeve-t-shirt/ppr5008206911?pTmplType=regular,a.n.a Womens Scoop Neck Short Sleeve T-Shirt,A.N.A,4.19,14.00,70,"An everyday t-shirt is essential for every wardrobe to pair with everything, whether worn under a blazer or alone with jeans. This scoop-neck women's short-sleeve tee from a.n.a is made from a super-soft jersey with a curved hem for easy layering.Features: EssentialsClosure Type: Pullover HeadFit: FittedNeckline: Scoop NeckSleeve Length: Short SleeveApparel Length: 27 Inches - Back, 27.5 Inches - FrontFiber Content: 70% Rayon, 30% PolyesterFabric Description: JerseyCare: Machine Wash, Tumble DryAdaptive Features: Tag FreeCountry of Origin: Imported",,Fitted,"https://jcpenney.scene7.com/is/image/JCPenney/DP0718202509185473M , https://jcpenney.scene7.com/is/image/JCPenney/DP0718202509184845M , https://jcpenney.scene7.com/is/image/JCPenney/DP0718202509185159M , https://jcpenney.scene7.com/is/image/JCPenney/DP0821202309142792M",4.422,218,"Large , Medium , Small , X-Large , X-Small , Xx-Large","White , Black , Grey Heather , Rich Avocado , American Navy , Oregano , Faded Denim"
ppr5007798282,https://www.jcpenney.com/p/liz-claiborne-womens-round-neck-short-sleeve-blouse/ppr5007798282?pTmplType=regular,Liz Claiborne Womens Round Neck Short Sleeve Blouse,LIZ CLAIBORNE,14.39,32.00,55,"For a new wardrobe essential with a twist, try this Liz Claiborne women's short-sleeve blouse. This structured round-neck style will pair perfectly with your favorite pants for work meetings, or jeans for an elevated weekend look. Closure Type: Pullover HeadFit: Regular FitNeckline: Round NeckSleeve Length: Short SleeveSleeve Style: Cap SleeveApparel Length: 25 InchesFiber Content: 96% Polyester, 4% SpandexFabric Description: KnitCare: Tumble Dry, Machine WashCountry of Origin: Imported",,Regular Fit,"https://jcpenney.scene7.com/is/image/JCPenney/DP0808202413244399M , https://jcpenney.scene7.com/is/image/JCPenney/DP0808202413244297M , https://jcpenney.scene7.com/is/image/JCPenney/DP0808202413244500M",4.3755,229,"Large , Medium , Small , X-Large , X-Small , Xx-Large","White , Black , Burgundy Passion , Medieval Green"
ppr5008466159,https://www.jcpenney.com/p/ana-womens-u-neck-sleeveless-tank-top/ppr5008466159?pTmplType=regular,a.n.a Womens U Neck Sleeveless Tank Top,A.N.A,,,,"For essentials made for versatility, add this women's a.n.a tank top to your wardrobe. Cut for a close fit from ribbed stretch-cotton, it has a U-neckline and shoulder straps designed for comfortable wear. Choose every color to amp up your everyday style.Closure Type: Pullover HeadFit: FittedNeckline: U NeckSleeve Length: SleevelessApparel Length: 24 InchesFiber Content: 59% Cotton, 39% Modal, 2% SpandexFabric Description: RibCare: Tumble Dry, Machine WashMaterial: FabricCountry of Origin: Imported",,Fitted,"https://jcpenney.scene7.com/is/image/JCPenney/DP0305202509084148M , https://jcpenney.scene7.com/is/image/JCPenney/DP0305202509083730M , https://jcpenney.scene7.com/is/image/JCPenney/DP0305202509084567M",4.32,25,X-Large,Yellow Wheat
ppr5008425354,https://www.jcpenney.com/p/ana-womens-mock-neck-long-sleeve-pointelle-pullover-sweater/ppr5008425354?pTmplType=regular,a.n.a Womens Mock Neck Long Sleeve Pointelle Pullover Sweater,A.N.A,,,,"This a.n.a women's pullover offers a chic contemporary take on the classic cable-knit sweater. Made from a soft knit for a loose-fit, this pullover has large perforated details, drop shoulder sleeves and a high mock neck. Balance the shape with skinny jeans and ankle boots. Closure Type: Pullover HeadFit: Loose FitNeckline: Mock NeckSleeve Length: Long SleeveSleeve Style: Drop-Shoulder SleeveApparel Length: 24 InchesFiber Content: 100% PolyesterFabric Description: KnitCare: Machine Wash, Tumble DryCountry of Origin: Imported",,Loose Fit,"https://jcpenney.scene7.com/is/image/JCPenney/DP0515202409081148M , https://jcpenney.scene7.com/is/image/JCPenney/DP0515202409080945M , https://jcpenney.scene7.com/is/image/JCPenney/DP0517202413154651M , https://jcpenney.scene7.com/is/image/JCPenney/DP0515202409080843M",4.0556,18,X-Large,Leisure Green
ppr5008539502,https://www.jcpenney.com/p/arizona-stripe-womens-juniors-crew-neck-short-sleeve-t-shirt/ppr5008539502?pTmplType=regular,Arizona Stripe Womens Juniors Crew Neck Short Sleeve T-Shirt,Arizona Jean Co,5.99,20.00,70,"This Arizona women's and junior's striped t-shirt provides a cute take on the classic style with its brown striped colorway and embroidered butterfly on the chest. Made from recycled stretch-cotton, this pullover fitted tee has a crew neck and short sleeves. Wear it with shorts or jeans. Closure Type: Pullover HeadFit: Regular FitNeckline: Crew NeckSleeve Length: Short SleeveApparel Length: 20 InchesFiber Content: 60% Cotton, 40% Recycled PolyesterFabric Description: RibCare: Tumble Dry, Machine WashCountry of Origin: Imported",,Regular Fit,"https://jcpenney.scene7.com/is/image/JCPenney/DP0331202509005314M , https://jcpenney.scene7.com/is/image/JCPenney/DP0331202509005211M , https://jcpenney.scene7.com/is/image/JCPenney/DP0331202509005419M",,,Xx-Small,"Butterfly Strp , Blue Cherry , Blue Green Stripe , Multi Stp Anchor , Tibetan Bow Strp"
ppr5008461770,https://www.jcpenney.com/p/st-johns-bay-womens-crew-neck-short-sleeve-t-shirt/ppr5008461770?pTmplType=regular,St. John's Bay Womens Crew Neck Short Sleeve T-Shirt,ST. JOHN`S BAY,4.99,22.00,77,"Add this women's heart-print t-shirt to your rotation from the St. John's Bay women's collection for a sweet casual look. It's made from soft cotton-jersey with a crew neck and short sleeves. Pair it with everything from jeans to skirts.Closure Type: Pullover HeadFit: Regular FitNeckline: Crew NeckSleeve Length: Short SleeveSleeve Style: Cap SleeveApparel Length: 27.5 Inches - FrontFiber Content: 60% Cotton, 40% PolyesterFabric Description: JerseyCare: Machine Wash, Tumble DryMaterial: Cotton Blend, JerseyCountry of Origin: Imported",,Regular Fit,"https://jcpenney.scene7.com/is/image/JCPenney/DP0911202409113045M , https://jcpenney.scene7.com/is/image/JCPenney/DP0911202409112535M , https://jcpenney.scene7.com/is/image/JCPenney/DP0911202409113554M",4.7163,786,"Large , Medium , Small , X-Large , X-Small , Xx-Large","Red Heart , Vespa Scooter , Crab , Farmers Market"
ppr5008549873,https://www.jcpenney.com/p/ana-womens-plus-crew-neck-short-sleeve-t-shirt/ppr5008549873?pTmplType=regular,a.n.a Womens Plus Crew Neck Short Sleeve T-Shirt,A.N.A,3.99,18.00,77,"Features: EssentialsFit: Regular FitNeckline: Crew NeckSleeve Length: Short SleeveSleeve Style: Cap SleeveApparel Length: 28 Inches - Back, 29 Inches - FrontFiber Content: 70% Rayon, 30% PolyesterFabric Description: JerseyCare: Tumble Dry, Machine WashCountry of Origin: Imported",,Regular Fit,"https://jcpenney.scene7.com/is/image/JCPenney/DP0111202409163928M , https://jcpenney.scene7.com/is/image/JCPenney/DP0111202409163825M , https://jcpenney.scene7.com/is/image/JCPenney/DP0111202409164030M",5,1,"0X , 4X , 5X","American Navy , Rich Avocado"
ppr5008443227,https://www.jcpenney.com/p/st-johns-bay-womens-short-sleeve-polo-shirt/ppr5008443227?pTmplType=regular,St. John's Bay Womens Short Sleeve Polo Shirt,ST. JOHN`S BAY,4.99,20.00,75,"This St. John's Bay women's short-sleeve polo shirt is a classic piece essential for your wardrobe. It's made from soft stretch-cotton ensuring a comfortable feel and features a point collar and a button placket for an overall effortless look. Wear it with jeans or skirts.Closure Type: Button, Pullover HeadFit: Regular FitNeckline: Collar NeckSleeve Length: Short SleeveApparel Length: 26 InchesFiber Content: 97% Cotton, 3% SpandexFabric Description: PiqueCollar: Spread CollarCare: Machine Wash, Tumble DryMaterial: Cotton BlendCountry of Origin: Imported",,Regular Fit,"https://jcpenney.scene7.com/is/image/JCPenney/DP1017202409320120M , https://jcpenney.scene7.com/is/image/JCPenney/DP1017202409315510M , https://jcpenney.scene7.com/is/image/JCPenney/DP1017202409320733M",4.6048,377,X-Small,Vortex Violet
ppr5008511534,https://www.jcpenney.com/p/arizona-womens-juniors-crew-neck-short-sleeve-graphic-t-shirt/ppr5008511534?pTmplType=regular,Arizona Womens Juniors Crew Neck Short Sleeve Graphic T-Shirt,Arizona Jean Co,3.99,20.00,80,"Add a laid-back vibe to your wardrobe with this Arizona Jean Co. t-shirt for women and junior girls. Made from a ribbed cotton-blend that includes recycled materials, the pullover style has a classic crew neckline and short sleeves with contrast raglan styling. Pair it with cargo pants and sneakers. Closure Type: Pullover HeadNeckline: Crew NeckSleeve Length: Short SleeveApparel Length: 20 InchesFiber Content: 60% Cotton, 40% Recycled PolyesterFabric Description: RibCare: Machine Wash, Tumble DryCountry of Origin: Imported",,,"https://jcpenney.scene7.com/is/image/JCPenney/DP0211202509054723M , https://jcpenney.scene7.com/is/image/JCPenney/DP0211202509054619M , https://jcpenney.scene7.com/is/image/JCPenney/DP0211202509054825M",5,11,Xx-Small,Clay Costa Sol
ppr5008510673,https://www.jcpenney.com/p/arizona-womens-juniors-short-sleeve-t-shirt/ppr5008510673?pTmplType=regular,Arizona Womens Juniors Short Sleeve T-Shirt,Arizona Jean Co,3.99,24.00,83,"This Arizona women's and junior's short-sleeve t-shirt is an elevated take on the classic you can dress up or down. Made from stretch cotton-jersey, this fitted style has cap sleeves and a square neck. Wear it with denim shorts, jeans or a mini skirtClosure Type: Pullover HeadSleeve Length: Short SleeveSleeve Style: Cap SleeveApparel Length: 20 InchesFiber Content: 88% Cotton, 12% SpandexFabric Description: JerseyCare: Machine Wash, Tumble DryCountry of Origin: Imported",,,"https://jcpenney.scene7.com/is/image/JCPenney/DP0118202513050718M , https://jcpenney.scene7.com/is/image/JCPenney/DP0118202513050616M , https://jcpenney.scene7.com/is/image/JCPenney/DP0118202513050820M",1,2,3X-Large,Light Sky
ppr5008494337,https://www.jcpenney.com/p/cinnamaroll-lace-trimmed-womens-juniors-hello-kitty-tube-top/ppr5008494337?pTmplType=regular,Cinnamaroll Lace Trimmed Womens Juniors Hello Kitty Tube Top,Bio,3.99,24.00,83,"Character: Hello KittyClosure Type: Pullover HeadFit: FittedNeckline: Straight NeckSleeve Length: SleevelessApparel Length: 19 InchesFiber Content: 95% Cotton, 5% SpandexFabric Description: JerseyCare: Machine Wash, Tumble DryMaterial: JerseyCountry of Origin: Imported",,Fitted,"https://jcpenney.scene7.com/is/image/JCPenney/DP0214202509035720M , https://jcpenney.scene7.com/is/image/JCPenney/DP0214202509035514M , https://jcpenney.scene7.com/is/image/JCPenney/DP0214202509035822M , https://jcpenney.scene7.com/is/image/JCPenney/DP0214202509035617M",,,X-Small,Blue White
ppr5008457861,https://www.jcpenney.com/p/ana-womens-plus-crew-neck-short-sleeve-t-shirt/ppr5008457861?pTmplType=regular,a.n.a Womens Plus Crew Neck Short Sleeve T-Shirt,A.N.A,4.49,18.00,75,"Stock up on comfy everyday basics with this a.n.a women's plus crew neck t-shirt. This tee is crafted from 100% cotton with short sleeves and a regular-fit. Wear it with jeans, leggings or jogger pants. Fit: Regular FitNeckline: Crew NeckSleeve Length: Short SleeveApparel Length: 26.75 InchesFiber Content: 100% CottonFabric Description: JerseyCare: Tumble Dry, Machine WashMaterial: FabricCountry of Origin: Imported",,Regular Fit,"https://jcpenney.scene7.com/is/image/JCPenney/DP1126202411155713M , https://jcpenney.scene7.com/is/image/JCPenney/DP1126202411155306M , https://jcpenney.scene7.com/is/image/JCPenney/DP1126202411160122M",3.6842,19,1X,Forest Depths
ppr5008351165,https://www.jcpenney.com/p/xersion-womens-crew-neck-short-sleeve-graphic-t-shirt-plus/ppr5008351165?pTmplType=regular,Xersion Womens Crew Neck Short Sleeve Graphic T-Shirt Plus,Xersion,4.79,32.00,85,"This graphic short-sleeve t-shirt will be an empowering addition to your workouts from Xersion's women's plus collection. Made from a soft recycled stretch-jersey, this pullover tee has a crew neckline, a graphic design with motivational mantras, and a boxy-fit. Wear it with bike shorts or leggings.Fit: Regular FitNeckline: Crew NeckSleeve Length: Short SleeveApparel Length: 28.5 InchesFiber Content: 62% Recycled Polyester, 33% Rayon, 5% SpandexFabric Description: JerseyCare: Machine Wash, Tumble DryMaterial: FabricCountry of Origin: Imported",,Regular Fit,"https://jcpenney.scene7.com/is/image/JCPenney/DP1219202409141267M , https://jcpenney.scene7.com/is/image/JCPenney/DP1219202409141166M , https://jcpenney.scene7.com/is/image/JCPenney/DP1219202409141369M",4.5,4,1X,White
ppr5008392007,https://www.jcpenney.com/p/xersion-womens-performance-v-neck-short-sleeve-t-shirt/ppr5008392007?pTmplType=regular,Xersion Womens Performance V Neck Short Sleeve T-Shirt,Xersion,6.19,25.00,75,"Deemed a Gotta-Have-It item for value you can count on every day! Add this breathable Xersion women's short-sleeve t-shirt to your activewear rotation thanks to its Everair technology and high-performance features. Made from a soft recycled stretch-jersey with quick-dry, moisture-wicking, and odor-resistant properties, this v-neck tee is cut for a regular-fit. Pair with all your favorite workout leggings. Features: Quick Dry, Essentials, Odor ResistantClosure Type: Pullover HeadFit: Regular FitNeckline: V NeckSleeve Length: Short SleeveApparel Length: 27.5 Inches - FrontFiber Content: 75% Recycled Polyester, 15% Polyester, 10% SpandexFabric Description: JerseyCare: Machine Wash, Tumble DryCertifications And Listings: EverairCountry of Origin: Imported EverAir technology is the combination of breathability and superior moisture wicking that will keep you cool and dry.",,Regular Fit,"https://jcpenney.scene7.com/is/image/JCPenney/DP0920202309063967M , https://jcpenney.scene7.com/is/image/JCPenney/DP0920202309063865M , https://jcpenney.scene7.com/is/image/JCPenney/DP0920202309064070M",4.8182,11,X-Small,"Med Hthr Gray , Black"
ppr5008510940,https://www.jcpenney.com/p/arizona-womens-juniors-sleeveless-tank-top/ppr5008510940?pTmplType=regular,Arizona Womens Juniors Sleeveless Tank Top,Arizona Jean Co,6.99,28.00,75,"This Arizona women's and junior's striped tank top is a sweet everyday style for spring and summer looks. Made from stretch-cotton rib, this fitted tank top has a scoop neck with a lace trim and bow. Wear it with jeans or shorts. Strap Type: TankFeatures: Lace TrimClosure Type: Pullover HeadFit: Regular FitSleeve Length: SleevelessApparel Length: 19.5 InchesFiber Content: 95% Cotton, 5% SpandexFabric Description: Rib KnitCare: Tumble Dry, Machine WashMaterial: Cotton BlendCountry of Origin: Imported",,Regular Fit,"https://jcpenney.scene7.com/is/image/JCPenney/DP0212202509043073M , https://jcpenney.scene7.com/is/image/JCPenney/DP0212202509042971M",,,"Large , Medium , X-Large , Xx-Large","Blue Mont , Peach Bliss , Whitecap Rodeo"
ppr5008470195,https://www.jcpenney.com/p/ana-womens-crew-neck-short-sleeve-pocket-t-shirt/ppr5008470195?pTmplType=regular,a.n.a Womens Crew Neck Short Sleeve Pocket T-Shirt,A.N.A,3.99,14.00,71,"This a.n.a women's pocket t-shirt is a chic everyday staple you'll need in your wardrobe. Crafted from soft cotton-jersey, this slightly cropped style has a close fit, a crew neck, short sleeves and a chest pocket. Wear it with jeans, pants or shorts. Closure Type: Pullover HeadFit: Regular FitNeckline: Crew NeckPocket Types: 1 Chest Slip Pocket(s)Sleeve Length: Short SleeveSleeve Style: Fitted SleeveApparel Length: 24 Inches - FrontFiber Content: 100% CottonFabric Description: JerseyCare: Tumble Dry, Machine WashCountry of Origin: Imported",,Regular Fit,"https://jcpenney.scene7.com/is/image/JCPenney/DP0214202509085281M , https://jcpenney.scene7.com/is/image/JCPenney/DP0214202509085076M , https://jcpenney.scene7.com/is/image/JCPenney/DP0214202509085178M",4.5577,52,"X-Large , Xx-Large","La Mar , Creme De Menthe"
ppr5008549875,https://www.jcpenney.com/p/arizona-womens-juniors-crew-neck-short-sleeve-graphic-t-shirt/ppr5008549875?pTmplType=regular,Arizona Womens Juniors Crew Neck Short Sleeve Graphic T-Shirt,Arizona Jean Co,4.99,20.00,75,"You'll love the cool vintage look and feel of this Arizona women's and junior's graphic t-shirt for off-duty days. Made from recycled stretch-cotton, this pullover tee has contrasting colored short sleeves, a slightly fitted silhouette and a crew neck. Wear it with jeans and sneakers or boots.Closure Type: Pullover HeadNeckline: Crew NeckSleeve Length: Short SleeveApparel Length: 20 InchesFiber Content: 60% Cotton, 40% Recycled PolyesterFabric Description: RibCare: Tumble Dry, Machine WashCountry of Origin: Imported",,,"https://jcpenney.scene7.com/is/image/JCPenney/DP0513202509015224M , https://jcpenney.scene7.com/is/image/JCPenney/DP0513202509015120M , https://jcpenney.scene7.com/is/image/JCPenney/DP0513202509015329M",5,11,"3X-Large , Large , Medium , Small , X-Large , X-Small , Xx-Large , Xx-Small","Snowdrift West , Sage Great Basin , Blue Hill Country"
ppr5008493276,https://www.jcpenney.com/p/xersion-womens-round-neck-sleeveless-graphic-muscle-tank-top/ppr5008493276?pTmplType=regular,Xersion Womens Round Neck Sleeveless Graphic Muscle Tank Top,Xersion,4.19,28.00,85,"Fit: Regular FitNeckline: Round NeckSleeve Length: SleevelessApparel Length: 22 InchesFiber Content: 60% Cotton, 40% Repreve Recycled PolyesterFabric Description: JerseyCare: Tumble Dry, Machine WashMaterial: FabricCountry of Origin: Imported",,Regular Fit,"https://jcpenney.scene7.com/is/image/JCPenney/DP0220202509221153M , https://jcpenney.scene7.com/is/image/JCPenney/DP0220202509221051M , https://jcpenney.scene7.com/is/image/JCPenney/DP0220202509221256M",,,"Large , Medium , Small , X-Large , X-Small , Xx-Large","Denver Pink , Shady Glade"
ppr5008549868,https://www.jcpenney.com/p/arizona-womens-juniors-crew-neck-short-sleeve-graphic-t-shirt/ppr5008549868?pTmplType=regular,Arizona Womens Juniors Crew Neck Short Sleeve Graphic T-Shirt,Arizona Jean Co,4.99,20.00,75,"This Arizona women's and junior's graphic t-shirt has a cute butterfly graphic design that's perfect for off-duty looks. Made from 100% cotton for a regular-fit, it has a crew neck, front and back graphics and short sleeves. Style it with shorts or high-waist jeans.Closure Type: Pullover HeadNeckline: Crew NeckSleeve Length: Short SleeveApparel Length: 20 InchesFiber Content: 60% Cotton, 40% Repreve Recycled PolyesterFabric Description: JerseyCare: Machine Wash, Tumble DryCountry of Origin: Imported",,,"https://jcpenney.scene7.com/is/image/JCPenney/DP0512202509133698M , https://jcpenney.scene7.com/is/image/JCPenney/DP0512202509133594M , https://jcpenney.scene7.com/is/image/JCPenney/DP0512202509133802M",3.4,5,"3X-Large , Large , Medium , Small , X-Large , X-Small , Xx-Large , Xx-Small","Iron Lady Bird , Zinfandel 36 , Sage Butterfly , Oatmeal Cowboy , Pink Boston"
ppr5008553669,https://www.jcpenney.com/p/arizona-womens-juniors-crew-neck-short-sleeve-graphic-t-shirt/ppr5008553669?pTmplType=regular,Arizona Womens Juniors Crew Neck Short Sleeve Graphic T-Shirt,Arizona Jean Co,4.99,20.00,75,"This Arizona women's and junior's striped t-shirt is a cute casual style staple for your weekend rotation. Made from soft recycled cotton-rib, this fitted tee has a crew neck, an embroidered slogan and short sleeves - style it with jeans or shorts.Closure Type: Pullover HeadNeckline: Crew NeckSleeve Length: Short SleeveApparel Length: 22 InchesFiber Content: 56% Cotton, 38% Recycled Polyester, 6% SpandexFabric Description: RibCare: Machine Wash, Tumble DryCountry of Origin: Imported",,,"https://jcpenney.scene7.com/is/image/JCPenney/DP0512202509135364M , https://jcpenney.scene7.com/is/image/JCPenney/DP0512202509135259M , https://jcpenney.scene7.com/is/image/JCPenney/DP0512202509135470M",,,"3X-Large , Large , Medium , X-Large , X-Small , Xx-Large , Xx-Small",Blue Strp
ppr5007969466,https://www.jcpenney.com/p/xersion-womens-everair-scoop-neck-sleeveless-tank-top/ppr5007969466?pTmplType=regular,Xersion Womens Everair Scoop Neck Sleeveless Tank Top,Xersion,4.99,12.00,58,"You can never have enough basics in your athletic wardrobe, and this Xersion women's scoop neck tank top is the perfect addition to complement your style. It's cut for a regular-fit from a breathable stretch-jersey with quick-dry and odor-resistant properties, so you stay cool and fresh whether working out in the gym, the park, or on the court.Features: Breathable, Quick Dry, Odor ResistantClosure Type: Pullover HeadFit: Regular FitNeckline: U NeckSleeve Length: SleevelessApparel Length: 27 Inches - Back, 26 Inches - FrontFiber Content: 86% Polyester, 14% SpandexFabric Description: JerseyCare: Tumble Dry, Machine WashCertifications And Listings: EverairCountry of Origin: Imported EverAir technology is the combination of breathability and superior moisture wicking that will keep you cool and dry.",,Regular Fit,"https://jcpenney.scene7.com/is/image/JCPenney/DP1111202011031169M , https://jcpenney.scene7.com/is/image/JCPenney/DP1111202011031161M , https://jcpenney.scene7.com/is/image/JCPenney/DP0528202411021328M",,,X-Small,"Med Hthr Gray , Black , Black Spd"
ppr5008380865,https://www.jcpenney.com/p/xersion-womens-performance-u-neck-sleeveless-tank-top-petite/ppr5008380865?pTmplType=regular,Xersion Womens Performance U Neck Sleeveless Tank Top Petite,Xersion,3.99,12.00,66,"Add a chic sporty touch to workouts wearing this Xersion women's petite tank top. Crafted from a breathable, soft stretch-jersey with quick-dry properties thanks to its Everair technology, this sleeveless top has contrasting colored inserts and a u-neckline. Team it with your favorite workout leggings or shorts. Features: Breathable, Quick DryClosure Type: Pullover HeadFit: Loose FitNeckline: U NeckSleeve Length: SleevelessApparel Length: 26 Inches - Back, 25 Inches - FrontFiber Content: 100% PolyesterFabric Description: JerseyCare: Machine Wash, Tumble DryCertifications And Listings: EverairCountry of Origin: Imported EverAir technology is the combination of breathability and superior moisture wicking that will keep you cool and dry.",,Loose Fit,"https://jcpenney.scene7.com/is/image/JCPenney/DP0505202115010722M , https://jcpenney.scene7.com/is/image/JCPenney/DP0505202115010670M , https://jcpenney.scene7.com/is/image/JCPenney/DP0514202407120468M",4.8889,18,"Petite Small , Petite X-Small",Black
ppr5008539364,https://www.jcpenney.com/p/coco-loteria-side-womens-juniors-round-neck-sleeveless-tank-top/ppr5008539364?pTmplType=regular,Coco Loteria Side Womens Juniors Round Neck Sleeveless Tank Top,HYBRID TEES,4.99,20.00,75,"Strap Type: TankFeatures: Tag FreeClosure Type: Pullover HeadFit: FittedNeckline: Round NeckSleeve Length: SleevelessApparel Length: 22 InchesFiber Content: 60% Cotton, 40% PolyesterFabric Description: JerseyCare: Machine Wash, Tumble DryMaterial: JerseyCountry of Origin: Imported",,Fitted,"https://jcpenney.scene7.com/is/image/JCPenney/DP0610202509012279M , https://jcpenney.scene7.com/is/image/JCPenney/DP0610202509012175M , https://jcpenney.scene7.com/is/image/JCPenney/DP0610202509011965M , https://jcpenney.scene7.com/is/image/JCPenney/DP0610202509012070M",3,1,"Medium , Small , X-Small",Black
ppr5008309184,https://www.jcpenney.com/p/arizona-womens-juniors-round-neck-short-sleeve-crop-top/ppr5008309184?pTmplType=regular,Arizona Womens Juniors Round Neck Short Sleeve Crop Top,Arizona Jean Co,3.99,20.00,80,"A cropped t-shirt is as essential to your wardrobe as a pair of jeans - for the perfect casual outfit ensemble. Try this short-sleeve baby tee from Arizona's women's and junior's collection for an on-trend take on the style, made from ribbed stretch-cotton with recycled fabric for a comfortable fit, plus a delicate lettuce trim and piping detail.Features: EssentialsClosure Type: Pullover HeadFit: FittedNeckline: Crew NeckSleeve Length: Short SleeveSleeve Style: Cap SleeveApparel Length: 19 InchesFiber Content: 56% Cotton, 38% Recycled Polyester, 6% SpandexFabric Description: Rib KnitCare: Tumble Dry, Machine WashCountry of Origin: Imported",,Fitted,"https://jcpenney.scene7.com/is/image/JCPenney/DP1006202209055094M , https://jcpenney.scene7.com/is/image/JCPenney/DP1006202209054991M , https://jcpenney.scene7.com/is/image/JCPenney/DP1006202209055197M",4.7143,7,"3X-Large , Xx-Large",White
ppr5008672446,https://www.jcpenney.com/p/arizona-womens-juniors-crew-neck-short-sleeve-graphic-t-shirt/ppr5008672446?pTmplType=regular,Arizona Womens Juniors Crew Neck Short Sleeve Graphic T-Shirt,Arizona Jean Co,5.99,20.00,70,"Closure Type: Pullover HeadNeckline: Crew NeckPocket Types: 1 Chest Slip Pocket(s)Sleeve Length: Short SleeveApparel Length: 20 InchesFiber Content: 60% Cotton, 40% Repreve Recycled PolyesterFabric Description: JerseyCare: Machine Wash, Tumble DryMaterial: CottonCountry of Origin: Imported",,,"https://jcpenney.scene7.com/is/image/JCPenney/DP0314202511034304M , https://jcpenney.scene7.com/is/image/JCPenney/DP0314202511034199M , https://jcpenney.scene7.com/is/image/JCPenney/DP0314202511034408M",,,"3X-Large , X-Small , Xx-Large , Xx-Small","Tobacco Brown , Yuma Rose"
ppr5008510935,https://www.jcpenney.com/p/arizona-womens-juniors-scoop-neck-tank-top/ppr5008510935?pTmplType=regular,Arizona Womens Juniors Scoop Neck Tank Top,Arizona Jean Co,3.99,24.00,83,"This Arizona women's and junior's Barcelona graphic tank top is made from comfy stretch-cotton knit and has a fitted design. Wear it with shorts or jeans. Strap Type: TankClosure Type: Pullover HeadFit: Regular FitNeckline: Scoop NeckApparel Length: 20 InchesFiber Content: 95% Cotton, 5% SpandexFabric Description: Rib KnitCare: Machine Wash, Tumble DryMaterial: Cotton BlendCountry of Origin: Imported",,Regular Fit,"https://jcpenney.scene7.com/is/image/JCPenney/DP0224202511014555M , https://jcpenney.scene7.com/is/image/JCPenney/DP0224202511014452M , https://jcpenney.scene7.com/is/image/JCPenney/DP0224202511014658M",3.6667,3,"3X-Large , Medium , X-Small","Tomato Coast , Pacific Blue , Snowdrift Lake"
ppr5008465144,https://www.jcpenney.com/p/xersion-womens-crew-neck-short-sleeve-active-t-shirt/ppr5008465144?pTmplType=regular,Xersion Womens Crew Neck Short Sleeve Active T-Shirt,Xersion,4.19,28.00,85,"This Xersion women's t-shirt has you covered on casual and active days. The cropped pullover style is made from a recycled jersey cotton-blend and has a regular-fit, a crew neck, short sleeves, and a contrast stripe along the shoulders and around the neck for a unique touch. Wear it with leggings and your favorite sneakers. Closure Type: Pullover HeadFit: Regular FitNeckline: Crew NeckSleeve Length: Short SleeveApparel Length: 24 Inches - FrontFiber Content: 60% Cotton, 40% Repreve Recycled PolyesterFabric Description: JerseyCare: Machine Wash, Tumble DryMaterial: CottonCountry of Origin: Imported",,Regular Fit,"https://jcpenney.scene7.com/is/image/JCPenney/DP1210202409023481M , https://jcpenney.scene7.com/is/image/JCPenney/DP1210202409023379M , https://jcpenney.scene7.com/is/image/JCPenney/DP1210202409023582M",4,1,"Large , X-Large , Xx-Large","Shadow Lime White , White Black"
ppr5008182633,https://www.jcpenney.com/p/xersion-womens-performance-scoop-neck-sleeveless-tank-top/ppr5008182633?pTmplType=regular,Xersion Womens Performance Scoop Neck Sleeveless Tank Top,Xersion,3.99,20.00,80,"Xersion's women's scoop neck is cut from our quick-dry Everair stretch fabric that's moisture-wicking and breathable. It's also antimicrobial and odor resistant so that you can increase your workout intensity without worry- use it as a base layer or wear it alone in warmer temperatures.Features: Quick Dry, Essentials, Odor ResistantClosure Type: Pullover HeadFit: Relaxed FitNeckline: Scoop NeckSleeve Length: SleevelessApparel Length: 26 Inches - Front, 27 Inches - BackFiber Content: 75% Recycled Polyester, 15% Polyester, 10% SpandexFabric Description: JerseyCare: Machine Wash, Tumble DryCertifications And Listings: EverairCountry of Origin: Imported EverAir technology is the combination of breathability and superior moisture wicking that will keep you cool and dry.",,Relaxed Fit,"https://jcpenney.scene7.com/is/image/JCPenney/DP0920202309070440M , https://jcpenney.scene7.com/is/image/JCPenney/DP0920202309070337M , https://jcpenney.scene7.com/is/image/JCPenney/DP0920202309070543M",4.7234,47,X-Small,"Black Spd , Med Hthr Gray"
ppr5008549869,https://www.jcpenney.com/p/arizona-womens-juniors-crew-neck-short-sleeve-graphic-t-shirt/ppr5008549869?pTmplType=regular,Arizona Womens Juniors Crew Neck Short Sleeve Graphic T-Shirt,Arizona Jean Co,5.99,20.00,70,"This Arizona women's and junior's graphic t-shirt has a cool varsity aesthetic that's perfect for weekend or casual wear. Made from a recycled stretch-cotton blend, this pullover tee has a fitted design with a crew neck and short sleeves. Wear it with jeans or shorts. Closure Type: Pullover HeadNeckline: Crew NeckSleeve Length: Short SleeveApparel Length: 22 InchesFiber Content: 56% Cotton, 38% Recycled Polyester, 6% SpandexFabric Description: RibCare: Tumble Dry, Machine WashCountry of Origin: Imported",,,"https://jcpenney.scene7.com/is/image/JCPenney/DP0429202509012626M , https://jcpenney.scene7.com/is/image/JCPenney/DP0429202509012523M , https://jcpenney.scene7.com/is/image/JCPenney/DP0429202509012730M",4.2,20,"3X-Large , Xx-Small","Snowdrift Hart Gr , Red Brookside , Brown Butterfly , Cityblue Fast Lane"
ppr5008549885,https://www.jcpenney.com/p/arizona-adaptive-womens-juniors-easy-on-easy-off-crew-neck-short-sleeve-graphic-t-shirt/ppr5008549885?pTmplType=regular,Arizona Adaptive Womens Juniors Easy-on + Easy-off Crew Neck Short Sleeve Graphic T-Shirt,Arizona Jean Co,4.99,20.00,75,"This Arizona women's and junior's graphic t-shirt comes from its adaptive collection. Made from a recycled cotton-rib, it has a crew neck, short raglan sleeves and hook and loop tape fasteners at the back for easy on-and-off dressing. Wear it with jeans or pants.Closure Type: Pullover HeadNeckline: Crew NeckSleeve Length: Short SleeveApparel Length: 20 InchesFiber Content: 60% Cotton, 40% Recycled PolyesterFabric Description: RibCare: Tumble Dry, Machine WashAdaptive Features: Hook + Loop FastenersCountry of Origin: Imported",,,"https://jcpenney.scene7.com/is/image/JCPenney/DP0515202509041544M , https://jcpenney.scene7.com/is/image/JCPenney/DP0611202515002462M , https://jcpenney.scene7.com/is/image/JCPenney/DP0515202509041440M , https://jcpenney.scene7.com/is/image/JCPenney/DP0515202509041649M , https://jcpenney.scene7.com/is/image/JCPenney/DP0516202509133621M , https://jcpenney.scene7.com/is/image/JCPenney/DP0516202509133518M",,,"3X-Large , Large , Medium , X-Large , X-Small , Xx-Large , Xx-Small",Sage Great Basin
ppr5008511417,https://www.jcpenney.com/p/arizona-womens-juniors-tube-top/ppr5008511417?pTmplType=regular,Arizona Womens Juniors Tube Top,Arizona Jean Co,4.79,20.00,76,"Made from soft cotton-jersey, this women's Arizona Jeans Co. tube top is an easy-to-wear style to effortlessly mix and match with your summer wardrobe. Wear it with everything from shorts to skirts.Closure Type: Pullover HeadFit: Regular FitSleeve Length: SleevelessApparel Length: 14 Inches - FrontFiber Content: 95% Cotton, 5% SpandexFabric Description: JerseyCare: Machine Wash, Tumble DryMaterial: JerseyOwned & Founded: Latinx Owned/FoundedCountry of Origin: Imported",,Regular Fit,"https://jcpenney.scene7.com/is/image/JCPenney/DP0221202509040991M , https://jcpenney.scene7.com/is/image/JCPenney/DP0221202509040889M , https://jcpenney.scene7.com/is/image/JCPenney/DP0221202509041093M",5,3,"Large , Medium","Guava Jam , Heather Grey , Blue Stripe"
ppr5008539500,https://www.jcpenney.com/p/arizona-womens-juniors-crew-neck-short-sleeve-graphic-t-shirt/ppr5008539500?pTmplType=regular,Arizona Womens Juniors Crew Neck Short Sleeve Graphic T-Shirt,Arizona Jean Co,4.99,20.00,75,"Go retro with this Arizona Jean Co. short-sleeve graphic t-shirt for women and juniors. Made from a ribbed cotton-blend, it features contrast trim, a chest graphic, and a classic crew neckline. Pair with high-rise jeans and sneakers for a laid-back vibe. Closure Type: Pullover HeadNeckline: Crew NeckSleeve Length: Short SleeveApparel Length: 20 InchesFiber Content: 60% Cotton, 40% Recycled PolyesterFabric Description: RibCare: Machine Wash, Tumble DryCountry of Origin: Imported",,,"https://jcpenney.scene7.com/is/image/JCPenney/DP0321202509025781M , https://jcpenney.scene7.com/is/image/JCPenney/DP0321202509025676M , https://jcpenney.scene7.com/is/image/JCPenney/DP0321202509025886M",5,1,Xx-Small,"Snow High Desert , Blue Lacrosse"
ppr5008493299,https://www.jcpenney.com/p/xersion-everyday-womens-crew-neck-short-sleeve-quick-dry-active-t-shirt/ppr5008493299?pTmplType=regular,Xersion Everyday Womens Crew Neck Short Sleeve Quick Dry Active T-Shirt,Xersion,4.19,28.00,85,"This Xersion women's active t-shirt comes in a vivid blue tone, adding a stylish pop of color to your activewear collection. Made from soft stretch-jersey, this short-sleeve tee also features quick-dry technology to keep you feeling comfortable while you're on the move. Wear it with bike shorts, leggings or jogger pants.Features: Quick DryClosure Type: Pullover HeadFit: Regular FitNeckline: Crew NeckSleeve Length: Short SleeveApparel Length: 21 Inches - FrontFiber Content: 92% Polyester, 8% SpandexFabric Description: JerseyCare: Tumble Dry, Machine WashMaterial: JerseyCountry of Origin: Imported",,Regular Fit,"https://jcpenney.scene7.com/is/image/JCPenney/DP0409202509015429M , https://jcpenney.scene7.com/is/image/JCPenney/DP0409202509015324M , https://jcpenney.scene7.com/is/image/JCPenney/DP0409202509015534M",4.25,4,Xx-Large,Black
ppr5008435836,https://www.jcpenney.com/p/xersion-everyday-womens-crew-neck-short-sleeve-t-shirt/ppr5008435836?pTmplType=regular,Xersion Everyday Womens Crew Neck Short Sleeve T-Shirt,Xersion,4.69,28.00,83,"Your essentials need to perform their best, so add this women's Xersion t-shirt designed with quick-dry technology to keep you cool and dry. It's made from a breathable stretch-jersey and has a crew neckline and short sleeves. Pair it with active shorts for a workout or jeans for easy all-day wear.Features: Quick DryClosure Type: Pullover HeadFit: Regular FitNeckline: Crew NeckSleeve Length: Short SleeveApparel Length: 21 Inches - FrontFiber Content: 95% Polyester, 5% SpandexFabric Description: JerseyCare: Tumble Dry, Machine WashMaterial: PolyesterCountry of Origin: Imported",,Regular Fit,"https://jcpenney.scene7.com/is/image/JCPenney/DP1224202409062450M , https://jcpenney.scene7.com/is/image/JCPenney/DP1224202409062349M , https://jcpenney.scene7.com/is/image/JCPenney/DP1224202409062552M",4,8,"X-Large , Xx-Large","Peach Passion Mlg , Misted Aqua"
ppr5008524770,https://www.jcpenney.com/p/arizona-womens-juniors-short-sleeve-graphic-t-shirt/ppr5008524770?pTmplType=regular,Arizona Womens Juniors Short Sleeve Graphic T-Shirt,Arizona Jean Co,3.99,20.00,80,"This Arizona women's and junior's short-sleeve graphic t-shirt is a casual style essential. Crafted from 100% cotton, this slightly cropped style has a West Coast graphic on the front. Wear it with jeans or shorts. Closure Type: Pullover HeadSleeve Length: Short SleeveApparel Length: 20 InchesFiber Content: 100% CottonFabric Description: JerseyCare: Machine Wash, Tumble DryCountry of Origin: Imported",,,"https://jcpenney.scene7.com/is/image/JCPenney/DP0123202509084184M , https://jcpenney.scene7.com/is/image/JCPenney/DP0123202509084081M , https://jcpenney.scene7.com/is/image/JCPenney/DP0123202509084285M",3.4,5,"3X-Large , Xx-Small","Snowdrift Athletic , Snowdrift Coast , Light Sky Coast , Sea Blue La , Peach Berries , Coral Sun , Coffee Rio Suerte"
ppr5008481654,https://www.jcpenney.com/p/st-johns-bay-womens-sleeveless-polo-shirt/ppr5008481654?pTmplType=regular,St. John's Bay Womens Sleeveless Polo Shirt,ST. JOHN`S BAY,4.99,20.00,75,"This St. John's Bay women's sleeveless polo shirt comes in a beautiful bright blue and is made from a comfy soft stretch-cotton pique. This pullover top comes complete with a collar neck and a button placket and is perfect to pair with bermuda shorts, jeans or capri pants. 2nd Piece Apparel Length: 100 InchesClosure Type: Button, Pullover HeadFit: Regular FitNeckline: Collar NeckSleeve Length: SleevelessApparel Length: 22.75 InchesFiber Content: 100% CottonFabric Description: PiqueCollar: Spread CollarCare: Tumble Dry, Machine WashMaterial: Cotton Blend, CottonOeko-Tex Standard 100 Label: Shirley Technologies LimitedOeko-Tex Standard 100 Test Institute: 11-63312Country of Origin: Imported",,Regular Fit,"https://jcpenney.scene7.com/is/image/JCPenney/DP0218202511045409M , https://jcpenney.scene7.com/is/image/JCPenney/DP0218202511045202M , https://jcpenney.scene7.com/is/image/JCPenney/DP0218202511045613M",4.25,16,Petite Xx-Large,Yellow Stripe
ppr5008504541,https://www.jcpenney.com/p/arizona-womens-juniors-crew-neck-short-sleeve-t-shirt/ppr5008504541?pTmplType=regular,Arizona Womens Juniors Crew Neck Short Sleeve T-Shirt,Arizona Jean Co,5.99,20.00,70,"This junior's and women's graphic t-shirt from Arizona is designed for a comfortable, lived-in feel with a slightly cropped length that looks great paired with high-rise jeans or shorts. Made from soft recycled cotton-rib, it has a crew neckline, a chest slip pocket, and short sleeves.Closure Type: Pullover HeadNeckline: Crew NeckSleeve Length: Short SleeveApparel Length: 20 InchesFiber Content: 60% Cotton, 40% Recycled PolyesterFabric Description: RibCare: Tumble Dry, Machine WashCountry of Origin: Imported",,,"https://jcpenney.scene7.com/is/image/JCPenney/DP1108202409034861M , https://jcpenney.scene7.com/is/image/JCPenney/DP1108202409034756M , https://jcpenney.scene7.com/is/image/JCPenney/DP1108202409034963M",4.6667,3,"X-Large , Xx-Small","Snowdrift Cities , Bay Laurel Motor"
ppr5008444482,https://www.jcpenney.com/p/st-johns-bay-womens-crew-neck-long-sleeve-t-shirt/ppr5008444482?pTmplType=regular,St. John's Bay Womens Crew Neck Long Sleeve T-Shirt,ST. JOHN`S BAY,4.49,18.00,75,"This St. John’s Bay women’s t-shirt will be a welcomed essential to your cold-weather wardrobe. Made from soft cotton-knit, this tee has a crew neckline and long sleeves. Stock up on different colors and pair yours with everything from skirts to jeans. Features: EssentialsClosure Type: Pullover HeadFit: Regular FitNeckline: Crew NeckSleeve Length: Long SleeveApparel Length: 26 InchesFiber Content: 100% CottonFabric Description: RibCare: Tumble Dry, Machine WashMaterial: CottonCountry of Origin: Imported",,Regular Fit,"https://jcpenney.scene7.com/is/image/JCPenney/DP1004202417090944M , https://jcpenney.scene7.com/is/image/JCPenney/DP0412202409171631M , https://jcpenney.scene7.com/is/image/JCPenney/DP0412202409172349M",4.6071,1102,Xx-Large,Black
ppr5008446687,https://www.jcpenney.com/p/st-johns-bay-womens-crew-neck-short-sleeve-t-shirt/ppr5008446687?pTmplType=regular,St. John's Bay Womens Crew Neck Short Sleeve T-Shirt,ST. JOHN`S BAY,3.99,14.00,71,"Refresh your basics collection with this St. John's Bay women's short-sleeve t-shirt made from 100% cotton. It's cut for a regular-fit and has a crew neckline. Style it with everything from jeans for a casual day or pants and heels for an evening out. Closure Type: Pullover HeadFit: Regular FitNeckline: Crew NeckSleeve Length: Short SleeveSleeve Style: Cap SleeveApparel Length: 26 Inches - FrontFiber Content: 100% CottonFabric Description: Rib KnitCare: Tumble Dry, Machine WashCertifications And Listings: Oeko-Tex Standard 100Material: CottonCountry of Origin: Imported",,Regular Fit,"https://jcpenney.scene7.com/is/image/JCPenney/DP0828202409180961M , https://jcpenney.scene7.com/is/image/JCPenney/DP0828202409180859M , https://jcpenney.scene7.com/is/image/JCPenney/DP0828202409181063M",4.7172,990,Xx-Large,Cabaret Red
ppr5008539519,https://www.jcpenney.com/p/shrek-ringer-womens-juniors-u-neck-sleeveless-tank-top/ppr5008539519?pTmplType=regular,Shrek Ringer Womens Juniors U Neck Sleeveless Tank Top,Mad Engine,4.19,28.00,85,"Closure Type: Pullover HeadFit: Regular FitNeckline: U NeckSleeve Length: SleevelessFiber Content: 99% Cotton, 1% SpandexFabric Description: MeshCare: Machine Wash, Tumble DryCountry of Origin: Imported",,Regular Fit,"https://jcpenney.scene7.com/is/image/JCPenney/DP0527202509090370M , https://jcpenney.scene7.com/is/image/JCPenney/DP0527202509090162M , https://jcpenney.scene7.com/is/image/JCPenney/DP0527202509090474M , https://jcpenney.scene7.com/is/image/JCPenney/DP0527202509090266M",,,"Medium , Small , X-Small",Green Olive
ppr5008504538,https://www.jcpenney.com/p/arizona-womens-juniors-crew-neck-short-sleeve-graphic-t-shirt/ppr5008504538?pTmplType=regular,Arizona Womens Juniors Crew Neck Short Sleeve Graphic T-Shirt,Arizona Jean Co,3.99,20.00,80,"This junior's and women's t-shirt from Arizona is cut in a slightly cropped length that looks great paired with high-rise jeans or shorts. Made from soft pointelle in a sweet cherry-print, it has a crew neckline, a chest slip pocket, and short sleeves.Closure Type: Pullover HeadNeckline: Crew NeckSleeve Length: Short SleeveApparel Length: 22 InchesFiber Content: 56% Cotton, 38% Recycled Polyester, 6% SpandexFabric Description: RibCare: Tumble Dry, Machine WashCountry of Origin: Imported",,,"https://jcpenney.scene7.com/is/image/JCPenney/DP0118202513051125M , https://jcpenney.scene7.com/is/image/JCPenney/DP0118202513051024M , https://jcpenney.scene7.com/is/image/JCPenney/DP0118202513051228M",4.6667,3,Xx-Small,"Blue Palo Alto , Snowdrift Cali , Snowdrift Acapulco"
ppr5008510941,https://www.jcpenney.com/p/arizona-womens-juniors-scoop-neck-sleeveless-tank-top/ppr5008510941?pTmplType=regular,Arizona Womens Juniors Scoop Neck Sleeveless Tank Top,Arizona Jean Co,5.99,20.00,70,"This Arizona tank top for women and junior girls is the perfect everyday essential for layering year-round. Made from 100% cotton, the sleeveless style is cut for a regular-fit and features a scoop neckline and wide straps. Wear it with distressed denim shorts or jeans.Closure Type: Pullover HeadNeckline: Scoop NeckSleeve Length: SleevelessApparel Length: 18.5 InchesFiber Content: 88% Polyester, 12% SpandexFabric Description: InterlockCare: Tumble Dry, Machine WashCountry of Origin: Imported",,,"https://jcpenney.scene7.com/is/image/JCPenney/DP0118202513045904M , https://jcpenney.scene7.com/is/image/JCPenney/DP0118202513045803M , https://jcpenney.scene7.com/is/image/JCPenney/DP0118202513050006M",4.2,5,3X-Large,"Neptune Green , Black , Snowdrift , Sea Pink"
ppr5008446790,https://www.jcpenney.com/p/st-johns-bay-womens-v-neck-short-sleeve-t-shirt/ppr5008446790?pTmplType=regular,St. John's Bay Womens V Neck Short Sleeve T-Shirt,ST. JOHN`S BAY,3.99,14.00,71,"Refresh your basics collection with this St. John's Bay women's short-sleeve t-shirt made from 100% cotton. It's cut for a regular-fit and has a v-neckline. Style it with everything from jeans for a casual day or pants and heels for an evening out. Features: EssentialsClosure Type: Pullover HeadFit: Regular FitNeckline: V NeckSleeve Length: Short SleeveSleeve Style: Cap SleeveApparel Length: 26 Inches - FrontFiber Content: 100% CottonFabric Description: Rib KnitCare: Machine Wash, Tumble DryCertifications And Listings: Oeko-Tex Standard 100Material: CottonCountry of Origin: Imported",,Regular Fit,"https://jcpenney.scene7.com/is/image/JCPenney/DP1023202409141322M , https://jcpenney.scene7.com/is/image/JCPenney/DP1023202409140507M , https://jcpenney.scene7.com/is/image/JCPenney/DP1023202409142134M",4.7209,935,Xx-Large,Going Bananas
ppr5008347293,https://www.jcpenney.com/p/xersion-womens-performance-scoop-neck-sleeveless-tank-top/ppr5008347293?pTmplType=regular,Xersion Womens Performance Scoop Neck Sleeveless Tank Top,Xersion,4.99,20.00,75,"Deemed a Gotta-Have-It item for value you can count on every day! Wear this Xersion women's tank top for a stylish, high-performing workout essential. The active top is made from a breathable, soft stretch-jersey with quick-dry and odor-resistant properties and a scoop neckline. Team it with your favorite workout leggings or shorts. Features: Quick Dry, Odor ResistantClosure Type: Pullover HeadFit: Regular FitNeckline: Scoop NeckSleeve Length: SleevelessApparel Length: 26 Inches - Front, 27 Inches - BackFiber Content: 90% Polyester, 10% SpandexFabric Description: JerseyCare: Tumble Dry, Machine WashCertifications And Listings: EverairCountry of Origin: Imported EverAir technology is the combination of breathability and superior moisture wicking that will keep you cool and dry.",,Regular Fit,"https://jcpenney.scene7.com/is/image/JCPenney/DP1220202113025447M , https://jcpenney.scene7.com/is/image/JCPenney/DP1220202113025444M , https://jcpenney.scene7.com/is/image/JCPenney/DP1220202113025451M",4.8,15,X-Small,Med Heather Grey
ppr5008459900,https://www.jcpenney.com/p/st-johns-bay-womens-tall-crew-neck-short-sleeve-t-shirt/ppr5008459900?pTmplType=regular,St. John's Bay Womens Tall Crew Neck Short Sleeve T-Shirt,ST. JOHN`S BAY,4.59,26.00,82,"This St. John's Bay women's tall graphic t-shirt is a cute addition to your casual wardrobe. It's made from soft marled cotton-jersey with a butterfly graphic on the front, a crew neck and short sleeves. Wear it with shorts or jeans. Closure Type: Pullover HeadFit: Regular FitNeckline: Crew NeckSleeve Length: Short SleeveSleeve Style: Cap SleeveApparel Length: 29 InchesFiber Content: 60% Cotton, 40% PolyesterFabric Description: JerseyCare: Machine Wash, Tumble DryMaterial: Cotton Blend, Cotton, PolyesterCountry of Origin: Imported",,Regular Fit,"https://jcpenney.scene7.com/is/image/JCPenney/DP0121202509002325M , https://jcpenney.scene7.com/is/image/JCPenney/DP0121202509002020M , https://jcpenney.scene7.com/is/image/JCPenney/DP0121202509002631M",4,3,"X-Large Tall , Xx-Large Tall",Scooter
ppr5008539757,https://www.jcpenney.com/p/st-johns-bay-womens-v-neck-3-4-sleeve-t-shirt/ppr5008539757?pTmplType=regular,St. John's Bay Womens V Neck 3/4 Sleeve T-Shirt,ST. JOHN`S BAY,9.99,18.00,44,"Refresh your everyday basics with this comfortable St. John's Bay t-shirt for women. It's made from soft, breathable cotton with 3/4 sleeves and a flattering v-neckline. Tuck it into jeans and add flats for a casual chic outfit.Features: EssentialsClosure Type: Pullover HeadFit: Regular FitNeckline: V NeckSleeve Length: 3/4 SleeveSleeve Style: Fitted SleeveApparel Length: 26 Inches - FrontFiber Content: 100% CottonFabric Description: RibCare: Machine Wash, Tumble DryCertifications And Listings: Oeko-Tex Standard 100Material: CottonOeko-Tex Standard 100 Label: Kl020 178692Oeko-Tex Standard 100 Test Institute: TestexCountry of Origin: Imported",,Regular Fit,"https://jcpenney.scene7.com/is/image/JCPenney/DP0328202509133974M , https://jcpenney.scene7.com/is/image/JCPenney/DP0328202509133350M , https://jcpenney.scene7.com/is/image/JCPenney/DP0328202509134597M",4.7452,777,"Large , Medium , Small , X-Large , X-Small , Xx-Large","Amazon , Black , White , American Navy , Oak Moss , Cabaret Red , Fabulous Pink , Magenta Jewel , Red Rover , Bold Burgundy , Rich Maple , Swedish Blue , Watercress , Tropical Rainfores , Celestial Teal , Deep Ruby , Gentian Violet , Venus Pink , Placid Blue , Yolk Yellow , Miami Spice , Med Heather Gray"
ppr5008551204,https://www.jcpenney.com/p/ana-womens-v-neck-short-sleeve-t-shirt/ppr5008551204?pTmplType=regular,a.n.a Womens V Neck Short Sleeve T-Shirt,A.N.A,9.99,16.00,37,"Essential and easy to style, this women's t-shirt from a.n.a is made from soft cotton-jersey with V-neck and short sleeves. This versatile tee pairs with everything from denim shorts to mini skirts.Closure Type: Pullover HeadNeckline: V NeckSleeve Length: Short SleeveApparel Length: 24.5 InchesFiber Content: 100% CottonFabric Description: JerseyCare: Tumble Dry, Machine WashCountry of Origin: Imported",,,"https://jcpenney.scene7.com/is/image/JCPenney/DP0114202613041118M , https://jcpenney.scene7.com/is/image/JCPenney/DP1105202509252505M , https://jcpenney.scene7.com/is/image/JCPenney/DP1105202509252400M",3.6667,6,"Large , Medium , Small , X-Large , X-Small , Xx-Large","White , White Stripe , Black , Coral Frost , Med Heather Grey , Hawthorn Rose , Birchwood , Silver Lake Blue , Oregano , Navy Stripe"
ppr5008537771,https://www.jcpenney.com/p/st-johns-bay-womens-crew-neck-short-sleeve-t-shirt/ppr5008537771?pTmplType=regular,St. John's Bay Womens Crew Neck Short Sleeve T-Shirt,ST. JOHN`S BAY,9.99,16.00,37,"The St. John’s Bay women’s crew-neck short-sleeve t-shirt is an everyday essential made for lasting comfort. Crafted from soft knit fabric, it features a relaxed fit and a classic crew neckline. Pair with jeans or shorts for a timeless casual look.Features: EssentialsClosure Type: Pullover HeadFit: Regular FitNeckline: Crew NeckSleeve Length: Short SleeveSleeve Style: Cap SleeveApparel Length: 26 Inches - FrontFiber Content: 100% CottonFabric Description: Rib KnitCare: Tumble Dry, Machine WashCertifications And Listings: Oeko-Tex Standard 100Material: CottonOeko-Tex Standard 100 Label: Hk020 145317Oeko-Tex Standard 100 Test Institute: TestexCountry of Origin: Imported",,Regular Fit,"https://jcpenney.scene7.com/is/image/JCPenney/DP0805202509033159M , https://jcpenney.scene7.com/is/image/JCPenney/DP0805202509033472M , https://jcpenney.scene7.com/is/image/JCPenney/DP0805202509032846M",4.2273,22,"Large , Medium , Small , X-Large , X-Small , Xx-Large","American Navy , Black , White , Cabaret Red , Oregano , Preppy Pink , Tropic Blue , Solar Power Yellow , Rose Valley , Stunning Green , Lindsay Green , Cabana Coral , Alaskan Blue , Skydiver Blue , Orchid Bloom , Strawberry Freeze , Peach Cobbler , Green Splash , Rose Garden , Bold Blue , Limelight , Vibrant Green , Innocent Pink , Tropical Orchid"
ppr5008537761,https://www.jcpenney.com/p/st-johns-bay-womens-v-neck-short-sleeve-t-shirt/ppr5008537761?pTmplType=regular,St. John's Bay Womens V Neck Short Sleeve T-Shirt,ST. JOHN`S BAY,9.99,16.00,37,"The St. John’s Bay women’s V-neck short-sleeve t-shirt offers casual versatility with a soft, breathable feel. Designed with a flattering v-neckline and relaxed fit, it pairs perfectly with jeans, shorts, or layered looks for everyday ease.Features: EssentialsClosure Type: Pullover HeadFit: Regular FitNeckline: V NeckSleeve Length: Short SleeveSleeve Style: Cap SleeveApparel Length: 26 Inches - FrontFiber Content: 100% CottonFabric Description: Rib KnitCare: Tumble Dry, Machine WashCertifications And Listings: Oeko-Tex Standard 100Material: CottonOeko-Tex Standard 100 Label: Testex AgOeko-Tex Standard 100 Test Institute: Kl020 175227Country of Origin: Imported",,Regular Fit,"https://jcpenney.scene7.com/is/image/JCPenney/DP1226202513035702M , https://jcpenney.scene7.com/is/image/JCPenney/DP1226202513040116M , https://jcpenney.scene7.com/is/image/JCPenney/DP1226202513035287M",4.7037,27,"Large , Medium , Small , X-Large , X-Small , Xx-Large","Rose Garden , Black , White , American Navy , Cabaret Red , Oregano , Strawberry Freeze , Peach Cobbler , Green Splash , Nebula Blue , Bold Blue , Limelight , Vibrant Green , Innocent Pink , Tropical Orchid , Preppy Pink , Tropic Blue , Solar Power Yellow , Rose Valley , Lindsay Green , Cabana Coral , Alaskan Blue , Skydiver Blue , Orchid Bloom"
ppr5008552391,https://www.jcpenney.com/p/st-johns-bay-womens-scoop-neck-sleeveless-tank-top/ppr5008552391?pTmplType=regular,St. John's Bay Womens Scoop Neck Sleeveless Tank Top,ST. JOHN`S BAY,6.99,10.00,30,"A warm-weather essential, this St. John’s Bay women’s sleeveless tank top offers breezy comfort with the 100% cotton knit fabric and a scoop neckline. Style this regular-fit pullover top under cardigans or pair with relaxed bottoms.Strap Type: TankFeatures: EssentialsClosure Type: Pullover HeadFit: Regular FitNeckline: Scoop NeckSleeve Length: SleevelessApparel Length: 26.5 Inches - FrontFiber Content: 100% CottonFabric Description: Rib KnitCare: Machine Wash, Tumble DryCertifications And Listings: Oeko-Tex Standard 100Material: CottonOeko-Tex Standard 100 Label: Hk020 145317Oeko-Tex Standard 100 Test Institute: TestexCountry of Origin: Imported",,Regular Fit,"https://jcpenney.scene7.com/is/image/JCPenney/DP1007202509163890M , https://jcpenney.scene7.com/is/image/JCPenney/DP1007202509164935M , https://jcpenney.scene7.com/is/image/JCPenney/DP1007202509162845M",4.5,6,"Large , Medium , Small , X-Large , X-Small , Xx-Large","Azure Blue , Foliage Green , Pink Hyacinth , Strawberry Freeze , Aqua Splash , Solar Power Yellow , Cabana Coral , Bold Blue , Tropical Orchid , Honeydew"
ppr5008551567,https://www.jcpenney.com/p/ana-womens-round-neck-short-sleeve-t-shirt/ppr5008551567?pTmplType=regular,a.n.a Womens Round Neck Short Sleeve T-Shirt,A.N.A,9.99,16.00,37,"Essential and easy to style, this women's t-shirt from a.n.a is made from soft cotton-jersey with a classic crew neck and short sleeves. This versatile tee pairs with everything from denim shorts to mini skirts.Fit: Loose FitNeckline: Round NeckSleeve Length: Short SleeveApparel Length: 26.25 InchesFiber Content: 100% CottonFabric Description: Cotton/PolyesterCare: Machine Wash, Tumble DryCountry of Origin: Imported",,Loose Fit,"https://jcpenney.scene7.com/is/image/JCPenney/DP1106202509134538M , https://jcpenney.scene7.com/is/image/JCPenney/DP1106202509134642M , https://jcpenney.scene7.com/is/image/JCPenney/DP1106202509134434M",4.3333,3,"Large , Medium , Small , X-Large , X-Small , Xx-Large","Red Stripe , White , Black , Birchwood , Forest Cheetah , Rose Smoke , Faded Denim , Lemon Meringue Tar , Cortez Red , Burlwood , Sea Mint , Dusky Green , Birchwood Stripe , Moss Green Stripe"
ppr5008551210,https://www.jcpenney.com/p/ana-womens-u-neck-sleeveless-tank-top/ppr5008551210?pTmplType=regular,a.n.a Womens U Neck Sleeveless Tank Top,A.N.A,9.99,16.00,37,"A simple and versatile wardrobe staple, this a.n.a women’s tank top is cut from a soft, stretch ribbed fabric. Featuring a U neckline, this fitted top is perfect for casual outfits and warm-weather looks.Fit: FittedNeckline: U NeckSleeve Length: SleevelessApparel Length: 23 InchesFiber Content: 59% Cotton, 39% Modal, 2% SpandexFabric Description: RibCare: Machine Wash, Tumble DryMaterial: FabricCountry of Origin: Imported",,Fitted,"https://jcpenney.scene7.com/is/image/JCPenney/DP1106202509132238M , https://jcpenney.scene7.com/is/image/JCPenney/DP1106202509133074M , https://jcpenney.scene7.com/is/image/JCPenney/DP1106202509131401M",4,7,"Large , Medium , Small , X-Large , X-Small , Xx-Large","Faded Denim , White , Black , Birch , Birchwood , Marron Brown , Rose Smoke , Lemon Meringue Tar , Oregano , Celestial Blue"
ppr5008506228,https://www.jcpenney.com/p/ana-womens-crew-neck-long-sleeve-t-shirt/ppr5008506228?pTmplType=regular,a.n.a Womens Crew Neck Long Sleeve T-Shirt,A.N.A,5.99,18.00,66,"This a.n.a women's round neck tee is made from soft modal cotton-jersey for a slinky comfortable feel. A wardrobe essential, this pullover t-shirt has long sleeves and a regular-fit. Wear it with jeans, shorts or a skirt. Fit: Regular FitNeckline: Crew NeckSleeve Length: Long SleeveApparel Length: 25 InchesFiber Content: 57% Cotton, 38% Modal, 5% SpandexFabric Description: JerseyCare: Tumble Dry, Machine WashMaterial: FabricCountry of Origin: Imported",,Regular Fit,"https://jcpenney.scene7.com/is/image/JCPenney/DP0721202509100477M , https://jcpenney.scene7.com/is/image/JCPenney/DP0721202509100686M , https://jcpenney.scene7.com/is/image/JCPenney/DP0721202509100268M , https://jcpenney.scene7.com/is/image/JCPenney/DP0723202509114328M",4.6061,523,"Large , Small , X-Large , Xx-Large","Rococo Red , Faded Denim , Black , White , Oregano , Brownie , Antique Rose , Easy Strp Black , Rust , Fig"
ppr5008302811,https://www.jcpenney.com/p/st-johns-bay-womens-plus-scoop-neck-sleeveless-tank-top/ppr5008302811?pTmplType=regular,St. John's Bay Womens Plus Scoop Neck Sleeveless Tank Top,ST. JOHN`S BAY,9.99,15.00,33,"Cut for a regular-fit, this tank top from the St. John's Bay women's plus collection is a warm-weather essential your wardrobe needs. Made from super soft ribbed cotton, this scoop neck sleeveless top will effortlessly pair layered under a blazer or hoodie or worn alone with jeans or shorts.Strap Type: TankFeatures: EssentialsClosure Type: Pullover HeadFit: Regular FitNeckline: Scoop NeckSleeve Length: SleevelessApparel Length: 29 InchesFiber Content: 100% CottonFabric Description: RibCare: Machine Wash, Tumble DryCountry of Origin: Imported",,Regular Fit,"https://jcpenney.scene7.com/is/image/JCPenney/DP1023202311090476M , https://jcpenney.scene7.com/is/image/JCPenney/DP1023202311090373M , https://jcpenney.scene7.com/is/image/JCPenney/DP1023202311090579M",4.4756,82,"0X , 1X , 2X , 3X , 4X , 5X","American Navy , Black , White , Cabaret Red , Stone Beige"
ppr5008610115,https://www.jcpenney.com/p/ana-double-layer-womens-u-neck-sleeveless-tank-top/ppr5008610115?pTmplType=regular,a.n.a Double Layer Womens U Neck Sleeveless Tank Top,A.N.A,9.99,14.00,28,"Closure Type: Pullover HeadFit: FittedNeckline: U NeckSleeve Length: SleevelessApparel Length: 20.37 InchesFiber Content: 55% Cotton, 37% Modal, 8% SpandexFabric Description: KnitCare: Tumble Dry, Machine WashMaterial: Cotton BlendCountry of Origin: Imported",,Fitted,"https://jcpenney.scene7.com/is/image/JCPenney/DP0128202609024321M , https://jcpenney.scene7.com/is/image/JCPenney/DP0128202609024426M , https://jcpenney.scene7.com/is/image/JCPenney/DP0128202609024216M",,,"Large , Medium , Small , X-Large , X-Small , Xx-Large","Rich Chocolate , White , Black , Tawny Copper"
ppr5008554650,https://www.jcpenney.com/p/arizona-baby-womens-juniors-crew-neck-short-sleeve-t-shirt/ppr5008554650?pTmplType=regular,Arizona Baby Womens Juniors Crew Neck Short Sleeve T-Shirt,Arizona Jean Co,,20.00,,"This Arizona women's and junior's baby tee is a cool casual wardrobe essential you can pair with everything from skirts to jeans or shorts. It's made from soft recycled cotton-rib with a hint of stretch and a fitted silhouette, a crew neck and short sleeves. Closure Type: Pullover HeadNeckline: Crew NeckSleeve Length: Short SleeveApparel Length: 22 InchesFiber Content: 56% Cotton, 38% Recycled Polyester, 6% SpandexFabric Description: RibCare: Tumble Dry, Machine WashCountry of Origin: Imported",,,"https://jcpenney.scene7.com/is/image/JCPenney/DP1007202509111941M , https://jcpenney.scene7.com/is/image/JCPenney/DP1007202509112046M , https://jcpenney.scene7.com/is/image/JCPenney/DP1007202509111836M",5,1,"3X-Large , Large , Medium , Small , X-Large , X-Small , Xx-Large , Xx-Small","Floral Berry , White , Black , City Blue Champion , Md Htr Star , Crema Floral , Pink Deer , Zinf Lovestruck , Scarlet Stripe , Red Cherries , Periwinkle Stripe , Yellow Athl , Rose Dragonfly , Gray Rock N Roll , Blue Ditsy Rose , Pink Camo , Crema Desert"
ppr5008257053,https://www.jcpenney.com/p/liz-claiborne-texture-womens-plus-round-neck-short-sleeve-blouse/ppr5008257053?pTmplType=regular,Liz Claiborne Texture Womens Plus Round Neck Short Sleeve Blouse,LIZ CLAIBORNE,21.99,38.00,42,"This women's plus blouse from Liz Claiborne is made from soft, stretch crepe with a crew neckline accented with pleated detail and short sleeves. Wear this pullover top with everything from tailored pants to jeans with heels.Features: Essentials, Stretch FabricClosure Type: Pullover HeadFit: Regular FitNeckline: Round NeckSleeve Length: Short SleeveSleeve Style: Cap SleeveApparel Length: 28 InchesFiber Content: 96% Polyester, 4% SpandexFabric Description: Scuba, KnitCare: Machine Wash, Tumble DryCountry of Origin: Imported",,Regular Fit,"https://jcpenney.scene7.com/is/image/JCPenney/DP0412202409264908M , https://jcpenney.scene7.com/is/image/JCPenney/DP0412202409264806M , https://jcpenney.scene7.com/is/image/JCPenney/DP0412202409265010M",4.8889,9,"0X , 1X , 2X , 3X , 4X , 5X","Black , White"
ppr5008584827,https://www.jcpenney.com/p/arizona-womens-juniors-crew-neck-long-sleeve-t-shirt/ppr5008584827?pTmplType=regular,Arizona Womens Juniors Crew Neck Long Sleeve T-Shirt,Arizona Jean Co,15.99,28.00,42,"This Arizona women's and junior's long-sleeve t-shirt is an everyday essential for your cold-weather wardrobe. Made from a soft knit, this pullover tee has a fitted shape and a crew neck. Wear it with jeans or leggings.Closure Type: Pullover HeadNeckline: Crew NeckSleeve Length: Long SleeveApparel Length: 20.5 InchesFiber Content: 88% Polyester, 12% SpandexFabric Description: InterlockCare: Machine Wash, Tumble DryCountry of Origin: Imported",,,"https://jcpenney.scene7.com/is/image/JCPenney/DP1003202509084958M , https://jcpenney.scene7.com/is/image/JCPenney/DP1003202509085063M , https://jcpenney.scene7.com/is/image/JCPenney/DP1003202509084854M",5,2,3X-Large,"Innocent Blue , Black , Dark Gull Gray , Fisherman Green , Quiet Gray"
ppr5008534587,https://www.jcpenney.com/p/ana-womens-crew-neck-short-sleeve-t-shirt/ppr5008534587?pTmplType=regular,a.n.a Womens Crew Neck Short Sleeve T-Shirt,A.N.A,9.99,16.00,37,"This a.n.a women's crew neck t-shirt is a wardrobe essential. Made from 100% cotton, it has a classic-fit with a crew neck and short sleeves. Wear it with anything from jeans to a skirt.Fit: Regular FitNeckline: Crew NeckSleeve Length: Short SleeveApparel Length: 24.75 InchesFiber Content: 100% CottonFabric Description: JerseyCare: Tumble Dry, Machine WashMaterial: Cotton, FabricCountry of Origin: Imported",,Regular Fit,"https://jcpenney.scene7.com/is/image/JCPenney/DP0929202509184016M , https://jcpenney.scene7.com/is/image/JCPenney/DP0929202509184539M , https://jcpenney.scene7.com/is/image/JCPenney/DP0929202509183494M",2.75,4,"Large , Medium , Small , X-Large , X-Small , Xx-Large","White , Black , American Navy , Bold Burgundy , Spanish Villa"
ppr5007935225,https://www.jcpenney.com/p/ana-womens-scoop-neck-sleeveless-camisole/ppr5007935225?pTmplType=regular,a.n.a Womens Scoop Neck Sleeveless Camisole,A.N.A,7.99,10.00,20,"A.n.a's camisoles are ideal for layering - the gently flared hem and relaxed-fit will create an elegant tailored look or style with jeans for off-duty styling. This sleeveless tank has a scoop neck- perfect for stacking necklaces and is made from a soft stretch cotton-jersey with slim adjustable shoulder straps.Features: EssentialsClosure Type: Pullover HeadFit: Regular FitNeckline: Scoop NeckSleeve Length: SleevelessApparel Length: 20 InchesFiber Content: 95% Cotton, 5% SpandexFabric Description: JerseyCare: Tumble Dry, Machine WashMaterial: FabricCountry of Origin: Imported",,Regular Fit,"https://jcpenney.scene7.com/is/image/JCPenney/DP1208202309065816M , https://jcpenney.scene7.com/is/image/JCPenney/DP1208202309065713M , https://jcpenney.scene7.com/is/image/JCPenney/DP1208202309065919M",4.535,157,"Large , Medium , Small , X-Large , X-Small , Xx-Large","White , Ivory , Black , Tawny Copper , American Navy"
ppr5008506628,https://www.jcpenney.com/p/ana-womens-plus-round-neck-long-sleeve-t-shirt/ppr5008506628?pTmplType=regular,a.n.a Womens Plus Round Neck Long Sleeve T-Shirt,A.N.A,,22.00,,"You'll feel effortlessly chic and comfortable wearing this essential women's plus round neck t-shirt by a.n.a. Made from soft stretch modal cotton-jersey, this pullover tee has a slightly relaxed-fit and long sleeves. Wear it with jeans or a skirt.Fit: Regular FitNeckline: Round NeckSleeve Length: Long SleeveApparel Length: 27.25 InchesFiber Content: 57% Cotton, 38% Modal, 5% SpandexFabric Description: JerseyCare: Machine Wash, Tumble DryMaterial: FabricCountry of Origin: Imported",,Regular Fit,"https://jcpenney.scene7.com/is/image/JCPenney/DP0721202509124894M , https://jcpenney.scene7.com/is/image/JCPenney/DP0721202509125104M , https://jcpenney.scene7.com/is/image/JCPenney/DP0721202509124685M , https://jcpenney.scene7.com/is/image/JCPenney/DP0723202509154692M",4.8889,9,"0X , 1X , 2X , 3X , 4X , 5X","Rust , Black , Fig , Oregano , Faded Denim , White , Brownie , Antique Rose , Easy Strp Black , Rococo Red"
ppr5008500107,https://www.jcpenney.com/p/worthington-womens-elbow-sleeve-regular-fit-henley-shirt/ppr5008500107?pTmplType=regular,Worthington Womens Elbow Sleeve Regular Fit Henley Shirt,Worthington,,34.00,,"This Worthington women's henley shirt is a wardrobe essential. Made from a soft stretch-rib in a beautiful red tone, this fitted pullover top has a collar neck, button-front closures and short sleeves. Wear it with capris, bermuda shorts or a maxi skirt. Closure Type: ButtonFit: Regular FitNeckline: Y NeckSleeve Length: Elbow SleeveSleeve Style: Fitted SleeveApparel Length: 23.25 InchesFiber Content: 97% Rayon, 3% SpandexFabric Description: RibCare: Machine Wash, Tumble DryCountry of Origin: Imported",,Regular Fit,"https://jcpenney.scene7.com/is/image/JCPenney/DP0702202509071937M , https://jcpenney.scene7.com/is/image/JCPenney/DP0702202509072041M , https://jcpenney.scene7.com/is/image/JCPenney/DP0702202509071832M , https://jcpenney.scene7.com/is/image/JCPenney/DP0701202509062524M",4,3,"Large , Medium , Small , X-Large , X-Small , Xx-Large","Polar Bear , Ivy Green"
ppr5008625424,https://www.jcpenney.com/p/aeropostale-womens-juniors-crew-neck-short-sleeve-regular-fit-graphic-t-shirt/ppr5008625424?pTmplType=regular,AEROPOSTALE Womens Juniors Crew Neck Short Sleeve Regular Fit Graphic T-Shirt,AEROPOSTALE,10.48,29.95,65,"Closure Type: Pullover HeadFit: Regular FitNeckline: Crew NeckSleeve Length: Short SleeveApparel Length: 19 InchesFiber Content: 79% Polyester, 17% Nylon, 4% ElastaneFabric Description: Woven, Cable KnitCare: Machine Wash, Tumble DryMaterial: RayonCountry of Origin: Imported",,Regular Fit,"https://jcpenney.scene7.com/is/image/JCPenney/DP1107202507303656M , https://jcpenney.scene7.com/is/image/JCPenney/DP1107202507303760M , https://jcpenney.scene7.com/is/image/JCPenney/DP1107202507303448M , https://jcpenney.scene7.com/is/image/JCPenney/DP1107202507303552M",,,"Large , Small , X-Large , X-Small , Xx-Large","Caulfield Green , Open Sky , Scarlet Sage , Cream , Black , Wild Rose"
ppr5008617510,https://www.jcpenney.com/p/ana-womens-crew-neck-short-sleeve-t-shirt/ppr5008617510?pTmplType=regular,a.n.a Womens Crew Neck Short Sleeve T-Shirt,A.N.A,9.99,16.00,37,"Closure Type: Pullover HeadNeckline: Crew NeckSleeve Length: Short SleeveSleeve Style: Fitted SleeveApparel Length: 20.25 Inches - Back, 20.75 Inches - FrontFiber Content: 100% CottonFabric Description: KnitCare: Tumble Dry, Machine WashCountry of Origin: Imported",,,"https://jcpenney.scene7.com/is/image/JCPenney/DP0217202613053590M , https://jcpenney.scene7.com/is/image/JCPenney/DP0217202613053695M , https://jcpenney.scene7.com/is/image/JCPenney/DP0217202613053486M",,,"Large , Medium , Small , X-Large , X-Small , Xx-Large","Faded Denim , White , Black , Rose Smoke"
ppr5008584820,https://www.jcpenney.com/p/arizona-womens-juniors-crew-neck-short-sleeve-t-shirt/ppr5008584820?pTmplType=regular,Arizona Womens Juniors Crew Neck Short Sleeve T-Shirt,Arizona Jean Co,14.99,20.00,25,"This Arizona women's and junior's graphic t-shirt is a cute casual style staple for your weekend rotation. Made from soft recycled cotton-rib, this fitted tee has a crew neck and short sleeves - style it with jeans or shorts.Closure Type: Pullover HeadNeckline: Crew NeckSleeve Length: Short SleeveApparel Length: 20 InchesFiber Content: 58% Cotton, 38% Polyester, 4% SpandexFabric Description: RibCare: Machine Wash, Tumble DryCountry of Origin: Imported",,,"https://jcpenney.scene7.com/is/image/JCPenney/DP1110202509053209M , https://jcpenney.scene7.com/is/image/JCPenney/DP1110202509053312M , https://jcpenney.scene7.com/is/image/JCPenney/DP1110202509053104M",,,"3X-Large , Large , Medium , Small , X-Large , Xx-Large , Xx-Small","Rose Sailing , Heather Gray Prep , Oatmeal 25 , Green Lodge , Snowdrift Boston"
ppr5008617509,https://www.jcpenney.com/p/ana-womens-crew-neck-short-sleeve-t-shirt/ppr5008617509?pTmplType=regular,a.n.a Womens Crew Neck Short Sleeve T-Shirt,A.N.A,9.99,16.00,37,"Closure Type: Pullover HeadNeckline: Crew NeckSleeve Length: Short SleeveSleeve Style: Drop-Shoulder SleeveApparel Length: 20 Inches - Back, 20.5 Inches - FrontFiber Content: 100% CottonFabric Description: KnitCare: Machine Wash, Tumble DryCountry of Origin: Imported",,,"https://jcpenney.scene7.com/is/image/JCPenney/DP0217202613054217M , https://jcpenney.scene7.com/is/image/JCPenney/DP0217202613054426M , https://jcpenney.scene7.com/is/image/JCPenney/DP0217202613054009M",,,"Large , Medium , Small , X-Large , X-Small , Xx-Large","Moss Green , White , Mayfair Rose , Celestial Blue , Black"
ppr5008672437,https://www.jcpenney.com/p/arizona-womens-round-neck-short-sleeve-graphic-t-shirt/ppr5008672437?pTmplType=regular,Arizona Womens Round Neck Short Sleeve Graphic T-Shirt,Arizona Jean Co,14.99,20.00,25,Neckline: Round NeckSleeve Length: Short SleeveApparel Length: 19 InchesCountry of Origin: Imported,,,"https://jcpenney.scene7.com/is/image/JCPenney/DP0723202509101125M , https://jcpenney.scene7.com/is/image/JCPenney/DP0723202509101230M , https://jcpenney.scene7.com/is/image/JCPenney/DP0723202509101020M",,,"3X-Large , Large , Medium , Small , X-Large , X-Small , Xx-Large","White Zinf Vermont , Red Pickleball , Blue Newport"
ppr5008506239,https://www.jcpenney.com/p/ana-womens-henley-neck-long-sleeve-t-shirt/ppr5008506239?pTmplType=regular,a.n.a Womens Henley Neck Long Sleeve T-Shirt,A.N.A,9.99,32.00,68,"This a.n.a women's long-sleeve t-shirt is a comfy, stretchy go-to for everyday wear. Made from ribbed fabric for a regular-fit, it features a classic henley button neckline. Pair with jeans and sneakers for an easy weekend look. Fit: Regular FitNeckline: Henley NeckSleeve Length: Long SleeveApparel Length: 25 InchesFiber Content: 62% Polyester, 34% Rayon, 4% SpandexFabric Description: RibCare: Machine Wash, Tumble DryMaterial: FabricCountry of Origin: Imported",,Regular Fit,"https://jcpenney.scene7.com/is/image/JCPenney/DP0530202511081359M , https://jcpenney.scene7.com/is/image/JCPenney/DP0530202511081463M , https://jcpenney.scene7.com/is/image/JCPenney/DP0530202511081256M",4.3333,24,"Large , Medium , Small , X-Large , X-Small , Xx-Large","Crm Blk Stripe , Black , Birch , Fig , Brownie , Faded Denim , New Orleans Red , Pine Green"
ppr5008524867,https://www.jcpenney.com/p/st-johns-bay-womens-v-neck-polar-fleece-long-sleeve-sweatshirt/ppr5008524867?pTmplType=regular,St. John's Bay Womens V Neck Polar Fleece Long Sleeve Sweatshirt,ST. JOHN`S BAY,9.46,22.00,57,"Stay snug and stylish in colder weather with this St. John's Bay polar fleece sweatshirt for women. Featuring a v-neckline and long sleeves, this pullover is made from soft fleece that is Oeko-Tex standard 100 certified for unparalleled warmth and comfort. Wear it with jeans or pants.Closure Type: Pullover HeadFit: Regular FitNeckline: V NeckSleeve Length: Long SleeveSleeve Style: Fitted SleeveApparel Length: 28.5 Inches - FrontFiber Content: 100% PolyesterFabric Description: Polar FleeceCare: Tumble Dry, Machine WashCertifications And Listings: Oeko-Tex Standard 100Material: PolyesterOeko-Tex Standard 100 Label: Hk020 145317Oeko-Tex Standard 100 Test Institute: TestexCountry of Origin: Imported",,Regular Fit,"https://jcpenney.scene7.com/is/image/JCPenney/DP0909202513065535M , https://jcpenney.scene7.com/is/image/JCPenney/DP0909202515111588M , https://jcpenney.scene7.com/is/image/JCPenney/DP0909202513064492M",4.7907,712,"Large , Medium , Small , X-Large , X-Small , Xx-Large","Dark Red Cd , Purple Cd , Navy Blue Cd , Black Sd , Tropical Teal Cd , Black , Venus Pink Sd , Silver Lake Blue , Watercress Sd , Ivory"
ppr5008539772,https://www.jcpenney.com/p/st-johns-bay-womens-v-neck-long-sleeve-t-shirt/ppr5008539772?pTmplType=regular,St. John's Bay Womens V Neck Long Sleeve T-Shirt,ST. JOHN`S BAY,8.99,18.00,50,"A true wardrobe essential, the St. John's Bay women's long-sleeve T-shirt offers ultimate comfort and endless versatility. Crafted from soft cotton with a v-neck, it's perfect for effortless layering under sweaters or jackets, or simply worn on its own for a relaxed look. This classic piece is ideal for casual everyday wear, weekend outings, or as a foundational layer for more dressed-up ensembles.Features: EssentialsClosure Type: Pullover HeadFit: Regular FitNeckline: V NeckSleeve Length: Long SleeveApparel Length: 26 Inches - FrontFiber Content: 100% CottonFabric Description: RibCare: Tumble Dry, Machine WashCertifications And Listings: Oeko-Tex Standard 100Material: CottonOeko-Tex Standard 100 Label: Kl020 175227Oeko-Tex Standard 100 Test Institute: TestexCountry of Origin: Imported",,Regular Fit,"https://jcpenney.scene7.com/is/image/JCPenney/DP0424202513011286M , https://jcpenney.scene7.com/is/image/JCPenney/DP0414202509044165M , https://jcpenney.scene7.com/is/image/JCPenney/DP0414202509044584M",4.6923,468,"Large , Medium , Small , X-Large , X-Small , Xx-Large","Twilight Magenta , True Navy , Black , White , Rumba Red , Rich Auburn , Placid Blue , Medieval Gold , Rouge Red , Aurora Brown , Magenta Jewel , Nebula Blue , Venus Pink , Miami Spice , Fabulous Pink , Watercress , Med Heather Gray , American Navy , Rfl Green , Gentian Violet"
ppr5008506708,https://www.jcpenney.com/p/ana-womens-crew-neck-long-sleeve-t-shirt/ppr5008506708?pTmplType=regular,a.n.a Womens Crew Neck Long Sleeve T-Shirt,A.N.A,9.59,32.00,70,"Every wardrobe needs an assortment of stylish basics like this a.n.a women's long-sleeve t-shirt. Made from soft stretch-rib, this pullover tee has a crew neck and long sleeves. Wear it with anything from skirts to jeans or pants.Fit: Regular FitNeckline: Crew NeckSleeve Length: Long SleeveApparel Length: 24.25 InchesFiber Content: 62% Polyester, 34% Rayon, 4% SpandexFabric Description: RibCare: Machine Wash, Tumble DryMaterial: FabricCountry of Origin: Imported",,Regular Fit,"https://jcpenney.scene7.com/is/image/JCPenney/DP0604202509042530M , https://jcpenney.scene7.com/is/image/JCPenney/DP0604202509042635M , https://jcpenney.scene7.com/is/image/JCPenney/DP0604202509042426M",4.72,25,"Large , Medium , Small , X-Large , X-Small , Xx-Large","Canyon Clay , Snowdrift , Black , New Orleans Red , Signature Navy , Wild Fuchsia , Smokestack Blue , Alfie Stripe"
ppr5008501460,https://www.jcpenney.com/p/st-johns-bay-womens-crew-neck-long-sleeve-t-shirt/ppr5008501460?pTmplType=regular,St. John's Bay Womens Crew Neck Long Sleeve T-Shirt,ST. JOHN`S BAY,8.46,18.00,53,"Every wardrobe needs an array of essentials like this women's t-shirt from St. John's Bay collection. Made from 100% cotton that is OEKO-TEX Standard 100 certified, pullover tee comes complete with long sleeves and a crew neck. Wear it with jeans and skirts.Closure Type: Pullover HeadFit: Regular FitNeckline: Crew NeckSleeve Length: Long SleeveSleeve Style: Fitted SleeveApparel Length: 26 Inches - FrontFiber Content: 100% CottonFabric Description: Rib KnitCare: Tumble Dry, Machine WashCertifications And Listings: Oeko-Tex Standard 100Material: CottonOeko-Tex Standard 100 Label: Hk020 145317Oeko-Tex Standard 100 Test Institute: TestexCountry of Origin: Imported",,Regular Fit,"https://jcpenney.scene7.com/is/image/JCPenney/DP0509202509112163M , https://jcpenney.scene7.com/is/image/JCPenney/DP0509202509112786M , https://jcpenney.scene7.com/is/image/JCPenney/DP0509202509111539M",4.6071,1102,"Large , Medium , Small , X-Large , X-Small , Xx-Large","Fabulous Pink , Black , American Navy , Oak Moss , Deep Ruby , Aurora Brown , Nebula Blue , Celestial Teal , Venus Pink , Amazon , Miami Spice , Placid Blue , Red Rover , Magenta Jewel , Rich Maple , White , Cabaret Red , Yolk Yellow , Med Heather Gray"
ppr5008525717,https://www.jcpenney.com/p/st-johns-bay-womens-polar-fleece-v-neck-long-sleeve-plus-sweatshirt/ppr5008525717?pTmplType=regular,St. John's Bay Womens Polar Fleece V Neck Long Sleeve Plus Sweatshirt,ST. JOHN`S BAY,9.99,28.00,64,"Stay snug in this plush St. John's Bay plus women’s sweatshirt featuring a flattering V-neck and plus size fit. The long sleeves and polar fleece fabric trap warmth, while the short pullover cut adds modern ease. Designed for effortless layering, this top offers easy maintenance and cozy support—ideal for lounging, workouts, or casual outings. Closure Type: Pullover HeadFit: Regular FitNeckline: V NeckSleeve Length: Long SleeveSleeve Style: Cap SleeveApparel Length: 28.5 Inches - FrontFiber Content: 100% PolyesterFabric Description: Polar FleeceCare: Tumble Dry, Machine WashCertifications And Listings: Oeko-Tex Standard 100Material: PolyesterOeko-Tex Standard 100 Label: Hk020 145317Oeko-Tex Standard 100 Test Institute: TestexCountry of Origin: Imported",,Regular Fit,"https://jcpenney.scene7.com/is/image/JCPenney/DP0623202509094153M , https://jcpenney.scene7.com/is/image/JCPenney/DP0623202509095299M , https://jcpenney.scene7.com/is/image/JCPenney/DP0623202509093006M",4.4407,59,"0X , 1X , 2X , 3X , 4X , 5X","Tropical Teal Cd , Venus Pink Sd , Purple Cd , Navy Blue Cd , Black , Silver Lake Blue S , Dark Red Cd , Watercress Sd , Ivory , Aqua Cd"
ppr5008150360,https://www.jcpenney.com/p/liz-claiborne-womens-vent-long-sleeve-regular-fit-button-down-shirt/ppr5008150360?pTmplType=regular,Liz Claiborne Womens Vent Long Sleeve Regular Fit Button-Down Shirt,LIZ CLAIBORNE,13.19,44.00,70,"This woven Liz Claiborne women's button-down shirt will become a new favorite to remix into your tailored wardrobe. This long-sleeve shirt has a v-neckline with a spread collar and button cuffs. Wear tucked into pants or layered of jeans. Closure Type: ButtonFit: Regular FitNeckline: Collar NeckSleeve Length: Long SleeveSleeve Style: Vent SleeveApparel Length: 27 InchesFiber Content: 69% Polyester, 31% Recycled PolyesterFabric Description: GeorgetteCollar: Spread CollarCare: Tumble Dry, Machine WashCountry of Origin: Imported",,Regular Fit,"https://jcpenney.scene7.com/is/image/JCPenney/DP0825202311091660M , https://jcpenney.scene7.com/is/image/JCPenney/DP0825202311091557M , https://jcpenney.scene7.com/is/image/JCPenney/DP0825202311091763M",4.575,80,Large,"Black , White Black , Purple Floral , Deep Lagoon Tile"
ppr5008528765,https://www.jcpenney.com/p/st-johns-bay-womens-turtleneck-long-sleeve-t-shirt/ppr5008528765?pTmplType=regular,St. John's Bay Womens Turtleneck Long Sleeve T-Shirt,ST. JOHN`S BAY,6.59,22.00,70,"Stock up on different colors of this St. John's Bay women's turtleneck t-shirt for the colder months. Made from 100% cotton, this soft pullover tee comes in a regular-fit with long sleeves. Wear it with jeans, a skirt or pants.Features: EssentialsClosure Type: Pullover HeadFit: Regular FitNeckline: TurtleneckSleeve Length: Long SleeveApparel Length: 26 Inches - FrontFiber Content: 100% CottonFabric Description: InterlockCare: Machine Wash, Tumble DryCertifications And Listings: Oeko-Tex Standard 100Material: CottonOeko-Tex Standard 100 Label: TestexOeko-Tex Standard 100 Test Institute: Kl020 178692Country of Origin: Imported",,Regular Fit,"https://jcpenney.scene7.com/is/image/JCPenney/DP0611202509045782M , https://jcpenney.scene7.com/is/image/JCPenney/DP0611202509045990M , https://jcpenney.scene7.com/is/image/JCPenney/DP0611202509045572M",4.8182,22,"Large , Small , X-Large , X-Small","Rumba Red , Twilight Magenta , Black , Ivory , American Navy , Deep Ruby , Stunning Green , Charcoal Gray , White , Aurora Brown"
ppr5008576343,https://www.jcpenney.com/p/xersion-womens-performance-crew-neck-short-sleeve-t-shirt/ppr5008576343?pTmplType=regular,Xersion Womens Performance Crew Neck Short Sleeve T-Shirt,Xersion,7.99,25.00,68,"The Xersion performance t-shirt for women is designed for movement and comfort. Made from breathable, quick-dry fabric, it keeps you cool and dry through every workout. A classic crew neck and short sleeves provide a timeless regular fit, perfect for training, running errands, or layering under your favorite hoodie.Features: Quick DryClosure Type: Pullover HeadFit: Regular FitNeckline: Crew NeckSleeve Length: Short SleeveApparel Length: 25 Inches - FrontFiber Content: 48% Polyester, 46% Recycled Polyester, 6% SpandexFabric Description: JerseyCare: Machine Wash, Tumble DryMaterial: JerseyCountry of Origin: Imported",,Regular Fit,"https://jcpenney.scene7.com/is/image/JCPenney/DP0508202509053828M , https://jcpenney.scene7.com/is/image/JCPenney/DP0508202509053723M , https://jcpenney.scene7.com/is/image/JCPenney/DP0508202509053933M",4.5714,7,"Medium , Small , X-Small , Xx-Large","Brilliant Teal Spd , Black Spd , Viking Brown , Mauvewood"
ppr5008522119,https://www.jcpenney.com/p/st-johns-bay-womens-plus-v-neck-3-4-sleeve-t-shirt/ppr5008522119?pTmplType=regular,St. John's Bay Womens Plus V Neck 3/4 Sleeve T-Shirt,ST. JOHN`S BAY,9.99,22.00,54,"Refresh your everyday basics with this comfortable St. John's Bay women's plus t-shirt. It's made from soft, breathable cotton with 3/4 sleeves and a flattering v-neckline. Wear it with jeans and flats for a casual chic outfit.Features: EssentialsClosure Type: Pullover HeadFit: Regular FitNeckline: V NeckSleeve Length: 3/4 SleeveSleeve Style: Cap SleeveApparel Length: 29 Inches - FrontFiber Content: 100% CottonFabric Description: RibCare: Tumble Dry, Machine WashCertifications And Listings: Oeko-Tex Standard 100Material: CottonOeko-Tex Standard 100 Label: Kl020 178692Oeko-Tex Standard 100 Test Institute: TestexCountry of Origin: Imported",,Regular Fit,"https://jcpenney.scene7.com/is/image/JCPenney/DP0331202509031592M , https://jcpenney.scene7.com/is/image/JCPenney/DP0331202509030552M , https://jcpenney.scene7.com/is/image/JCPenney/DP0331202509032635M",4.6566,166,"1X , 2X , 3X , 4X , 5X","Watercress , Fabulous Pink , Bold Burgundy , Swedish Blue , Tropical Rainfores , White , Red Rover , Rich Maple , Deep Ruby , Yolk Yellow"
ppr5008506712,https://www.jcpenney.com/p/ana-womens-mock-neck-long-sleeve-t-shirt/ppr5008506712?pTmplType=regular,a.n.a Womens Mock Neck Long Sleeve T-Shirt,A.N.A,9.99,32.00,68,"Meet your layering MVP: the a.n.a women’s long-sleeve tee. The mock neckline adds polished detail, while the soft rib fabric keeps you cozy. With a relaxed yet flattering fit, it works great solo or under jackets and cardigans. Fit: Regular FitNeckline: Mock NeckSleeve Length: Long SleeveApparel Length: 24.5 InchesFiber Content: 58% Cotton, 39% Tencel Modal, 3% SpandexFabric Description: RibCare: Tumble Dry, Machine WashMaterial: FabricCountry of Origin: Imported",,Regular Fit,"https://jcpenney.scene7.com/is/image/JCPenney/DP0723202509120212M , https://jcpenney.scene7.com/is/image/JCPenney/DP0723202509120630M , https://jcpenney.scene7.com/is/image/JCPenney/DP0723202509115792M , https://jcpenney.scene7.com/is/image/JCPenney/DP0723202509115373M",4.6842,19,"Large , X-Large , Xx-Large","New Orleans Red , Faded Denim"
ppr5008543268,https://www.jcpenney.com/p/izod-performance-womens-juniors-short-sleeve-polo-shirt/ppr5008543268?pTmplType=regular,IZOD Performance Womens Juniors Short Sleeve Polo Shirt,IZOD,11.19,28.00,60,"This IZOD women's and junior's polo shirt is a sleek sporty style that will make you feel polished for a boat day, sporting activities or weekend moments. Made from a soft doubleknit, this pullover polo has a johnny collar neckline, short sleeves and a slightly fitted silhouette. Wear it with a skort, bermuda shorts or pants. Features: Stretch FabricClosure Type: Pullover HeadNeckline: Collar NeckSleeve Length: Short SleeveFiber Content: 100% PolyesterFabric Description: DoubleknitCollar: Point CollarCare: Tumble Dry, Machine WashCountry of Origin: Imported",,,"https://jcpenney.scene7.com/is/image/JCPenney/DP0522202509032695M , https://jcpenney.scene7.com/is/image/JCPenney/DP0522202509032590M , https://jcpenney.scene7.com/is/image/JCPenney/DP1115202411485843M , https://jcpenney.scene7.com/is/image/JCPenney/DP0522202509032799M",,,X-Large,Black
ppr5008482289,https://www.jcpenney.com/p/st-johns-bay-womens-plus-keyhole-neck-sleeveless-tank-top/ppr5008482289?pTmplType=regular,St. John's Bay Womens Plus Keyhole Neck Sleeveless Tank Top,ST. JOHN`S BAY,8.49,34.00,75,"This St. John's Bay women's plus tank top is made from soft cotton jersey and is the perfect everyday essential. This sleeveless pullover top has a keyhole cut-out neckline and a slightly relaxed-fit. Wear it with jeans.Closure Type: Pullover HeadNeckline: Keyhole NeckSleeve Length: SleevelessApparel Length: 28 InchesFiber Content: 100% CottonFabric Description: JerseyCare: Tumble Dry, Machine WashCountry of Origin: Imported",,,"https://jcpenney.scene7.com/is/image/JCPenney/DP0218202511070143M , https://jcpenney.scene7.com/is/image/JCPenney/DP0218202511065938M , https://jcpenney.scene7.com/is/image/JCPenney/DP0218202511070347M",4.1,10,5X,Multi Tropical
ppr5008521667,https://www.jcpenney.com/p/st-johns-bay-womens-plus-easy-on-easy-off-hidden-access-opening-split-tie-neck-sleeveless-blouse/ppr5008521667?pTmplType=regular,St. John's Bay Womens Plus Easy-on + Easy-off Hidden Access Opening Split Tie Neck Sleeveless Blouse,ST. JOHN`S BAY,6.29,42.00,85,"This St. John's Bay women's palm-print blouse is the perfect style for summer days and comes from its adaptive collection, designed with specific features to help with easy on-and-off dressing, such as a hidden abdominal access opening, easy shoulder openings and hook and loop tape fasteners. Made from woven cotton for a relaxed-fit, this pullover top has a split tie neck closure with tassel ties. Wear it with capris or slim-fit jeans.Closure Type: Pullover Head, TieFit: Regular FitNeckline: Split Tie NeckSleeve Length: SleevelessApparel Length: 28.5 Inches - Back, 29 Inches - FrontFiber Content: 55% Cotton, 45% RayonFabric Description: Plain WeaveCare: Machine Wash, Tumble DryAdaptive Features: Easy Shoulder Opening, Hook + Loop FastenersMaterial: Cotton BlendCountry of Origin: Imported",,Regular Fit,"https://jcpenney.scene7.com/is/image/JCPenney/DP0315202515040329M , https://jcpenney.scene7.com/is/image/JCPenney/DP0315202515040017M , https://jcpenney.scene7.com/is/image/JCPenney/DP0315202515040641M , https://jcpenney.scene7.com/is/image/JCPenney/DP0310202509092360M , https://jcpenney.scene7.com/is/image/JCPenney/DP0310202509092046M",,,"4X , 5X",Multi Tropical
ppr5008527199,https://www.jcpenney.com/p/st-johns-bay-womens-short-sleeve-regular-fit-button-down-shirt/ppr5008527199?pTmplType=regular,St. John's Bay Womens Short Sleeve Regular Fit Button-Down Shirt,ST. JOHN`S BAY,7.99,32.00,75,"Get a fresh new button-down in your rotation with this comfortable classic St. John's Bay women's chambray shirt. Cut for a regular-fit, it has short rolled sleeves, a point collar and a chest pocket, plus a curved hem for easy layering with dark wash jeans or pants. Closure Type: ButtonFit: Regular FitNeckline: Collar NeckPocket Types: 1 Chest Slip Pocket(s)Sleeve Length: Short SleeveSleeve Style: Roll SleeveApparel Length: 28 InchesFiber Content: 100% CottonFabric Description: Plain WeaveCollar: Point CollarCare: Machine Wash, Tumble DryCountry of Origin: Imported",,Regular Fit,"https://jcpenney.scene7.com/is/image/JCPenney/DP1227202411102312M , https://jcpenney.scene7.com/is/image/JCPenney/DP1227202411101699M , https://jcpenney.scene7.com/is/image/JCPenney/DP1227202411102933M",4.4268,82,X-Small,Pink Peach Check
ppr5008551152,https://www.jcpenney.com/p/arizona-womens-juniors-u-neck-tank-top/ppr5008551152?pTmplType=regular,Arizona Womens Juniors U Neck Tank Top,Arizona Jean Co,15.19,38.00,60,"This Arizona women's and junior's tank top has a chic boho aesthetic with its gathered bow adorned u-neckline. It's made from 100% cotton for a breezy fit - perfect for summer styling with jeans, shorts or a skirt. Closure Type: Pullover HeadFit: Regular FitNeckline: U NeckSleeve Style: SleevelessApparel Length: 20.5 InchesFiber Content: 100% CottonFabric Description: TwillCare: Tumble Dry, Machine WashMaterial: CottonCountry of Origin: Imported",,Regular Fit,"https://jcpenney.scene7.com/is/image/JCPenney/DP0602202509044914M , https://jcpenney.scene7.com/is/image/JCPenney/DP0602202509044809M , https://jcpenney.scene7.com/is/image/JCPenney/DP0602202509045018M",3.5,2,3X-Large,"Ivory Flrl , Zifandel"
ppr5008481605,https://www.jcpenney.com/p/st-johns-bay-womens-plus-scoop-neck-sleeveless-tank-top/ppr5008481605?pTmplType=regular,St. John's Bay Womens Plus Scoop Neck Sleeveless Tank Top,ST. JOHN`S BAY,6.49,26.00,75,"This St. John's Bay women's plus graphic tank top is a must-have for effortless beach or poolside style. Made from soft cotton-jersey with a tropical print, this pullover sleeveless top has a relaxed-fit with a high scoop neckline. Wear it with denim cut-offs and flats. Strap Type: TankClosure Type: Pullover HeadFit: Regular FitNeckline: Scoop NeckSleeve Length: SleevelessApparel Length: 29 Inches - FrontFiber Content: 65% Polyester, 35% RayonFabric Description: JerseyCare: Tumble Dry, Machine WashMaterial: Polyester BlendCountry of Origin: Imported",,Regular Fit,"https://jcpenney.scene7.com/is/image/JCPenney/DP0203202509174976M , https://jcpenney.scene7.com/is/image/JCPenney/DP0203202509174875M , https://jcpenney.scene7.com/is/image/JCPenney/DP0203202509175078M",4.6,5,4X,Green Tropical
ppr5008511220,https://www.jcpenney.com/p/arizona-womens-juniors-sweetheart-neck-sleeveless-tank-top/ppr5008511220?pTmplType=regular,Arizona Womens Juniors Sweetheart Neck Sleeveless Tank Top,Arizona Jean Co,5.99,38.00,84,"This Arizona women's and junior's babydoll top is a sweet summery style you'll love wearing with jeans or denim shorts. It's crafted from a floral-print woven fabric with a tie sweetheart neckline, a lace trim and slim spaghetti straps.Strap Type: AdjustableClosure Type: Pullover HeadFit: Regular FitNeckline: Sweetheart NeckSleeve Length: SleevelessApparel Length: 17.5 InchesFiber Content: 100% RayonLining Material: PolyesterCare: Machine Wash, Tumble DryAdaptive Features: Magnetic ZipperCountry of Origin: Imported",,Regular Fit,"https://jcpenney.scene7.com/is/image/JCPenney/DP0218202511014717M , https://jcpenney.scene7.com/is/image/JCPenney/DP0218202511014615M , https://jcpenney.scene7.com/is/image/JCPenney/DP0218202511014819M",,,Xx-Large,"Multi Patchwork , Snowdrift Ditsy"
ppr5008517528,https://www.jcpenney.com/p/liz-claiborne-womens-plus-v-neck-short-sleeve-t-shirt/ppr5008517528?pTmplType=regular,Liz Claiborne Womens Plus V Neck Short Sleeve T-Shirt,LIZ CLAIBORNE,5.99,24.00,75,"Add this Liz Claiborne women's plus v-neck style to your essential t-shirt collection. It's made from super-soft ribbed cotton with short sleeves. Pair it with everything from jeans to skirts.Closure Type: Pullover HeadFit: Regular FitNeckline: V NeckSleeve Length: Short SleeveSleeve Style: Cap SleeveApparel Length: 26 InchesFiber Content: 100% CottonFabric Description: Rib KnitCare: Tumble Dry, Machine WashMaterial: CottonCountry of Origin: Imported",,Regular Fit,"https://jcpenney.scene7.com/is/image/JCPenney/DP1227202411141020M , https://jcpenney.scene7.com/is/image/JCPenney/DP1227202411135901M , https://jcpenney.scene7.com/is/image/JCPenney/DP1227202411142139M",4.1429,7,5X,White
ppr5008545267,https://www.jcpenney.com/p/forever-21-womens-juniors-plus-short-sleeve-fitted-henley-shirt/ppr5008545267?pTmplType=regular,Forever 21 Womens Juniors Plus Short Sleeve Fitted Henley Shirt,Forever 21,6.99,20.00,65,"Features: EmbellishedClosure Type: Pullover HeadFit: FittedNeckline: Henley NeckSleeve Length: Short SleeveSleeve Style: Fitted SleeveApparel Length: 22 Inches - FrontFiber Content: 95% Cotton, 5% SpandexFabric Description: JerseyCollar: Button Down CollarCare: Machine WashMaterial: KnitCountry of Origin: Imported",,Fitted,"https://jcpenney.scene7.com/is/image/JCPenney/DP0724202509240926M , https://jcpenney.scene7.com/is/image/JCPenney/DP0724202509241030M , https://jcpenney.scene7.com/is/image/JCPenney/DP0724202509240822M",,,"2X , 3X",White
ppr5008506435,https://www.jcpenney.com/p/womens-juniors-short-sleeve-oversized-graphic-t-shirt/ppr5008506435?pTmplType=regular,Womens Juniors Short Sleeve Oversized Graphic T-Shirt,BIOWORLD,8.49,34.00,75,"Country music lovers will want to add this oversized graphic t-shirt for women and juniors featuring Kane Brown's hit song Thank God to their casual rotation. Crafted from soft cotton-jersey in a soft pink hue, the pullover style has a crew neckline and short sleeves. Wear it with jeans and sneakers. Closure Type: Pullover HeadFit: Oversized FitSleeve Length: Short SleeveApparel Length: 29 InchesFiber Content: 100% CottonFabric Description: JerseyFilling Content: 100% PolyesterCare: Tumble Dry, Machine WashCountry of Origin: Imported",,Oversized Fit,"https://jcpenney.scene7.com/is/image/JCPenney/DP0912202409072288M , https://jcpenney.scene7.com/is/image/JCPenney/DP0912202409072186M , https://jcpenney.scene7.com/is/image/JCPenney/DP0912202409072390M , https://jcpenney.scene7.com/is/image/JCPenney/DP0820202411020519M",,,"Large , Medium , Small , X-Large , X-Small",Kane Brown
ppr5008493277,https://www.jcpenney.com/p/xersion-everyday-womens-high-neck-sleeveless-shelf-bra-tank-top/ppr5008493277?pTmplType=regular,Xersion Everyday Womens High Neck Sleeveless Shelf Bra Tank Top,Xersion,9.99,40.00,75,"This Xersion women's Everyday sleeveless tank top has you covered from warm-up to wind-down. Made from quick-drying stretch jersey, the regular-fit tank has a high neckline, a built-in bra, and an easy pullover design. Wear it with shorts and sneakers. Strap Type: TankFeatures: Quick Dry, Built In BraClosure Type: Pullover HeadFit: Regular FitNeckline: High NeckSleeve Length: SleevelessApparel Length: 21 Inches - FrontFiber Content: 95% Polyester, 5% SpandexFabric Description: JerseyLining Material: Polyester, SpandexCare: Machine Wash, Tumble DryMaterial: JerseyCountry of Origin: Imported",,Regular Fit,"https://jcpenney.scene7.com/is/image/JCPenney/DP0226202509071980M , https://jcpenney.scene7.com/is/image/JCPenney/DP0226202509071876M , https://jcpenney.scene7.com/is/image/JCPenney/DP0226202509072085M , https://jcpenney.scene7.com/is/image/JCPenney/DP0528202509095691M",4,16,Xx-Large,White
ppr5008551156,https://www.jcpenney.com/p/arizona-womens-juniors-v-neck-short-sleeve-t-shirt/ppr5008551156?pTmplType=regular,Arizona Womens Juniors V Neck Short Sleeve T-Shirt,Arizona Jean Co,12.59,28.00,55,"This Arizona women's and junior's striped t-shirt is an everyday essential you can wear with jeans or a skirt. Made from soft stretch-rib, this fitted tee has a v-neck and short sleeves.Closure Type: Pullover HeadFit: Regular FitNeckline: V NeckSleeve Length: Short SleeveSleeve Style: Cap SleeveApparel Length: 19.5 InchesFiber Content: 96% Rayon, 4% SpandexFabric Description: RibCare: Machine Wash, Tumble DryCountry of Origin: Imported",,Regular Fit,"https://jcpenney.scene7.com/is/image/JCPenney/DP0509202509092595M , https://jcpenney.scene7.com/is/image/JCPenney/DP0509202509092698M , https://jcpenney.scene7.com/is/image/JCPenney/DP0509202509092490M",,,X-Small,"Crema Rose , Black"
ppr5008421810,https://www.jcpenney.com/p/ana-plus-womens-long-sleeve-henley-shirt/ppr5008421810?pTmplType=regular,a.n.a Plus Womens Long Sleeve Henley Shirt,A.N.A,8.99,36.00,75,"Made from soft, ribbed stretch-knit, this women's plus a.n.a henley shirt has a v-neckline, front button closures, and long sleeves. Perfect for layering, this versatile t-shirt looks great with everything from jeans to skirts.Features: EssentialsClosure Type: Button, Pullover HeadFit: Regular FitNeckline: Henley NeckSleeve Length: Long SleeveApparel Length: 27.5 InchesFiber Content: 62% Polyester, 34% Rayon, 4% SpandexFabric Description: RibCare: Tumble Dry, Machine WashCountry of Origin: Imported",,Regular Fit,"https://jcpenney.scene7.com/is/image/JCPenney/DP0502202409043418M , https://jcpenney.scene7.com/is/image/JCPenney/DP0502202409043214M , https://jcpenney.scene7.com/is/image/JCPenney/DP0502202409043621M",4.4444,9,"4X , 5X",Birch
ppr5008496909,https://www.jcpenney.com/p/arizona-velvet-womens-juniors-mock-neck-long-sleeve-bodysuit/ppr5008496909?pTmplType=regular,Arizona Velvet Womens Juniors Mock Neck Long Sleeve Bodysuit,Arizona Jean Co,8.69,38.00,77,"Crafted from soft velvet in a silver hue, this Arizona Jean Co. women's and junior's long-sleeve bodysuit is a festive piece to wear for holiday parties and beyond. It features a regular-fit, a mock neck, and a snap button closure. Wear it with jeans and boots. Closure Type: SnapFit: Regular FitNeckline: Mock NeckSleeve Length: Long SleeveApparel Length: 30 InchesFiber Content: 95% Polyester, 5% SpandexFabric Description: VelvetCare: Machine Wash, Tumble DryCountry of Origin: Imported",,Regular Fit,"https://jcpenney.scene7.com/is/image/JCPenney/DP0920202409045549M , https://jcpenney.scene7.com/is/image/JCPenney/DP0920202409045447M , https://jcpenney.scene7.com/is/image/JCPenney/DP0920202409045650M",,,X-Small,Silver Gray
ppr5008389817,https://www.jcpenney.com/p/reebok-womens-crew-neck-short-sleeve-active-t-shirt/ppr5008389817?pTmplType=regular,Reebok Womens Crew Neck Short Sleeve Active T-Shirt,Reebok,9.79,28.00,65,"This Reebok women's graphic t-shirt offers classic performance features and style for your next workout. Crafted from 100% cotton that's breathable, this pullover tee is cut for an athletic-fit with a crew neckline and the brand's signature artwork on the front and back. Team it with pants or shorts.Features: BreathableClosure Type: Pullover HeadFit: Regular FitNeckline: Crew NeckSleeve Length: Short SleeveApparel Length: 26 InchesFiber Content: 100% CottonFabric Description: JerseyCare: Tumble Dry, Machine WashCountry of Origin: Imported",,Regular Fit,"https://jcpenney.scene7.com/is/image/JCPenney/DP0111202409111671M , https://jcpenney.scene7.com/is/image/JCPenney/DP0111202409111569M , https://jcpenney.scene7.com/is/image/JCPenney/DP0111202409111775M",,,Small,Black
ppr5008484842,https://www.jcpenney.com/p/ana-ribbed-womens-u-neck-short-sleeve-t-shirt/ppr5008484842?pTmplType=regular,a.n.a Ribbed Womens U Neck Short Sleeve T-Shirt,A.N.A,6.99,28.00,75,"This a.n.a women's ribbed u-neck tank top is an everyday essential in warmer temps. It's made from soft ribbed stretch modal cotton with a fitted shape - wear it with a skirt, jeans or shorts.Fit: FittedNeckline: U NeckSleeve Length: Short SleeveSleeve Style: Cap SleeveApparel Length: 23 InchesFiber Content: 58% Cotton, 39% Tencel Modal, 3% SpandexFabric Description: RibCare: Tumble Dry, Machine WashMaterial: FabricCountry of Origin: Imported",,Fitted,"https://jcpenney.scene7.com/is/image/JCPenney/DP0213202509175542M , https://jcpenney.scene7.com/is/image/JCPenney/DP0213202509175338M , https://jcpenney.scene7.com/is/image/JCPenney/DP0213202509175440M",4.5625,16,Petite Xx-Large,Bijou Blue
ppr5008535104,https://www.jcpenney.com/p/liz-claiborne-womens-plus-cap-sleeveless-regular-fit-button-down-shirt/ppr5008535104?pTmplType=regular,Liz Claiborne Womens Plus Cap Sleeveless Regular Fit Button-Down Shirt,LIZ CLAIBORNE,6.29,42.00,85,"Liz Claiborne adds a feminine touch to the classic button-down style with this women's plus regular-fit option. Made from recycled georgette, it features a johnny collar and short cap sleeves with ruffled detailing. Wear it with white denim or wide-leg trousers.2nd Piece Sleeve Style: Flutter SleeveClosure Type: ButtonFit: Regular FitNeckline: Collar NeckSleeve Length: SleevelessSleeve Style: Cap SleeveApparel Length: 28 InchesFiber Content: 69% Polyester, 31% Recycled PolyesterFabric Description: GeorgetteCollar: Johnny CollarCare: Machine Wash, Tumble DryCountry of Origin: Imported",,Regular Fit,"https://jcpenney.scene7.com/is/image/JCPenney/DP0321202509063891M , https://jcpenney.scene7.com/is/image/JCPenney/DP0321202509063579M , https://jcpenney.scene7.com/is/image/JCPenney/DP0321202509064204M",5,1,4X,Red Bud Leaf
ppr5008514086,https://www.jcpenney.com/p/the-white-lotus-hotel-oversized-tee-womens-juniors-crew-neck-short-sleeve-oversized-graphic-t-shirt/ppr5008514086?pTmplType=regular,The White Lotus Hotel Oversized Tee Womens Juniors Crew Neck Short Sleeve Oversized Graphic T-Shirt,Mad Engine,5.99,24.00,75,"Channel laid-back vacation vibes with this women's and juniors' The White Lotus Hotel oversized graphic t-shirt. Made from a jersey cotton-blend in a light blue mineral wash, it has a crew neck, short sleeves, and a bold ""The White Lotus"" graphic on the front inspired by the iconic series. Pair it with biker shorts and sandals. Closure Type: Pullover HeadFit: Oversized FitNeckline: Crew NeckSleeve Length: Short SleeveFiber Content: 60% Cotton, 40% PolyesterFabric Description: JerseyCare: Machine Wash, Tumble DryMaterial: JerseyCountry of Origin: Imported",,Oversized Fit,"https://jcpenney.scene7.com/is/image/JCPenney/DP0122202509003661M , https://jcpenney.scene7.com/is/image/JCPenney/DP0122202509003559M , https://jcpenney.scene7.com/is/image/JCPenney/DP0122202509003762M , https://jcpenney.scene7.com/is/image/JCPenney/DP0118202513021508M",5,1,X-Small,Lt Blue Mineral
ppr5008484817,https://www.jcpenney.com/p/ana-ribbed-womens-plus-u-neck-short-sleeve-t-shirt/ppr5008484817?pTmplType=regular,a.n.a Ribbed Womens Plus U Neck Short Sleeve T-Shirt,A.N.A,7.99,32.00,75,"This a.n.a women's ribbed u-neck tank top is an everyday essential in warmer temps. It's made from soft ribbed stretch modal cotton with a fitted shape - wear it with a skirt, jeans or shorts. Fit: FittedNeckline: U NeckSleeve Length: Short SleeveSleeve Style: Cap SleeveApparel Length: 25.5 InchesFiber Content: 58% Cotton, 39% Tencel Modal, 3% SpandexFabric Description: RibCare: Tumble Dry, Machine WashMaterial: FabricCountry of Origin: Imported",,Fitted,"https://jcpenney.scene7.com/is/image/JCPenney/DP0211202509104014M , https://jcpenney.scene7.com/is/image/JCPenney/DP0211202509103809M , https://jcpenney.scene7.com/is/image/JCPenney/DP0211202509103911M",3,2,"4X , 5X","Black , Bijou Blue"
ppr5008545275,https://www.jcpenney.com/p/forever-21-womens-juniors-short-sleeve-fitted-henley-shirt/ppr5008545275?pTmplType=regular,Forever 21 Womens Juniors Short Sleeve Fitted Henley Shirt,Forever 21,9.99,20.00,50,"Features: EmbellishedClosure Type: Pullover HeadFit: FittedNeckline: Henley NeckSleeve Length: Short SleeveSleeve Style: Fitted SleeveApparel Length: 20 Inches - FrontFiber Content: 95% Cotton, 5% SpandexFabric Description: JerseyCare: Machine Wash, Tumble DryMaterial: KnitCountry of Origin: Imported",,Fitted,"https://jcpenney.scene7.com/is/image/JCPenney/DP0815202511013283M , https://jcpenney.scene7.com/is/image/JCPenney/DP0815202511013388M , https://jcpenney.scene7.com/is/image/JCPenney/DP0815202511013180M",4,1,"Large , Small",White
ppr5008509744,https://www.jcpenney.com/p/diet-coke-bow-womens-juniors-crew-neck-short-sleeve-oversized-graphic-t-shirt/ppr5008509744?pTmplType=regular,Diet Coke Bow Womens Juniors Crew Neck Short Sleeve Oversized Graphic T-Shirt,HYBRID TEES,6.39,24.00,73,"This women's and junior's Diet Coke graphic t-shirt is the perfect off-duty style for fans of the iconic beverage. Made from soft cotton-jersey with a tag-free design for extra comfort, this pullover tee has an oversized fit, a crew neck and short sleeves. Wear it with jeans or leggings.Features: Tag FreeClosure Type: Pullover HeadFit: Oversized FitNeckline: Crew NeckSleeve Length: Short SleeveApparel Length: 29 InchesFiber Content: 60% Cotton, 40% PolyesterFabric Description: JerseyCare: Tumble Dry, Machine WashMaterial: Cotton BlendCountry of Origin: Imported",,Oversized Fit,"https://jcpenney.scene7.com/is/image/JCPenney/DP0421202509060495M , https://jcpenney.scene7.com/is/image/JCPenney/DP0421202509060288M , https://jcpenney.scene7.com/is/image/JCPenney/DP0421202509060599M , https://jcpenney.scene7.com/is/image/JCPenney/DP0421202509060391M",,,X-Small,Egret
ppr5008511461,https://www.jcpenney.com/p/arizona-womens-juniors-halter-neck-sleeveless-tank-top/ppr5008511461?pTmplType=regular,Arizona Womens Juniors Halter Neck Sleeveless Tank Top,Arizona Jean Co,9.49,38.00,75,"This Arizona women's and junior's halterneck crochet top is a chic retro style for summer hangs. Made from 100% cotton, this sleeveless top has tie closures and a diagonal multicolor pattern. Wear it with jeans or a denim mini skirt.Closure Type: TieFit: Regular FitNeckline: Halter NeckSleeve Length: SleevelessApparel Length: 13.75 InchesFiber Content: 100% CottonFabric Description: KnitLining Material: Cotton, PolyesterCare: Machine Wash, Tumble DryCountry of Origin: Imported",,Regular Fit,"https://jcpenney.scene7.com/is/image/JCPenney/DP0218202511021182M , https://jcpenney.scene7.com/is/image/JCPenney/DP0218202511021079M , https://jcpenney.scene7.com/is/image/JCPenney/DP0218202511021285M",,,X-Small,Black Stripe
ppr5008428551,https://www.jcpenney.com/p/st-johns-bay-womens-plus-mock-neck-long-sleeve-t-shirt/ppr5008428551?pTmplType=regular,St. John's Bay Womens Plus Mock Neck Long Sleeve T-Shirt,ST. JOHN`S BAY,6.49,26.00,75,"This St. John's Bay women's plus mock neck t-shirt is an easy everyday wardrobe decision when temperatures dip. Made from a soft cotton blend, it has a mock neckline, long sleeves and it's cut for a regular-fit. Wear it with jeans or pants. Features: EssentialsClosure Type: Pullover HeadFit: Regular FitNeckline: Mock NeckSleeve Length: Long SleeveSleeve Style: Cap SleeveApparel Length: 28 Inches - FrontFiber Content: 60% Cotton, 40% PolyesterFabric Description: InterlockCare: Tumble Dry, Machine WashMaterial: CottonCountry of Origin: Imported",,Regular Fit,"https://jcpenney.scene7.com/is/image/JCPenney/DP0603202409254385M , https://jcpenney.scene7.com/is/image/JCPenney/DP0603202409253672M , https://jcpenney.scene7.com/is/image/JCPenney/DP0603202409254997M",4.5556,27,5X,Oregano
ppr5008510167,https://www.jcpenney.com/p/byby-womens-juniors-square-neck-sleeveless-camisole/ppr5008510167?pTmplType=regular,by&by Womens Juniors Square Neck Sleeveless Camisole,BY AND BY,5.69,38.00,85,"Closure Type: Pullover HeadFit: FittedNeckline: Square NeckSleeve Length: SleevelessApparel Length: 18 Inches - BackFiber Content: 90% Rayon, 10% LinenFabric Description: WovenCare: Machine Wash, Line DryCountry of Origin: Imported",,Fitted,"https://jcpenney.scene7.com/is/image/JCPenney/DP0512202509131193M , https://jcpenney.scene7.com/is/image/JCPenney/DP0512202509131090M , https://jcpenney.scene7.com/is/image/JCPenney/DP0512202509131296M",,,X-Large,Pat B Hibiscus
ppr5008484840,https://www.jcpenney.com/p/stylus-womens-scoop-neck-sleeveless-tank-top/ppr5008484840?pTmplType=regular,Stylus Womens Scoop Neck Sleeveless Tank Top,STYLUS,6.99,28.00,75,"This Stylus women's white tank top has a relaxed-fit and a contrasting black trim for a chic sporty aesthetic. This sleeveless top comes complete with a scoop neck - wear it with wide-leg pants, bermuda shorts or jeans.Strap Type: TankClosure Type: Pullover HeadFit: Regular FitNeckline: Scoop NeckSleeve Length: SleevelessApparel Length: 24 InchesFiber Content: 68% Rayon, 32% PolyesterFabric Description: PiqueCare: Machine Wash, Tumble DryMaterial: Rayon BlendCountry of Origin: Imported",,Regular Fit,"https://jcpenney.scene7.com/is/image/JCPenney/DP0127202509144108M , https://jcpenney.scene7.com/is/image/JCPenney/DP0127202509143904M , https://jcpenney.scene7.com/is/image/JCPenney/DP0127202509144311M",3.5,2,X-Small,Black
ppr5008539192,https://www.jcpenney.com/p/liz-claiborne-womens-plus-v-neck-short-sleeve-t-shirt/ppr5008539192?pTmplType=regular,Liz Claiborne Womens Plus V Neck Short Sleeve T-Shirt,LIZ CLAIBORNE,9.49,38.00,75,"Features: EssentialsClosure Type: Pullover HeadFit: Regular FitNeckline: V NeckSleeve Length: Short SleeveSleeve Style: Flutter SleeveApparel Length: 26 InchesFiber Content: 95% Rayon, 5% SpandexFabric Description: JerseyCare: Machine Wash, Tumble DryMaterial: JerseyCountry of Origin: Imported",,Regular Fit,"https://jcpenney.scene7.com/is/image/JCPenney/DP0130202509251550M , https://jcpenney.scene7.com/is/image/JCPenney/DP0130202509251448M , https://jcpenney.scene7.com/is/image/JCPenney/DP0130202509251651M",,,5X,Olive Grove
ppr5008554651,https://www.jcpenney.com/p/arizona-baby-tee-womens-juniors-crew-neck-short-sleeve-t-shirt/ppr5008554651?pTmplType=regular,Arizona Baby Tee Womens Juniors Crew Neck Short Sleeve T-Shirt,Arizona Jean Co,5.99,20.00,70,"This Arizona women's and junior's tee is made from a soft pointelle fabric, making it a stylish and comfy everyday go-to. This slightly cropped tee has a close fit, a crew neck and short sleeves. Wear it with high-waisted jeans.Closure Type: Pullover HeadNeckline: Crew NeckSleeve Length: Short SleeveApparel Length: 22 InchesFiber Content: 56% Cotton, 38% Recycled Polyester, 6% SpandexFabric Description: RibCare: Machine Wash, Tumble DryCountry of Origin: Imported",,,"https://jcpenney.scene7.com/is/image/JCPenney/DP1111202409045832M , https://jcpenney.scene7.com/is/image/JCPenney/DP1111202409045730M , https://jcpenney.scene7.com/is/image/JCPenney/DP1111202409045933M",,,Xx-Small,Cavalry Blue Fruit
ppr5008473383,https://www.jcpenney.com/p/st-johns-bay-womens-boat-neck-elbow-sleeve-blouse/ppr5008473383?pTmplType=regular,St. John's Bay Womens Boat Neck Elbow Sleeve Blouse,ST. JOHN`S BAY,5.99,24.00,75,"Feel the cozy allure of the St. John's Bay women's blouse, made with 100% cotton rib fabric. This regular-fit pullover top features a chic boat neckline and elegant elbow-length cap sleeves. It's Oeko-Tex Standard 100 approved, which means it's all about quality and keeping you comfortable.Closure Type: Pullover HeadFit: Regular FitNeckline: Boat NeckSleeve Length: Elbow SleeveSleeve Style: Cap SleeveApparel Length: 26 Inches - FrontFiber Content: 100% CottonFabric Description: RibCare: Machine Wash, Tumble DryCertifications And Listings: Oeko-Tex Standard 100Material: CottonOeko-Tex Standard 100 Label: Kl020 178692Oeko-Tex Standard 100 Test Institute: TestexCountry of Origin: Imported",,Regular Fit,"https://jcpenney.scene7.com/is/image/JCPenney/DP1024202409070403M , https://jcpenney.scene7.com/is/image/JCPenney/DP1024202409070199M , https://jcpenney.scene7.com/is/image/JCPenney/DP1024202409070606M",4.6046,612,Medium,Black
ppr5008491291,https://www.jcpenney.com/p/liz-claiborne-womens-v-neck-short-sleeve-blouse/ppr5008491291?pTmplType=regular,Liz Claiborne Womens V Neck Short Sleeve Blouse,LIZ CLAIBORNE,7.19,40.00,82,"This women�s blouse from Liz Claiborne has a chic animal-print and a relaxed-fit for easy styling to the office or a weekend gathering. It has a v-neckline and short cap sleeves. Wear it with jeans or tailored pants.Closure Type: ButtonFit: Regular FitNeckline: V NeckSleeve Length: Short SleeveSleeve Style: Cap SleeveApparel Length: 27.5 InchesFiber Content: 100% RayonFabric Description: CrinkleCare: Machine Wash, Tumble DryMaterial: RayonCountry of Origin: Imported",,Regular Fit,"https://jcpenney.scene7.com/is/image/JCPenney/DP1028202409112148M , https://jcpenney.scene7.com/is/image/JCPenney/DP1028202409111943M , https://jcpenney.scene7.com/is/image/JCPenney/DP1028202409112351M",4.3243,74,X-Large,Black Floral
ppr5008472180,https://www.jcpenney.com/p/arizona-womens-juniors-crew-neck-long-sleeve-regular-fit-graphic-t-shirt/ppr5008472180?pTmplType=regular,Arizona Womens Juniors Crew Neck Long Sleeve Regular Fit Graphic T-Shirt,Arizona Jean Co,6.99,28.00,75,"Easy-to-wear and comfortable, this graphic cropped t-shirt from Arizona Jeans Co.'s junior's and women's collection is perfect for everyday styling. Made from recycled cotton-jersey, it has a crew neckline, raglan long sleeves, and a raw hem.Closure Type: Pullover HeadFit: Regular FitNeckline: Crew NeckSleeve Length: Long SleeveSleeve Style: Fitted SleeveApparel Length: 16.5 InchesFiber Content: 60% Cotton, 40% Recycled PolyesterFabric Description: RibCare: Tumble Dry, Machine WashCountry of Origin: Imported",,Regular Fit,"https://jcpenney.scene7.com/is/image/JCPenney/DP0722202409165980M , https://jcpenney.scene7.com/is/image/JCPenney/DP0722202409165877M , https://jcpenney.scene7.com/is/image/JCPenney/DP0722202409170082M",5,1,Large,Red Lakeshore
ppr5008545295,https://www.jcpenney.com/p/forever-21-womens-juniors-round-neck-sleeveless-camisole/ppr5008545295?pTmplType=regular,Forever 21 Womens Juniors Round Neck Sleeveless Camisole,Forever 21,6.29,18.00,65,"Strap Type: SpaghettiClosure Type: Pullover HeadFit: FittedNeckline: Round NeckSleeve Length: SleevelessApparel Length: 13.63 Inches - FrontFiber Content: 95% Cotton, 5% SpandexFabric Description: KnitCare: Machine WashMaterial: KnitCountry of Origin: Imported",,Fitted,"https://jcpenney.scene7.com/is/image/JCPenney/DP0707202509144109M , https://jcpenney.scene7.com/is/image/JCPenney/DP0707202509144005M , https://jcpenney.scene7.com/is/image/JCPenney/DP0707202509143902M",,,"Large , Medium , Small",Cabernet
ppr5008472182,https://www.jcpenney.com/p/arizona-thermal-womens-juniors-y-neck-long-sleeve-t-shirt/ppr5008472182?pTmplType=regular,Arizona Thermal Womens Juniors Y Neck Long Sleeve T-Shirt,Arizona Jean Co,8.99,36.00,75,"Stay warm without compromising style with this Arizona Jean Co. women's and junior's thermal t-shirt. It features a relaxed-fit, a Y-neck, and long fitted sleeves. Style it casually with jeans and sneakers or dress it up with a skirt and heels. 2nd Piece Sleeve Length: Long SleevesClosure Type: Pullover HeadFit: Relaxed FitNeckline: Y NeckSleeve Length: Long SleeveSleeve Style: Fitted SleeveApparel Length: 20 InchesFiber Content: 49% Rayon, 27% Polyester, 22% Nylon, 2% SpandexFabric Description: ThermalCare: Tumble Dry, Machine WashCountry of Origin: Imported",,Relaxed Fit,"https://jcpenney.scene7.com/is/image/JCPenney/DP0726202411081963M , https://jcpenney.scene7.com/is/image/JCPenney/DP0726202411081860M , https://jcpenney.scene7.com/is/image/JCPenney/DP0726202411082066M , https://jcpenney.scene7.com/is/image/JCPenney/DP0726202411081757M",,,"X-Large , X-Small",Zinfandel
ppr5008510937,https://www.jcpenney.com/p/womens-juniors-crew-neck-short-sleeve-regular-fit-graphic-t-shirt/ppr5008510937?pTmplType=regular,Womens Juniors Crew Neck Short Sleeve Regular Fit Graphic T-Shirt,BIOWORLD,8.49,34.00,75,"Add a stylish new graphic tee to your casual wear rotation with this women's and junior's style. Made from 100% cotton, this pullover crew-neck t-shirt has contrasting colored trims, a large front graphic and short sleeves. Wear it with denim shorts or jeans. Closure Type: Pullover HeadFit: Regular FitNeckline: Crew NeckSleeve Length: Short SleeveApparel Length: 20.5 InchesFiber Content: 100% CottonFabric Description: JerseyCare: Tumble Dry, Machine WashCountry of Origin: Imported",,Regular Fit,"https://jcpenney.scene7.com/is/image/JCPenney/DP0224202511021323M , https://jcpenney.scene7.com/is/image/JCPenney/DP0221202509042529M , https://jcpenney.scene7.com/is/image/JCPenney/DP0224202511021426M",5,1,"Large , Medium , Small , X-Large , X-Small",Bright White
ppr5008485797,https://www.jcpenney.com/p/liz-claiborne-womens-round-neck-short-sleeve-blouse/ppr5008485797?pTmplType=regular,Liz Claiborne Womens Round Neck Short Sleeve Blouse,LIZ CLAIBORNE,8.99,36.00,75,"This Liz Claiborne women's blouse is a stylish and breezy addition to your rotation. The regular-fit style is crafted from recycled stretch jersey and features a round neckline, short cap sleeves, and subtle side ruching. Pair it with white jeans and loafers for a fresh, office-to-weekend outfit. Closure Type: Pullover HeadFit: Regular FitNeckline: Round NeckSleeve Length: Short SleeveSleeve Style: Cap SleeveApparel Length: 28 InchesFiber Content: 60% Polyester, 35% Recycled Polyester, 5% SpandexFabric Description: Jersey, ItyCare: Tumble Dry, Machine WashCountry of Origin: Imported",,Regular Fit,"https://jcpenney.scene7.com/is/image/JCPenney/DP0515202511174912M , https://jcpenney.scene7.com/is/image/JCPenney/DP0515202511174498M , https://jcpenney.scene7.com/is/image/JCPenney/DP0515202511175325M",4.7308,26,Large,Beige Texture
ppr5008539754,https://www.jcpenney.com/p/st-johns-bay-womens-short-sleeve-t-shirt/ppr5008539754?pTmplType=regular,St. John's Bay Womens Short Sleeve T-Shirt,ST. JOHN`S BAY,9.49,38.00,75,"This St. John's Bay women's polo shirt is a fresh addition to any warm-weather wardrobe. Made from soft cotton-pique, this pullover top features contrasting colored cuffs and a johnny collar trim, plus puffed sleeves. Wear it with pants or jeans. Closure Type: Pullover HeadNeckline: Collar NeckSleeve Length: Short SleeveSleeve Style: Puffed SleeveApparel Length: 26 InchesFiber Content: 60% Cotton, 40% PolyesterFabric Description: PiqueCare: Tumble Dry, Machine WashCountry of Origin: Imported",,,"https://jcpenney.scene7.com/is/image/JCPenney/DP0228202509022911M , https://jcpenney.scene7.com/is/image/JCPenney/DP0228202509022704M , https://jcpenney.scene7.com/is/image/JCPenney/DP0228202509023119M",5,1,Medium,Bright Parakeet
ppr5008545684,https://www.jcpenney.com/p/liz-claiborne-womens-plus-split-crew-neck-short-sleeve-blouse/ppr5008545684?pTmplType=regular,Liz Claiborne Womens Plus Split Crew Neck Short Sleeve Blouse,LIZ CLAIBORNE,9.49,38.00,75,"This Liz Claiborne women's plus blouse comes in a bright purple palm-print for a fresh summery look you can wear with jeans or pants for work or play. Made from 100% cotton, this lightweight breathable top has a split crew neck, a relaxed-fit and short sleeves. Closure Type: Pullover HeadFit: Regular FitNeckline: Split Crew NeckSleeve Length: Short SleeveSleeve Style: Cap SleeveApparel Length: 25 InchesFiber Content: 100% CottonFabric Description: Slubbed, JerseyCare: Tumble Dry, Machine WashCountry of Origin: Imported",,Regular Fit,"https://jcpenney.scene7.com/is/image/JCPenney/DP0512202509222515M , https://jcpenney.scene7.com/is/image/JCPenney/DP0512202509222722M , https://jcpenney.scene7.com/is/image/JCPenney/DP0512202509222307M",5,1,5X,Moonbeam Leaf
ppr5008535131,https://www.jcpenney.com/p/liz-claiborne-womens-short-sleeve-open-front-plus-animal-cardigan/ppr5008535131?pTmplType=regular,Liz Claiborne Womens Short Sleeve Open Front Plus Animal Cardigan,LIZ CLAIBORNE,8.99,60.00,85,"Closure Type: Open FrontFit: Classic FitNeckline: Open NeckSleeve Length: Short SleeveSleeve Style: Dolman SleeveApparel Length: 26.5 InchesFiber Content: 51% Rayon, 30% Polyester, 19% NylonFabric Description: KnitCare: Tumble Dry, Machine WashCountry of Origin: Imported",,Classic Fit,"https://jcpenney.scene7.com/is/image/JCPenney/DP0315202515043355M , https://jcpenney.scene7.com/is/image/JCPenney/DP0315202515043250M , https://jcpenney.scene7.com/is/image/JCPenney/DP0315202515043458M",,,2X,Beige Animal
ppr5008526538,https://www.jcpenney.com/p/liz-claiborne-womens-round-neck-short-sleeve-blouse/ppr5008526538?pTmplType=regular,Liz Claiborne Womens Round Neck Short Sleeve Blouse,LIZ CLAIBORNE,5.39,36.00,85,"This Liz Claiborne women's blouse adds chic color to any office or everyday ensemble. Made from soft recycled stretch-jersey in a muted red tone, this pullover top has a round neckline and dot trims. Wear it with jeans or pants to elevate.Closure Type: Pullover HeadFit: Regular FitNeckline: Round NeckSleeve Length: Short SleeveSleeve Style: Flutter SleeveApparel Length: 28 InchesFiber Content: 60% Polyester, 35% Recycled Polyester, 5% SpandexFabric Description: Jersey, Scuba, ItyCare: Tumble Dry, Machine WashCountry of Origin: Imported",,Regular Fit,"https://jcpenney.scene7.com/is/image/JCPenney/DP1227202411074024M , https://jcpenney.scene7.com/is/image/JCPenney/DP1227202411073821M , https://jcpenney.scene7.com/is/image/JCPenney/DP1227202411074227M",,,Xx-Large,Porcelain Rose
ppr5008500562,https://www.jcpenney.com/p/frye-and-co-womens-square-neck-short-sleeve-blouse/ppr5008500562?pTmplType=regular,Frye and Co. Womens Square Neck Short Sleeve Blouse,FRYE AND CO,9.99,48.00,79,"The neutral hue of Frye & Co.'s women's top gives it a versatile quality to wear with everything from jeans to tailored skirts. Made from stretch cotton-knit, it has a square neckline and ruffle-trimmed puff short sleeves with elastic cuffs. Wear it with jeans or a skirt.Closure Type: Pullover HeadFit: Regular FitNeckline: Square NeckSleeve Length: Short SleeveSleeve Style: Ruffled SleeveApparel Length: 22 InchesFiber Content: 75% Polyester, 22% Cotton, 3% SpandexFabric Description: KnitCare: Tumble Dry, Machine WashMaterial: FabricCountry of Origin: Imported",,Regular Fit,"https://jcpenney.scene7.com/is/image/JCPenney/DP0414202509023890M , https://jcpenney.scene7.com/is/image/JCPenney/DP0414202509023787M , https://jcpenney.scene7.com/is/image/JCPenney/DP0414202509023995M",,,X-Large,Bleached Sand
ppr5008485825,https://www.jcpenney.com/p/liz-claiborne-womens-round-neck-short-sleeve-blouse/ppr5008485825?pTmplType=regular,Liz Claiborne Womens Round Neck Short Sleeve Blouse,LIZ CLAIBORNE,9.99,40.00,75,"Embody effortless elegance for work or social occasions with this Liz Claiborne women's dot-print blouse. Made from a soft recycled georgette blend, this pullover top features a round neckline, a relaxed-fit and short flutter sleeves. Wear it with pants or jeans. Features: Tie-WaistClosure Type: Loop & Button, Pullover HeadFit: Regular FitNeckline: Round NeckSleeve Length: Short SleeveSleeve Style: Flutter SleeveApparel Length: 28.5 InchesFiber Content: 69% Polyester, 31% Recycled PolyesterFabric Description: Woven, GeorgetteCare: Machine Wash, Tumble DryCountry of Origin: Imported",,Regular Fit,"https://jcpenney.scene7.com/is/image/JCPenney/DP0127202509101607M , https://jcpenney.scene7.com/is/image/JCPenney/DP0127202509101505M , https://jcpenney.scene7.com/is/image/JCPenney/DP0127202509101709M",4.3636,11,X-Large,Purple Floral
ppr5008551158,https://www.jcpenney.com/p/arizona-off-the-shoulder-womens-juniors-boat-neck-short-sleeve-t-shirt/ppr5008551158?pTmplType=regular,Arizona Off The Shoulder Womens Juniors Boat Neck Short Sleeve T-Shirt,Arizona Jean Co,5.99,20.00,70,"This Arizona women's and junior's off-the-shoulder t-shirt is an everyday essential that's versatile enough to wear with jeans during the day or with a skirt at night. Made from soft stretch-cotton, this fitted tee has off-the-shoulder sleeves.Closure Type: Pullover HeadFit: FittedNeckline: Boat NeckSleeve Length: Short SleeveSleeve Style: Fitted SleeveApparel Length: 18.5 Inches - FrontFiber Content: 96% Cotton, 4% SpandexFabric Description: JerseyCare: Tumble Dry, Machine WashMaterial: CottonCountry of Origin: Imported",,Fitted,"https://jcpenney.scene7.com/is/image/JCPenney/DP0423202509021141M , https://jcpenney.scene7.com/is/image/JCPenney/DP0423202509021036M , https://jcpenney.scene7.com/is/image/JCPenney/DP0423202509021245M",,,Small,White
ppr5008500563,https://www.jcpenney.com/p/frye-and-co-womens-square-neck-short-sleeve-blouse/ppr5008500563?pTmplType=regular,Frye and Co. Womens Square Neck Short Sleeve Blouse,FRYE AND CO,9.99,48.00,79,"Closure Type: Pullover HeadFit: Regular FitNeckline: Square NeckSleeve Length: Short SleeveSleeve Style: Ruffled SleeveApparel Length: 22 InchesFiber Content: 75% Polyester, 22% Cotton, 3% SpandexFabric Description: KnitCare: Machine Wash, Tumble DryMaterial: FabricCountry of Origin: Imported",,Regular Fit,"https://jcpenney.scene7.com/is/image/JCPenney/DP0414202509024306M , https://jcpenney.scene7.com/is/image/JCPenney/DP0414202509024202M , https://jcpenney.scene7.com/is/image/JCPenney/DP0414202509024411M",,,X-Large,Brick Red
ppr5008441730,https://www.jcpenney.com/p/xersion-womens-everyday-crew-neck-long-sleeve-t-shirt-plus/ppr5008441730?pTmplType=regular,Xersion Womens Everyday Crew Neck Long Sleeve T-Shirt Plus,Xersion,5.99,40.00,85,"This Xersion women's plus everyday t-shirt will keep you comfortable and looking stylish no matter what your day entails. Made from jersey for a regular-fit, it features quick-drying properties, a classic crew neckline, and long cuffed sleeves. Pair it with matching joggers for a cohesive look.2nd Piece Sleeve Length: Long SleevesFeatures: Quick DryClosure Type: Pullover HeadFit: Regular FitNeckline: Crew NeckSleeve Length: Long SleeveSleeve Style: Cuffed SleeveApparel Length: 23.5 Inches - Front, 23.5 Inches - BackFiber Content: 95% Polyester, 5% SpandexFabric Description: JerseyCare: Tumble Dry, Machine WashCountry of Origin: Imported",,Regular Fit,"https://jcpenney.scene7.com/is/image/JCPenney/DP0820202415032498M , https://jcpenney.scene7.com/is/image/JCPenney/DP0820202415032397M , https://jcpenney.scene7.com/is/image/JCPenney/DP0820202415032600M",,,1X,Flagstone Hthr
ppr5008434303,https://www.jcpenney.com/p/womens-juniors-crew-neck-short-sleeve-boxy-fit-hello-kitty-graphic-t-shirt/ppr5008434303?pTmplType=regular,Womens Juniors Crew Neck Short Sleeve Boxy Fit Hello Kitty Graphic T-Shirt,Bio,7.19,24.00,70,"This women's and junior's Hello Kitty graphic t-shirt is a cute classic piece for fans of the franchise. Made from soft cotton-jersey, this short-sleeve tee has a boxy-fit, a crew neck and a large front graphic. Wear it with denim shorts, jeans or leggings. Character: Hello KittyClosure Type: Pullover HeadFit: Boxy FitNeckline: Crew NeckSleeve Length: Short SleeveApparel Length: 26 InchesFiber Content: 60% Cotton, 40% PolyesterFabric Description: JerseyCare: Tumble Dry, Machine WashMaterial: JerseyCountry of Origin: Imported",,Boxy Fit,"https://jcpenney.scene7.com/is/image/JCPenney/DP0515202409024183M , https://jcpenney.scene7.com/is/image/JCPenney/DP0515202409023980M , https://jcpenney.scene7.com/is/image/JCPenney/DP0515202409024284M , https://jcpenney.scene7.com/is/image/JCPenney/DP0515202409024081M",,,Medium,Pink
ppr5008426369,https://www.jcpenney.com/p/ana-womens-v-neck-long-sleeve-pullover-sweater/ppr5008426369?pTmplType=regular,a.n.a Womens V Neck Long Sleeve Pullover Sweater,A.N.A,9.49,38.00,75,"Embrace an effortlessly chic and cozy look with this a.n.a women's pullover sweater. Made from a knit fabric, it features a loose-fit, a V-neck, and long drop-shoulder sleeves. Style it with jeans and ankle booties. Closure Type: Pullover HeadFit: Loose FitNeckline: V NeckSleeve Length: Long SleeveSleeve Style: Drop-Shoulder SleeveApparel Length: 24 InchesFiber Content: 62% Acrylic, 38% PolyesterFabric Description: KnitCare: Machine Wash, Tumble DryCountry of Origin: Imported",,Loose Fit,"https://jcpenney.scene7.com/is/image/JCPenney/DP0530202409023755M , https://jcpenney.scene7.com/is/image/JCPenney/DP0530202409023652M , https://jcpenney.scene7.com/is/image/JCPenney/DP0530202409023857M",3.9062,32,"Large , Medium , Small , X-Small","Lt Gray Heather , Desert Sand , Ecru Olive"
ppr5008189338,https://www.jcpenney.com/p/liz-claiborne-womens-long-sleeve-regular-fit-wrinkle-free-poplin-button-down-shirt/ppr5008189338?pTmplType=regular,Liz Claiborne Womens Long Sleeve Regular Fit Wrinkle Free Poplin Button-Down Shirt,LIZ CLAIBORNE,20.99,44.00,52,"Made from a soft stretch-cotton poplin with Liz Claiborne's Everair technology to keep you cool and dry, this women's button-down shirt is a comfortable style choice for work or a day out with friends. This long-sleeve shirt is cut for a regular-fit, with wrinkle-free properties, and has a classic point collar, button cuffs, and a curved hem for easy layering.Features: Wrinkle Free, EssentialsClosure Type: ButtonFit: Regular FitNeckline: Collar NeckSleeve Length: Long SleeveApparel Length: 26 InchesFiber Content: 60% Cotton, 40% PolyesterFabric Description: Poplin, WovenCollar: Johnny CollarCare: Machine Wash, Tumble DryCountry of Origin: Imported",,Regular Fit,"https://jcpenney.scene7.com/is/image/JCPenney/DP0702202509063863M , https://jcpenney.scene7.com/is/image/JCPenney/DP0702202509063654M , https://jcpenney.scene7.com/is/image/JCPenney/DP0702202509063445M",4.3212,165,Xx-Large,"Medieval Green , White , White Black Stripe , Black"
ppr5008493302,https://www.jcpenney.com/p/xersion-everyday-womens-crew-neck-short-sleeve-quick-dry-active-plus-t-shirt/ppr5008493302?pTmplType=regular,Xersion Everyday Womens Crew Neck Short Sleeve Quick Dry Active Plus T-Shirt,Xersion,9.59,32.00,70,"This Xersion women's active t-shirt comes in a vivid blue tone, adding a stylish pop of color to your activewear collection. Made from soft stretch-jersey, this short-sleeve tee also features quick-dry technology to keep you feeling comfortable while you're on the move. Wear it with bike shorts, leggings or jogger pants. Features: Quick DryClosure Type: Pullover HeadFit: Regular FitNeckline: Crew NeckSleeve Length: Short SleeveApparel Length: 23.5 Inches - FrontFiber Content: 95% Polyester, 5% SpandexFabric Description: JerseyCare: Tumble Dry, Machine WashMaterial: PolyesterCountry of Origin: Imported",,Regular Fit,"https://jcpenney.scene7.com/is/image/JCPenney/DP0414202509054417M , https://jcpenney.scene7.com/is/image/JCPenney/DP0414202509054313M , https://jcpenney.scene7.com/is/image/JCPenney/DP0414202509054522M",5,1,"0X , 1X , 2X , 3X , 4X , 5X","Red Lychee Melange , Black"
ppr5008628862,https://www.jcpenney.com/p/xersion-womens-cotton-crew-neck-long-sleeve-t-shirt/ppr5008628862?pTmplType=regular,Xersion Womens Cotton Crew Neck Long Sleeve T-Shirt,Xersion,13.49,27.00,50,"The Xersion women’s cotton crew-neck long-sleeve t-shirt provides breathable comfort for all-day wear. Designed with a classic fit and crew neckline, it’s perfect for layering or wearing solo. Pair this everyday essential with leggings or joggers for effortless, relaxed style.Closure Type: Pullover HeadFit: Regular FitNeckline: Crew NeckSleeve Length: Long SleeveApparel Length: 25 Inches - FrontFiber Content: 60% Cotton, 40% Repreve Recycled PolyesterFabric Description: JerseyCare: Tumble Dry, Machine WashMaterial: CottonCountry of Origin: Imported",,Regular Fit,"https://jcpenney.scene7.com/is/image/JCPenney/DP0812202511113274M , https://jcpenney.scene7.com/is/image/JCPenney/DP0812202511113379M , https://jcpenney.scene7.com/is/image/JCPenney/DP0812202511113170M",4.5,2,Small,"Bright Cayenne , Skipper Blue"
ppr5008469452,https://www.jcpenney.com/p/st-johns-bay-womens-split-crew-neck-short-sleeve-blouse/ppr5008469452?pTmplType=regular,St. John's Bay Womens Split Crew Neck Short Sleeve Blouse,ST. JOHN`S BAY,9.49,38.00,75,"Add a fresh folksy feel to your wardrobe with this St. John's Bay women's printed blouse. Made from a woven cotton blend, this blouse has short sleeves, a relaxed-fit and a split crew neck. Wear it with jeans. Features: Notched, EmbroideredClosure Type: Pullover HeadFit: Regular FitNeckline: Split Crew NeckSleeve Length: Short SleeveApparel Length: 26 Inches - FrontFiber Content: 55% Cotton, 45% RayonFabric Description: Plain Woven, WovenCare: Tumble Dry, Machine WashCountry of Origin: Imported",,Regular Fit,"https://jcpenney.scene7.com/is/image/JCPenney/DP1111202409093607M , https://jcpenney.scene7.com/is/image/JCPenney/DP1111202409093200M , https://jcpenney.scene7.com/is/image/JCPenney/DP1111202409094013M",4.7358,53,"Large , Medium , Small , X-Large , Xx-Large","Papaya Punch Daisy , Blue Tile"
ppr5008514624,https://www.jcpenney.com/p/st-johns-bay-womens-long-sleeve-mock-neck-top-plus/ppr5008514624?pTmplType=regular,St. John's Bay Womens Long Sleeve Mock Neck Top Plus,ST. JOHN`S BAY,11.69,26.00,55,"This St. John’s Bay plus women’s top combines comfort and sophistication. Crafted from interlock cotton fabric, it gently hugs your frame while offering ease of movement. The mock neckline and long sleeves provide casual elegance, perfect for layering or wearing standalone. Features: EssentialsClosure Type: Pullover HeadFit: Regular FitNeckline: Mock NeckSleeve Length: Long SleeveApparel Length: 28 Inches - FrontFiber Content: 100% CottonFabric Description: InterlockCare: Machine Wash, Tumble DryCertifications And Listings: Oeko-Tex Standard 100Material: CottonOeko-Tex Standard 100 Label: Kl020 178692Oeko-Tex Standard 100 Test Institute: TestexCountry of Origin: Imported",,Regular Fit,"https://jcpenney.scene7.com/is/image/JCPenney/DP0512202509215386M , https://jcpenney.scene7.com/is/image/JCPenney/DP0512202509220324M , https://jcpenney.scene7.com/is/image/JCPenney/DP0512202509214446M",4.3333,3,"0X , 1X , 3X , 4X , 5X","American Navy , Black , White , Ivory , Deep Ruby , Rumba Red , Mysterious Green , Nebula Blue , Venus Pink , Charcoal Gray"
ppr5008500105,https://www.jcpenney.com/p/worthington-womens-short-sleeve-mock-neck-top/ppr5008500105?pTmplType=regular,Worthington Womens Short Sleeve Mock Neck Top,Worthington,9.99,34.00,70,"Whether worn professionally or a date night, this Worthington top is a sophisticated style choice. Made from soft stretch scuba, it has a mock neck, short sleeves, and a concealed back zip closure. Pair it with a maxi skirt and flats.Fit: Regular FitNeckline: Mock NeckSleeve Length: Short SleeveSleeve Style: Fitted SleeveApparel Length: 19 InchesFiber Content: 66% Rayon, 27% Nylon, 7% SpandexFabric Description: PonteCare: Tumble Dry, Machine WashCountry of Origin: Imported",,Regular Fit,"https://jcpenney.scene7.com/is/image/JCPenney/DP0707202509225631M , https://jcpenney.scene7.com/is/image/JCPenney/DP0707202509225736M , https://jcpenney.scene7.com/is/image/JCPenney/DP0707202509225527M",3.3333,3,"Large , X-Large","Ivy Green , Tobacco Brown , Provence"
ppr5007577459,https://www.jcpenney.com/p/worthington-womens-seamless-cami/ppr5007577459?pTmplType=regular,Worthington Womens Seamless Cami,Worthington,5.99,17.00,64,"This tank top from Worthington's women's collection is the perfect no-show seamless style to wear layered under a blazer or button-down or alone with jeans. It's made from a comfortable stretch-knit with adjustable shoulder straps for the perfect fit.Strap Type: AdjustableFeatures: Stretch FabricClosure Type: Pullover HeadFit: FittedNeckline: Scoop NeckSleeve Length: SleevelessApparel Length: 26 InchesFiber Content: 95% Nylon, 5% SpandexFabric Description: KnitCare: Machine WashCountry of Origin: Imported",,Fitted,"https://jcpenney.scene7.com/is/image/JCPenney/DP0314202313150106M , https://jcpenney.scene7.com/is/image/JCPenney/DP0316202311001906M , https://jcpenney.scene7.com/is/image/JCPenney/DP0314202313145897M",4.5442,147,X-Small-Small,White
ppr5008493297,https://www.jcpenney.com/p/xersion-womens-cotton-crew-neck-short-sleeve-t-shirt/ppr5008493297?pTmplType=regular,Xersion Womens Cotton Crew Neck Short Sleeve T-Shirt,Xersion,5.89,35.00,83,"This Xersion t-shirt from the women's collection will add a fresh neon pop to your workouts and active days. It's made from 100% cotton for a relaxed-fit and has a crew neckline and short sleeves. Wear yours with leggings or shorts and sneakers. Closure Type: Pullover HeadFit: Relaxed FitNeckline: Crew NeckSleeve Length: Short SleeveApparel Length: 23.5 InchesFiber Content: 100% CottonFabric Description: JerseyCare: Machine Wash, Tumble DryMaterial: CottonOeko-Tex Standard 100 Label: Shirley Technologies LimitedOeko-Tex Standard 100 Test Institute: 11-63312Country of Origin: Imported",,Relaxed Fit,"https://jcpenney.scene7.com/is/image/JCPenney/DP0226202509074908M , https://jcpenney.scene7.com/is/image/JCPenney/DP0226202509074803M , https://jcpenney.scene7.com/is/image/JCPenney/DP0226202509075011M",3.3333,3,"Large , Medium , Small , X-Large , X-Small , Xx-Large","Lemon Candy , Baltic Sky"
ppr5008540159,https://www.jcpenney.com/p/st-johns-bay-womens-easy-on-easy-off-crew-neck-long-sleeve-adaptive-t-shirt/ppr5008540159?pTmplType=regular,St. John's Bay Womens Easy-on + Easy-off Crew Neck Long Sleeve Adaptive T-Shirt,ST. JOHN`S BAY,7.99,20.00,60,"The St. John’s Bay women’s easy-on easy-off crew-neck long-sleeve adaptive t-shirt was designed with comfort and accessibility in mind. It features a wide neck opening for easy dressing, flat seams, and a tag-free finish to help minimize sensory irritation. Made from 100% cotton, this pullover is a smart choice for relaxed wear with easy style.Features: AdaptiveClosure Type: Pullover HeadFit: Regular FitNeckline: Crew NeckSleeve Length: Long SleeveSleeve Style: Cap SleeveApparel Length: 26 Inches - FrontFiber Content: 100% CottonFabric Description: Rib KnitCare: Machine Wash, Tumble DryCertifications And Listings: Oeko-Tex Standard 100Adaptive Features: Wide Hem, Flat Seams, Wide NeckMaterial: CottonOeko-Tex Standard 100 Label: Hk020 145317Oeko-Tex Standard 100 Test Institute: TestexCountry of Origin: Imported",,Regular Fit,"https://jcpenney.scene7.com/is/image/JCPenney/DP0416202509012512M , https://jcpenney.scene7.com/is/image/JCPenney/DP0707202513011680M , https://jcpenney.scene7.com/is/image/JCPenney/DP0416202509011781M , https://jcpenney.scene7.com/is/image/JCPenney/DP0416202509013241M , https://jcpenney.scene7.com/is/image/JCPenney/DP0421202509163383M",,,"Large , Medium , Small , X-Large , X-Small , Xx-Large","Venus Pink , Black , White , American Navy , Cabaret Red , Oak Moss , Celestial Teal , Aurora Brown"
ppr5008535882,https://www.jcpenney.com/p/ana-waffle-womens-split-crew-neck-t-shirt/ppr5008535882?pTmplType=regular,a.n.a Waffle Womens Split Crew Neck T-Shirt,A.N.A,9.99,22.00,54,"This a.n.a women's waffle-knit t-shirt is a stylish everyday wardrobe basic to have on hand. Made from 100% cotton, this fitted top has short sleeves and a henley neckline with button closures. Wear it with jeans or shorts.Closure Type: Button, Pullover HeadFit: Regular FitNeckline: Split Crew NeckSleeve Style: Fitted SleeveApparel Length: 21.12 Inches - Front, 21.12 Inches - BackFiber Content: 100% CottonFabric Description: WaffleCare: Machine Wash, Tumble DryCountry of Origin: Imported",,Regular Fit,"https://jcpenney.scene7.com/is/image/JCPenney/DP0929202509192611M , https://jcpenney.scene7.com/is/image/JCPenney/DP0929202509192925M , https://jcpenney.scene7.com/is/image/JCPenney/DP0929202509192297M",,,"Large , Medium , X-Large , Xx-Large","Spanish Villa , Lt Hthr Gray , Faded Denim"
ppr5008510938,https://www.jcpenney.com/p/arizona-womens-juniors-scoop-neck-short-sleeve-bodysuit/ppr5008510938?pTmplType=regular,Arizona Womens Juniors Scoop Neck Short Sleeve Bodysuit,Arizona Jean Co,8.49,34.00,75,"This Arizona women's and junior's short-sleeve bodysuit is a layering wardrobe essential. Made from a soft stretch fabric, this fitted short-sleeve bodysuit comes complete with a flattering scoop neck. Wear it with anything from jeans to a skirt. Closure Type: SnapNeckline: Scoop NeckSleeve Length: Short SleeveSleeve Style: Cap SleeveApparel Length: 28.5 InchesFiber Content: 88% Polyester, 12% SpandexFabric Description: InterlockCare: Tumble Dry, Machine WashCountry of Origin: Imported",,,"https://jcpenney.scene7.com/is/image/JCPenney/DP0724202509242284M , https://jcpenney.scene7.com/is/image/JCPenney/DP0724202509242389M , https://jcpenney.scene7.com/is/image/JCPenney/DP0724202509242181M , https://jcpenney.scene7.com/is/image/JCPenney/DP0610202515013897M , https://jcpenney.scene7.com/is/image/JCPenney/DP0611202515002357M , https://jcpenney.scene7.com/is/image/JCPenney/DP0724202509242076M , https://jcpenney.scene7.com/is/image/JCPenney/DP0610202515013793M",,,"3X-Large , Large , Medium , Small , X-Large , X-Small , Xx-Large","Scarlet Flower , Black , Snowdrift"
ppr5008493284,https://www.jcpenney.com/p/xersion-womens-pleated-crew-neck-sleeveless-t-shirt/ppr5008493284?pTmplType=regular,Xersion Womens Pleated Crew Neck Sleeveless T-Shirt,Xersion,5.59,35.00,84,"This Xersion women's pleated top offers a unique contemporary style statement for your next gym outing or workout. Made from soft-stretch jersey with a mesh pleated back, this loose-fit pullover top has a crew neckline and also comes with quick-dry technology to keep you comfortable on the go. Wear it with leggings or bike shorts.2nd Piece Closure Type: Pullover Head2nd Piece Fabric: Tricot2nd Piece Care: Machine Wash, Tumble DryFeatures: Quick DryClosure Type: Pullover HeadFit: Loose FitNeckline: Crew NeckSleeve Length: SleevelessApparel Length: 20 Inches - FrontFiber Content: 48% Polyester, 46% Recycled Polyester, 6% SpandexFabric Description: Mesh, JerseyCare: Tumble Dry, Machine WashMaterial: Polyester BlendCountry of Origin: Imported",,Loose Fit,"https://jcpenney.scene7.com/is/image/JCPenney/DP0414202509042607M , https://jcpenney.scene7.com/is/image/JCPenney/DP0414202509042400M , https://jcpenney.scene7.com/is/image/JCPenney/DP0414202509042711M , https://jcpenney.scene7.com/is/image/JCPenney/DP0414202509042504M",3,2,"Large , X-Large , Xx-Large","Shady Glade , Light Navy , White"
ppr5008522121,https://www.jcpenney.com/p/st-johns-bay-womens-plus-easy-on-easy-off-crew-neck-long-sleeve-adaptive-t-shirt/ppr5008522121?pTmplType=regular,St. John's Bay Womens Plus Easy-on + Easy-off Crew Neck Long Sleeve Adaptive T-Shirt,ST. JOHN`S BAY,9.59,24.00,60,"The St. John’s Bay women’s plus easy-on easy-off crew-neck long-sleeve adaptive t-shirt is designed for effortless dressing and comfort. Made from soft cotton knit, it features easy-access openings, flat seams, and a tag-free neckline to reduce irritation. A versatile, inclusive style for everyday wear.Features: AdaptiveClosure Type: Pullover HeadFit: Regular FitNeckline: Crew NeckSleeve Length: Long SleeveSleeve Style: Cap SleeveApparel Length: 26 Inches - FrontFiber Content: 100% CottonFabric Description: Rib KnitCare: Machine Wash, Tumble DryCertifications And Listings: Oeko-Tex Standard 100Adaptive Features: Wide Hem, Flat Seams, Wide NeckMaterial: CottonOeko-Tex Standard 100 Label: Hk020 145317Oeko-Tex Standard 100 Test Institute: TestexCountry of Origin: Imported",,Regular Fit,"https://jcpenney.scene7.com/is/image/JCPenney/DP0416202509031984M , https://jcpenney.scene7.com/is/image/JCPenney/DP0707202513012410M , https://jcpenney.scene7.com/is/image/JCPenney/DP0416202509031360M , https://jcpenney.scene7.com/is/image/JCPenney/DP0416202509032607M , https://jcpenney.scene7.com/is/image/JCPenney/DP0421202509164526M",,,"0X , 1X , 2X , 3X , 4X , 5X","Venus Pink , White , Cabaret Red , Oak Moss , Celestial Teal , Aurora Brown"
ppr5007949183,https://www.jcpenney.com/p/champion-womens-crew-neck-short-sleeve-active-t-shirt/ppr5007949183?pTmplType=regular,Champion Womens Crew Neck Short Sleeve Active T-Shirt,Champion,8.69,25.00,65,"RETRO SCRIPT MEETS CLASSIC TEE. This versatile yet classic crewneck t-shirt is great on its own as it is layered under your best Champion jacket or hoodie. It has a classic fit that's not too tight or loose, skimming easily over the body to flatter your figure. This casual crewneck tee is made from a soft, ring-spun cotton blend, making it extra soft and just the right weight. It's detailed with a sturdy, ribbed collar and decorated with the classic signature script offering a timeless look. Finished with the iconic C logo at the left chest and C logo patch hits at the sleeve. This women's t-shirt comes in a range of colors, one to match your every mood.Closure Type: Pullover HeadFit: Regular FitNeckline: Crew NeckSleeve Length: Short SleeveApparel Length: 25.5 InchesFiber Content: 100% CottonFabric Description: JerseyCare: Line Dry, Machine WashCountry of Origin: Imported",,Regular Fit,"https://jcpenney.scene7.com/is/image/JCPenney/DP0714202311184508M , https://jcpenney.scene7.com/is/image/JCPenney/DP0714202311184405M , https://jcpenney.scene7.com/is/image/JCPenney/DP0714202311184611M , https://jcpenney.scene7.com/is/image/JCPenney/DP0528202411011003M",4.5082,122,X-Small,"White , Oxford Gray , Black , Athletic Navy"
ppr5008472748,https://www.jcpenney.com/p/st-johns-bay-womens-short-sleeve-regular-fit-plus-button-down-shirt/ppr5008472748?pTmplType=regular,St. John's Bay Womens Short Sleeve Regular Fit Plus Button-Down Shirt,ST. JOHN`S BAY,6.39,38.00,83,"This neutral tile-print button-down from the St. John's Bay women's plus collection will be a chic new addition to your warm-weather pairings. Cut for a regular-fit from 100% cotton, it has short sleeves, a point collar and a chest pocket, plus a curved hem for easy layering with jeans or pants. Closure Type: ButtonFit: Regular FitNeckline: Collar NeckPocket Types: 1 Chest Slip Pocket(s)Sleeve Length: Short SleeveSleeve Style: Roll SleeveApparel Length: 30 InchesFiber Content: 100% CottonFabric Description: Plain WeaveCollar: Point CollarCare: Tumble Dry, Machine WashCountry of Origin: Imported",,Regular Fit,"https://jcpenney.scene7.com/is/image/JCPenney/DP0116202509043306M , https://jcpenney.scene7.com/is/image/JCPenney/DP0116202509043103M , https://jcpenney.scene7.com/is/image/JCPenney/DP0116202509043511M",4.8333,18,"2X , 3X","Pink Peach Check , Pink Stripe"
ppr5008497615,https://www.jcpenney.com/p/ana-pointelle-womens-sleeveless-polo-shirt/ppr5008497615?pTmplType=regular,a.n.a Pointelle Womens Sleeveless Polo Shirt,A.N.A,9.79,28.00,65,"This a.n.a women's sleeveless pointelle polo shirt is an elevated basic you'll wear again and again. Made from stretch jacquard for a regular-fit, it has a johnny collar and a button-front closure. Pair with wide-leg jeans and sneakers for a casual-cool outfit. Closure Type: ButtonFit: Regular FitNeckline: Collar NeckSleeve Length: SleevelessApparel Length: 24.25 InchesFiber Content: 97% Polyester, 3% SpandexFabric Description: JacquardCollar: Johnny CollarCare: Tumble Dry, Machine WashMaterial: FabricCountry of Origin: Imported p.p1 {margin: 0.0px 0.0px 0.0px 0.0px; font: 15.0px Calibri; color: #1e497d; -webkit-text-stroke: #1e497d} span.s1 {font-kerning: none} Camisole not included.",,Regular Fit,"https://jcpenney.scene7.com/is/image/JCPenney/DP0522202509095813M , https://jcpenney.scene7.com/is/image/JCPenney/DP0522202509095708M , https://jcpenney.scene7.com/is/image/JCPenney/DP0522202509095916M",4.2222,9,"Large , Medium , Small , X-Small , Xx-Large","New Orleans Red , Black"
ppr5008493296,https://www.jcpenney.com/p/xersion-everyday-womens-crew-neck-twist-back-short-sleeve-t-shirt-plus/ppr5008493296?pTmplType=regular,Xersion Everyday Womens Crew Neck Twist Back Short Sleeve T-Shirt Plus,Xersion,5.99,40.00,85,"Features: Quick DryClosure Type: Pullover HeadFit: Regular FitNeckline: Crew NeckSleeve Length: Short SleeveSleeve Style: Cap SleeveApparel Length: 22.5 Inches - FrontFiber Content: 95% Polyester, 5% SpandexFabric Description: JerseyCare: Tumble Dry, Machine WashMaterial: JerseyCountry of Origin: Imported",,Regular Fit,"https://jcpenney.scene7.com/is/image/JCPenney/DP0221202509092359M , https://jcpenney.scene7.com/is/image/JCPenney/DP0221202509092256M , https://jcpenney.scene7.com/is/image/JCPenney/DP0221202509092462M",,,"0X , 1X , 2X , 3X , 4X , 5X","Shady Glade Melang , Black"
ppr5008540289,https://www.jcpenney.com/p/ana-womens-long-sleeve-regular-fit-henley-shirt/ppr5008540289?pTmplType=regular,a.n.a Womens Long Sleeve Regular Fit Henley Shirt,A.N.A,9.99,32.00,68,"The a.n.a women’s long-sleeve shirt blends casual comfort with classic design. Featuring a button Henley neckline and relaxed regular fit, it offers easy movement and breathable wear. Soft fabric ensures everyday comfort, while the timeless silhouette layers perfectly under jackets or cardigans for effortless, laid-back style.Closure Type: ButtonFit: Regular FitNeckline: Henley NeckSleeve Length: Long SleeveApparel Length: 24 InchesFiber Content: 58% Cotton, 38% Rayon, 4% SpandexFabric Description: RibCare: Tumble Dry, Machine WashMaterial: FabricCountry of Origin: Imported",,Regular Fit,"https://jcpenney.scene7.com/is/image/JCPenney/DP0929202509202041M , https://jcpenney.scene7.com/is/image/JCPenney/DP0929202509202145M , https://jcpenney.scene7.com/is/image/JCPenney/DP0929202509201937M",4.2143,14,Large,"New Orleans Red St , Black"
ppr5008485856,https://www.jcpenney.com/p/st-johns-bay-womens-keyhole-neck-sleeveless-tank-top/ppr5008485856?pTmplType=regular,St. John's Bay Womens Keyhole Neck Sleeveless Tank Top,ST. JOHN`S BAY,6.99,28.00,75,"This St. John's Bay women's tank top is made from a super-soft stretch-jersey and is the perfect everyday essential. This sleeveless pullover top has a keyhole cut-out neckline and a slightly relaxed-fit. Wear it with jeans. Closure Type: Pullover HeadNeckline: Keyhole NeckSleeve Length: SleevelessApparel Length: 26 InchesFiber Content: 100% PolyesterFabric Description: JerseyCare: Tumble Dry, Machine WashCountry of Origin: Imported",,,"https://jcpenney.scene7.com/is/image/JCPenney/DP0210202509095678M , https://jcpenney.scene7.com/is/image/JCPenney/DP0210202509095166M , https://jcpenney.scene7.com/is/image/JCPenney/DP0210202509100192M",4.5632,87,"Large , Medium , Small , X-Large , X-Small , Xx-Large","Pineapples , Multi Tropical , Navy Ditsy , American Navy"
ppr5008622048,https://www.jcpenney.com/p/levis-womens-plus-perfect-tee/ppr5008622048?pTmplType=regular,Levi's® Women's Plus Perfect Tee,LEVI,8.99,24.50,63,"Casual shirts like our Perfect Logo T-Shirt were made to go with jeans, especially a shirt this comfortable and well-constructed. We call it perfect because it is, and it'd be too wordy to say versatile, ultra-comfortable and durable.Fiber Content: 100% CottonFabric Description: KnitMaterial: KnitCountry of Origin: Imported",,,"https://jcpenney.scene7.com/is/image/JCPenney/DP1021202513004651M , https://jcpenney.scene7.com/is/image/JCPenney/DP1021202513004546M",5,1,"2X , 3X","Potpourri , Batwing Shine , Rose Choc Truffle , Rose Fill Plus Egr"
ppr5008481384,https://www.jcpenney.com/p/st-johns-bay-womens-plus-split-crew-neck-short-sleeve-t-shirt/ppr5008481384?pTmplType=regular,St. John's Bay Womens Plus Split Crew Neck Short Sleeve T-Shirt,ST. JOHN`S BAY,9.49,38.00,75,"Mix up your everyday edit with this St. John's Bay women's plus top. Made from soft cotton jersey for a regular-fit, the pullover style has a split crew neckline and short cap sleeves. Wear it with pants, shorts, or a skirt. Closure Type: Pullover HeadFit: Regular FitNeckline: Split Crew NeckSleeve Length: Short SleeveSleeve Style: Cap SleeveApparel Length: 26 Inches - FrontFiber Content: 100% CottonFabric Description: JerseyCare: Tumble Dry, Machine WashCountry of Origin: Imported",,Regular Fit,"https://jcpenney.scene7.com/is/image/JCPenney/DP0224202511073365M , https://jcpenney.scene7.com/is/image/JCPenney/DP0224202511072955M , https://jcpenney.scene7.com/is/image/JCPenney/DP0224202511073776M",5,1,"0X , 1X , 2X , 4X , 5X","Fun In The Sun , Party Pink , Dazzling Blue"
ppr5008506250,https://www.jcpenney.com/p/ana-womens-round-neck-long-sleeve-t-shirt/ppr5008506250?pTmplType=regular,a.n.a Womens Round Neck Long Sleeve T-Shirt,A.N.A,9.99,32.00,68,"This a.n.a women's t-shirt is a sleek wardrobe essential. Made from soft stretch rib, it has a fitted shape with a round neck and long sleeves. Wear it with anything from jeans to a skirt.Fit: Regular FitNeckline: Round NeckSleeve Length: Long SleeveApparel Length: 22.5 InchesFiber Content: 62% Polyester, 34% Rayon, 4% SpandexFabric Description: RibCare: Machine Wash, Tumble DryMaterial: FabricCountry of Origin: Imported",,Regular Fit,"https://jcpenney.scene7.com/is/image/JCPenney/DP0721202509101210M , https://jcpenney.scene7.com/is/image/JCPenney/DP0721202509101315M , https://jcpenney.scene7.com/is/image/JCPenney/DP0721202509101105M , https://jcpenney.scene7.com/is/image/JCPenney/DP0723202509114746M",5,4,"X-Large , X-Small , Xx-Large","Crm Blk Stripe , Chanterelle Mushro"
