unique_id,url,productname,brand,selling_price,regular_price,discount,description,specification,fit_type,image,rating,review,size,colour
ppr5008496950,https://www.jcpenney.com/p/cinnamaroll-peekaboo-tank-womens-sleeveless-juniors-babydoll-dress/ppr5008496950?pTmplType=regular,Cinnamaroll Peekaboo Tank Womens Sleeveless Juniors Babydoll Dress,HYBRID TEES,6.59,44.00,85,"Strap Type: SpaghettiClosure Type: Pullover HeadNeckline: Straight NeckSleeve Length: SleevelessApparel Length: 28.5 InchesDress Length: Short LengthFiber Content: 58% Cotton, 38% Polyester, 4% SpandexFabric Description: JerseyLining: UnlinedCare: Tumble Dry, Machine WashMaterial: Cotton BlendCountry of Origin: Imported",,,"https://jcpenney.scene7.com/is/image/JCPenney/DP0211202509031411M, https://jcpenney.scene7.com/is/image/JCPenney/DP0211202509031206M, https://jcpenney.scene7.com/is/image/JCPenney/DP0211202509031514M, https://jcpenney.scene7.com/is/image/JCPenney/DP0211202509031308M",,,Large,Tickled Pink
ppr5008508955,https://www.jcpenney.com/p/trixxi-womens-juniors-sleeveless-fit-flare-dress/ppr5008508955?pTmplType=regular,Trixxi Womens Juniors Sleeveless Fit + Flare Dress,TRIXXI,9.39,59.00,84,"Bright and romantic, this women's Trixxi sleeveless fit-and-flare mini dress features a textured floral pattern. Made from soft woven fabric, it has a lace-trimmed square neckline, adjustable shoulder straps with satin ties, a corset-style bodice, and a back zip closure. Flatter it with stiletto sandals and a clutch.Closure Type: ZipperNeckline: Square NeckSleeve Length: SleevelessApparel Length: 33 InchesDress Length: Short LengthFiber Content: 100% PolyesterFabric Description: WovenCare: Hand Wash, Line DryWedding Occasion: Guest of WeddingCountry of Origin: Imported",,,"https://jcpenney.scene7.com/is/image/JCPenney/DP0415202511003909M, https://jcpenney.scene7.com/is/image/JCPenney/DP0415202511003806M, https://jcpenney.scene7.com/is/image/JCPenney/DP0415202511004014M, https://jcpenney.scene7.com/is/image/JCPenney/DP0415202511004222M, https://jcpenney.scene7.com/is/image/JCPenney/DP0415202511003702M",,,Medium,Blue
ppr5008501478,https://www.jcpenney.com/p/emerald-sundae-womens-juniors-sleeveless-abstract-fit-flare-dress/ppr5008501478?pTmplType=regular,Emerald Sundae Womens Juniors Sleeveless Abstract Fit + Flare Dress,EMERALD SUNDAE,9.99,59.00,83,"This Emerald Sundae fit-and-flare dress for women and junior girls is an easy go-to style for warm days and special occasions. Made from stretch knit and lined for coverage, the short dress features a square neckline, adjustable spaghetti straps, and a tie detail at the back. Wear it with heeled sandals and a mini bag. Strap Type: AdjustableClosure Type: Zipper, TieNeckline: Square NeckSleeve Length: SleevelessApparel Length: 26.75 Inches - FrontDress Length: Short LengthFiber Content: 95% Polyester, 5% SpandexFabric Description: KnitLining: LinedLining Material: PolyesterCare: Tumble Dry, Machine WashWedding Occasion: Guest of WeddingCountry of Origin: Imported",,,"https://jcpenney.scene7.com/is/image/JCPenney/DP0314202509013810M, https://jcpenney.scene7.com/is/image/JCPenney/DP0314202509013705M, https://jcpenney.scene7.com/is/image/JCPenney/DP0314202509013915M",4.5,2,Xx-Large,Navy White
ppr5008499280,https://www.jcpenney.com/p/byby-womens-juniors-sleeveless-fit-flare-dress/ppr5008499280?pTmplType=regular,by&by Womens Juniors Sleeveless Fit + Flare Dress,BY AND BY,9.39,59.00,84,"Strap Type: SpaghettiClosure Type: ZipperNeckline: Square NeckSleeve Length: SleevelessSleeve Style: SleevelessApparel Length: 34 Inches - BackDress Length: Short LengthFiber Content: 80% Rayon, 20% NylonFabric Description: WovenLining: LinedLining Material: PolyesterCare: Line Dry, Machine WashWedding Occasion: Guest of WeddingCountry of Origin: Imported",,,"https://jcpenney.scene7.com/is/image/JCPenney/DP0328202509082878M, https://jcpenney.scene7.com/is/image/JCPenney/DP0328202509082775M, https://jcpenney.scene7.com/is/image/JCPenney/DP0328202509082982M",,,X-Small,Red
ppr5008475451,https://www.jcpenney.com/p/xersion-everrestore-sleeveless-built-in-bra-midi-tennis-dress/ppr5008475451?pTmplType=regular,Xersion EverRestore™ Sleeveless Built In Bra Midi Tennis Dress,Xersion,7.49,50.00,85,"Crafted from stretch double-knit, this Xersion EverRestore women's sleeveless tennis dress is an elevated basic your active wardrobe needs. It's cut for a flowy fit with a built-in bra and shorts. Wear it with sneakers for casual days out or courtside. Features: Built In BraClosure Type: Pullover HeadSleeve Length: SleevelessApparel Length: 27.5 Inches - FrontDress Length: Midi LengthFiber Content: 81% Nylon, 19% SpandexFabric Description: DoubleknitLining: LinedLining Material: PolyesterCare: Tumble Dry, Machine WashCountry of Origin: Imported",,,"https://jcpenney.scene7.com/is/image/JCPenney/DP0130202509220405M, https://jcpenney.scene7.com/is/image/JCPenney/DP0130202509220303M, https://jcpenney.scene7.com/is/image/JCPenney/DP0130202509220506M",5.0,2,Large,Black
ppr5008493295,https://www.jcpenney.com/p/xersion-everultra-lite-womens-plus-sleeveless-built-in-bra-tennis-dress/ppr5008493295?pTmplType=regular,Xersion Everultra-Lite Womens Plus Sleeveless Built in Bra Tennis Dress,Xersion,8.79,55.00,84,"This Xersion Everultra-Lite women's plus tennis dress is a sleek, colorful and high performing addition to your courtside regime. Made from a smooth stretchy fabric equipped with quick-drying and odor-resistant properties, this sleeveless tank dress has a tank top with a high neck and built-in bra, plus a flowy skirt with built-in shorts added. Wear it with sneakers. Strap Type: TankFeatures: Built In BraClosure Type: Pullover HeadNeckline: Crew NeckSleeve Length: SleevelessApparel Length: 33 Inches - FrontDress Length: Short LengthFiber Content: 78% Polyester, 22% SpandexFabric Description: InterlockCare: Machine Wash, Tumble DryMaterial: Polyester, SyntheticCountry of Origin: Imported",,,"https://jcpenney.scene7.com/is/image/JCPenney/DP0226202509092509M, https://jcpenney.scene7.com/is/image/JCPenney/DP0226202509092406M, https://jcpenney.scene7.com/is/image/JCPenney/DP0226202509092614M",3.5,2,2X,"Island Coral, Black"
ppr5008511442,https://www.jcpenney.com/p/arizona-womens-juniors-sleeveless-floral-fit-flare-dress/ppr5008511442?pTmplType=regular,Arizona Womens Juniors Sleeveless Floral Fit + Flare Dress,Arizona Jean Co,8.99,54.00,83,"You'll love the shape of this Arizona women's and junior's denim peasant dress for an on-trend look. Made from 100% cotton, this short dress features a sweetheart neckline with spaghetti straps, a cut-out smocked back and a tiered ruffle bubble skirt for added glam. Wear it with heels or sneakers. Strap Type: AdjustableFeatures: Tiered, SmockedClosure Type: Pullover HeadNeckline: Sweetheart NeckSleeve Length: SleevelessApparel Length: 33.5 InchesDress Length: Short LengthFiber Content: 100% RayonFabric Description: WovenCare: Machine Wash, Tumble DryMaterial: RayonCountry of Origin: Imported",,,"https://jcpenney.scene7.com/is/image/JCPenney/DP0203202509075623M, https://jcpenney.scene7.com/is/image/JCPenney/DP0203202509075521M, https://jcpenney.scene7.com/is/image/JCPenney/DP0203202509075725M",4.1,9,"3X-Large, Large, Medium, Small, X-Large, X-Small, Xx-Large","Rose Flrl, Med Wash, Yellow Flrl"
ppr5008511528,https://www.jcpenney.com/p/arizona-womens-juniors-sleeveless-striped-swing-dresses/ppr5008511528?pTmplType=regular,Arizona Womens Juniors Sleeveless Striped Swing Dresses,Arizona Jean Co,8.59,54.00,84,"This Arizona women's and junior's swing dress is the perfect easy breezy style for summer days or vacations. Made from 100% cotton in a pinstriped pattern, this short floaty dress has spaghetti straps, a straight neck and tiered skirt layers. Wear it with sneakers or espadrilles.Strap Type: AdjustableFeatures: Smocked, TieredClosure Type: Pullover HeadNeckline: Straight NeckSleeve Length: SleevelessApparel Length: 26 InchesDress Length: Short LengthFiber Content: 100% CottonFabric Description: Yarn Dyed WovenLining: UnlinedLining Material: CottonCare: Machine Wash, Tumble DryCountry of Origin: Imported",,,"https://jcpenney.scene7.com/is/image/JCPenney/DP0224202509070558M, https://jcpenney.scene7.com/is/image/JCPenney/DP0224202509070454M, https://jcpenney.scene7.com/is/image/JCPenney/DP0224202509070661M",,,"Large, Medium, Small, X-Small, Xx-Large","Multi Strp, Blue Strp"
ppr5008551164,https://www.jcpenney.com/p/arizona-womens-short-sleeve-floral-juniors-romper/ppr5008551164?pTmplType=regular,Arizona Womens Short Sleeve Floral Juniors Romper,Arizona Jean Co,8.69,58.00,85,"You'll love the feminine, flowy effect of this Arizona women's and junior's floral-print romper. Made from crinkle, this short sleeve romper has a sweetheart neckline and flowy shorts with ruffled panels. Wear it with sneakers or espadrilles.Features: SmockedClosure Type: Pullover HeadFit: Relaxed FitNeckline: Square NeckSleeve Length: Short SleeveSleeve Style: Cap SleeveWarmth Factor: LightweightApparel Length: 33 InchesFiber Content: 100% RayonFabric Description: Crinkle, WovenLining Material: PolyesterInseam: 21 1/2 InCare: Tumble Dry, Machine WashCountry of Origin: Imported",,Relaxed Fit,"https://jcpenney.scene7.com/is/image/JCPenney/DP0328202509123954M, https://jcpenney.scene7.com/is/image/JCPenney/DP0328202509123851M, https://jcpenney.scene7.com/is/image/JCPenney/DP0328202509124059M",5.0,2,Small,Blue Dairy Rose
ppr5008511525,https://www.jcpenney.com/p/arizona-bubble-hem-womens-juniors-sleeveless-fit-flare-dress/ppr5008511525?pTmplType=regular,Arizona Bubble Hem Womens Juniors Sleeveless Fit + Flare Dress,Arizona Jean Co,8.59,54.00,84,"Refresh your warm-weather wardrobe with this cute Arizona Jean Co. women's and juniors' dress. Made from cotton poplin, the fit-and-flare style features spaghetti straps, a square neckline, and a short-length hem. Wear it with sneakers for a laid-back vibe. Strap Type: SpaghettiClosure Type: Pullover HeadNeckline: Square NeckSleeve Length: SleevelessApparel Length: 25.5 Inches - FrontDress Length: Short LengthFiber Content: 100% CottonFabric Description: PoplinLining: InterlinedLining Material: PolyesterCare: Tumble Dry, Machine WashMaterial: Cotton BlendOwned & Founded: Latinx Owned/FoundedWedding Occasion: Guest of WeddingCountry of Origin: Imported",,,"https://jcpenney.scene7.com/is/image/JCPenney/DP0203202509082472M, https://jcpenney.scene7.com/is/image/JCPenney/DP0203202509082371M, https://jcpenney.scene7.com/is/image/JCPenney/DP0203202509082574M",5.0,3,"3X-Large, Large, Medium, X-Large, Xx-Large","Blue Squiggle, Lemon Geo"
ppr5008510930,https://www.jcpenney.com/p/arizona-built-in-shorts-womens-juniors-sleeveless-midi-active-tennis-dress/ppr5008510930?pTmplType=regular,Arizona Built In Shorts Womens Juniors Sleeveless Midi Active Tennis Dress,Arizona Jean Co,8.99,54.00,83,"This Arizona women's and junior's tennis dress is a sleek style to wear courtside. Made from a smooth stretch-scuba, it comes with a piped trim, a scoop neck with tank straps and a pair of built-in shorts. Wear it with sneakers.Strap Type: SpaghettiFeatures: Built-In ShortsNeckline: Round NeckSleeve Length: SleevelessApparel Length: 28 InchesDress Length: Midi LengthFiber Content: 84% Nylon, 16% SpandexFabric Description: JerseyCare: Tumble Dry, Machine WashMaterial: JerseyCountry of Origin: Imported",,,"https://jcpenney.scene7.com/is/image/JCPenney/DP0117202509060822M, https://jcpenney.scene7.com/is/image/JCPenney/DP0117202509060719M, https://jcpenney.scene7.com/is/image/JCPenney/DP0117202509060924M",4.3,3,"Large, Medium, Small, X-Large, X-Small, Xx-Large","Black, Contemporary Blue"
ppr5008511524,https://www.jcpenney.com/p/arizona-bubble-hem-womens-juniors-sleeveless-fit-flare-dress/ppr5008511524?pTmplType=regular,Arizona Bubble Hem Womens Juniors Sleeveless Fit + Flare Dress,Arizona Jean Co,8.59,54.00,84,"This Arizona women's and junior's bubble hem dress is a cute mini you can dress up or down. Made from stretch-jersey, this short strapless dress has a straight neckline and a puffed skirt. Wear it with anything from sneakers to ankle boots.Closure Type: Pullover HeadNeckline: Sweetheart NeckSleeve Length: SleevelessApparel Length: 25 Inches - FrontDress Length: Short LengthFabric Description: Poplin, JerseyCare: Machine Wash, Tumble DryMaterial: JerseyOwned & Founded: Latinx Owned/FoundedWedding Occasion: Guest of WeddingCountry of Origin: Imported",,,"https://jcpenney.scene7.com/is/image/JCPenney/DP0226202509063385M, https://jcpenney.scene7.com/is/image/JCPenney/DP0226202509063281M, https://jcpenney.scene7.com/is/image/JCPenney/DP0226202509063489M",5.0,1,"3X-Large, Large, Medium, Small, X-Large, X-Small, Xx-Large","White, Blue"
ppr5008511174,https://www.jcpenney.com/p/arizona-womens-juniors-short-sleeve-floral-fit-flare-dress/ppr5008511174?pTmplType=regular,Arizona Womens Juniors Short Sleeve Floral Fit + Flare Dress,Arizona Jean Co,8.99,54.00,83,"Featuring a floral print and short flowy sleeves, this Arizona Jean Co. women's and junior's dress offers a romantic, vintage-inspired vibe. The pullover style is crafted from a woven cotton-blend and has a square neckline and a short tiered skirt. Pair it with white sneakers for a fresh look.Features: TieredClosure Type: Pullover HeadNeckline: Square NeckSleeve Length: Short SleeveApparel Length: 34 InchesDress Length: Short LengthFiber Content: 62% Cotton, 38% RayonFabric Description: WovenLining: LinedLining Material: PolyesterCare: Machine Wash, Tumble DryMaterial: Rayon, CottonCountry of Origin: Imported",,,"https://jcpenney.scene7.com/is/image/JCPenney/DP1111202409052275M, https://jcpenney.scene7.com/is/image/JCPenney/DP1111202409052174M, https://jcpenney.scene7.com/is/image/JCPenney/DP1111202409052377M",5.0,13,Xx-Large,"Apricot Ditsy, Blue Daisy, Peach Flrl"
ppr5008493281,https://www.jcpenney.com/p/xersion-everultra-lite-sleeveless-built-in-bra-tennis-dress/ppr5008493281?pTmplType=regular,Xersion EverUltra™-Lite Sleeveless Built In Bra Tennis Dress,Xersion,7.49,50.00,85,"This Xersion women's tennis dress keeps it simple with tank straps, a crew neckline, a built-in bra, and soft stretch fabric. Wear it with sneakers for an easy court-to-errands look.Strap Type: Tank2nd Piece Care: Machine Wash, Tumble DryFeatures: Built In BraClosure Type: Pullover HeadNeckline: Crew NeckSleeve Length: SleevelessApparel Length: 33 Inches - FrontDress Length: Short LengthFiber Content: 78% Polyester, 22% SpandexFabric Description: InterlockCare: Machine Wash, Tumble DryMaterial: Synthetic, PolyesterCountry of Origin: Imported",,,"https://jcpenney.scene7.com/is/image/JCPenney/DP0131202509082598M, https://jcpenney.scene7.com/is/image/JCPenney/DP0131202509082497M, https://jcpenney.scene7.com/is/image/JCPenney/DP0131202509082700M",4.5,6,Xx-Large,Island Coral
ppr5008511443,https://www.jcpenney.com/p/arizona-built-in-shorts-womens-juniors-sleeveless-skater-dress/ppr5008511443?pTmplType=regular,Arizona Built In Shorts Womens Juniors Sleeveless Skater Dress,Arizona Jean Co,7.19,48.00,85,"Go for a fun, sporty look with this Arizona Jean Co. sleeveless skater dress for women and junior girls. The pullover style is made from a woven cotton-blend with added stretch and features a U-neckline, tank-style straps, built-in shorts for added comfort and coverage, and a short length. Wear yours with sneakers. Strap Type: TankClosure Type: Pullover HeadNeckline: V NeckSleeve Length: SleevelessApparel Length: 31 InchesDress Length: Short LengthFiber Content: 95% Cotton, 5% SpandexFabric Description: WovenLining: Partially LinedLining Material: Cotton, SpandexCare: Machine Wash, Tumble DryMaterial: Cotton BlendCountry of Origin: Imported",,,"https://jcpenney.scene7.com/is/image/JCPenney/DP0303202513051619M, https://jcpenney.scene7.com/is/image/JCPenney/DP0303202513051516M, https://jcpenney.scene7.com/is/image/JCPenney/DP0303202513051723M",3.3,3,X-Small,White
ppr5008511532,https://www.jcpenney.com/p/arizona-womens-halter-neck-sleeveless-juniors-jumpsuit/ppr5008511532?pTmplType=regular,Arizona Womens Halter Neck Sleeveless Juniors Jumpsuit,Arizona Jean Co,11.49,68.00,83,"This Arizona women's and junior's floral-print jumpsuit is the perfect laidback summery style to try this season. Made from a lightweight gauze, this sleeveless jumpsuit has a fitted halterneck bodice with a cut-out, plus a pair of loose fitting wide-leg pants for a breezy look and feel. Wear it with metallic sandals. Closure Type: DrawstringFit: Loose FitNeckline: Halter NeckPocket Types: 2 Side Slip Pocket(s)Sleeve Length: SleevelessSleeve Style: Off Shoulder SleeveWarmth Factor: LightweightApparel Length: 22 InchesFiber Content: 100% RayonFabric Description: Woven, GauzeInseam: 19 1/2 InCare: Machine WashCountry of Origin: Imported",,Loose Fit,"https://jcpenney.scene7.com/is/image/JCPenney/DP0224202509070147M, https://jcpenney.scene7.com/is/image/JCPenney/DP0224202509070044M, https://jcpenney.scene7.com/is/image/JCPenney/DP0224202509070249M",,,X-Small,Cream Multi Floral
ppr5008489785,https://www.jcpenney.com/p/st-johns-bay-womens-short-sleeve-shift-dress/ppr5008489785?pTmplType=regular,St. John's Bay Womens Short Sleeve Shift Dress,ST. JOHN`S BAY,10.99,44.00,75,"This St. John's Bay women's shift dress is a throw-on-and-go piece that still looks put-together. Made from a linen-blend fabric, the pullover style has a V-neckline, short sleeves, a knee-length hem, and side slip pockets. Wear it with slide sandals. Closure Type: Pullover HeadNeckline: V NeckPocket Types: 2 Side Slip Pocket(s)Sleeve Length: Short SleeveApparel Length: 38 Inches - Front, 37.5 Inches - BackDress Length: Knee LengthFabric Description: Yarn Dyed Woven, Plain WeaveCare: Machine Wash, Tumble DryMaterial: Rayon BlendCountry of Origin: Imported",,,"https://jcpenney.scene7.com/is/image/JCPenney/DP0303202509170365M, https://jcpenney.scene7.com/is/image/JCPenney/DP0303202509170052M, https://jcpenney.scene7.com/is/image/JCPenney/DP0303202509170678M",4.8,11,Small,Coastal Stripe
ppr5008551161,https://www.jcpenney.com/p/arizona-bubble-hem-womens-sleeveless-juniors-cheetah-babydoll-dress/ppr5008551161?pTmplType=regular,Arizona Bubble Hem Womens Sleeveless Juniors Cheetah Babydoll Dress,Arizona Jean Co,13.49,54.00,75,"Get summer-ready with this cute leopard-print mini dress from the Arizona women's and junior's collection. Made from 100% cotton, this short dress has a ruffled trim sweetheart neckline, spaghetti straps and a puffed skirt. Wear it with sneakers or espadrilles.Strap Type: AdjustableFeatures: SmockedClosure Type: Pullover HeadNeckline: Sweetheart NeckSleeve Length: SleevelessApparel Length: 32 InchesDress Length: Short LengthFiber Content: 100% CottonFabric Description: WovenLining: Partially LinedLining Material: PolyesterCare: Machine Wash, Tumble DryCountry of Origin: Imported",,,"https://jcpenney.scene7.com/is/image/JCPenney/DP0321202509030616M, https://jcpenney.scene7.com/is/image/JCPenney/DP0321202509030511M, https://jcpenney.scene7.com/is/image/JCPenney/DP0321202509030721M",5.0,2,3X-Large,Cheetah
ppr5008511527,https://www.jcpenney.com/p/arizona-built-in-shorts-womens-juniors-sleeveless-floral-fit-flare-dress/ppr5008511527?pTmplType=regular,Arizona Built In Shorts Womens Juniors Sleeveless Floral Fit + Flare Dress,Arizona Jean Co,13.49,54.00,75,"With its strapless design and flirty fit-and-flare silhouette, this Arizona Jean Co. dress for women and junior girls is a warm-weather must-have. The short-length dress is crafted from gauze and has an easy pullover design and built-in shorts for added comfort. Wear it with a denim jacket and flat sandals. Features: Built-In ShortsClosure Type: Pullover HeadNeckline: Sweetheart NeckSleeve Length: SleevelessApparel Length: 25 Inches - FrontDress Length: Short LengthFiber Content: 100% RayonFabric Description: GauzeCare: Tumble Dry, Machine WashMaterial: RayonOwned & Founded: Latinx Owned/FoundedCountry of Origin: Imported",,,"https://jcpenney.scene7.com/is/image/JCPenney/DP0130202509154033M, https://jcpenney.scene7.com/is/image/JCPenney/DP0130202509153931M, https://jcpenney.scene7.com/is/image/JCPenney/DP0130202509154134M",5.0,4,X-Small,Black
ppr5008497362,https://www.jcpenney.com/p/xersion-everrestore-womens-sleeveless-tennis-dress/ppr5008497362?pTmplType=regular,Xersion EverRestore Womens Sleeveless Tennis Dress,Xersion,12.49,50.00,75,"This Xersion EverRestore women's tennis dress is as stylish as it is functional for your next day on the court. Made from a stretch-knit in a gorgeous pastel blue tone, this sleeveless dress features a round neck with white piped trims and in-built shorts. Wear it with sneakers and a visor. Closure Type: Pullover HeadNeckline: Round NeckSleeve Length: SleevelessApparel Length: 35 InchesDress Length: Short LengthFiber Content: 81% Nylon, 19% SpandexFabric Description: DoubleknitCare: Machine Wash, Tumble DryCountry of Origin: Imported",,,"https://jcpenney.scene7.com/is/image/JCPenney/DP0221202509070417M, https://jcpenney.scene7.com/is/image/JCPenney/DP0221202509070211M, https://jcpenney.scene7.com/is/image/JCPenney/DP0221202509070520M, https://jcpenney.scene7.com/is/image/JCPenney/DP0221202509070313M",4.0,5,"Large, Medium, Small, X-Large, X-Small, Xx-Large","Baltic Sky White, Black White"
ppr5008551163,https://www.jcpenney.com/p/arizona-womens-juniors-short-sleeve-fit-flare-dress/ppr5008551163?pTmplType=regular,Arizona Womens Juniors Short Sleeve Fit + Flare Dress,Arizona Jean Co,13.49,54.00,75,"This Arizona women's and junior's gingham fit and flare dress is a fun, flirty style for summer days. Made from gauze, this short dress has a sweetheart neckline, ruffled cap sleeves, a tie neckline and a flowy skirt. Wear it with sneakers or wedge heels.Closure Type: Pullover HeadNeckline: Sweetheart NeckSleeve Length: Short SleeveSleeve Style: Cap SleeveApparel Length: 33 InchesDress Length: Short LengthFiber Content: 98% Rayon, 2% PolyesterFabric Description: GauzeLining: Partially LinedLining Material: PolyesterCare: Tumble Dry, Machine WashCountry of Origin: Imported",,,"https://jcpenney.scene7.com/is/image/JCPenney/DP0605202511042375M, https://jcpenney.scene7.com/is/image/JCPenney/DP0605202511042270M, https://jcpenney.scene7.com/is/image/JCPenney/DP0605202511042478M",4.7,3,"3X-Large, Large, Medium, Small, X-Large, X-Small, Xx-Large","Red Gingham, Ivory Toss Daisy"
ppr5008536555,https://www.jcpenney.com/p/52seven-womens-plus-short-sleeve-shift-dress/ppr5008536555?pTmplType=regular,52seven Womens Plus Short Sleeve Shift Dress,52SEVEN,12.59,79.00,84,"Closure Type: Pullover HeadNeckline: V NeckPocket Types: 2 Side Slip Pocket(s)Sleeve Length: Short SleeveSleeve Style: Flutter SleeveApparel Length: 41 InchesDress Length: Short LengthFiber Content: 55% Polyester, 44% Rayon, 1% SpandexFabric Description: CrinkleLining: UnlinedCare: Machine Wash, Tumble DryCountry of Origin: Imported",,,"https://jcpenney.scene7.com/is/image/JCPenney/DP0521202509005811M, https://jcpenney.scene7.com/is/image/JCPenney/DP0521202509005706M, https://jcpenney.scene7.com/is/image/JCPenney/DP0521202509005915M",,,2X,Black
ppr5008525445,https://www.jcpenney.com/p/be-by-chetta-b-womens-plus-short-sleeve-fit-flare-dress/ppr5008525445?pTmplType=regular,Be by CHETTA B Womens Plus Short Sleeve Fit + Flare Dress,BE BY CHETTA B,14.99,79.00,81,"This Be by Chetta B. women's plus fit-and-flare dress crafted from soft woven fabric that's breathable and lightweight to style you through warmer temps. It features a splt crew neck, short fitted sleeves, a shirred-elastic waist, and side slip pockets. Pair with this knee-length style with bold jewelry and heeled sandals.Features: SmockedClosure Type: SnapNeckline: Split Crew NeckPocket Types: 2 Side Slip Pocket(s)Sleeve Length: Short SleeveSleeve Style: Fitted SleeveApparel Length: 40.5 InchesDress Length: Knee LengthFiber Content: 98% Polyester, 2% SpandexFabric Description: PoplinCare: Machine Wash, Line DryCountry of Origin: Imported",,,"https://jcpenney.scene7.com/is/image/JCPenney/DP0512202509062287M, https://jcpenney.scene7.com/is/image/JCPenney/DP0512202509062182M, https://jcpenney.scene7.com/is/image/JCPenney/DP0512202509062392M",3.7,3,2X,Black
ppr5008547186,https://www.jcpenney.com/p/msk-womens-short-sleeve-shift-dress/ppr5008547186?pTmplType=regular,MSK Womens Short Sleeve Shift Dress,MSK,12.59,79.00,84,"Closure Type: Pullover HeadNeckline: V NeckSleeve Length: Short SleeveSleeve Style: Puffed SleeveApparel Length: 34.25 Inches - BackDress Length: Short LengthFiber Content: 100% PolyesterFabric Description: ChiffonLining: Fully LinedLining Material: PolyesterCare: Line Dry, Machine WashMaterial: ChiffonCountry of Origin: Imported",,,"https://jcpenney.scene7.com/is/image/JCPenney/DP0602202513004102M, https://jcpenney.scene7.com/is/image/JCPenney/DP0602202513004309M, https://jcpenney.scene7.com/is/image/JCPenney/DP0602202513004414M",5.0,2,"Medium, Small",Navy Silver
ppr5008511383,https://www.jcpenney.com/p/perceptions-womens-plus-sleeveless-paisley-shift-dress/ppr5008511383?pTmplType=regular,Perceptions Womens Plus Sleeveless Paisley Shift Dress,PERCEPTIONS,12.99,79.00,83,"Closure Type: Pullover HeadNeckline: Round NeckSleeve Length: SleevelessSleeve Style: SleevelessApparel Length: 41.25 Inches - FrontDress Length: Knee LengthFiber Content: 95% Polyester, 5% SpandexFabric Description: ItyCare: Line Dry, Machine WashCountry of Origin: Imported",,,"https://jcpenney.scene7.com/is/image/JCPenney/DP0509202509040452M, https://jcpenney.scene7.com/is/image/JCPenney/DP0509202509040348M, https://jcpenney.scene7.com/is/image/JCPenney/DP0509202509040557M",5.0,1,"1X, 2X",Dnm White
ppr5008551167,https://www.jcpenney.com/p/arizona-womens-juniors-babydoll-dress/ppr5008551167?pTmplType=regular,Arizona Womens Juniors Babydoll Dress,Arizona Jean Co,13.49,54.00,75,"This Arizona women's and junior's babydoll dress is an on-trend flowy number for effortless styling. Made from 100% cotton, this sleeveless trapeze dress has a tiered design and tie straps. Wear it on its own or with a t-shirt underneath. Strap Type: AdjustableFeatures: TieredClosure Type: Pullover HeadNeckline: Straight NeckApparel Length: 32 InchesDress Length: Short LengthFiber Content: 100% CottonFabric Description: WovenCare: Machine Wash, Tumble DryCountry of Origin: Imported",,,"https://jcpenney.scene7.com/is/image/JCPenney/DP0509202509094265M, https://jcpenney.scene7.com/is/image/JCPenney/DP0509202509094161M, https://jcpenney.scene7.com/is/image/JCPenney/DP0509202509094369M",5.0,2,"Large, Medium, Small, X-Small",Black
ppr5008459029,https://www.jcpenney.com/p/puma-short-sleeve-t-shirt-dress-plus/ppr5008459029?pTmplType=regular,PUMA Short Sleeve T-Shirt Dress Plus,Puma,13.99,40.00,65,"This PUMA women's plus t-shirt dress is made for off-duty days. Made from a knit cotton-blend with recycled materials, the pullover style has a crew neckline, short sleeves, and a short hem. Wear it with crisp white sneakers. Closure Type: Pullover HeadNeckline: Crew NeckSleeve Length: Short SleeveApparel Length: 36.5 InchesDress Length: Knee LengthFiber Content: 68% Cotton, 32% Recycled PolyesterFabric Description: KnitCare: Machine Wash, Tumble DryMaterial: Cotton BlendCountry of Origin: Imported",,,"https://jcpenney.scene7.com/is/image/JCPenney/DP0226202509091262M, https://jcpenney.scene7.com/is/image/JCPenney/DP0226202509091157M, https://jcpenney.scene7.com/is/image/JCPenney/DP0226202509091365M",3.0,2,2X,"Puma Black, Lilac Frost"
ppr5008536556,https://www.jcpenney.com/p/52seven-womens-plus-short-sleeve-shift-dress/ppr5008536556?pTmplType=regular,52seven Womens Plus Short Sleeve Shift Dress,52SEVEN,12.59,79.00,84,"Closure Type: Pullover HeadNeckline: V NeckPocket Types: 2 Side Slip Pocket(s)Sleeve Length: Short SleeveSleeve Style: Flutter SleeveApparel Length: 41 InchesDress Length: Short LengthFiber Content: 55% Polyester, 44% Rayon, 1% SpandexFabric Description: CrinkleLining: UnlinedCare: Machine Wash, Tumble DryCountry of Origin: Imported",,,"https://jcpenney.scene7.com/is/image/JCPenney/DP0602202509003630M, https://jcpenney.scene7.com/is/image/JCPenney/DP0602202509003525M, https://jcpenney.scene7.com/is/image/JCPenney/DP0602202509003734M",,,2X,Blue
ppr5008551168,https://www.jcpenney.com/p/arizona-womens-juniors-sleeveless-skater-dress/ppr5008551168?pTmplType=regular,Arizona Womens Juniors Sleeveless Skater Dress,Arizona Jean Co,13.49,54.00,75,"This Arizona women's and junior's sleeveless skater dress will become a new everyday favorite in warmer weather. Made from stretch-denim, this short dress has a sweetheart tie neckline, slim straps, plus a fit and flare shape. Wear it with sneakers or clog sandals.Strap Type: AdjustableFeatures: SmockedClosure Type: Tie, Pullover HeadNeckline: Sweetheart NeckSleeve Length: SleevelessApparel Length: 36 InchesDress Length: Short LengthFiber Content: 100% CottonFabric Description: Denim, WovenCare: Machine Wash, Tumble DryCountry of Origin: Imported",,,"https://jcpenney.scene7.com/is/image/JCPenney/DP0423202509020304M, https://jcpenney.scene7.com/is/image/JCPenney/DP0423202509020199M, https://jcpenney.scene7.com/is/image/JCPenney/DP0423202509020408M",,,"Medium, Small, X-Small",Dk Rinse
ppr5008584841,https://www.jcpenney.com/p/arizona-womens-juniors-long-sleeve-floral-fit-flare-dress/ppr5008584841?pTmplType=regular,Arizona Womens Juniors Long Sleeve Floral Fit + Flare Dress,Arizona Jean Co,14.49,58.00,75,"This Arizona women's and junior's floral-print fit and flare dress is a chic addition to your wardrobe you can wear day or night for a fresh flirty look. Made from challis with a fine floral pattern, this short dress has a square neckline, long puffed sleeves and a tiered skirt. Wear it with sneakers or heels.Closure Type: Pullover HeadNeckline: Square NeckSleeve Length: Long SleeveSleeve Style: Ruffled SleeveApparel Length: 25 InchesDress Length: Short LengthFiber Content: 100% RayonFabric Description: ChallisLining: UnlinedCare: Machine WashMaterial: RayonCountry of Origin: Imported",,,"https://jcpenney.scene7.com/is/image/JCPenney/DP0723202509105100M, https://jcpenney.scene7.com/is/image/JCPenney/DP0723202509104891M, https://jcpenney.scene7.com/is/image/JCPenney/DP0723202509104996M",,,"3X-Large, Xx-Large",Red Flrl
ppr5008485001,https://www.jcpenney.com/p/be-by-chetta-b-womens-short-sleeve-babydoll-dress/ppr5008485001?pTmplType=regular,Be by CHETTA B Womens Short Sleeve Babydoll Dress,BE BY CHETTA B,12.99,69.00,81,"This Be by Chetta B. women's babydoll dress is made from cotton-blend poplin fabric that's perfect for a spring and summer wardrobe. It features a crew neckline, puff short sleeves, side slip pockets, and adorable bow details at the front. Pair with sneakers and a crossbody bag for a cool, effortless style.Closure Type: Pullover HeadNeckline: Round NeckSleeve Length: Short SleeveSleeve Style: Puffed SleeveApparel Length: 36 InchesDress Length: Short LengthFiber Content: 98% Cotton, 2% SpandexFabric Description: PoplinCare: Machine Wash, Line DryCountry of Origin: Imported",,,"https://jcpenney.scene7.com/is/image/JCPenney/DP1126202411035651M, https://jcpenney.scene7.com/is/image/JCPenney/DP1126202411035548M, https://jcpenney.scene7.com/is/image/JCPenney/DP1126202411035753M",5.0,4,X-Small,White
ppr5008551165,https://www.jcpenney.com/p/arizona-2fer-womens-juniors-short-sleeve-plaid-shirt-dress/ppr5008551165?pTmplType=regular,Arizona 2fer Womens Juniors Short Sleeve Plaid Shirt Dress,Arizona Jean Co,11.99,48.00,75,"This Arizona women's and junior's shirt dress is a two in one tee and plaid camisole dress in one for an on-trend 90s look. Made from a woven blend, this short dress has a crew neck, short sleeves and a flared skirt. Wear it with tights and ankle boots.Closure Type: Pullover HeadNeckline: Crew NeckSleeve Length: Short SleeveApparel Length: 26 InchesDress Length: Short LengthFiber Content: 65% Polyester, 35% RayonFabric Description: WovenCare: Tumble Dry, Machine WashCountry of Origin: Imported",,,"https://jcpenney.scene7.com/is/image/JCPenney/DP0423202509015888M, https://jcpenney.scene7.com/is/image/JCPenney/DP0423202509015784M, https://jcpenney.scene7.com/is/image/JCPenney/DP0423202509015992M",,,"Large, Medium, Small, X-Large, X-Small",Blk Multi Pld
ppr5008497169,https://www.jcpenney.com/p/sam-and-jess-womens-sleeveless-swing-dresses/ppr5008497169?pTmplType=regular,Sam And Jess Womens Sleeveless Swing Dresses,SAM AND JESS,12.99,79.00,83,"This Sam and Jess women's swing dress is an ultra-stylish mod number with a contemporary twist. Made from 100% cotton in a muted lime green tone, this sleeveless short dress has a v-neck, a gold-tone zip closure and a flared a-line silhouette. Wear it with booties or wedge heels. Features: Exposed ZipperClosure Type: ZipperNeckline: V NeckPocket Types: 2 Front Slip Pocket(s)Sleeve Length: SleevelessSleeve Style: SleevelessApparel Length: 32 Inches - BackDress Length: Short LengthFiber Content: 100% CottonFabric Description: PoplinLining: UnlinedCare: Line Dry, Machine WashMaterial: CottonBody Type: HourglassCountry of Origin: Imported",,,"https://jcpenney.scene7.com/is/image/JCPenney/DP0402202511022965M, https://jcpenney.scene7.com/is/image/JCPenney/DP0402202511022759M, https://jcpenney.scene7.com/is/image/JCPenney/DP0402202511022862M",1.0,1,Petite Small,Spring Moss
ppr5008528082,https://www.jcpenney.com/p/st-johns-bay-womens-sleeveless-shift-dress/ppr5008528082?pTmplType=regular,St. John's Bay Womens Sleeveless Shift Dress,ST. JOHN`S BAY,10.99,44.00,75,"This multicolor coral-print shift dress from the St. John's Bay women's collection is a fresh summery must-have for your wardrobe. Made from a woven cotton-linen blend, this sleeveless knee-length dress has a split crew neck with a mandarin collar and a drawstring waist for added definition. Wear it with metallic slides or sneakers. Features: Drawstring WaistClosure Type: Pullover HeadNeckline: Split Crew NeckPocket Types: 2 Side Slip Pocket(s), 1 Chest Slip Pocket(s)Sleeve Length: SleevelessApparel Length: 34.5 Inches - Back, 34.5 Inches - FrontDress Length: Short LengthFabric Description: Plain Weave, Yarn Dyed WovenCollar: Mandarin CollarCare: Tumble Dry, Machine WashMaterial: Rayon BlendCountry of Origin: Imported",,,"https://jcpenney.scene7.com/is/image/JCPenney/DP0220202509232548M, https://jcpenney.scene7.com/is/image/JCPenney/DP0220202509232445M, https://jcpenney.scene7.com/is/image/JCPenney/DP0220202509232650M",4.4,63,Petite Xx-Large,Tan Stripe
ppr5008544212,https://www.jcpenney.com/p/liz-claiborne-womens-short-sleeve-midi-floral-a-line-dress/ppr5008544212?pTmplType=regular,Liz Claiborne Womens Short Sleeve Midi Floral A-Line Dress,LIZ CLAIBORNE,16.80,54.00,68,"The Liz Claiborne floral dress for women is cut from soft, stretch knit in a A-line silhouette. Featuring short, tulip sleeves, a crew neckline, and an elastic tie-up waist, this midi dress can be paired with shoes and flats for an elevated casual look.Closure Type: Pullover HeadNeckline: Crew NeckSleeve Length: Short SleeveSleeve Style: Tulip SleeveApparel Length: 30 InchesDress Length: Midi LengthFiber Content: 98% Polyester, 2% SpandexFabric Description: KnitCare: Tumble Dry, Machine WashCountry of Origin: Imported",,,"https://jcpenney.scene7.com/is/image/JCPenney/DP0417202509084085M, https://jcpenney.scene7.com/is/image/JCPenney/DP0417202509083981M, https://jcpenney.scene7.com/is/image/JCPenney/DP0417202509084188M",4.5,2,"Large, Medium, Small, X-Large, X-Small, Xx-Large",White Orchid
ppr5008551166,https://www.jcpenney.com/p/arizona-womens-juniors-sleeveless-slip-dress/ppr5008551166?pTmplType=regular,Arizona Womens Juniors Sleeveless Slip Dress,Arizona Jean Co,17.82,54.00,67,"This halter slip dress from Arizona Jeans Co. junior's and women's collection is cut in an apron-style silhouette for a trendy look perfect for low-key days. It's made from soft cotton-denim with a square neckline, a front slit, adjustable criss-cross back straps, and a concealed back zip fastening. Its maxi-length looks great with everything from sneakers to heels.Strap Type: AdjustableClosure Type: ZipperNeckline: Straight NeckSleeve Length: SleevelessApparel Length: 50 InchesDress Length: Long LengthFiber Content: 100% CottonFabric Description: Denim, WovenCare: Machine Wash, Tumble DryCountry of Origin: Imported",,,"https://jcpenney.scene7.com/is/image/JCPenney/DP0708202513010799M, https://jcpenney.scene7.com/is/image/JCPenney/DP0708202513010694M, https://jcpenney.scene7.com/is/image/JCPenney/DP0708202513010902M",,,"00, 2, 4",Med Wash
ppr5008528773,https://www.jcpenney.com/p/js-jessica-simpson-womens-long-sleeve-midi-maxi-dress/ppr5008528773?pTmplType=regular,JS Jessica Simpson Womens Long Sleeve Midi Maxi Dress,JS JESSICA SIMPSON,19.99,79.50,74,"Closure Type: Tie, Pullover HeadNeckline: Scoop NeckSleeve Length: Long SleeveApparel Length: 45.25 InchesDress Length: Midi LengthFiber Content: 100% ViscoseFabric Description: KnitCare: Tumble Dry, Machine WashMaterial: ViscoseCountry of Origin: Imported",,,"https://jcpenney.scene7.com/is/image/JCPenney/DP0522202515101272M, https://jcpenney.scene7.com/is/image/JCPenney/DP0522202515101585M, https://jcpenney.scene7.com/is/image/JCPenney/DP0522202515101481M",5.0,1,X-Small,Black
ppr5008607880,https://www.jcpenney.com/p/arizona-womens-juniors-long-sleeve-fit-flare-dress/ppr5008607880?pTmplType=regular,Arizona Womens Juniors Long Sleeve Fit + Flare Dress,Arizona Jean Co,16.19,54.00,70,"You'll love the flattering draped details of this Arizona women's and junior's fit and flare dress. Made from soft stretch-jersey, this short dress has a straight neck with long off-the-shoulder sleeves and a puffed mini skirt for a glam finish. Wear it with tights and pumps.Closure Type: Pullover HeadNeckline: Straight NeckSleeve Length: Long SleeveSleeve Style: Off Shoulder SleeveApparel Length: 19 InchesDress Length: Short LengthFiber Content: 100% PolyesterFabric Description: WovenCare: Tumble Dry, Machine WashCountry of Origin: Imported",,,"https://jcpenney.scene7.com/is/image/JCPenney/DP1008202509022430M, https://jcpenney.scene7.com/is/image/JCPenney/DP1008202509022221M, https://jcpenney.scene7.com/is/image/JCPenney/DP1008202509022326M",,,"3X-Large, Large, Medium, Small, X-Large, X-Small, Xx-Large",Zinfadel
ppr5008619752,https://www.jcpenney.com/p/jingle-ball-womens-juniors-sleeveless-party-dress/ppr5008619752?pTmplType=regular,Jingle Ball Womens Juniors Sleeveless Party Dress,ASSTD NATIONAL BRAND,15.99,64.00,75,"We invite you to the exclusive iHeartRadio Jingle Ball x JCPenney Collection. Shine under the spotlight wearing this strapless junior's and women's sequins dress- perfect for the star studded concert. It features a concealed zip fastening and is cut to a mini-length that's perfect for pairing with heeled boots. Consider your access to VIP fashion granted.Strap Type: StraplessClosure Type: Hidden ZipperSleeve Length: SleevelessDress Length: Short LengthFiber Content: 95% Polyester, 5% SpandexCare: Dry Clean OnlyCountry of Origin: Imported",,,"https://jcpenney.scene7.com/is/image/JCPenney/DP0923202515024421M, https://jcpenney.scene7.com/is/image/JCPenney/DP0923202515024107M, https://jcpenney.scene7.com/is/image/JCPenney/DP0923202515024212M",,,"Large, Medium, Small, X-Large, X-Small, Xx-Large",Silver
ppr5008458872,https://www.jcpenney.com/p/trixxi-womens-juniors-sleeveless-bodycon-dress/ppr5008458872?pTmplType=regular,Trixxi Womens Juniors Sleeveless Bodycon Dress,TRIXXI,17.69,59.00,70,"Amp up your special occasions wardrobe with this Trixxi women's and junior's bodycon dress made from a glittery stretch-knit in a rich metallic green hue. It has adjustable spaghetti straps, a v-neckline, a wrap-front design and a short length. Complete the look with your favorite stilettos. Strap Type: AdjustableClosure Type: Pullover HeadNeckline: V NeckSleeve Length: SleevelessSleeve Style: SleevelessApparel Length: 33.5 InchesDress Length: Short LengthFiber Content: 65% Polyester, 30% Lurex Metallic, 5% SpandexFabric Description: KnitLining Material: PolyesterCare: Hand Wash, Dry FlatWedding Occasion: Guest of WeddingCountry of Origin: Imported",,,"https://jcpenney.scene7.com/is/image/JCPenney/DP0826202409071044M, https://jcpenney.scene7.com/is/image/JCPenney/DP0826202409070840M, https://jcpenney.scene7.com/is/image/JCPenney/DP0826202409071247M, https://jcpenney.scene7.com/is/image/JCPenney/DP0826202409071146M, https://jcpenney.scene7.com/is/image/JCPenney/DP0826202409070942M",,,Small,Green
ppr5008487604,https://www.jcpenney.com/p/city-triangle-womens-juniors-casual-bodycon-dress/ppr5008487604?pTmplType=regular,City Triangle Womens Juniors Casual Bodycon Dress,CITY TRIANGLE,15.79,69.00,77,"You'll love this sleek glittery City Triangle women's and junior's mini dress for your next night out. Crafted from a soft stretch-fabric, this sleeveless bodycon dress has a sweetheart neckline, spaghetti straps and ruched detail on the bust and sides. Wear it with stilettos and statement earrings.Strap Type: AdjustableFeatures: Built In Bra, Stretch FabricClosure Type: Pullover HeadNeckline: Sweetheart NeckApparel Length: 34 InchesDress Length: Short LengthFiber Content: 100% PolyesterFabric Description: ItyLining: LinedLining Material: PolyesterCare: Dry Clean OnlyWedding Occasion: Guest of WeddingCountry of Origin: Imported",,,"https://jcpenney.scene7.com/is/image/JCPenney/DP1209202413003302M, https://jcpenney.scene7.com/is/image/JCPenney/DP1209202413003200M, https://jcpenney.scene7.com/is/image/JCPenney/DP1209202413003404M",,,"Small, X-Small",Red
ppr5008513237,https://www.jcpenney.com/p/city-triangle-womens-juniors-slip-dress/ppr5008513237?pTmplType=regular,City Triangle Womens Juniors Slip Dress,CITY TRIANGLE,17.19,69.00,75,"Turn up the heat in this City Triangle orange satin slip dress for women and juniors. The short-length style features a draped neckline, adjustable spaghetti straps, and a surprise cutout detail at the back. Pair it with heels and a clutch for a chic party look. Strap Type: AdjustableFeatures: Cut OutsClosure Type: ZipperNeckline: Draped NeckApparel Length: 34 InchesDress Length: Short LengthFiber Content: 100% PolyesterFabric Description: SatinLining: LinedLining Material: PolyesterCare: Dry Clean OnlyWedding Occasion: Guest of WeddingCountry of Origin: Imported",,,"https://jcpenney.scene7.com/is/image/JCPenney/DP0311202507072375M, https://jcpenney.scene7.com/is/image/JCPenney/DP0311202507072270M, https://jcpenney.scene7.com/is/image/JCPenney/DP0311202507072479M",,,Medium,Orange
ppr5008527833,https://www.jcpenney.com/p/js-jessica-simpson-womens-long-sleeve-paisley-midi-wrap-dress/ppr5008527833?pTmplType=regular,JS Jessica Simpson Womens Long Sleeve Paisley Midi Wrap Dress,JS JESSICA SIMPSON,19.99,69.50,71,"The effortless styling of this women's paisley wrap dress from JS Jessica Simpson makes it an easy choice for the office or a date night. It's made from lightweight fabric with a ruffle-trimmed V-neckline, balloon long sleeves, elastic cuffs, a tie waist, and a ruffle-trimmed hem. Wear yours with layered necklaces and stiletto sandals.2nd Piece Closure Type: TieFeatures: Tie-WaistClosure Type: TieNeckline: V NeckSleeve Length: Long SleeveApparel Length: 33.5 InchesDress Length: Midi LengthFiber Content: 100% PolyesterFabric Description: WovenLining: LinedLining Material: PolyesterCare: Machine Wash, Tumble DryCountry of Origin: Imported",,,"https://jcpenney.scene7.com/is/image/JCPenney/DP0522202515111855M, https://jcpenney.scene7.com/is/image/JCPenney/DP0522202515112168M, https://jcpenney.scene7.com/is/image/JCPenney/DP0522202515112063M",,,Large,Black Watercolor
ppr5008537056,https://www.jcpenney.com/p/premier-amour-womens-sleeveless-maxi-dress/ppr5008537056?pTmplType=regular,Premier Amour Womens Sleeveless Maxi Dress,PREMIER AMOUR,19.69,79.00,75,"This Premier Amour women's maxi dress is a slinky showstopper you can wear to a cocktail party or wedding event. Made from a soft stretch fabric, this sleeveless long dress has wide straps, a scoop neck, a knotted waist for a flattering draped effect and a thigh-high slit for a glam finishing touch. Wear it with stilettos and a clutch.Features: Side SlitClosure Type: ZipperNeckline: Scoop NeckSleeve Length: SleevelessApparel Length: 60 InchesDress Length: Long LengthFiber Content: 95% Polyester, 5% SpandexFabric Description: ItyLining: Fully LinedLining Material: PolyesterCare: Machine Wash, Tumble DryWedding Occasion: Guest of WeddingCountry of Origin: Imported",,,"https://jcpenney.scene7.com/is/image/JCPenney/DP0516202507021061M, https://jcpenney.scene7.com/is/image/JCPenney/DP0516202507020854M, https://jcpenney.scene7.com/is/image/JCPenney/DP0516202507021373M, https://jcpenney.scene7.com/is/image/JCPenney/DP0516202507021166M, https://jcpenney.scene7.com/is/image/JCPenney/DP0516202507020958M, https://jcpenney.scene7.com/is/image/JCPenney/DP0516202507020751M",,,8,Olive
ppr5008522076,https://www.jcpenney.com/p/be-by-chetta-b-womens-short-sleeve-abstract-fit-flare-dress/ppr5008522076?pTmplType=regular,Be by CHETTA B Womens Short Sleeve Abstract Fit + Flare Dress,BE BY CHETTA B,19.19,64.00,70,"With its smocked waist, flared skirt, and split crew neckline, this Be by CHETTA B women's medallion-print dress checks every box. The pullover style is crafted from a woven fabric with short fitted sleeves and side slip pockets. Wear it with crisp white sneakers. Features: SmockedClosure Type: Pullover HeadNeckline: Split Crew NeckPocket Types: 2 Side Slip Pocket(s)Sleeve Length: Short SleeveSleeve Style: Fitted SleeveApparel Length: 36.5 InchesDress Length: Short LengthFiber Content: 100% PolyesterFabric Description: WovenLining: UnlinedCare: Machine Wash, Line DryCountry of Origin: Imported",,,"https://jcpenney.scene7.com/is/image/JCPenney/DP0403202509090840M, https://jcpenney.scene7.com/is/image/JCPenney/DP0403202509090735M, https://jcpenney.scene7.com/is/image/JCPenney/DP0403202509090945M",4.8,4,Medium,Red Blue
ppr5008547293,https://www.jcpenney.com/p/bold-elements-womens-long-sleeve-zebra-bodycon-dress/ppr5008547293?pTmplType=regular,Bold Elements Womens Long Sleeve Zebra Bodycon Dress,BOLD ELEMENTS,19.19,64.00,70,"This Bold Elements women's zebra-print dress is an on-trend update for your party wardrobe. Made from stretch-jersey, this fitted short dress has an asymmetrical neckline and long sleeves. Wear it with pumps.Closure Type: Pullover HeadNeckline: Asymmetrical NeckSleeve Length: Long SleeveSleeve Style: Fitted SleeveApparel Length: 33 InchesDress Length: Short LengthFiber Content: 52% Nylon, 29% Polyester, 19% SpandexFabric Description: JerseyLining: Partially LinedLining Material: PolyesterCare: Machine Wash, Tumble DryCountry of Origin: Imported",,,"https://jcpenney.scene7.com/is/image/JCPenney/DP0918202511025392M, https://jcpenney.scene7.com/is/image/JCPenney/DP0918202511025182M, https://jcpenney.scene7.com/is/image/JCPenney/DP0918202511025287M",5.0,2,"Large, Medium, Small, X-Large",Zebra Print
ppr5008504166,https://www.jcpenney.com/p/bold-elements-womens-sleeveless-bodycon-dress/ppr5008504166?pTmplType=regular,Bold Elements Womens Sleeveless Bodycon Dress,BOLD ELEMENTS,17.99,60.00,70,"Closure Type: Pullover HeadNeckline: Straight NeckPocket Types: 2 Chest Button Pocket(s)Sleeve Length: SleevelessApparel Length: 30 InchesDress Length: Knee LengthFiber Content: 68% Cotton, 30% Polyester, 2% Lycra SpandexFabric Description: TwillCare: Tumble Dry, Machine WashOeko-Tex Standard 100 Label: 11-60840Oeko-Tex Standard 100 Test Institute: Shirley Technologies LimitedCountry of Origin: Imported",,,"https://jcpenney.scene7.com/is/image/JCPenney/DP0512202509175673M, https://jcpenney.scene7.com/is/image/JCPenney/DP0512202509175568M, https://jcpenney.scene7.com/is/image/JCPenney/DP0512202509175777M",5.0,1,"Large, Medium, Small, X-Large, X-Small, Xx-Large",Black
ppr5008527826,https://www.jcpenney.com/p/js-jessica-simpson-chiffon-womens-maxi-dress/ppr5008527826?pTmplType=regular,JS Jessica Simpson Chiffon Womens Maxi Dress,JS JESSICA SIMPSON,19.99,79.50,74,"Made from floral chiffon fabric, this women's sleeveless midi dress from JS Jessica Simpson is a stylish choice for a date night or fun event. It features a V-neckline, comfortable shoulder straps, a ruffle-trimmed bust, and a side slit. Pair it with stiletto sandals.Closure Type: Pullover HeadNeckline: V NeckApparel Length: 43.5 InchesDress Length: Long LengthFiber Content: 100% PolyesterFabric Description: WovenLining: UnlinedCare: Tumble Dry, Machine WashMaterial: ViscoseCountry of Origin: Imported",,,"https://jcpenney.scene7.com/is/image/JCPenney/DP0522202515111438M, https://jcpenney.scene7.com/is/image/JCPenney/DP0522202515111751M, https://jcpenney.scene7.com/is/image/JCPenney/DP0522202515111646M",4.0,1,"Large, Medium, Small, X-Small",Evening Blue Ditsy
ppr5008512012,https://www.jcpenney.com/p/bold-elements-womens-long-sleeve-floral-bodycon-dress/ppr5008512012?pTmplType=regular,Bold Elements Womens Long Sleeve Floral Bodycon Dress,BOLD ELEMENTS,17.99,60.00,70,"Closure Type: Zipper, Hook & EyeNeckline: Asymmetrical NeckSleeve Length: Long SleeveSleeve Style: One Shoulder SleeveApparel Length: 32.63 InchesDress Length: Short LengthFiber Content: 95% Polyester, 5% SpandexFabric Description: JerseyCare: Tumble Dry, Machine WashCountry of Origin: Imported",,,"https://jcpenney.scene7.com/is/image/JCPenney/DP0530202511060022M, https://jcpenney.scene7.com/is/image/JCPenney/DP0530202511060125M",,,"Small, X-Large, Xx-Large",Tonal Flrl 3
ppr5008529547,https://www.jcpenney.com/p/js-jessica-simpson-womens-plus-long-sleeve-animal-a-line-dress/ppr5008529547?pTmplType=regular,JS Jessica Simpson Womens Plus Long Sleeve Animal A-Line Dress,JS JESSICA SIMPSON,19.99,74.50,73,"This JS Jessica Simpson women's plus floral-print a-line dress is a chic boho style to wear with ankle boots or metallic flats. Made from soft chiffon, this short floaty dress has long ruffled bell sleeves, a v-neck and tie closures.Closure Type: TieNeckline: Scoop NeckSleeve Length: Long SleeveSleeve Style: Balloon SleeveApparel Length: 43.5 InchesDress Length: Short LengthFiber Content: 100% PolyesterFabric Description: ChiffonCare: Tumble Dry, Machine WashMaterial: ChiffonCountry of Origin: Imported",,,"https://jcpenney.scene7.com/is/image/JCPenney/DP0623202507332993M, https://jcpenney.scene7.com/is/image/JCPenney/DP0623202507333202M, https://jcpenney.scene7.com/is/image/JCPenney/DP0623202507333619M, https://jcpenney.scene7.com/is/image/JCPenney/DP0623202507333829M",,,"2X, 3X",Black Floral Cheet
ppr5008540082,https://www.jcpenney.com/p/st-johns-bay-womens-elbow-sleeve-midi-shift-dress/ppr5008540082?pTmplType=regular,St. John's Bay Womens Elbow Sleeve Midi Shift Dress,ST. JOHN`S BAY,15.99,44.00,63,"The St. John’s Bay women’s shift dress blends comfort and classic charm. Crafted from soft strech fabric, it features a crew neck, elbow-length puffed sleeves, and a relaxed midi silhouette ideal for day-to-night wear.Closure Type: Pullover HeadNeckline: Crew NeckSleeve Length: Elbow SleeveApparel Length: 24 InchesDress Length: Midi LengthFiber Content: 75% Cotton, 21% Polyester, 4% SpandexFabric Description: French TerryCare: Machine Wash, Tumble DryMaterial: Cotton BlendCountry of Origin: Imported",,,"https://jcpenney.scene7.com/is/image/JCPenney/DP0815202511030932M, https://jcpenney.scene7.com/is/image/JCPenney/DP0815202511030725M, https://jcpenney.scene7.com/is/image/JCPenney/DP0815202511030829M",5.0,1,X-Large,Twilight Magenta
ppr5008614555,https://www.jcpenney.com/p/arizona-womens-sleeveless-juniors-babydoll-dress/ppr5008614555?pTmplType=regular,Arizona Womens Sleeveless Juniors Babydoll Dress,Arizona Jean Co,16.19,54.00,70,"This Arizona women's and junior's red babydoll dress is a cute flowy style you can dress up or down. Made from a woven blend, this sleeveless short dress has a v-neckline with lace trims, spaghetti straps and a tiered skirt. Wear it with sneakers or sandals.Strap Type: SpaghettiClosure Type: Tie, Pullover HeadNeckline: Split Tie NeckSleeve Length: SleevelessApparel Length: 19 InchesDress Length: Short LengthFiber Content: 100% PolyesterFabric Description: WovenCare: Tumble Dry, Machine WashCountry of Origin: Imported",,,"https://jcpenney.scene7.com/is/image/JCPenney/DP1003202509091155M, https://jcpenney.scene7.com/is/image/JCPenney/DP1003202509091051M, https://jcpenney.scene7.com/is/image/JCPenney/DP1003202509090946M",,,"3X-Large, Large, Medium, Small, X-Large, X-Small",Scarlet Flower
ppr5008607881,https://www.jcpenney.com/p/arizona-womens-sleeveless-juniors-floral-babydoll-dress/ppr5008607881?pTmplType=regular,Arizona Womens Sleeveless Juniors Floral Babydoll Dress,Arizona Jean Co,17.39,58.00,70,"This Arizona women's and junior's floral babydoll dress is a cute flowy style you can dress up or down. Made from a woven blend, this sleeveless short dress has a v-neckline with lace trims, spaghetti straps and a tiered skirt. Wear it with sneakers or sandals.Strap Type: SpaghettiNeckline: Sweetheart NeckSleeve Length: SleevelessApparel Length: 19 InchesDress Length: Short LengthFiber Content: 100% PolyesterFabric Description: WovenCare: Machine Wash, Tumble DryCountry of Origin: Imported",,,"https://jcpenney.scene7.com/is/image/JCPenney/DP1008202509022848M, https://jcpenney.scene7.com/is/image/JCPenney/DP1008202509022639M, https://jcpenney.scene7.com/is/image/JCPenney/DP1008202509022743M",,,"3X-Large, Large, Medium, Small, X-Large, X-Small, Xx-Large",Black Floral
ppr5008551650,https://www.jcpenney.com/p/arizona-womens-juniors-sleeveless-floral-midi-peasant-dress/ppr5008551650?pTmplType=regular,Arizona Womens Juniors Sleeveless Floral Midi Peasant Dress,Arizona Jean Co,16.19,54.00,70,"This Arizona Jean Co. women's and junior's peasant dress has a romantic meets casual look. Made from a woven twill fabric with an allover floral print, the midi dress features a sweetheart neckline with a tie detail, a sleeveless silhouette, and a lace trim. Features: Smocked, Lace TrimClosure Type: Tie, Pullover HeadNeckline: Sweetheart NeckSleeve Length: SleevelessApparel Length: 47 InchesDress Length: Midi LengthFiber Content: 100% RayonFabric Description: Twill, WovenCare: Tumble Dry, Machine WashCountry of Origin: Imported",,,"https://jcpenney.scene7.com/is/image/JCPenney/DP0512202509143223M, https://jcpenney.scene7.com/is/image/JCPenney/DP0512202509143119M, https://jcpenney.scene7.com/is/image/JCPenney/DP0512202509143329M",5.0,4,X-Small,Gray Toss Daisy
ppr5008528772,https://www.jcpenney.com/p/js-jessica-simpson-womens-long-sleeve-floral-a-line-dress/ppr5008528772?pTmplType=regular,JS Jessica Simpson Womens Long Sleeve Floral A-Line Dress,JS JESSICA SIMPSON,19.99,69.50,71,"This JS Jessica Simpson women's floral-print a-line dress is a chic boho style to wear with ankle boots or metallic flats. Made from soft chiffon, this short floaty dress has long ruffled bell sleeves, a v-neck and tie closures.Closure Type: TieSleeve Length: Long SleeveSleeve Style: Balloon SleeveApparel Length: 34.25 InchesDress Length: Short LengthFiber Content: 100% PolyesterFabric Description: ChiffonLining: LinedLining Material: PolyesterCare: Tumble Dry, Machine WashMaterial: ChiffonCountry of Origin: Imported",,,"https://jcpenney.scene7.com/is/image/JCPenney/DP0522202515100854M, https://jcpenney.scene7.com/is/image/JCPenney/DP0522202515101168M, https://jcpenney.scene7.com/is/image/JCPenney/DP0522202515101063M",,,"Medium, X-Large",Black Floral
ppr5008500579,https://www.jcpenney.com/p/frye-and-co-womens-short-sleeve-floral-high-low-fit-flare-dress/ppr5008500579?pTmplType=regular,Frye and Co. Womens Short Sleeve Floral High-Low Fit + Flare Dress,FRYE AND CO,18.99,90.00,79,"Closure Type: Pullover HeadNeckline: V NeckSleeve Length: Short SleeveSleeve Style: Flutter SleeveApparel Length: 54.5 InchesDress Length: High Low LengthFiber Content: 100% PolyesterFabric Description: WovenLining: UnlinedCare: Machine Wash, Tumble DryCountry of Origin: Imported",,,"https://jcpenney.scene7.com/is/image/JCPenney/DP0407202509134003M, https://jcpenney.scene7.com/is/image/JCPenney/DP0407202509133898M, https://jcpenney.scene7.com/is/image/JCPenney/DP0407202509134107M",5.0,1,Medium,Rose Dawn Combo
ppr5008523048,https://www.jcpenney.com/p/bold-elements-womens-long-sleeve-animal-sweater-dress/ppr5008523048?pTmplType=regular,Bold Elements Womens Long Sleeve Animal Sweater Dress,BOLD ELEMENTS,19.19,80.00,76,"Closure Type: Hidden Drawstring, Pullover HeadNeckline: Mock NeckSleeve Length: Long SleeveSleeve Style: Fitted SleeveApparel Length: 39 Inches - FrontDress Length: Short LengthFiber Content: 55% Rayon, 45% PolyesterFabric Description: KnitCollar: Banded CollarCare: Tumble Dry, Machine WashMaterial: Rayon BlendOwned & Founded: Women Owned/FoundedCountry of Origin: Imported",,,"https://jcpenney.scene7.com/is/image/JCPenney/DP0414202509035591M, https://jcpenney.scene7.com/is/image/JCPenney/DP0414202509035487M, https://jcpenney.scene7.com/is/image/JCPenney/DP0414202509035695M",5.0,1,"Large, Medium, Small, X-Large, X-Small, Xx-Large",Black Cream Zebra
ppr5008501297,https://www.jcpenney.com/p/ana-womens-long-sleeve-peasant-dress/ppr5008501297?pTmplType=regular,a.n.a Womens Long Sleeve Peasant Dress,A.N.A,19.19,64.00,70,"This a.n.a women's peasant dress is a chic, breezy patterned style you can style across seasons. Made from a textured fabric, this pullover short dress has long ruffled flared sleeves, a split tie neck and a relaxed-fit. Wear it with metallic sandals or boots and a wrap. Closure Type: Pullover HeadNeckline: Collar NeckPocket Types: 2 Side Slip Pocket(s)Sleeve Length: Long SleeveSleeve Style: Raglan SleeveApparel Length: 32.75 Inches - Front, 32.25 Inches - BackDress Length: Short LengthFiber Content: 76% Rayon, 24% NylonFabric Description: CrinkleLining: Fully LinedLining Material: PolyesterCollar: Banded CollarCare: Machine Wash, Line DryCountry of Origin: Imported",,,"https://jcpenney.scene7.com/is/image/JCPenney/DP0613202509035898M, https://jcpenney.scene7.com/is/image/JCPenney/DP0613202509035691M, https://jcpenney.scene7.com/is/image/JCPenney/DP0613202509035794M",4.8,18,Petite Small,Malaga Rose
ppr5008477247,https://www.jcpenney.com/p/black-label-by-evan-picone-womens-short-sleeve-floral-sheath-dress/ppr5008477247?pTmplType=regular,Black Label by Evan-Picone Womens Short Sleeve Floral Sheath Dress,Black Label by Evan-Picone,15.79,79.00,80,"This Black Label by Evan-Picone women's sheath dress makes a bold entrance with its vivid botanical print and figure-skimming silhouette. Made from stretch knit with a partial lining, the pullover dress has a V-neckline, short flutter sleeves, and a knee-length cut. Wear it with heels and hoops. Closure Type: Pullover HeadNeckline: V NeckSleeve Length: Short SleeveSleeve Style: Flutter SleeveApparel Length: 38.5 InchesDress Length: Knee LengthFiber Content: 95% Polyester, 5% ElastaneFabric Description: KnitLining: Partially LinedCare: Line Dry, Machine WashWedding Occasion: Guest of WeddingCountry of Origin: Imported",,,"https://jcpenney.scene7.com/is/image/JCPenney/DP0117202511004617M, https://jcpenney.scene7.com/is/image/JCPenney/DP0117202511004516M, https://jcpenney.scene7.com/is/image/JCPenney/DP0117202511004719M",,,X-Small,Paradise Green
ppr5008470893,https://www.jcpenney.com/p/xersion-everultra-lite-sleeveless-built-in-bra-tennis-dress-plus/ppr5008470893?pTmplType=regular,Xersion EverUltra™-Lite Sleeveless Built In Bra Tennis Dress Plus,Xersion,16.49,55.00,70,"Whether you're heading to the court or want a cute outfit to wear on off-duty days, this women's plus Xersion Everultra-Lite sleeveless tennis dress is exactly what your wardrobe needs. It's made from a super-soft stretch-blend fabric and has a U-neckline, a mini-length, and a front slit. Pair it with your favorite sneakers. Strap Type: Tank2nd Piece Care: Tumble Dry, Machine WashFeatures: Stretch Fabric, Built In BraClosure Type: Pullover HeadNeckline: Round NeckSleeve Length: SleevelessApparel Length: 35.5 Inches - FrontDress Length: Knee LengthFiber Content: 87% Polyester, 13% SpandexFabric Description: InterlockCare: Tumble Dry, Machine WashCountry of Origin: Imported",,,"https://jcpenney.scene7.com/is/image/JCPenney/DP0108202509080177M, https://jcpenney.scene7.com/is/image/JCPenney/DP0108202509080076M, https://jcpenney.scene7.com/is/image/JCPenney/DP0108202509080279M",,,5X,Coral Escape White
ppr5008531623,https://www.jcpenney.com/p/byby-womens-juniors-sleeveless-plaid-fit-flare-dress/ppr5008531623?pTmplType=regular,by&by Womens Juniors Sleeveless Plaid Fit + Flare Dress,BY AND BY,17.39,58.00,70,"Closure Type: Pullover HeadNeckline: Straight NeckSleeve Length: SleevelessApparel Length: 33 InchesDress Length: Short LengthFiber Content: 92% Polyester, 8% SpandexFabric Description: KnitCare: Line Dry, Machine WashCountry of Origin: Imported",,,"https://jcpenney.scene7.com/is/image/JCPenney/DP0702202509060109M, https://jcpenney.scene7.com/is/image/JCPenney/DP0702202509055901M, https://jcpenney.scene7.com/is/image/JCPenney/DP0702202509060006M",,,"Large, Medium, Small, X-Large, Xx-Large",Clr 4
ppr5008511395,https://www.jcpenney.com/p/52seven-womens-short-sleeve-floral-shift-dress/ppr5008511395?pTmplType=regular,52seven Womens Short Sleeve Floral Shift Dress,52SEVEN,17.29,79.00,78,"This 52sevem women's floral shift dress is a gorgeous floral boho inpired number that will add instant flair to your summer looks. Made from a floral-print woven blend, this short dress has short tiered flutter sleeves, a split tie neck with a tie and a flowy skirt silhouette. Wear it with espadrilles or heeled sandals.Features: TieredClosure Type: Pullover HeadNeckline: Split Tie NeckSleeve Length: Short SleeveSleeve Style: Flutter SleeveApparel Length: 36 InchesDress Length: Short LengthFiber Content: 87% Rayon, 13% NylonFabric Description: WovenLining: Fully LinedLining Material: PolyesterCollar: Banded CollarCare: Dry Flat, Machine WashMaterial: CottonCountry of Origin: Imported",,,"https://jcpenney.scene7.com/is/image/JCPenney/DP0516202511013826M, https://jcpenney.scene7.com/is/image/JCPenney/DP0516202511013722M, https://jcpenney.scene7.com/is/image/JCPenney/DP0516202511013930M",5.0,5,X-Small,Black Brown
ppr5008480109,https://www.jcpenney.com/p/maya-brooke-womens-short-sleeve-shrug/ppr5008480109?pTmplType=regular,Maya Brooke Womens Short Sleeve Shrug,MAYA BROOKE,18.59,69.00,73,"Give your look a polished finish with this Maya Brooke women's short-sleeve shrug. The open-front style features a sheer floral design. Drape it over a sleeveless dress or jumpsuit. Closure Type: Open FrontFit: Regular FitSleeve Length: Short SleeveSleeve Style: Fitted SleeveApparel Length: 18 Inches - FrontFiber Content: 100% PolyesterCare: Dry Flat, Hand WashCountry of Origin: Imported RETURNS: This item must be returned in its original condition with the green return tag in place.",,Regular Fit,"https://jcpenney.scene7.com/is/image/JCPenney/DP0109202507075583M, https://jcpenney.scene7.com/is/image/JCPenney/DP0109202507075481M",,,Large,Ivory
ppr5008188761,https://www.jcpenney.com/p/perceptions-womens-round-neck-long-sleeve-shrug/ppr5008188761?pTmplType=regular,Perceptions Womens Round Neck Long Sleeve Shrug,PERCEPTIONS,18.39,46.00,60,"This Perceptions women's shrug is a classic layering piece to pair with your favorite dresses and tops. Crafted from a soft knit for a classic-fit, this cropped shrug has a button-loop closure and three-quarter sleeves.Closure Type: Loop & ButtonFit: Classic FitNeckline: Round NeckSleeve Length: Long SleeveApparel Length: 17.5 InchesFiber Content: 65% Rayon, 35% NylonFabric Description: KnitCare: Hand Wash, Dry FlatCountry of Origin: Imported",,Classic Fit,"https://jcpenney.scene7.com/is/image/JCPenney/DP0412202311011267M, https://jcpenney.scene7.com/is/image/JCPenney/DP0412202311011163M, https://jcpenney.scene7.com/is/image/JCPenney/DP0113202213003084M, https://jcpenney.scene7.com/is/image/JCPenney/DP0113202213003089M",4.7,3,"Large, Medium, Small, X-Large",Black
ppr5008533519,https://www.jcpenney.com/p/frye-and-co-womens-long-sleeve-floral-maxi-dress/ppr5008533519?pTmplType=regular,Frye and Co. Womens Long Sleeve Floral Maxi Dress,FRYE AND CO,21.99,90.00,75,"Closure Type: Pullover HeadNeckline: V NeckSleeve Length: Long SleeveSleeve Style: Puffed SleeveApparel Length: 53.5 InchesDress Length: Long LengthFiber Content: 98% Polyester, 2% Lurex MetallicFabric Description: WovenLining: UnlinedCare: Tumble Dry, Machine WashCountry of Origin: Imported",,,"https://jcpenney.scene7.com/is/image/JCPenney/DP0808202511085923M, https://jcpenney.scene7.com/is/image/JCPenney/DP0808202511085714M, https://jcpenney.scene7.com/is/image/JCPenney/DP0808202511085819M",,,X-Large,Black Beauty Combo
ppr5008608714,https://www.jcpenney.com/p/arizona-womens-juniors-sleeveless-active-tennis-dress/ppr5008608714?pTmplType=regular,Arizona Womens Juniors Sleeveless Active Tennis Dress,Arizona Jean Co,21.99,38.00,42,"Warm weather and a mini dress are the perfect match, so meet the seasonal trend wearing this junior's and women's tennis style from Arizona Jeans Co. Made from printed stretch-jersey, it has a scoop neckline and multiple shoulder straps. Pair with wedge sandals or sneakers.Strap Type: SpaghettiClosure Type: Pullover HeadNeckline: Scoop NeckSleeve Length: SleevelessApparel Length: 21.5 InchesDress Length: Short LengthFiber Content: 82% Polyester, 18% SpandexFabric Description: JerseyLining: LinedLining Material: Polyester, SpandexCare: Machine Wash, Tumble DryCountry of Origin: Imported",,,"https://jcpenney.scene7.com/is/image/JCPenney/DP0925202515034182M, https://jcpenney.scene7.com/is/image/JCPenney/DP0925202515033972M, https://jcpenney.scene7.com/is/image/JCPenney/DP0925202515034077M",,,"3X-Large, Large, Medium, Small, X-Large, X-Small, Xx-Large","Ditsy Rose, Blue Paisley"
ppr5008553486,https://www.jcpenney.com/p/hurley-womens-juniors-short-sleeve-floral-fit-flare-dress/ppr5008553486?pTmplType=regular,Hurley Womens Juniors Short Sleeve Floral Fit + Flare Dress,HURLEY,24.00,48.00,50,"Closure Type: Pullover HeadNeckline: Scoop NeckSleeve Length: Short SleeveApparel Length: 33 InchesDress Length: Short LengthFiber Content: 100% RayonFabric Description: ChallisCare: Dry Flat, Machine WashWedding Occasion: Guest of WeddingCountry of Origin: Imported",,,"https://jcpenney.scene7.com/is/image/JCPenney/DP0828202509051422M, https://jcpenney.scene7.com/is/image/JCPenney/DP0828202509051213M, https://jcpenney.scene7.com/is/image/JCPenney/DP0828202509051318M",,,"Large, Medium, Small, X-Large, X-Small",Caramel Cream
ppr5008558854,https://www.jcpenney.com/p/connected-apparel-womens-short-sleeve-sheath-dress/ppr5008558854?pTmplType=regular,Connected Apparel Womens Short Sleeve Sheath Dress,CONNECTED APPAREL,22.39,64.00,65,"This Connected Apparel women's sheath dress is an ultra-chic, versatile LBD you can wear to a dinner or a cocktail party. It has short flutter sleeves and a gathered waist for a flattering draped effect. Wear this chic knee-length style with pumps and your favorite jewelry.Features: Stretch FabricClosure Type: Pullover HeadNeckline: Round NeckSleeve Length: Short SleeveSleeve Style: Flutter SleeveApparel Length: 40 InchesDress Length: Knee LengthFiber Content: 96% Polyester, 4% SpandexFabric Description: ItyLining: UnlinedCare: Hand Wash, Line DryCountry of Origin: Imported",,,"https://jcpenney.scene7.com/is/image/JCPenney/DP0807202509110525M, https://jcpenney.scene7.com/is/image/JCPenney/DP0807202509110316M, https://jcpenney.scene7.com/is/image/JCPenney/DP0807202509110420M",,,"10, 12, 4, 6","Black, Deep Spruce"
ppr5008503694,https://www.jcpenney.com/p/bold-elements-womens-floral-bodycon-dress/ppr5008503694?pTmplType=regular,Bold Elements Womens Floral Bodycon Dress,BOLD ELEMENTS,24.49,70.00,65,"This Bold Elements women's bodycon dress is the perfect vacay ready style. Made from soft stretch-jersey, this fitted knee-length dress has a tropical pattern, a halter neckline and a flattering ruched effect. Wear it with heels. Closure Type: Hook & Eye, ZipperNeckline: Halter NeckApparel Length: 48 InchesDress Length: Knee LengthFiber Content: 95% Spandex, 5% PolyesterFabric Description: JerseyLining: UnlinedCare: Line Dry, Machine WashCountry of Origin: Imported",,,"https://jcpenney.scene7.com/is/image/JCPenney/DP0417202509064848M, https://jcpenney.scene7.com/is/image/JCPenney/DP0417202509064743M, https://jcpenney.scene7.com/is/image/JCPenney/DP0417202509064952M",,,"Small, X-Large, Xx-Large",Bird Of Paradise
ppr5008527413,https://www.jcpenney.com/p/st-johns-bay-womens-petite-long-sleeve-animal-shirt-dress/ppr5008527413?pTmplType=regular,St. John's Bay Womens Petite Long Sleeve Animal Shirt Dress,ST. JOHN`S BAY,20.39,68.00,70,"This animal-print shirt dress is a stylish addition to your wardrobe that's perfect to layer with tights for work, or with heels for a night out. Made from cotton-corduroy, it has a collar neck, long cuffed sleeves and a tiered skirt.Closure Type: ButtonNeckline: Collar NeckSleeve Length: Long SleeveSleeve Style: Cuffed SleeveApparel Length: 36 Inches - Front, 36 Inches - BackDress Length: Short LengthFiber Content: 55% Cotton, 45% RayonFabric Description: CorduroyCollar: Point CollarCare: Tumble Dry, Machine WashMaterial: Cotton BlendCountry of Origin: Imported",,,"https://jcpenney.scene7.com/is/image/JCPenney/DP0812202511113798M, https://jcpenney.scene7.com/is/image/JCPenney/DP0812202511113588M, https://jcpenney.scene7.com/is/image/JCPenney/DP0812202511113693M",4.7,3,"Large, Medium, Small, X-Large, X-Small","Navy Colorblock, Neutral Animal"
ppr5008542427,https://www.jcpenney.com/p/ashley-graham-womens-plus-long-sleeve-casual-bodycon-dress/ppr5008542427?pTmplType=regular,Ashley Graham Womens Plus Long Sleeve Casual Bodycon Dress,Ashley Graham,23.99,80.00,70,"The Ashley Graham collection is designed exclusively for curves, and only available at JCPenney. Style your night out wearing this chic ribbed-knit women's plus dress. Cut for a close fit, it features a mock neck and fitted long sleeves. Highlight its mini length with knee boots or stilettos.Closure Type: Pullover HeadNeckline: Mock NeckSleeve Length: Long SleeveSleeve Style: Fitted SleeveApparel Length: 37 Inches - FrontDress Length: Short LengthFiber Content: 72% Rayon, 28% NylonFabric Description: KnitCare: Tumble Dry, Machine WashOwned & Founded: Women Owned/FoundedCountry of Origin: Imported",,,"https://jcpenney.scene7.com/is/image/JCPenney/DP0923202515033430M, https://jcpenney.scene7.com/is/image/JCPenney/DP0822202513025818M, https://jcpenney.scene7.com/is/image/JCPenney/DP0807202511104181M, https://jcpenney.scene7.com/is/image/JCPenney/DP0807202511104076M, https://jcpenney.scene7.com/is/image/JCPenney/DP1006202515122628M",4.8,4,"1X, 2X, 3X, 4X, 5X",Apple Green
ppr5008544215,https://www.jcpenney.com/p/liz-claiborne-womens-short-sleeve-midi-a-line-dress/ppr5008544215?pTmplType=regular,Liz Claiborne Womens Short Sleeve Midi A-Line Dress,LIZ CLAIBORNE,22.19,74.00,70,"This Liz Claiborne women's a-line dress comes in a stunning emerald green that's perfect for making a statement on vacation or for a summery soiree. Made from 100% cotton, this pullover maxi dress has a v-neck, a smocked banded waist for flattering draping, plus short puffed sleeves. Wear it with heeled sandals and statement earrings. Closure Type: Tie, Pullover HeadNeckline: V NeckSleeve Length: Short SleeveApparel Length: 30 InchesDress Length: Midi LengthFiber Content: 100% CottonFabric Description: DobbyCare: Machine Wash, Tumble DryCountry of Origin: Imported",,,"https://jcpenney.scene7.com/is/image/JCPenney/DP0602202515093986M, https://jcpenney.scene7.com/is/image/JCPenney/DP0602202515093882M, https://jcpenney.scene7.com/is/image/JCPenney/DP0602202515094091M",5.0,1,Large,Alahambra Green
ppr5008551162,https://www.jcpenney.com/p/arizona-womens-juniors-sleeveless-maxi-dress/ppr5008551162?pTmplType=regular,Arizona Womens Juniors Sleeveless Maxi Dress,Arizona Jean Co,21.76,68.00,68,"This Arizona Jean Co. maxi dress for women and juniors is perfect pairing with for sandals, sneakers, or wearing barefoot on the beach. It's made from gauze and lined for comfort with a V-neckline, spaghetti straps, and a long length. Closure Type: Pullover HeadNeckline: V NeckSleeve Length: SleevelessSleeve Style: SleevelessApparel Length: 55 InchesDress Length: Long LengthFiber Content: 98% Rayon, 2% PolyesterFabric Description: GauzeLining: Partially LinedLining Material: PolyesterCare: Machine Wash, Tumble DryCountry of Origin: Imported",,,"https://jcpenney.scene7.com/is/image/JCPenney/DP0512202509145306M, https://jcpenney.scene7.com/is/image/JCPenney/DP0512202509145203M, https://jcpenney.scene7.com/is/image/JCPenney/DP0512202509145410M",3.7,3,Medium,Rose Patchwork
ppr5008618531,https://www.jcpenney.com/p/forever-21-womens-juniors-plus-long-sleeve-midi-sweater-dress/ppr5008618531?pTmplType=regular,Forever 21 Womens Juniors Plus Long Sleeve Midi Sweater Dress,Forever 21,22.79,38.00,40,"This Forever 21 women's and junior's plus sweater dress will be a stylish addition to your cold-weather wardrobe for a date night or party. Made from soft stretch-knit, this fitted midi dress has long off-the-shoulder sleeves and a wide ribbed trim. Closure Type: Pull OnSleeve Length: Long SleeveSleeve Style: Fitted SleeveApparel Length: 44 Inches - FrontDress Length: Midi LengthFiber Content: 50% Rayon, 28% Polyester, 22% NylonFabric Description: Sweater KnitLining: UnlinedCare: Machine Wash, Tumble DryCountry of Origin: Imported",,,"https://jcpenney.scene7.com/is/image/JCPenney/DP1020202509034565M, https://jcpenney.scene7.com/is/image/JCPenney/DP1020202509034358M, https://jcpenney.scene7.com/is/image/JCPenney/DP1020202509034461M",,,"1X, 2X, 3X",Red
ppr5008618521,https://www.jcpenney.com/p/forever-21-womens-juniors-sleeveless-fit-flare-dress/ppr5008618521?pTmplType=regular,Forever 21 Womens Juniors Sleeveless Fit + Flare Dress,Forever 21,22.79,38.00,40,"This Forever 21 women's and junior's fit and flare dress is a sparkling style winner for a cocktail party or dressy event. Made from stretch-crepe, this fitted short dress has rhinestone embellished straps and silvery bows attached. Wear it with pumps.Strap Type: TankFeatures: RhinestonesClosure Type: ZipperNeckline: Sweetheart NeckSleeve Length: SleevelessApparel Length: 27 Inches - FrontDress Length: Short LengthFiber Content: 95% Polyester, 5% SpandexFabric Description: CrepeLining: UnlinedCare: Hand Wash, Line DryCountry of Origin: Imported",,,"https://jcpenney.scene7.com/is/image/JCPenney/DP0919202509172092M, https://jcpenney.scene7.com/is/image/JCPenney/DP0919202509171882M, https://jcpenney.scene7.com/is/image/JCPenney/DP0919202509171987M",,,"Large, Medium, X-Large, X-Small",Black
ppr5008544669,https://www.jcpenney.com/p/byby-womens-juniors-sleeveless-bodycon-dress/ppr5008544669?pTmplType=regular,by&by Womens Juniors Sleeveless Bodycon Dress,BY AND BY,22.39,64.00,65,"Strap Type: SpaghettiClosure Type: Pullover HeadNeckline: V NeckSleeve Length: SleevelessApparel Length: 37 Inches - BackDress Length: Short LengthFiber Content: 60% Nylon, 32% Polyester, 8% SpandexFabric Description: KnitLining: LinedLining Material: PolyesterCare: Line Dry, Machine WashWedding Occasion: Guest of WeddingCountry of Origin: Imported",,,"https://jcpenney.scene7.com/is/image/JCPenney/DP0925202515012294M, https://jcpenney.scene7.com/is/image/JCPenney/DP0925202515012085M, https://jcpenney.scene7.com/is/image/JCPenney/DP0925202515012189M",,,"Large, Medium, Small, X-Large, X-Small, Xx-Large",Wine
ppr5008534780,https://www.jcpenney.com/p/trixxi-womens-juniors-short-sleeve-plaid-fit-flare-dress/ppr5008534780?pTmplType=regular,Trixxi Womens Juniors Short Sleeve Plaid Fit + Flare Dress,TRIXXI,22.39,64.00,65,"Closure Type: Pullover HeadNeckline: Sweetheart NeckSleeve Length: Short SleeveSleeve Style: Puffed SleeveApparel Length: 33 InchesDress Length: Short LengthFiber Content: 100% PolyesterFabric Description: ChiffonCare: Hand Wash, Line DryWedding Occasion: Guest of WeddingCountry of Origin: Imported",,,"https://jcpenney.scene7.com/is/image/JCPenney/DP0630202507122796M, https://jcpenney.scene7.com/is/image/JCPenney/DP0630202507122691M, https://jcpenney.scene7.com/is/image/JCPenney/DP0630202507122586M, https://jcpenney.scene7.com/is/image/JCPenney/DP0630202507123004M, https://jcpenney.scene7.com/is/image/JCPenney/DP0630202507122900M",,,"Small, X-Small",Green Plaid
ppr5008455471,https://www.jcpenney.com/p/city-triangle-womens-sleeveless-juniors-romper/ppr5008455471?pTmplType=regular,City Triangle Womens Sleeveless Juniors Romper,CITY TRIANGLE,20.69,69.00,70,"Made from stretch-crepe, this City Triangle women's and junior's black romper has an embellished front to add something special to the look. It's designed with spaghetti straps, a straight neckline, and a zipper and hook-and-eye closure at the back. Add heels and a clutch for a night out.Strap Type: SpaghettiFeatures: EmbellishedClosure Type: Hook & Eye, ZipperNeckline: Straight NeckSleeve Length: SleevelessApparel Length: 29.5 InchesFiber Content: 95% Polyester, 5% SpandexFabric Description: CrepeInseam: 2 3/4 InCare: Dry Clean OnlyWedding Occasion: Guest of WeddingCountry of Origin: Imported",,,"https://jcpenney.scene7.com/is/image/JCPenney/DP0911202409034736M, https://jcpenney.scene7.com/is/image/JCPenney/DP0911202409034634M, https://jcpenney.scene7.com/is/image/JCPenney/DP0801202407181843M, https://jcpenney.scene7.com/is/image/JCPenney/DP0801202407182047M, https://jcpenney.scene7.com/is/image/JCPenney/DP0911202409034837M",,,"0, 1",Black
ppr5008440053,https://www.jcpenney.com/p/jessica-howard-womens-long-sleeve-plaid-shift-dress/ppr5008440053?pTmplType=regular,Jessica Howard Womens Long Sleeve Plaid Shift Dress,JESSICA HOWARD,20.69,69.00,70,"Embrace the classic patterns and richer colors of the cooler months with this chic Jessica Howard women's plaid shift dress. This short pullover dress is made from a soft plaid knit with a v-neckline, a relaxed breezy fit and 3/4 sleeves. Wear it with your favorite ankle boots and accessories.Closure Type: Pullover HeadNeckline: V NeckPocket Types: 2 Side Slip Pocket(s)Sleeve Length: Long SleeveSleeve Style: Balloon SleeveApparel Length: 37.5 Inches - BackDress Length: Short LengthFiber Content: 97% Polyester, 3% SpandexFabric Description: KnitLining Material: PolyesterCollar: Notch CollarCare: Machine Wash, Dry FlatCountry of Origin: Imported",,,"https://jcpenney.scene7.com/is/image/JCPenney/DP1009202407082434M, https://jcpenney.scene7.com/is/image/JCPenney/DP1009202407082332M, https://jcpenney.scene7.com/is/image/JCPenney/DP0701202409104308M, https://jcpenney.scene7.com/is/image/JCPenney/DP1009202407082536M, https://jcpenney.scene7.com/is/image/JCPenney/DP0701202409104512M",,,Small,Red Multi
ppr5008589761,https://www.jcpenney.com/p/robbie-bee-womens-short-sleeve-shirt-dress/ppr5008589761?pTmplType=regular&selectedSKUId=22386630083,Robbie Bee Womens Short Sleeve Shirt Dress,ROBBIE BEE,24.15,69.00,65,"Robbie Bee womens Short Sleeve Shirt Dress offers easy sophistication with its collared neckline and relaxed fit. The lightweight fabric keeps it breezy and versatile for any season. Pair with wedges or a belt for a polished daytime look.Closure Type: ButtonNeckline: Collar NeckSleeve Length: Short SleeveSleeve Style: Puffed SleeveApparel Length: 40 InchesDress Length: Knee LengthFiber Content: 90% Polyester, 8% Nylon, 2% SpandexFabric Description: CorduroyLining: UnlinedCollar: Point CollarCare: Dry Flat, Machine WashMaterial: Polyester BlendCountry of Origin: Imported",,,"https://jcpenney.scene7.com/is/image/JCPenney/DP0904202509010155M, https://jcpenney.scene7.com/is/image/JCPenney/DP0904202509005947M, https://jcpenney.scene7.com/is/image/JCPenney/DP0904202509010052M",,,X-Large,"Navy, Olive"
ppr5008568199,https://www.jcpenney.com/p/connected-apparel-womens-short-sleeve-floral-sheath-dress/ppr5008568199?pTmplType=regular,Connected Apparel Womens Short Sleeve Floral Sheath Dress,CONNECTED APPAREL,24.15,69.00,65,"Features: Stretch FabricClosure Type: Pullover HeadNeckline: Round NeckSleeve Length: Short SleeveSleeve Style: Fitted SleeveApparel Length: 40 InchesDress Length: Knee LengthFiber Content: 96% Polyester, 4% SpandexFabric Description: ItyLining: UnlinedCare: Machine Wash, Tumble DryCountry of Origin: Imported",,,"https://jcpenney.scene7.com/is/image/JCPenney/DP0807202509111363M, https://jcpenney.scene7.com/is/image/JCPenney/DP0807202509111154M, https://jcpenney.scene7.com/is/image/JCPenney/DP0807202509111257M",,,"10, 12, 14, 16, 4, 6, 8",Bordeaux
ppr5008573158,https://www.jcpenney.com/p/sandra-darren-womens-sleeveless-geometric-shift-dress/ppr5008573158?pTmplType=regular,Sandra Darren Womens Sleeveless Geometric Shift Dress,SANDRA DARREN,21.83,59.00,63,"This Sandra Darren women's sleeveless shift dress has a stylish mod vibe with its a-line shape and bold pattern. Made from a stretch fabric, it has a silver-tone buckle adorned keyhole cut-out neckline. Wear it with pumps.Closure Type: DrawstringNeckline: Round NeckPocket Types: 2 Side Slip Pocket(s)Sleeve Length: SleevelessSleeve Style: SleevelessApparel Length: 37 InchesDress Length: Knee LengthFiber Content: 95% Polyester, 5% SpandexFabric Description: ItyLining: UnlinedCare: Tumble Dry, Machine WashCountry of Origin: Imported",,,"https://jcpenney.scene7.com/is/image/JCPenney/DP0807202509112201M, https://jcpenney.scene7.com/is/image/JCPenney/DP0807202509111991M, https://jcpenney.scene7.com/is/image/JCPenney/DP0807202509112096M",1.0,1,"Large, Medium",Multi
ppr5008551230,https://www.jcpenney.com/p/emerald-sundae-womens-juniors-sleeveless-abstract-fit-flare-dress/ppr5008551230?pTmplType=regular,Emerald Sundae Womens Juniors Sleeveless Abstract Fit + Flare Dress,EMERALD SUNDAE,22.39,64.00,65,"Strap Type: AdjustableFeatures: SmockedClosure Type: Pullover HeadNeckline: V NeckSleeve Length: SleevelessApparel Length: 26.5 Inches - FrontDress Length: Short LengthFiber Content: 95% Polyester, 5% SpandexFabric Description: KnitLining: Fully LinedLining Material: PolyesterCare: Machine Wash, Tumble DryWedding Occasion: Guest of WeddingCountry of Origin: Imported",,,"https://jcpenney.scene7.com/is/image/JCPenney/DP0917202509034689M, https://jcpenney.scene7.com/is/image/JCPenney/DP0917202509034480M, https://jcpenney.scene7.com/is/image/JCPenney/DP0917202509034584M",,,"Large, Medium, X-Large, Xx-Large","Wine, Hunter"
ppr5008546854,https://www.jcpenney.com/p/liz-claiborne-womens-short-sleeve-midi-paisley-a-line-dress/ppr5008546854?pTmplType=regular,Liz Claiborne Womens Short Sleeve Midi Paisley A-Line Dress,LIZ CLAIBORNE,23.39,78.00,70,"Features: Tie-WaistClosure Type: Pullover Head, TieNeckline: Round NeckSleeve Length: Short SleeveSleeve Style: Drop-Shoulder SleeveApparel Length: 44 InchesDress Length: Midi LengthFiber Content: 100% PolyesterFabric Description: ChiffonLining: LinedLining Material: PolyesterCare: Tumble Dry, Machine WashCountry of Origin: Imported",,,"https://jcpenney.scene7.com/is/image/JCPenney/DP0512202509162175M, https://jcpenney.scene7.com/is/image/JCPenney/DP0512202509162072M, https://jcpenney.scene7.com/is/image/JCPenney/DP0513202509035212M",5.0,2,"Large, X-Large, X-Small",Navy Tile
ppr5008531818,https://www.jcpenney.com/p/ana-womens-plus-long-sleeve-animal-drop-waist-dress/ppr5008531818?pTmplType=regular,a.n.a Womens Plus Long Sleeve Animal Drop Waist Dress,A.N.A,21.59,72.00,70,"This a.n.a women�s plus long-sleeve dress is playful and stylish. Made from a lightweight animal-print fabric, the split crew neck and flattering drop waist offer a flowy boho look and feel you can wear day or night. Pair it with ankle boots or flats.Closure Type: Button, Pullover HeadNeckline: V NeckSleeve Length: Long SleeveSleeve Style: Cuffed SleeveApparel Length: 36.5 InchesDress Length: Short LengthFiber Content: 100% PolyesterFabric Description: ChiffonLining: Partially LinedLining Material: PolyesterCare: Machine Wash, Tumble DryCountry of Origin: Imported",,,"https://jcpenney.scene7.com/is/image/JCPenney/DP0929202509234624M, https://jcpenney.scene7.com/is/image/JCPenney/DP0929202509234414M, https://jcpenney.scene7.com/is/image/JCPenney/DP0929202509234519M",5.0,1,"2X, 3X, 4X","Deer Skin, Astrid"
ppr5008535903,https://www.jcpenney.com/p/be-by-chetta-b-womens-long-sleeve-floral-shift-dress/ppr5008535903?pTmplType=regular,Be by CHETTA B Womens Long Sleeve Floral Shift Dress,BE BY CHETTA B,24.15,69.00,65,"This Be by CHETTA women's floral shirt dress is a floaty feminine style with a modern twist. Tailored with long balloon sleeves, a y-neck and a flowy skirt, this short dress looks great paired with tights and ankle boots or pumps.Closure Type: ButtonNeckline: V NeckPocket Types: 2 Side Slip Pocket(s)Sleeve Length: Long SleeveSleeve Style: Balloon SleeveApparel Length: 36 InchesDress Length: Knee LengthFiber Content: 100% PolyesterFabric Description: WovenCollar: Banded CollarCare: Hand Wash, Line DryCountry of Origin: Imported",,,"https://jcpenney.scene7.com/is/image/JCPenney/DP0627202509023371M, https://jcpenney.scene7.com/is/image/JCPenney/DP0627202509023164M, https://jcpenney.scene7.com/is/image/JCPenney/DP0627202509023268M",,,"Large, Medium, Small, X-Large, X-Small",Black Mauve
ppr5008562552,https://www.jcpenney.com/p/msk-womens-sleeveless-shift-dress/ppr5008562552?pTmplType=regular,MSK Womens Sleeveless Shift Dress,MSK,24.15,69.00,65,"Features: GrommetClosure Type: Pullover HeadNeckline: Collar NeckPocket Types: 2 Front Flap Pocket(s)Sleeve Length: SleevelessSleeve Style: SleevelessApparel Length: 36 InchesDress Length: Knee LengthFiber Content: 95% Polyester, 5% SpandexFabric Description: ScubaLining: UnlinedCollar: Spread CollarCare: Line Dry, Hand WashMaterial: ScubaBody Type: HourglassCountry of Origin: Imported",,,"https://jcpenney.scene7.com/is/image/JCPenney/DP0729202507032315M, https://jcpenney.scene7.com/is/image/JCPenney/DP0729202507032107M, https://jcpenney.scene7.com/is/image/JCPenney/DP0729202507032211M",2.0,1,"Large, Medium, Small",Majestic Emerald
ppr5008533780,https://www.jcpenney.com/p/emerald-sundae-womens-juniors-sleeveless-fit-flare-dress/ppr5008533780?pTmplType=regular,Emerald Sundae Womens Juniors Sleeveless Fit + Flare Dress,EMERALD SUNDAE,22.39,64.00,65,"Strap Type: TankClosure Type: ZipperNeckline: V NeckSleeve Length: SleevelessApparel Length: 33 Inches - FrontDress Length: Short LengthFiber Content: 96% Polyester, 4% SpandexFabric Description: CrepeLining: Fully LinedLining Material: PolyesterCare: Line Dry, Hand WashMaterial: ScubaWedding Occasion: Guest of WeddingCountry of Origin: Imported",,,"https://jcpenney.scene7.com/is/image/JCPenney/DP0606202509004443M, https://jcpenney.scene7.com/is/image/JCPenney/DP0606202509004235M, https://jcpenney.scene7.com/is/image/JCPenney/DP0606202509004339M",,,"Large, Small, X-Large, X-Small","Navy, Royal, Red"
ppr5008503611,https://www.jcpenney.com/p/bold-elements-womens-plus-sleeveless-animal-maxi-dress/ppr5008503611?pTmplType=regular,Bold Elements Womens Plus Sleeveless Animal Maxi Dress,BOLD ELEMENTS,22.79,76.00,70,"All eyes will be on you wearing this ultra-glam Bold Elements women's royal purple leopard-print maxi dress. Made from stretch jersey, it features an asymmetrical neckline, a gold-tone ring adorned shoulder and a long length. Wear it with stilettos.Neckline: Asymmetrical NeckSleeve Length: SleevelessApparel Length: 58 InchesDress Length: Long LengthFiber Content: 95% Spandex, 5% PolyesterFabric Description: JerseyLining: UnlinedCare: Machine Wash, Line DryMaterial: JerseyCountry of Origin: Imported",,,"https://jcpenney.scene7.com/is/image/JCPenney/DP0519202509122867M, https://jcpenney.scene7.com/is/image/JCPenney/DP0519202509122763M, https://jcpenney.scene7.com/is/image/JCPenney/DP0519202509122970M",5.0,1,2X,Animal Melange
ppr5008501270,https://www.jcpenney.com/p/ana-womens-sleeveless-maxi-dress/ppr5008501270?pTmplType=regular,a.n.a Womens Sleeveless Maxi Dress,A.N.A,22.19,74.00,70,"Strap Type: Spaghetti# Pieces In Set: 13500Closure Type: Pullover HeadNeckline: Scoop NeckPocket Types: 2 Side Slip Pocket(s)Sleeve Length: SleevelessApparel Length: 48 InchesDress Length: Long LengthFiber Content: 83% Rayon, 17% NylonFabric Description: CrinkleLining: Partially LinedLining Material: PolyesterCare: Line Dry, Machine WashCountry of Origin: Imported",,,"https://jcpenney.scene7.com/is/image/JCPenney/DP0613202509040312M, https://jcpenney.scene7.com/is/image/JCPenney/DP0613202509040106M, https://jcpenney.scene7.com/is/image/JCPenney/DP0613202509040209M",3.0,2,"Medium, Small",Marfa Pony
ppr5008544106,https://www.jcpenney.com/p/perceptions-womens-3-4-sleeve-midi-fit-flare-dress/ppr5008544106?pTmplType=regular,Perceptions Womens 3/4 Sleeve Midi Fit + Flare Dress,PERCEPTIONS,30.99,69.00,55,"Graceful and flattering, this Perceptions women’s dress features a V-neckline, 3/4 sleeves, and a fit-and-flare silhouette. Made from soft, stretch ITY fabric, it offers a comfortable pullover fit and midi length. Classic and versatile, this dress transitions effortlessly from day to evening.Closure Type: Pullover HeadNeckline: V NeckSleeve Length: 3/4 SleeveApparel Length: 46.5 Inches - FrontDress Length: Midi LengthFiber Content: 95% Polyester, 5% SpandexFabric Description: ItyCare: Line Dry, Machine WashCountry of Origin: Imported",,,"https://jcpenney.scene7.com/is/image/JCPenney/DP0808202511043646M, https://jcpenney.scene7.com/is/image/JCPenney/DP0808202511043437M, https://jcpenney.scene7.com/is/image/JCPenney/DP0808202511043541M",5.0,1,"Large, Medium, Small, X-Large",Wine
ppr5008535666,https://www.jcpenney.com/p/be-by-chetta-b-womens-short-sleeve-fit-flare-dress/ppr5008535666?pTmplType=regular,Be by CHETTA B Womens Short Sleeve Fit + Flare Dress,BE BY CHETTA B,22.39,64.00,65,"This Be by CHETTA B women's fit and flare dress is an effortless style for warmer temps that you can dress up or down. Made from a soft navy fabric, this short pullover dress has a wrap v-neckline, a smocked waistband with a tie for a chic prairie touch, short sleeves and a tiered skirt. Wear it with heels and hoop earringsFeatures: BowClosure Type: Pullover HeadNeckline: V NeckSleeve Length: Short SleeveApparel Length: 36.5 InchesDress Length: Knee LengthFiber Content: 100% PolyesterFabric Description: WovenCare: Machine Wash, Line DryCountry of Origin: Imported",,,"https://jcpenney.scene7.com/is/image/JCPenney/DP0702202509035604M, https://jcpenney.scene7.com/is/image/JCPenney/DP0702202509035499M, https://jcpenney.scene7.com/is/image/JCPenney/DP0702202509035394M",3.7,3,"Small, X-Small",Navy
ppr5008510581,https://www.jcpenney.com/p/bold-elements-womens-sleeveless-sweater-dress/ppr5008510581?pTmplType=regular,Bold Elements Womens Sleeveless Sweater Dress,BOLD ELEMENTS,22.19,74.00,70,"Strap Type: TankClosure Type: Pullover HeadNeckline: Crew NeckSleeve Length: SleevelessApparel Length: 34 Inches - FrontDress Length: Knee LengthFiber Content: 65% Recycled Polyester, 15% Nylon, 15% Acrylic, 5% WoolFabric Description: KnitCare: Machine Wash, Tumble DryOwned & Founded: Women Owned/FoundedCountry of Origin: Imported",,,"https://jcpenney.scene7.com/is/image/JCPenney/DP0912202509254999M, https://jcpenney.scene7.com/is/image/JCPenney/DP0912202509254896M, https://jcpenney.scene7.com/is/image/JCPenney/DP0912202509254793M",,,"Large, Medium, X-Large",Burg Pink Multi
ppr5008511753,https://www.jcpenney.com/p/ana-womens-plus-long-sleeve-animal-maxi-dress/ppr5008511753?pTmplType=regular,a.n.a Womens Plus Long Sleeve Animal Maxi Dress,A.N.A,24.59,82.00,70,"a.n.a womens Plus Long Sleeve Animal Maxi Dress makes a bold statement with its all-over print and flowing silhouette. Crafted for comfort and movement, it transitions seamlessly from day to night. Pair with ankle boots or heels for confident, modern style.Features: Tie-WaistClosure Type: Pullover HeadNeckline: Split Crew NeckPocket Types: 2 Side Slip Pocket(s)Sleeve Length: Long SleeveSleeve Style: Balloon SleeveApparel Length: 53.5 Inches - Back, 55.75 Inches - FrontDress Length: Long LengthFiber Content: 100% PolyesterFabric Description: Crinkle, ChiffonLining: Partially LinedLining Material: PolyesterCare: Tumble Dry, Machine WashCountry of Origin: Imported",,,"https://jcpenney.scene7.com/is/image/JCPenney/DP0718202509201952M, https://jcpenney.scene7.com/is/image/JCPenney/DP0718202509201743M, https://jcpenney.scene7.com/is/image/JCPenney/DP0718202509201847M",,,"2X, 4X",Neutral Snake
ppr5008568205,https://www.jcpenney.com/p/connected-apparel-womens-short-sleeve-floral-overlay-sheath-dress/ppr5008568205?pTmplType=regular,Connected Apparel Womens Short Sleeve Floral Overlay Sheath Dress,CONNECTED APPAREL,24.15,69.00,65,"Features: SheerClosure Type: Pullover HeadNeckline: Round NeckSleeve Length: Short SleeveSleeve Style: SleevelessApparel Length: 40 InchesDress Length: Knee LengthFiber Content: 100% PolyesterFabric Description: ItyLining: UnlinedCare: Dry Flat, Machine WashCountry of Origin: Imported",,,"https://jcpenney.scene7.com/is/image/JCPenney/DP0808202511034625M, https://jcpenney.scene7.com/is/image/JCPenney/DP0808202511034416M, https://jcpenney.scene7.com/is/image/JCPenney/DP0808202511034520M",,,"10, 12, 14, 4, 6, 8",Ink
ppr5008552210,https://www.jcpenney.com/p/forever-21-womens-juniors-sleeveless-midi-casual-bodycon-dress/ppr5008552210?pTmplType=regular,Forever 21 Womens Juniors Sleeveless Midi Casual Bodycon Dress,Forever 21,20.39,34.00,40,"Strap Type: TankFeatures: Side SlitClosure Type: Pullover HeadNeckline: Scoop NeckSleeve Length: SleevelessSleeve Style: SleevelessApparel Length: 44.25 Inches - FrontDress Length: Midi LengthFiber Content: 68% Rayon, 27% Nylon, 5% SpandexFabric Description: PonteLining: UnlinedCare: Machine Wash, Tumble DryMaterial: KnitCountry of Origin: Imported",,,"https://jcpenney.scene7.com/is/image/JCPenney/DP0707202509145360M, https://jcpenney.scene7.com/is/image/JCPenney/DP0707202509145153M, https://jcpenney.scene7.com/is/image/JCPenney/DP0707202509145257M",,,"Large, Small, X-Small",Black
ppr5008573157,https://www.jcpenney.com/p/52seven-womens-sleeveless-abstract-midi-fit-flare-dress/ppr5008573157?pTmplType=regular,52seven Womens Sleeveless Abstract Midi Fit + Flare Dress,52SEVEN,24.15,69.00,65,"52seven womens Sleeveless Abstract Midi Fit Flare Dress combines sleek design with modern artistry. The abstract print and flared silhouette create a balanced, eye-catching style. Perfect for day events or evenings out — pair with strappy heels for polished flair.Closure Type: ButtonNeckline: V NeckPocket Types: 2 Side Slip Pocket(s)Sleeve Length: SleevelessSleeve Style: SleevelessApparel Length: 44.25 InchesDress Length: Midi LengthFiber Content: 96% Polyester, 4% SpandexFabric Description: ChallisLining: Fully LinedLining Material: PolyesterCollar: Peak LapelCare: Machine Wash, Tumble DryCountry of Origin: Imported",,,"https://jcpenney.scene7.com/is/image/JCPenney/DP0807202509113039M, https://jcpenney.scene7.com/is/image/JCPenney/DP0807202509112829M, https://jcpenney.scene7.com/is/image/JCPenney/DP0807202509112934M",,,Small,Multi
ppr5008618467,https://www.jcpenney.com/p/forever-21-womens-juniors-long-sleeve-midi-bodycon-sweater-dress/ppr5008618467?pTmplType=regular,Forever 21 Womens Juniors Long Sleeve Midi Bodycon Sweater Dress,Forever 21,22.79,38.00,40,"This Forever 21 women's and junior's sweater dress will be a stylish addition to your cold-weather wardrobe for a date night or party. Made from soft stretch-knit, this fitted midi dress has long off-the-shoulder sleeves and a wide ribbed trim.Closure Type: Pull OnNeckline: Straight NeckSleeve Length: Long SleeveSleeve Style: Fitted SleeveApparel Length: 44 Inches - FrontDress Length: Midi LengthFiber Content: 50% Rayon, 28% Polyester, 22% NylonFabric Description: Sweater KnitLining: UnlinedCare: Machine Wash, Tumble DryCountry of Origin: Imported",,,"https://jcpenney.scene7.com/is/image/JCPenney/DP1020202509023473M, https://jcpenney.scene7.com/is/image/JCPenney/DP1020202509023264M, https://jcpenney.scene7.com/is/image/JCPenney/DP1020202509023369M",,,"Large, Medium, Small, X-Small","Black, Red"
ppr5008537182,https://www.jcpenney.com/p/robbie-bee-womens-sleeveless-shift-dress/ppr5008537182?pTmplType=regular,Robbie Bee Womens Sleeveless Shift Dress,ROBBIE BEE,23.69,79.00,70,"Crafted from lace with a sleek mock neckline, this blue Robbie Bee women's sleeveless shift dress is a flattering choice for daytime events, dinners, or warm-weather occasions. The knee-length style is lined for added coverage and finishes with a tie detail at the back. Pair with nude heels and simple jewelry. Closure Type: TieNeckline: Mock NeckSleeve Length: SleevelessSleeve Style: SleevelessApparel Length: 38 InchesDress Length: Knee LengthFiber Content: 100% PolyesterFabric Description: LaceLining: Fully LinedLining Material: PolyesterCare: Machine Wash, Line DryMaterial: JerseyCountry of Origin: Imported",,,"https://jcpenney.scene7.com/is/image/JCPenney/DP0512202509042187M, https://jcpenney.scene7.com/is/image/JCPenney/DP0512202509042082M, https://jcpenney.scene7.com/is/image/JCPenney/DP0512202509042292M",,,"12, 14",Peri
ppr5008497906,https://www.jcpenney.com/p/ana-womens-sleeveless-maxi-dress/ppr5008497906?pTmplType=regular,a.n.a Womens Sleeveless Maxi Dress,A.N.A,22.39,64.00,65,"This a.n.a women's sleeveless midi dress has a flowy goddess-style silhouette, making it perfect for effortless summer style moments. Made from soft twill, this dress has slim straps, a square neck with ruched detail and an asymmetrical skirt hem. Wear it with flat or heeled sandals. Strap Type: AdjustableNeckline: Square NeckSleeve Length: SleevelessApparel Length: 34.75 Inches - Back, 37 Inches - FrontDress Length: Long LengthFiber Content: 100% Tencel LyocellFabric Description: Twill, DenimLining: UnlinedCare: Machine Wash, Tumble DryCountry of Origin: Imported",,,"https://jcpenney.scene7.com/is/image/JCPenney/DP0521202509051356M, https://jcpenney.scene7.com/is/image/JCPenney/DP0521202509051251M, https://jcpenney.scene7.com/is/image/JCPenney/DP0521202509051459M",,,"Large, Medium, Small, X-Large, Xx-Large",Dark Wash
ppr5008573172,https://www.jcpenney.com/p/msk-womens-long-sleeve-dots-fit-flare-dress/ppr5008573172?pTmplType=regular,MSK Womens Long Sleeve Dots Fit + Flare Dress,MSK,24.15,69.00,65,"This MSK women's fit and flare dress is an elegant style you can wear to any cocktail party or dressy occasion. Made from chiffon, it comes lined with long balloon sleeves, a v-neck and a smocked waist. Wear it with pumps.Features: SmockedClosure Type: Pullover HeadNeckline: V NeckSleeve Length: Long SleeveSleeve Style: Balloon SleeveApparel Length: 36 InchesDress Length: Knee LengthFiber Content: 100% PolyesterFabric Description: ChiffonLining: Fully LinedLining Material: PolyesterCare: Hand Wash, Line DryMaterial: ChiffonBody Type: PearCountry of Origin: Imported",,,"https://jcpenney.scene7.com/is/image/JCPenney/DP0804202507052505M, https://jcpenney.scene7.com/is/image/JCPenney/DP0804202507052296M, https://jcpenney.scene7.com/is/image/JCPenney/DP0804202507052400M",,,Small,Rich Black
ppr5008528958,https://www.jcpenney.com/p/ana-womens-plus-long-sleeve-paisley-peasant-dress/ppr5008528958?pTmplType=regular,a.n.a Womens Plus Long Sleeve Paisley Peasant Dress,A.N.A,23.39,78.00,70,"a.n.a womens Long Sleeve High Low Paisley A-Line Dress offers boho-inspired elegance with a flowing hem and bold paisley print. The lightweight fabric ensures comfort and movement, while the A-line cut flatters every figure. Pair with knee-high boots or wedges for effortless seasonal style.Closure Type: Pullover HeadNeckline: V NeckSleeve Length: Long SleeveSleeve Style: Raglan SleeveApparel Length: 58 Inches - Front, 49 Inches - BackDress Length: Long LengthFiber Content: 100% PolyesterFabric Description: Plain WeaveLining: LinedLining Material: PolyesterCare: Machine WashCountry of Origin: Imported",,,"https://jcpenney.scene7.com/is/image/JCPenney/DP0909202509121559M, https://jcpenney.scene7.com/is/image/JCPenney/DP0909202509121350M, https://jcpenney.scene7.com/is/image/JCPenney/DP0909202509121455M",4.0,1,5X,Whimsy Paisley
ppr5008535475,https://www.jcpenney.com/p/stylus-womens-plus-long-sleeve-midi-sweater-dress/ppr5008535475?pTmplType=regular,Stylus Womens Plus Long Sleeve Midi Sweater Dress,STYLUS,20.39,68.00,70,"Stay cozy in style with this chic oversized women's plus sweater by Stylus. Made from soft brushed knit, this midi dress has a ribbed turtleneck, long sleeves and leg splits. Wear it with booties.Closure Type: Pullover HeadNeckline: TurtleneckSleeve Length: Long SleeveSleeve Style: Fitted SleeveApparel Length: 51 InchesDress Length: Midi LengthFabric Description: KnitCare: Machine Wash, Tumble DryCountry of Origin: Imported",,,"https://jcpenney.scene7.com/is/image/JCPenney/DP0909202509115052M, https://jcpenney.scene7.com/is/image/JCPenney/DP0909202509114843M, https://jcpenney.scene7.com/is/image/JCPenney/DP0909202509114947M",1.0,1,"1X, 2X, 3X",Palace Blue
ppr5008513869,https://www.jcpenney.com/p/ana-womens-long-sleeve-sweater-dress/ppr5008513869?pTmplType=regular,a.n.a Womens Long Sleeve Sweater Dress,A.N.A,23.19,58.00,60,"This a.n.a women's long-sleeve sweater features a classic cable-knit design and cream color, making it a cozy yet chic essential for cold-weather days. This pullover has a slightly oversized fit with a crew neck and long drop-shoulder sleeves.Closure Type: Pullover HeadNeckline: Crew NeckSleeve Length: Long SleeveSleeve Style: Drop-Shoulder SleeveApparel Length: 30 InchesDress Length: Short LengthFiber Content: 63% Acrylic, 37% NylonFabric Description: KnitCare: Machine Wash, Tumble DryCountry of Origin: Imported",,,"https://jcpenney.scene7.com/is/image/JCPenney/DP0929202509221847M, https://jcpenney.scene7.com/is/image/JCPenney/DP0929202509221637M, https://jcpenney.scene7.com/is/image/JCPenney/DP0929202509221742M",5.0,1,"Large, Medium, Small, X-Large, X-Small, Xx-Large",Birch
ppr5008503730,https://www.jcpenney.com/p/worthington-womens-long-sleeve-geometric-shirt-dress/ppr5008503730?pTmplType=regular,Worthington Womens Long Sleeve Geometric Shirt Dress,Worthington,23.39,78.00,70,"This Worthington women's shirt dress makes a statement with its eye-catching geometric pattern and a long flowy silhouette. Made from a recycled woven fabric and fully lined, it features a V-neckline, long balloon sleeves, a button-front closure, and a belted waist for added shape. Pair with strappy heels and gold-tone accessories. Closure Type: ButtonNeckline: V NeckSleeve Length: Long SleeveSleeve Style: Balloon SleeveApparel Length: 51 InchesDress Length: Long LengthFiber Content: 69% Polyester, 31% Recycled PolyesterFabric Description: WovenLining: LinedLining Material: PolyesterCare: Tumble Dry, Machine WashCountry of Origin: Imported",,,"https://jcpenney.scene7.com/is/image/JCPenney/DP0707202509035418M, https://jcpenney.scene7.com/is/image/JCPenney/DP0707202509035210M, https://jcpenney.scene7.com/is/image/JCPenney/DP0707202509035313M",,,"Large, Medium, Small, X-Large, X-Small, Xx-Large",Diamond Geo
ppr5008457711,https://www.jcpenney.com/p/studio-1-womens-3-4-sleeve-sweater-dress/ppr5008457711?pTmplType=regular,Studio 1 Womens 3/4 Sleeve Sweater Dress,STUDIO 1,23.69,79.00,70,"This Studio 1 women's short fitted sweater dress is a chic preppy addition to your work or play wardrobe. It's crafted from boucle with a scoop neck, 3/4 sleeves and textured trims. Wear it with booties. Closure Type: Pullover HeadNeckline: Scoop NeckSleeve Length: 3/4 SleeveSleeve Style: Ruffled SleeveApparel Length: 37 InchesDress Length: Short LengthFiber Content: 78% Rayon, 22% PolyesterFabric Description: BoucleCare: Machine Wash, Dry FlatMaterial: Rayon BlendCountry of Origin: Imported",,,"https://jcpenney.scene7.com/is/image/JCPenney/DP0814202409031065M, https://jcpenney.scene7.com/is/image/JCPenney/DP0814202409030963M, https://jcpenney.scene7.com/is/image/JCPenney/DP0814202409031166M",5.0,1,"Large, Medium, X-Large",Brown Ivory
ppr5008526934,https://www.jcpenney.com/p/ana-womens-long-sleeve-high-low-paisley-a-line-dress/ppr5008526934?pTmplType=regular,a.n.a Womens Long Sleeve High-Low Paisley A-Line Dress,A.N.A,22.19,74.00,70,"a.n.a womens Long Sleeve High Low Paisley A-Line Dress offers boho-inspired elegance with a flowing hem and bold paisley print. The lightweight fabric ensures comfort and movement, while the A-line cut flatters every figure. Pair with knee-high boots or wedges for effortless seasonal style.Neckline: V NeckSleeve Length: Long SleeveSleeve Style: Raglan SleeveApparel Length: 47 Inches - Front, 56 Inches - BackDress Length: High Low LengthFiber Content: 100% PolyesterFabric Description: CrinkleLining: LinedLining Material: PolyesterCare: Machine Wash, Tumble DryMaterial: ChiffonCountry of Origin: Imported",,,"https://jcpenney.scene7.com/is/image/JCPenney/DP0909202509110871M, https://jcpenney.scene7.com/is/image/JCPenney/DP0909202509110767M, https://jcpenney.scene7.com/is/image/JCPenney/DP0909202509110663M",5.0,2,"Small, X-Large, X-Small",Whimsy Paisley
ppr5008573171,https://www.jcpenney.com/p/msk-womens-long-sleeve-floral-shift-dress/ppr5008573171?pTmplType=regular,MSK Womens Long Sleeve Floral Shift Dress,MSK,24.15,69.00,65,"MSK womens Long Sleeve Floral Shift Dress combines soft florals with effortless sophistication. The lightweight fabric drapes beautifully, creating a flattering fit for any occasion. Pair with heels or flats for a chic day-to-evening transition.Closure Type: Pullover HeadNeckline: V NeckSleeve Length: Long SleeveSleeve Style: Balloon SleeveApparel Length: 36 InchesDress Length: Knee LengthFiber Content: 52.3% Metallic, 47.7% PolyesterFabric Description: MeshLining: Fully LinedLining Material: PolyesterCare: Hand Wash, Line DryMaterial: MeshBody Type: PearCountry of Origin: Imported",,,"https://jcpenney.scene7.com/is/image/JCPenney/DP0804202507052921M, https://jcpenney.scene7.com/is/image/JCPenney/DP0804202507052714M, https://jcpenney.scene7.com/is/image/JCPenney/DP0804202507052818M",3.7,3,"Large, Medium, Small, X-Large",Black Gold
ppr5008442708,https://www.jcpenney.com/p/r-k-originals-womens-short-sleeve-plaid-shift-dress/ppr5008442708?pTmplType=regular,R & K Originals Womens Short Sleeve Plaid Shift Dress,R & K ORIGINALS,20.69,69.00,70,"Channel fall and cooler temps in this stylish R & K Originals women's plaid shift dress. Made from a soft stretch-knit with short sleeves, this knee-length dress is perfect to wear with heeled pumps or ankle boots.Closure Type: ButtonNeckline: Round NeckSleeve Length: Short SleeveApparel Length: 36.5 InchesDress Length: Knee LengthFiber Content: 97% Polyester, 3% SpandexFabric Description: KnitCare: Line Dry, Machine WashCountry of Origin: Imported",,,"https://jcpenney.scene7.com/is/image/JCPenney/DP0701202409110043M, https://jcpenney.scene7.com/is/image/JCPenney/DP0701202409105942M, https://jcpenney.scene7.com/is/image/JCPenney/DP0701202409110146M",4.7,6,"Large, Medium, Small, X-Large",Grey Brown
ppr5008589467,https://www.jcpenney.com/p/liz-claiborne-womens-sleeveless-midi-leaf-a-line-dress/ppr5008589467?pTmplType=regular,Liz Claiborne Womens Sleeveless Midi Leaf A-Line Dress,LIZ CLAIBORNE,24.29,54.00,55,"You'll love the fresh tropical leaf print of this Liz Claiborne women's a-line dress for vacations or effortless warm-weather style. Made from stretch-twill, this sleeveless knee-length dress features a split crew neckline and a pleated back to create a flowy, relaxed shape. Wear it with wedge sandals or flats.Closure Type: Pullover HeadNeckline: Split Crew NeckSleeve Length: SleevelessApparel Length: 25 InchesDress Length: Midi LengthFiber Content: 89% Rayon, 11% NylonFabric Description: TwillCare: Machine Wash, Tumble DryCountry of Origin: Imported",,,"https://jcpenney.scene7.com/is/image/JCPenney/DP1113202509054042M, https://jcpenney.scene7.com/is/image/JCPenney/DP1113202509053835M, https://jcpenney.scene7.com/is/image/JCPenney/DP1113202509053938M",3.0,2,X-Small,Porcelain Rose Pal
ppr5008549328,https://www.jcpenney.com/p/city-triangle-womens-juniors-long-sleeve-velvet-bodycon-dress/ppr5008549328?pTmplType=regular,City Triangle Womens Juniors Long Sleeve Velvet Bodycon Dress,CITY TRIANGLE,23.19,54.00,57,"This City Triangle women's and junior's velvet bodycon dress will make you feel the part at a cocktail party or night out. Made from soft stretch-velvet, this short fitted dress has a ruched square neck bodice and long sleeves. Finish the look with pumps and a clutch.Features: Stretch Fabric, Built In BraClosure Type: Hook & Eye, ZipperNeckline: Square NeckSleeve Length: Long SleeveSleeve Style: Fitted SleeveApparel Length: 34 InchesDress Length: Short LengthFiber Content: 95% Polyester, 5% SpandexFabric Description: VelvetLining: LinedLining Material: PolyesterCare: Dry Clean OnlyMaterial: VelvetWedding Occasion: Guest of WeddingCountry of Origin: Imported",,,"https://jcpenney.scene7.com/is/image/JCPenney/DP0804202513010780M, https://jcpenney.scene7.com/is/image/JCPenney/DP0804202513010674M, https://jcpenney.scene7.com/is/image/JCPenney/DP0804202513010885M, https://jcpenney.scene7.com/is/image/JCPenney/DP0703202511003531M",,,"Medium, Small, X-Small",Black
ppr5008552213,https://www.jcpenney.com/p/forever-21-womens-juniors-sleeveless-midi-slip-dress/ppr5008552213?pTmplType=regular,Forever 21 Womens Juniors Sleeveless Midi Slip Dress,Forever 21,20.39,34.00,40,"Closure Type: Pullover HeadNeckline: Mock NeckSleeve Length: SleevelessSleeve Style: SleevelessApparel Length: 48.5 Inches - FrontDress Length: Midi LengthFiber Content: 68% Rayon, 27% Nylon, 5% SpandexFabric Description: PonteLining: UnlinedCare: Machine Wash, Tumble DryMaterial: KnitCountry of Origin: Imported",,,"https://jcpenney.scene7.com/is/image/JCPenney/DP0815202511015464M, https://jcpenney.scene7.com/is/image/JCPenney/DP0815202511015361M, https://jcpenney.scene7.com/is/image/JCPenney/DP0815202511015257M",,,"Large, Medium",Black
ppr5008552215,https://www.jcpenney.com/p/forever-21-womens-juniors-short-sleeve-midi-slip-dress/ppr5008552215?pTmplType=regular,Forever 21 Womens Juniors Short Sleeve Midi Slip Dress,Forever 21,20.39,34.00,40,"Features: Side SlitClosure Type: Pullover HeadNeckline: Boat NeckSleeve Length: Short SleeveSleeve Style: Fitted SleeveApparel Length: 48.5 Inches - FrontDress Length: Midi LengthFiber Content: 68% Rayon, 27% Nylon, 5% SpandexFabric Description: PonteLining: UnlinedCare: Machine Wash, Tumble DryMaterial: KnitCountry of Origin: Imported",,,"https://jcpenney.scene7.com/is/image/JCPenney/DP0726202513063841M, https://jcpenney.scene7.com/is/image/JCPenney/DP0726202513063631M, https://jcpenney.scene7.com/is/image/JCPenney/DP0726202513063736M",5.0,1,"Large, X-Small",Cabernet
ppr5008499284,https://www.jcpenney.com/p/melonie-t-womens-sleeveless-striped-maxi-dress/ppr5008499284?pTmplType=regular,Melonie T Womens Sleeveless Striped Maxi Dress,MELONIE T,22.19,89.00,75,"This Melonie T women's striped maxi dress is the perfect pick for sunshine-filled days. Made from colorful crochet and fully lined for coverage, it features a square neckline, thin straps, and a belted waist. Pair it with strappy sandals. Included: 1 Belt(s)Features: Hidden Closure, BeltedClosure Type: ZipperNeckline: Square NeckSleeve Length: SleevelessApparel Length: 54.5 Inches - Front, 52 Inches - BackDress Length: Long LengthFiber Content: 100% PolyesterFabric Description: CrochetLining: Fully LinedLining Material: PolyesterCare: Line Dry, Hand WashCountry of Origin: Imported",,,"https://jcpenney.scene7.com/is/image/JCPenney/DP0314202511011084M, https://jcpenney.scene7.com/is/image/JCPenney/DP0314202511010979M, https://jcpenney.scene7.com/is/image/JCPenney/DP0314202511011188M",5.0,5,"14, 16",Ecru Multi
ppr5008618501,https://www.jcpenney.com/p/forever-21-womens-juniors-sleeveless-sequin-bodycon-dress/ppr5008618501?pTmplType=regular,Forever 21 Womens Juniors Sleeveless Sequin Bodycon Dress,Forever 21,22.79,38.00,40,"Strap Type: SpaghettiFeatures: SequinsClosure Type: Pull On, TieNeckline: Sweetheart NeckSleeve Length: SleevelessApparel Length: 29.75 Inches - FrontDress Length: Short LengthFiber Content: 95% Polyester, 5% SpandexFabric Description: KnitLining: Fully LinedCare: Hand Wash, Line DryCountry of Origin: Imported",,,"https://jcpenney.scene7.com/is/image/JCPenney/DP0918202513034234M, https://jcpenney.scene7.com/is/image/JCPenney/DP0918202513034026M, https://jcpenney.scene7.com/is/image/JCPenney/DP0918202513034129M",,,"Large, Medium, Small, X-Large",Black
ppr5008547292,https://www.jcpenney.com/p/bold-elements-womens-plus-long-sleeve-casual-zebra-bodycon-dress/ppr5008547292?pTmplType=regular,Bold Elements Womens Plus Long Sleeve Casual Zebra Bodycon Dress,BOLD ELEMENTS,20.99,70.00,70,"This Bold Elements women's zebra-print dress is an on-trend update for your party wardrobe. Made from stretch-jersey, this fitted short dress has an asymmetrical neckline and long sleeves. Wear it with pumps.Closure Type: Pullover HeadNeckline: Asymmetrical NeckSleeve Length: Long SleeveSleeve Style: Fitted SleeveApparel Length: 35 InchesDress Length: Short LengthFiber Content: 52% Nylon, 29% Polyester, 19% SpandexFabric Description: JerseyLining: Partially LinedLining Material: PolyesterCare: Machine Wash, Tumble DryCountry of Origin: Imported",,,"https://jcpenney.scene7.com/is/image/JCPenney/DP0919202509204267M, https://jcpenney.scene7.com/is/image/JCPenney/DP0919202509204057M, https://jcpenney.scene7.com/is/image/JCPenney/DP0919202509204162M",,,"2X, 3X",Zebra Print
ppr5008440044,https://www.jcpenney.com/p/jessica-howard-womens-3-4-sleeve-plaid-shift-dress/ppr5008440044?pTmplType=regular,Jessica Howard Womens 3/4 Sleeve Plaid Shift Dress,JESSICA HOWARD,20.69,69.00,70,"This Jessica Howard women's shift dress features a beautiful multicolor plaid print to upgrade your fall and winter wardrobe with. This short dress has a boat neckline, side pockets for added functionality and 3/4 bell sleeves for a feminine touch. Wear it to the office or brunch with boots. Closure Type: ButtonNeckline: Boat NeckPocket Types: 2 Side Slip Pocket(s)Sleeve Length: 3/4 SleeveSleeve Style: Bell SleeveApparel Length: 36 Inches - BackDress Length: Short LengthFiber Content: 97% Polyester, 3% SpandexFabric Description: KnitLining Material: PolyesterCare: Dry Flat, Machine WashCountry of Origin: Imported",,,"https://jcpenney.scene7.com/is/image/JCPenney/DP0715202409033163M, https://jcpenney.scene7.com/is/image/JCPenney/DP0715202409033061M, https://jcpenney.scene7.com/is/image/JCPenney/DP0715202409033265M",5.0,1,"Large, Medium, Small",Red Multi
ppr5008513243,https://www.jcpenney.com/p/city-triangle-womens-juniors-embroidered-babydoll-dress/ppr5008513243?pTmplType=regular,City Triangle Womens Juniors Embroidered Babydoll Dress,CITY TRIANGLE,22.39,64.00,65,"Strap Type: TankFeatures: Embroidered, SmockedClosure Type: Pullover HeadNeckline: Straight NeckApparel Length: 34 InchesDress Length: Short LengthFiber Content: 97% Cotton, 3% SpandexFabric Description: PoplinLining: Partially LinedLining Material: PolyesterCare: Dry Clean OnlyMaterial: Cotton BlendWedding Occasion: Guest of WeddingCountry of Origin: Imported",,,"https://jcpenney.scene7.com/is/image/JCPenney/DP0327202507114619M, https://jcpenney.scene7.com/is/image/JCPenney/DP0327202507114514M, https://jcpenney.scene7.com/is/image/JCPenney/DP0327202507114722M",,,"Medium, X-Small",Black Cream
ppr5008544516,https://www.jcpenney.com/p/rm-rebecca-minkoff-womens-short-sleeve-shift-dress/ppr5008544516?pTmplType=regular,RM Rebecca Minkoff Womens Short Sleeve Shift Dress,RM REBECCA MINKOFF,22.19,74.00,70,"Modern and minimal, this RM Rebecca Minkoff mini dress brings subtle shine to your everyday style. The relaxed fit and short sleeves keep things easy and effortless. A front seam detail adds structure to the clean silhouette. Crafted from soft silver lurex knit with a hint of shimmer.Closure Type: Pullover HeadNeckline: Crew NeckPocket Types: 2 Side Slip Pocket(s)Sleeve Length: Short SleeveApparel Length: 34 InchesDress Length: Short LengthFiber Content: 40% Rayon, 40% Polyester, 10% Nylon, 6% Lurex Metallic, 4% SpandexFabric Description: KnitCare: Tumble Dry, Machine WashCountry of Origin: Imported",,,"https://jcpenney.scene7.com/is/image/JCPenney/DP0801202507202108M, https://jcpenney.scene7.com/is/image/JCPenney/DP0801202507201899M, https://jcpenney.scene7.com/is/image/JCPenney/DP0801202507202213M, https://jcpenney.scene7.com/is/image/JCPenney/DP0801202507202004M",,,"Large, Medium, Small, X-Large, X-Small, Xx-Large",Heather Grey
ppr5008513244,https://www.jcpenney.com/p/city-triangle-womens-short-sleeve-juniors-floral-babydoll-dress/ppr5008513244?pTmplType=regular,City Triangle Womens Short Sleeve Juniors Floral Babydoll Dress,CITY TRIANGLE,23.59,59.00,60,"The City Triangle women’s babydoll dress features a colorful floral floral pattern that instantly brings the romance to your look. It's made from a lightweight chiffon, and features a split sweetheart neckline, and puff sleeves with an elastic ruffle trim. Add white sneakers and a crossbody bag for a cute, carefree outfit.Features: Bow, Cut OutsClosure Type: Pullover HeadNeckline: V NeckSleeve Length: Short SleeveSleeve Style: Puffed SleeveApparel Length: 34 InchesDress Length: Short LengthFiber Content: 100% PolyesterFabric Description: ChiffonLining: LinedLining Material: PolyesterCare: Line Dry, Machine WashMaterial: ChiffonWedding Occasion: Guest of WeddingCountry of Origin: Imported",,,"https://jcpenney.scene7.com/is/image/JCPenney/DP0327202507115135M, https://jcpenney.scene7.com/is/image/JCPenney/DP0327202507114928M, https://jcpenney.scene7.com/is/image/JCPenney/DP0327202507115238M, https://jcpenney.scene7.com/is/image/JCPenney/DP0327202507115032M",,,"Large, Medium, Small, X-Large, X-Small, Xx-Large",Pink Berry
ppr5008552267,https://www.jcpenney.com/p/forever-21-womens-juniors-plus-sleeveless-midi-casual-bodycon-dress/ppr5008552267?pTmplType=regular,Forever 21 Womens Juniors Plus Sleeveless Midi Casual Bodycon Dress,Forever 21,20.39,34.00,40,"Strap Type: TankFeatures: Side SlitClosure Type: Pullover HeadNeckline: Scoop NeckSleeve Length: SleevelessSleeve Style: SleevelessApparel Length: 46.25 Inches - FrontDress Length: Midi LengthFiber Content: 68% Rayon, 27% Nylon, 5% SpandexFabric Description: PonteLining: UnlinedCare: Machine Wash, Tumble DryMaterial: KnitCountry of Origin: Imported",,,"https://jcpenney.scene7.com/is/image/JCPenney/DP0707202509150611M, https://jcpenney.scene7.com/is/image/JCPenney/DP0707202509150402M, https://jcpenney.scene7.com/is/image/JCPenney/DP0707202509150506M",,,"2X, 3X",Black
ppr5008512004,https://www.jcpenney.com/p/bold-elements-womens-sleeveless-bodycon-dress/ppr5008512004?pTmplType=regular,Bold Elements Womens Sleeveless Bodycon Dress,BOLD ELEMENTS,23.99,80.00,70,"Closure Type: TieNeckline: Halter NeckSleeve Length: SleevelessApparel Length: 32.13 InchesDress Length: Short LengthFiber Content: 68% Rayon, 27% Nylon, 5% SpandexFabric Description: PonteCare: Hand Wash, Line DryCountry of Origin: Imported",,,"https://jcpenney.scene7.com/is/image/JCPenney/DP0623202509062439M, https://jcpenney.scene7.com/is/image/JCPenney/DP0623202509062230M, https://jcpenney.scene7.com/is/image/JCPenney/DP0623202509062335M",,,"Large, Medium, Small, X-Large, X-Small, Xx-Large",Black
ppr5008547564,https://www.jcpenney.com/p/womens-juniors-sleeveless-hello-kitty-casual-bodycon-dress/ppr5008547564?pTmplType=regular,Womens Juniors Sleeveless Hello Kitty Casual Bodycon Dress,Bio,21.59,48.00,55,"Strap Type: SpaghettiCharacter: Hello KittyClosure Type: Pullover HeadNeckline: Scoop NeckSleeve Length: SleevelessApparel Length: 34 InchesDress Length: Short LengthFiber Content: 95% Cotton, 5% SpandexFabric Description: JerseyCare: Machine Wash, Tumble DryCountry of Origin: Imported",,,"https://jcpenney.scene7.com/is/image/JCPenney/DP0808202511023610M, https://jcpenney.scene7.com/is/image/JCPenney/DP0808202511023400M, https://jcpenney.scene7.com/is/image/JCPenney/DP0808202511023505M, https://jcpenney.scene7.com/is/image/JCPenney/DP0808202511023296M",1.0,1,"X-Large, Xx-Large",Pink
ppr5008537497,https://www.jcpenney.com/p/city-triangle-womens-juniors-short-sleeve-floral-fit-flare-dress/ppr5008537497?pTmplType=regular,City Triangle Womens Juniors Short Sleeve Floral Fit + Flare Dress,CITY TRIANGLE,22.39,64.00,65,"Features: Smocked, Tiered, Lace TrimClosure Type: Pullover HeadNeckline: Square NeckSleeve Length: Short SleeveSleeve Style: Puffed SleeveApparel Length: 34.5 InchesDress Length: Short LengthFiber Content: 100% PolyesterFabric Description: ChiffonLining: LinedLining Material: PolyesterCare: Line Dry, Machine WashMaterial: ChiffonWedding Occasion: Guest of WeddingCountry of Origin: Imported",,,"https://jcpenney.scene7.com/is/image/JCPenney/DP0722202509023972M, https://jcpenney.scene7.com/is/image/JCPenney/DP0722202509023868M, https://jcpenney.scene7.com/is/image/JCPenney/DP0722202509024076M",4.0,1,"Large, Medium, X-Small",Blk Mauve
ppr5008460542,https://www.jcpenney.com/p/studio-1-womens-short-sleeve-embellished-pearl-trim-sweater-dress/ppr5008460542?pTmplType=regular,Studio 1 Womens Short Sleeve Embellished Pearl Trim Sweater Dress,STUDIO 1,23.69,79.00,70,"This Studio 1 women's sweater dress is an easy pick to wear to the office or a dressed-up occasion. It's crafted from soft knit fabric and has a scoop neckline adorned with a pearl trim, short fitted sleeves with fringe detailing and a knee length silhouette. Pair it with boots or heels. Features: Embellished, Pearl TrimNeckline: Scoop NeckSleeve Length: Short SleeveSleeve Style: Fitted SleeveApparel Length: 37 InchesDress Length: Knee LengthFiber Content: 50% Rayon, 28% Polyester, 22% NylonFabric Description: KnitCare: Dry Flat, Machine WashMaterial: RayonCountry of Origin: Imported",,,"https://jcpenney.scene7.com/is/image/JCPenney/DP0904202409024828M, https://jcpenney.scene7.com/is/image/JCPenney/DP0904202409024726M, https://jcpenney.scene7.com/is/image/JCPenney/DP0904202409024930M",4.0,1,"Large, Medium, Small, X-Large",Gray
ppr5008552627,https://www.jcpenney.com/p/trixxi-womens-juniors-short-sleeve-floral-fit-flare-dress/ppr5008552627?pTmplType=regular,Trixxi Womens Juniors Short Sleeve Floral Fit + Flare Dress,TRIXXI,22.39,64.00,65,"Closure Type: Pullover HeadNeckline: V NeckSleeve Length: Short SleeveSleeve Style: Puffed SleeveApparel Length: 33 InchesDress Length: Short LengthFiber Content: 100% PolyesterFabric Description: WovenLining: Fully LinedLining Material: PolyesterCare: Hand Wash, Line DryWedding Occasion: Guest of WeddingCountry of Origin: Imported",,,"https://jcpenney.scene7.com/is/image/JCPenney/DP0617202507064165M, https://jcpenney.scene7.com/is/image/JCPenney/DP0617202507064060M, https://jcpenney.scene7.com/is/image/JCPenney/DP0617202507064374M, https://jcpenney.scene7.com/is/image/JCPenney/DP0617202507064269M, https://jcpenney.scene7.com/is/image/JCPenney/DP0617202507063956M",,,Small,"Burgflor, Black"
ppr5008552621,https://www.jcpenney.com/p/trixxi-womens-juniors-sleeveless-floral-fit-flare-dress/ppr5008552621?pTmplType=regular,Trixxi Womens Juniors Sleeveless Floral Fit + Flare Dress,TRIXXI,31.99,64.00,50,"Strap Type: AdjustableClosure Type: Pullover HeadNeckline: V NeckSleeve Length: SleevelessSleeve Style: SleevelessApparel Length: 33 InchesDress Length: Short LengthFiber Content: 100% PolyesterFabric Description: WovenLining: Fully LinedLining Material: PolyesterCare: Line Dry, Hand WashWedding Occasion: Guest of WeddingCountry of Origin: Imported",,,"https://jcpenney.scene7.com/is/image/JCPenney/DP0623202507053441M, https://jcpenney.scene7.com/is/image/JCPenney/DP0623202507053336M, https://jcpenney.scene7.com/is/image/JCPenney/DP0623202507053753M, https://jcpenney.scene7.com/is/image/JCPenney/DP0623202507053650M, https://jcpenney.scene7.com/is/image/JCPenney/DP0623202507053232M",,,"Medium, Small","Black, Pinkflrmult"
ppr5008618524,https://www.jcpenney.com/p/forever-21-womens-juniors-sleeveless-fit-flare-dress/ppr5008618524?pTmplType=regular,Forever 21 Womens Juniors Sleeveless Fit + Flare Dress,Forever 21,22.79,38.00,40,"This Forever 21 women's and junior's bubble dress is an on-trend chic addition to your evening rotation. Crafted from stretch-ponte, this sleeveless short fit and flare style has a square neck and a rhinestone embellished bubble skirt to add form. Wear it with heels or ankle boots.Strap Type: StraplessFeatures: RhinestonesClosure Type: Pull OnNeckline: Straight NeckSleeve Length: SleevelessApparel Length: 25 Inches - FrontDress Length: Short LengthFiber Content: 95% Polyester, 5% ElastaneFabric Description: PonteLining: Partially LinedCare: Hand WashCountry of Origin: Imported",,,"https://jcpenney.scene7.com/is/image/JCPenney/DP0918202513040325M, https://jcpenney.scene7.com/is/image/JCPenney/DP0918202513040116M, https://jcpenney.scene7.com/is/image/JCPenney/DP0918202513040220M",,,"Large, Medium, Small, X-Large, X-Small",Black White
ppr5008503729,https://www.jcpenney.com/p/bold-elements-womens-sleeveless-animal-maxi-dress/ppr5008503729?pTmplType=regular,Bold Elements Womens Sleeveless Animal Maxi Dress,BOLD ELEMENTS,20.99,70.00,70,"All eyes will be on you wearing this ultra-glam Bold Elements women's royal purple leopard-print maxi dress. Made from stretch jersey, it features an asymmetrical neckline, a gold-tone ring adorned shoulder and a long length. Wear it with stilettos.Neckline: Asymmetrical NeckSleeve Length: SleevelessApparel Length: 53 InchesDress Length: Knee LengthFiber Content: 100% PolyesterFabric Description: JerseyLining: UnlinedCare: Tumble Dry, Machine WashCountry of Origin: Imported",,,"https://jcpenney.scene7.com/is/image/JCPenney/DP0428202509105301M, https://jcpenney.scene7.com/is/image/JCPenney/DP0428202509105197M, https://jcpenney.scene7.com/is/image/JCPenney/DP0428202509105405M",5.0,3,Petite Small,Animal Melange
ppr5008500960,https://www.jcpenney.com/p/premier-amour-womens-3-4-sleeve-floral-fit-flare-dress/ppr5008500960?pTmplType=regular,Premier Amour Womens 3/4 Sleeve Floral Fit + Flare Dress,PREMIER AMOUR,23.69,79.00,70,"This Premier Amour women's floral fit and flare dress is a chic floaty style that's perfect for a cocktail party or gathering. Made from soft chiffon, this knee-length dress comes fully lined with a smocked waistband, off-the-shoulder 3/4 sleeves and tiered skirt layers. Wear it with heels and a clutch.Features: SmockedClosure Type: Pullover HeadNeckline: Boat NeckSleeve Length: 3/4 SleeveSleeve Style: Ruffled SleeveApparel Length: 34 InchesDress Length: Short LengthFiber Content: 100% PolyesterFabric Description: ChiffonLining: LinedLining Material: PolyesterCare: Machine WashMaterial: ChiffonWedding Occasion: Guest of WeddingCountry of Origin: Imported",,,"https://jcpenney.scene7.com/is/image/JCPenney/DP0206202507120322M, https://jcpenney.scene7.com/is/image/JCPenney/DP0206202507120117M, https://jcpenney.scene7.com/is/image/JCPenney/DP0206202507120424M, https://jcpenney.scene7.com/is/image/JCPenney/DP0206202507120219M",5.0,2,14 Petite,Off White Mauve
ppr5008448527,https://www.jcpenney.com/p/r-k-originals-womens-long-sleeve-shift-dress/ppr5008448527?pTmplType=regular,R & K Originals Womens Long Sleeve Shift Dress,R & K ORIGINALS,20.69,69.00,70,"This women's patterned shift dress by R&K Originals is a comfortable on-trend style for your fall and winter wardrobe. Made from a soft stretchy knit, this mod-style knee-length dress has a cowl neckline and long ruched sleeves. Wear it with your favorite boots and earrings. Closure Type: ButtonNeckline: Cowl NeckSleeve Length: Long SleeveSleeve Style: Fitted SleeveApparel Length: 36.5 InchesDress Length: Knee LengthFiber Content: 97% Polyester, 3% SpandexFabric Description: KnitCare: Line Dry, Machine WashCountry of Origin: Imported",,,"https://jcpenney.scene7.com/is/image/JCPenney/DP0828202411173750M, https://jcpenney.scene7.com/is/image/JCPenney/DP0828202411173649M, https://jcpenney.scene7.com/is/image/JCPenney/DP0828202411173851M",5.0,1,Large,Wine Gray
ppr5008448590,https://www.jcpenney.com/p/emerald-sundae-womens-juniors-sleeveless-bodycon-dress/ppr5008448590?pTmplType=regular,Emerald Sundae Womens Juniors Sleeveless Bodycon Dress,EMERALD SUNDAE,20.69,69.00,70,"This Emerald Sundae women's and junior's bodycon mini dress is a fun, flirty option for a night out. Crafted from soft stretch-mesh in a chic muted hue, this sleeveless short dress has a square neck, spaghetti straps and ruching on the bust and sides. Wear it with stilettos and a statement necklace. Strap Type: SpaghettiClosure Type: Pullover HeadNeckline: Square NeckSleeve Length: SleevelessSleeve Style: SleevelessApparel Length: 27 Inches - FrontDress Length: Short LengthFiber Content: 79% Nylon, 21% SpandexFabric Description: MeshLining Material: PolyesterCare: Hand Wash, Dry FlatWedding Occasion: Guest of WeddingCountry of Origin: Imported",,,"https://jcpenney.scene7.com/is/image/JCPenney/DP0823202411034972M, https://jcpenney.scene7.com/is/image/JCPenney/DP0823202411034870M, https://jcpenney.scene7.com/is/image/JCPenney/DP0823202411035074M",,,"Large, Medium, Small, X-Small",Iris
ppr5008513242,https://www.jcpenney.com/p/city-triangle-womens-juniors-patchwork-fit-flare-dress/ppr5008513242?pTmplType=regular,City Triangle Womens Juniors Patchwork Fit + Flare Dress,CITY TRIANGLE,23.59,59.00,60,"This City Triangle women's and junior's patchwork dress is a beautiful summer-ready style for a vacation or garden party. Made from a woven blend, this short sleeveless dress has a fit and flare shape with a ruched bodice and cut-out. Wear it with pumps or heels.Strap Type: TankFeatures: Cut Outs, Smocked, Lace TrimClosure Type: Pullover HeadNeckline: Sweetheart NeckApparel Length: 34 InchesDress Length: Short LengthFiber Content: 75% Rayon, 25% NylonFabric Description: WovenLining: Partially LinedLining Material: PolyesterCare: Machine Wash, Line DryMaterial: Rayon BlendWedding Occasion: Guest of WeddingCountry of Origin: Imported",,,"https://jcpenney.scene7.com/is/image/JCPenney/DP0327202507114202M, https://jcpenney.scene7.com/is/image/JCPenney/DP0327202507114099M, https://jcpenney.scene7.com/is/image/JCPenney/DP0327202507114306M",,,"Large, Medium, Small, X-Small",Ivory Pink Blk
ppr5008517076,https://www.jcpenney.com/p/b-smart-womens-sleeveless-juniors-floral-babydoll-dress/ppr5008517076?pTmplType=regular,B. Smart Womens Sleeveless Juniors Floral Babydoll Dress,BEE SMART,22.39,64.00,65,"Closure Type: TieNeckline: Sweetheart NeckPocket Types: 2 Side Slip Pocket(s)Sleeve Length: SleevelessSleeve Style: Ruffled SleeveApparel Length: 34 InchesDress Length: Short LengthFiber Content: 100% CottonFabric Description: VoileLining: LinedLining Material: PolyesterCare: Line Dry, Machine WashWedding Occasion: Guest of WeddingCountry of Origin: Imported",,,"https://jcpenney.scene7.com/is/image/JCPenney/DP0409202511024016M, https://jcpenney.scene7.com/is/image/JCPenney/DP0409202511023807M, https://jcpenney.scene7.com/is/image/JCPenney/DP0409202511024433M, https://jcpenney.scene7.com/is/image/JCPenney/DP0409202511024120M, https://jcpenney.scene7.com/is/image/JCPenney/DP0409202511024641M, https://jcpenney.scene7.com/is/image/JCPenney/DP0409202511024536M, https://jcpenney.scene7.com/is/image/JCPenney/DP0409202511024328M, https://jcpenney.scene7.com/is/image/JCPenney/DP0409202511023912M",,,"0, 1, 3, 5",Black Multi
ppr5008618513,https://www.jcpenney.com/p/forever-21-womens-juniors-sleeveless-animal-bodycon-dress/ppr5008618513?pTmplType=regular,Forever 21 Womens Juniors Sleeveless Animal Bodycon Dress,Forever 21,22.79,38.00,40,"This Forever 21 women's and junior's bodycon dress is a super chic twist on the trending semi-sheer and animal-print styles. This strapless dress is made stretch-mesh with a semi-sheer long skirt layer and a split. Wear it with heels. Strap Type: StraplessFeatures: Side SlitClosure Type: Pull OnNeckline: Straight NeckSleeve Length: SleevelessApparel Length: 51.5 Inches - FrontDress Length: Long LengthFiber Content: 95% Polyester, 5% SpandexFabric Description: MeshLining: Partially LinedCare: Machine WashWedding Occasion: Guest of WeddingCountry of Origin: Imported",,,"https://jcpenney.scene7.com/is/image/JCPenney/DP1020202509033731M, https://jcpenney.scene7.com/is/image/JCPenney/DP1020202509033523M, https://jcpenney.scene7.com/is/image/JCPenney/DP1020202509033628M",,,"Large, Medium, Small, X-Small","Animal, Black"
ppr5008474789,https://www.jcpenney.com/p/premier-amour-velvet-womens-plus-long-sleeve-sheath-dress/ppr5008474789?pTmplType=regular,Premier Amour Velvet Womens Plus Long Sleeve Sheath Dress,PREMIER AMOUR,23.69,79.00,70,"Features: Stretch FabricClosure Type: ZipperNeckline: Crew NeckSleeve Length: Long SleeveSleeve Style: Fitted SleeveApparel Length: 34 InchesDress Length: Short LengthFiber Content: 95% Polyester, 5% SpandexFabric Description: VelvetLining Material: PolyesterCare: Hand Wash, Line DryCountry of Origin: Imported",,,"https://jcpenney.scene7.com/is/image/JCPenney/DP0917202409010013M, https://jcpenney.scene7.com/is/image/JCPenney/DP0917202409005911M, https://jcpenney.scene7.com/is/image/JCPenney/DP0917202409005808M",3.0,1,"16W, 18W, 20W, 22W, 24W",Black
ppr5008512008,https://www.jcpenney.com/p/bold-elements-womens-long-sleeve-midi-abstract-bodycon-dress/ppr5008512008?pTmplType=regular,Bold Elements Womens Long Sleeve Midi Abstract Bodycon Dress,BOLD ELEMENTS,39.99,80.00,50,"This Bold Elements women's bodycon dress has a chic abstract pattern you will love wearing. Made from stretch-mesh, this pullover dress has a boat neckline and a midi length. Wear it with heels. Closure Type: Pullover HeadNeckline: Boat NeckSleeve Length: Long SleeveSleeve Style: Fitted SleeveApparel Length: 42.5 InchesDress Length: Midi LengthFiber Content: 95% Polyester, 5% SpandexFabric Description: MeshLining: Partially LinedLining Material: PolyesterCare: Machine Wash, Tumble DryCountry of Origin: Imported",,,"https://jcpenney.scene7.com/is/image/JCPenney/DP0606202509023103M, https://jcpenney.scene7.com/is/image/JCPenney/DP0606202509022895M, https://jcpenney.scene7.com/is/image/JCPenney/DP0606202509022998M",5.0,1,Small,Ikat Blur
ppr5008510586,https://www.jcpenney.com/p/bold-elements-womens-long-sleeve-cut-outs-sweater-dress/ppr5008510586?pTmplType=regular,Bold Elements Womens Long Sleeve Cut Outs Sweater Dress,BOLD ELEMENTS,39.99,80.00,50,"The Bold Elements women’s long sleeve cut-outs sweater dress merges cozy knit warmth with modern detail in the form of strategic cut-outs. The long sleeves balance the contemporary design for a confident silhouette. Pair with heeled boots and minimalist accessories for an evening-ready look.Features: Cut OutsClosure Type: Pullover HeadNeckline: Crew NeckSleeve Length: Long SleeveSleeve Style: Fitted SleeveApparel Length: 32 Inches - FrontDress Length: Short LengthFiber Content: 90% Cotton, 10% NylonFabric Description: KnitCare: Tumble Dry, Machine WashMaterial: Cotton BlendOwned & Founded: Women Owned/FoundedCountry of Origin: Imported",,,"https://jcpenney.scene7.com/is/image/JCPenney/DP0912202509254586M, https://jcpenney.scene7.com/is/image/JCPenney/DP0912202509254379M, https://jcpenney.scene7.com/is/image/JCPenney/DP0912202509254483M",,,"Large, Medium, Small",Burgundy Passion
ppr5007852091,https://www.jcpenney.com/p/j-taylor-womens-multi-way-shawl-cover-up/ppr5007852091?pTmplType=regular,J Taylor Womens Multi Way Shawl Cover-Up,J TAYLOR,20.69,46.00,55,"One Size Fits MostClosure Type: Open FrontFit: Loose FitNeckline: Open NeckSleeve Length: SleevelessApparel Length: 19.13 InchesFiber Content: 100% PolyesterCare: Hand Wash, Line DryCountry of Origin: Imported",,Loose Fit,"https://jcpenney.scene7.com/is/image/JCPenney/DP0827201915020094M, https://jcpenney.scene7.com/is/image/JCPenney/DP0827201915020083M, https://jcpenney.scene7.com/is/image/JCPenney/DP0827201915020080M, https://jcpenney.scene7.com/is/image/JCPenney/DP0827201915020086M, https://jcpenney.scene7.com/is/image/JCPenney/DP0827201915020091M, https://jcpenney.scene7.com/is/image/JCPenney/DP0827201915020088M",4.9,15,One Size Fits Most,Black
ppr5008458386,https://www.jcpenney.com/p/studio-1-womens-v-neck-3-4-sleeve-shrug/ppr5008458386?pTmplType=regular,Studio 1 Womens V Neck 3/4 Sleeve Shrug,STUDIO 1,20.59,59.00,65,"Features: Tie FrontClosure Type: BeltedFit: Regular FitNeckline: V NeckSleeve Length: 3/4 SleeveSleeve Style: Cap SleeveApparel Length: 48.5 InchesFiber Content: 100% PolyesterCollar: Peak LapelCare: Line Dry, Machine WashCountry of Origin: Imported RETURNS: This item must be returned in its original condition with the green return tag in place.",,Regular Fit,"https://jcpenney.scene7.com/is/image/JCPenney/DP1001202409163302M, https://jcpenney.scene7.com/is/image/JCPenney/DP1001202409163200M, https://jcpenney.scene7.com/is/image/JCPenney/DP1001202409163404M",1.0,1,"Large, Medium, Small, X-Large",Black
ppr5008657037,https://www.jcpenney.com/p/aeropostale-womens-juniors-short-sleeve-sundress/ppr5008657037?pTmplType=regular,AEROPOSTALE Womens Juniors Short Sleeve Sundress,AEROPOSTALE,28.99,49.95,42,"Closure Type: Pull OnSleeve Length: Short SleeveDress Length: Short LengthFiber Content: 100% RayonCare: Machine Wash, Tumble DryCountry of Origin: Imported",,,"https://jcpenney.scene7.com/is/image/JCPenney/DP0129202613073789M, https://jcpenney.scene7.com/is/image/JCPenney/DP0129202613074103M, https://jcpenney.scene7.com/is/image/JCPenney/DP0129202613073998M, https://jcpenney.scene7.com/is/image/JCPenney/DP0129202613073684M",,,"Large, Medium, Small, X-Large, X-Small, Xx-Large",Cream
ppr5008657038,https://www.jcpenney.com/p/aeropostale-womens-juniors-sleeveless-sundress/ppr5008657038?pTmplType=regular,AEROPOSTALE Womens Juniors Sleeveless Sundress,AEROPOSTALE,28.99,49.95,42,"Closure Type: Pull OnSleeve Length: SleevelessDress Length: Short LengthFiber Content: 100% CottonCare: Machine Wash, Tumble DryCountry of Origin: Imported",,,"https://jcpenney.scene7.com/is/image/JCPenney/DP1224202511121301M, https://jcpenney.scene7.com/is/image/JCPenney/DP1224202511121612M, https://jcpenney.scene7.com/is/image/JCPenney/DP1224202511121508M, https://jcpenney.scene7.com/is/image/JCPenney/DP1224202511121198M",5.0,1,"Large, Medium, Small, X-Large, X-Small, Xx-Large",Cream
ppr5008545271,https://www.jcpenney.com/p/forever-21-womens-sleeveless-juniors-romper/ppr5008545271?pTmplType=regular,Forever 21 Womens Sleeveless Juniors Romper,Forever 21,28.00,28.00,,"Features: Built-In Shorts, EmbellishedClosure Type: Pull OnFit: Modern FitNeckline: Straight NeckSleeve Length: SleevelessWarmth Factor: LightweightApparel Length: 24.5 InchesFiber Content: 95% Rayon, 5% SpandexFabric Description: JerseyLining Material: JerseyInseam: 1 1/2 InCare: Machine Wash, Tumble DryCountry of Origin: Imported",,Modern Fit,"https://jcpenney.scene7.com/is/image/JCPenney/DP0707202509143277M, https://jcpenney.scene7.com/is/image/JCPenney/DP0707202509143068M, https://jcpenney.scene7.com/is/image/JCPenney/DP0707202509143172M",,,"Large, Medium, Small, X-Large, X-Small",Black
ppr5008544928,https://www.jcpenney.com/p/st-johns-bay-womens-sleeveless-shift-dress/ppr5008544928?pTmplType=regular,St. John's Bay Womens Sleeveless Shift Dress,ST. JOHN`S BAY,29.99,44.00,31,"Strap Type: TankClosure Type: Pullover HeadNeckline: Round NeckSleeve Length: SleevelessSleeve Style: SleevelessApparel Length: 35 InchesDress Length: Knee LengthFiber Content: 97% Polyester, 3% SpandexFabric Description: PonteCare: Tumble Dry, Machine WashCountry of Origin: Imported",,,"https://jcpenney.scene7.com/is/image/JCPenney/DP0915202509380839M, https://jcpenney.scene7.com/is/image/JCPenney/DP0915202509380421M, https://jcpenney.scene7.com/is/image/JCPenney/DP0915202509380629M",,,"Large, Medium, Small, X-Large, X-Small, Xx-Large","Stunning Green, Deep Royal"
ppr5008625084,https://www.jcpenney.com/p/sandra-darren-womens-sleeveless-maxi-dress/ppr5008625084?pTmplType=regular,Sandra Darren Womens Sleeveless Maxi Dress,SANDRA DARREN,27.65,79.00,65,"This Sandra Darren women's sleeveless maxi dress will make a statement at your next formal event or cocktail hour. Made from a slinky stretch fabric in a striking green, this long dress features a gold-tone embellished keyhole cut-out neckline and gathered detail, plus a flowy skirt. Wear it with heels.Closure Type: Pullover HeadNeckline: Keyhole NeckSleeve Length: SleevelessSleeve Style: SleevelessApparel Length: 52.5 InchesDress Length: Long LengthFiber Content: 95% Polyester, 5% SpandexFabric Description: ItyLining: UnlinedCare: Machine Wash, Line DryCountry of Origin: Imported",,,"https://jcpenney.scene7.com/is/image/JCPenney/DP1113202509003126M, https://jcpenney.scene7.com/is/image/JCPenney/DP1113202509002917M, https://jcpenney.scene7.com/is/image/JCPenney/DP1113202509003021M",5.0,1,"Large, Small",Hunter
ppr5008636187,https://www.jcpenney.com/p/connected-apparel-womens-faux-jacket-dress/ppr5008636187?pTmplType=regular,Connected Apparel Womens Faux-Jacket Dress,CONNECTED APPAREL,27.65,79.00,65,"This Connected Apparel women's faux jacket dress is a chic slinky one-and-done for work or social events. Made from a soft lightweight stretch fabric, this knee-length dress has a v-neckline and an open front jacket layer attached. Wear it with pumps or heels. 2nd Piece Description: Jacket2nd Piece Closure Type: Pullover Head2nd Piece Sleeve Style: Fitted Sleeve2nd Piece Sleeve Length: 3/4 Sleeves2nd Piece Fabric: Ity2nd Piece Fiber Content: 96% Polyester, 4% Spandex2nd Piece Care: Machine Wash, Line DryClosure Type: Pullover HeadNeckline: Draped NeckSleeve Length: 3/4 SleeveSleeve Style: Fitted SleeveApparel Length: 40.5 InchesDress Length: Knee LengthFiber Content: 96% Polyester, 4% SpandexFabric Description: ItyLining: UnlinedCare: Machine Wash, Line DryMaterial: JerseyCountry of Origin: Imported",,,"https://jcpenney.scene7.com/is/image/JCPenney/DP1030202509024684M, https://jcpenney.scene7.com/is/image/JCPenney/DP1030202509024474M, https://jcpenney.scene7.com/is/image/JCPenney/DP1030202509024579M",5.0,1,"10, 12, 14, 16, 4, 6, 8","Hunter, Midnight"
ppr5008539245,https://www.jcpenney.com/p/ashley-graham-womens-plus-sleeveless-midi-faux-leather-sheath-dress/ppr5008539245?pTmplType=regular,Ashley Graham Womens Plus Sleeveless Midi Faux Leather Sheath Dress,Ashley Graham,29.99,100.00,70,"The Ashley Graham collection is designed exclusively for curves, and only available at JCPenney. Feel confident and chic wearing this women's plus strapless dress made from supple faux leather with back vented hem and zip fastening. Highlight its midi-length with stilettos paired with a statement clutch.Strap Type: StraplessClosure Type: Side ZipperNeckline: Straight NeckSleeve Length: SleevelessApparel Length: 40 InchesDress Length: Midi LengthFiber Content: 100% RayonFabric Description: Faux LeatherLining: UnlinedCare: Tumble Dry, Machine WashCountry of Origin: Imported",,,"https://jcpenney.scene7.com/is/image/JCPenney/DP0807202509275132M, https://jcpenney.scene7.com/is/image/JCPenney/DP0807202509275237M, https://jcpenney.scene7.com/is/image/JCPenney/DP0807202509275027M, https://jcpenney.scene7.com/is/image/JCPenney/DP0807202509274922M, https://jcpenney.scene7.com/is/image/JCPenney/DP0807202509274818M, https://jcpenney.scene7.com/is/image/JCPenney/DP0807202509274713M",,,"14W, 16W, 18W, 20W, 22W, 24W, 26W, 28W, 30W",Sienna
ppr5008568196,https://www.jcpenney.com/p/danny-nicole-womens-short-sleeve-dots-fit-flare-dress/ppr5008568196?pTmplType=regular,Danny & Nicole Womens Short Sleeve Dots Fit + Flare Dress,DANNY & NICOLE,27.65,79.00,65,"Features: Lined, Smocked, Shirred, Hidden ClosureClosure Type: Hidden ZipperNeckline: V NeckSleeve Length: Short SleeveSleeve Style: Ruffled SleeveApparel Length: 52 Inches - Back, 53.5 Inches - FrontDress Length: Long LengthFiber Content: 100% PolyesterFabric Description: ChiffonLining: Fully LinedLining Material: PolyesterCare: Hand Wash, Line DryMaterial: ChiffonCountry of Origin: Imported",,,"https://jcpenney.scene7.com/is/image/JCPenney/DP0819202509013383M, https://jcpenney.scene7.com/is/image/JCPenney/DP0819202509013174M, https://jcpenney.scene7.com/is/image/JCPenney/DP0808202511033156M, https://jcpenney.scene7.com/is/image/JCPenney/DP0819202509013279M, https://jcpenney.scene7.com/is/image/JCPenney/DP0808202511033264M",,,"12, 14, 16, 4",Rosewood Birch
ppr5008524044,https://www.jcpenney.com/p/worthington-womens-long-sleeve-floral-satin-a-line-dress/ppr5008524044?pTmplType=regular,Worthington Womens Long Sleeve Floral Satin A-Line Dress,Worthington,28.19,94.00,70,"Features: BeltedClosure Type: ZipperNeckline: V NeckSleeve Length: Long SleeveSleeve Style: Split SleeveApparel Length: 50 InchesDress Length: Long LengthFiber Content: 100% PolyesterFabric Description: SatinCare: Machine Wash, Tumble DryCountry of Origin: Imported",,,"https://jcpenney.scene7.com/is/image/JCPenney/DP1001202509031545M, https://jcpenney.scene7.com/is/image/JCPenney/DP1001202509031336M, https://jcpenney.scene7.com/is/image/JCPenney/DP1001202509031441M",,,"10, 12, 14, 4, 6",Grey Print
ppr5008568195,https://www.jcpenney.com/p/danny-nicole-womens-short-sleeve-floral-maxi-dress/ppr5008568195?pTmplType=regular,Danny & Nicole Womens Short Sleeve Floral Maxi Dress,DANNY & NICOLE,27.65,79.00,65,"Features: Lined, SmockedClosure Type: Pullover HeadNeckline: Sweetheart NeckSleeve Length: Short SleeveSleeve Style: Balloon SleeveApparel Length: 56.5 Inches - Front, 56 Inches - BackDress Length: Long LengthFiber Content: 100% PolyesterFabric Description: WovenLining: Fully LinedLining Material: PolyesterCare: Hand Wash, Line DryMaterial: WovenCountry of Origin: Imported",,,"https://jcpenney.scene7.com/is/image/JCPenney/DP0808202511025388M, https://jcpenney.scene7.com/is/image/JCPenney/DP0808202511025180M, https://jcpenney.scene7.com/is/image/JCPenney/DP0808202511025284M",4.0,1,"10, 12, 14, 16, 4, 6, 8",Black Lavender
ppr5008568193,https://www.jcpenney.com/p/danny-nicole-womens-short-sleeve-abstract-midi-fit-flare-dress/ppr5008568193?pTmplType=regular,Danny & Nicole Womens Short Sleeve Abstract Midi Fit + Flare Dress,DANNY & NICOLE,27.65,79.00,65,"Features: Lined, Smocked, Pleated, PocketClosure Type: Hook & EyeNeckline: V NeckPocket Types: 2 Side Slip Pocket(s)Sleeve Length: Short SleeveSleeve Style: Drop-Shoulder SleeveApparel Length: 47.25 Inches - Front, 46 Inches - BackDress Length: Midi LengthFiber Content: 100% PolyesterFabric Description: SatinLining: Fully LinedLining Material: PolyesterCare: Line Dry, Hand WashMaterial: SatinCountry of Origin: Imported",,,"https://jcpenney.scene7.com/is/image/JCPenney/DP0808202511034205M, https://jcpenney.scene7.com/is/image/JCPenney/DP0808202511033996M, https://jcpenney.scene7.com/is/image/JCPenney/DP0808202511034101M",4.0,1,"10, 12, 14, 16, 4, 6, 8",Teal Multi
ppr5008539459,https://www.jcpenney.com/p/ashley-graham-mini-womens-plus-sleeveless-faux-leather-sheath-dress/ppr5008539459?pTmplType=regular,Ashley Graham Mini Womens Plus Sleeveless Faux Leather Sheath Dress,Ashley Graham,29.99,100.00,70,"The Ashley Graham collection is designed exclusively for curves, and only available at JCPenney. For a date night or to party with friends, pair this faux leather women's plus dress with stilettos to highlight its mini length. The sleeveless design features an asymmetrical V-neckline, side slit hem, and a concealed back zip closure.Features: Side SlitClosure Type: ZipperNeckline: Asymmetrical NeckSleeve Length: SleevelessApparel Length: 41 InchesDress Length: Short LengthFiber Content: 100% RayonFabric Description: Faux LeatherCare: Tumble Dry, Machine WashCountry of Origin: Imported",,,"https://jcpenney.scene7.com/is/image/JCPenney/DP0822202513025505M, https://jcpenney.scene7.com/is/image/JCPenney/DP0822202513025401M, https://jcpenney.scene7.com/is/image/JCPenney/DP0807202511101983M, https://jcpenney.scene7.com/is/image/JCPenney/DP0807202511102297M",5.0,1,"18W, 20W, 22W, 24W, 26W, 28W, 30W",Pepper Black
ppr5008568204,https://www.jcpenney.com/p/connected-apparel-womens-short-sleeve-dots-sheath-dress/ppr5008568204?pTmplType=regular,Connected Apparel Womens Short Sleeve Dots Sheath Dress,CONNECTED APPAREL,25.89,74.00,65,"You will love the classic polka-dot pattern and sleek sheath silhouette of this Connected Apparel women's knee-length dress for work or a drinks date. It has a round neck, short flutter sleeves and a knotted front. Wear it with heels. Features: Faux WrapClosure Type: Pullover HeadNeckline: Round NeckSleeve Length: Short SleeveSleeve Style: Flutter SleeveApparel Length: 40 InchesDress Length: Knee LengthFiber Content: 96% Polyester, 4% SpandexFabric Description: ItyLining: UnlinedCare: Machine Wash, Dry FlatCountry of Origin: Imported",,,"https://jcpenney.scene7.com/is/image/JCPenney/DP0807202509104216M, https://jcpenney.scene7.com/is/image/JCPenney/DP0807202509104008M, https://jcpenney.scene7.com/is/image/JCPenney/DP0807202509104112M",,,"10, 4, 6",Camel
ppr5008614358,https://www.jcpenney.com/p/connected-apparel-womens-3-4-sleeve-sheath-dress/ppr5008614358?pTmplType=regular,Connected Apparel Womens 3/4 Sleeve Sheath Dress,CONNECTED APPAREL,25.49,69.00,63,"This Connected Apparel women's 3/4 sheath dress is an elegant, versatile style you can wear to work or a party to feel polished. Made from soft chiffon, it has a round neckline, 3/4 bell sleeves and a gathered waist that cascades into a ruffled trim skirt for an ultra-chic finish. Wear it with pumps or heeled sandals.Features: Easy CareClosure Type: Pullover HeadNeckline: Round NeckSleeve Length: 3/4 SleeveSleeve Style: Bell SleeveApparel Length: 40 Inches - BackDress Length: Knee LengthFiber Content: 96% Polyester, 4% RayonFabric Description: Chiffon, KnitLining: Partially LinedLining Material: PolyesterCare: Machine Wash, Tumble DryMaterial: Chiffon, PolyesterBody Type: HourglassCountry of Origin: Imported",,,"https://jcpenney.scene7.com/is/image/JCPenney/DP1006202509022551M, https://jcpenney.scene7.com/is/image/JCPenney/DP1006202509022342M, https://jcpenney.scene7.com/is/image/JCPenney/DP1006202509022447M",1.0,1,"10, 12, 14, 16, 4, 6, 8",Midnight
ppr5008614359,https://www.jcpenney.com/p/connected-apparel-womens-3-4-sleeve-sheath-dress/ppr5008614359?pTmplType=regular,Connected Apparel Womens 3/4 Sleeve Sheath Dress,CONNECTED APPAREL,25.49,69.00,63,"This Connected Apparel women's sheath dress features a gorgeous flowy design made with semi-sheer 3/4 split sleeves and a gathered waist to create a beautiful draped effect. It features a round neck and a knee-length cut. Wear it with heels and a clutch. Features: Easy CareClosure Type: Pullover HeadNeckline: Round NeckSleeve Length: 3/4 SleeveSleeve Style: Split SleeveApparel Length: 40 Inches - BackDress Length: Knee LengthFiber Content: 96% Polyester, 4% RayonFabric Description: KnitLining: Partially LinedLining Material: PolyesterCare: Tumble Dry, Machine WashMaterial: PolyesterBody Type: HourglassCountry of Origin: Imported",,,"https://jcpenney.scene7.com/is/image/JCPenney/DP1006202509024641M, https://jcpenney.scene7.com/is/image/JCPenney/DP1006202509024433M, https://jcpenney.scene7.com/is/image/JCPenney/DP1006202509024537M",,,"10, 4, 6",Aubergine
ppr5008614356,https://www.jcpenney.com/p/connected-apparel-womens-3-4-sleeve-sheath-dress/ppr5008614356?pTmplType=regular,Connected Apparel Womens 3/4 Sleeve Sheath Dress,CONNECTED APPAREL,25.49,69.00,63,"This Connected Apparel women's sheath dress features a gorgeous flowy design made with semi-sheer 3/4 split sleeves and a gathered waist to create a beautiful draped effect. It features a round neck and a knee-length cut. Wear it with heels and a clutch. Features: Easy CareClosure Type: Pullover HeadNeckline: Round NeckSleeve Length: 3/4 SleeveSleeve Style: Split SleeveApparel Length: 40 Inches - BackDress Length: Knee LengthFiber Content: 96% Polyester, 4% RayonFabric Description: Chiffon, KnitLining: Partially LinedLining Material: PolyesterCare: Machine Wash, Tumble DryMaterial: Chiffon, PolyesterBody Type: HourglassCountry of Origin: Imported",,,"https://jcpenney.scene7.com/is/image/JCPenney/DP1006202509024224M, https://jcpenney.scene7.com/is/image/JCPenney/DP1006202509024015M, https://jcpenney.scene7.com/is/image/JCPenney/DP1006202509024120M",,,"10, 12, 4, 6, 8",Black
ppr5008568201,https://www.jcpenney.com/p/connected-apparel-womens-paisley-jacket-dress/ppr5008568201?pTmplType=regular,Connected Apparel Womens Paisley Jacket Dress,CONNECTED APPAREL,29.19,79.00,63,"Step out in timeless elegance with the Connected Apparel women’s paisley jacket dress. This two-piece set features a knee-length pullover dress with a round neckline and fitted long sleeves, paired with an open-front 3/4-sleeve jacket. Crafted from stretch ity fabric, it offers comfort and sophistication.# Pieces In Set: 22nd Piece Description: Jacket2nd Piece Closure Type: Open Front2nd Piece Sleeve Style: Fitted Sleeve2nd Piece Sleeve Length: 3/4 Sleeves2nd Piece Fabric: Ity2nd Piece Fiber Content: 96% Polyester, 4% Spandex2nd Piece Care: Machine Wash, Tumble DryFeatures: Stretch FabricClosure Type: Pullover HeadNeckline: Round NeckSleeve Length: Long SleeveSleeve Style: Fitted SleeveApparel Length: 38.5 InchesDress Length: Knee LengthFiber Content: 96% Polyester, 4% SpandexFabric Description: ItyLining: UnlinedCare: Tumble Dry, Machine WashCountry of Origin: Imported",,,"https://jcpenney.scene7.com/is/image/JCPenney/DP0808202511032947M, https://jcpenney.scene7.com/is/image/JCPenney/DP0808202511032842M, https://jcpenney.scene7.com/is/image/JCPenney/DP0808202511032737M",,,"10, 12, 14, 16, 4, 6, 8",Ink
ppr5008510713,https://www.jcpenney.com/p/robbie-bee-womens-sleeveless-floral-midi-fit-flare-dress/ppr5008510713?pTmplType=regular,Robbie Bee Womens Sleeveless Floral Midi Fit + Flare Dress,ROBBIE BEE,27.65,79.00,65,"This Robbie Bee women's dress has a chic earthy toned floral print and a fit and flare silhouette that's perfect for dressier occasions. Made from soft chiffon, this sleeveless midi dress has a cowl neckline and a flowy asymmetrical length skirt. Wear it with heels or flats.Closure Type: Pullover HeadNeckline: Cowl NeckSleeve Length: SleevelessApparel Length: 38 InchesDress Length: Midi LengthFiber Content: 100% PolyesterFabric Description: ChiffonLining: Fully LinedLining Material: PolyesterCare: Machine Wash, Line DryMaterial: JerseyCountry of Origin: Imported",,,"https://jcpenney.scene7.com/is/image/JCPenney/DP0528202509050729M, https://jcpenney.scene7.com/is/image/JCPenney/DP0528202509050619M, https://jcpenney.scene7.com/is/image/JCPenney/DP0528202509050838M",5.0,2,14,Black Multi
ppr5008568194,https://www.jcpenney.com/p/danny-nicole-womens-sleeveless-floral-high-low-maxi-dress/ppr5008568194?pTmplType=regular,Danny & Nicole Womens Sleeveless Floral High-Low Maxi Dress,DANNY & NICOLE,27.65,79.00,65,"This Danny and Nicole women's floral-print maxi dress is an ultra-elegant choice for a cocktail party, wedding or when you want to make an impression. Made from chiffon, this sleeveless long dress has a v-neck, a tie waist and a floaty skirt with scalloped trims for a feminine finish. Wear it with pumps or sandals.Features: Tie-Waist, Lined, Hidden Closure, Faux Wrap, SmockedClosure Type: Hidden ZipperNeckline: V NeckSleeve Length: SleevelessApparel Length: 50 Inches - Front, 57 Inches - BackDress Length: High Low LengthFiber Content: 100% PolyesterFabric Description: ChiffonLining: Fully LinedLining Material: PolyesterCare: Hand Wash, Line DryMaterial: ChiffonCountry of Origin: Imported",,,"https://jcpenney.scene7.com/is/image/JCPenney/DP0821202509050866M, https://jcpenney.scene7.com/is/image/JCPenney/DP0808202511024761M, https://jcpenney.scene7.com/is/image/JCPenney/DP0808202511024866M",5.0,1,4,Black Pink
ppr5008536066,https://www.jcpenney.com/p/trixxi-womens-juniors-short-sleeve-floral-midi-fit-flare-dress/ppr5008536066?pTmplType=regular,Trixxi Womens Juniors Short Sleeve Floral Midi Fit + Flare Dress,TRIXXI,25.89,74.00,65,"Closure Type: Pullover HeadNeckline: Sweetheart NeckSleeve Length: Short SleeveSleeve Style: Puffed SleeveApparel Length: 48 InchesDress Length: Midi LengthFiber Content: 100% PolyesterFabric Description: WovenLining: Fully LinedLining Material: PolyesterCare: Line Dry, Hand WashWedding Occasion: Guest of WeddingCountry of Origin: Imported",,,"https://jcpenney.scene7.com/is/image/JCPenney/DP0514202509024035M, https://jcpenney.scene7.com/is/image/JCPenney/DP0514202509023827M, https://jcpenney.scene7.com/is/image/JCPenney/DP0514202509024245M, https://jcpenney.scene7.com/is/image/JCPenney/DP0514202509024140M, https://jcpenney.scene7.com/is/image/JCPenney/DP0514202509023931M",,,X-Large,Navywht
ppr5008510579,https://www.jcpenney.com/p/bold-elements-womens-plus-long-sleeve-cut-outs-sweater-dress/ppr5008510579?pTmplType=regular,Bold Elements Womens Plus Long Sleeve Cut Outs Sweater Dress,BOLD ELEMENTS,25.79,86.00,70,"This Bold Elements women's plus long sleeve sweater dress features a chic cut-out at the back for an evening-ready take on the style. Made from a soft cable-knit, the pullover short dress has a crew neck and long sleeves. Wear it with heeled boots and hoop earrings.Features: Cut OutsClosure Type: Pullover HeadNeckline: Crew NeckSleeve Length: Long SleeveSleeve Style: Fitted SleeveApparel Length: 34 Inches - FrontDress Length: Knee LengthFiber Content: 90% Cotton, 10% NylonFabric Description: KnitCare: Tumble Dry, Machine WashOwned & Founded: Women Owned/FoundedCountry of Origin: Imported",,,"https://jcpenney.scene7.com/is/image/JCPenney/DP0919202509203010M, https://jcpenney.scene7.com/is/image/JCPenney/DP0919202509202799M, https://jcpenney.scene7.com/is/image/JCPenney/DP0919202509202906M",,,"1X, 2X, 3X",Burgundy Passion
ppr5008540145,https://www.jcpenney.com/p/perceptions-womens-short-sleeve-floral-midi-fit-flare-dress/ppr5008540145?pTmplType=regular,Perceptions Womens Short Sleeve Floral Midi Fit + Flare Dress,PERCEPTIONS,25.89,74.00,65,"Closure Type: Pullover HeadNeckline: V NeckSleeve Length: Short SleeveApparel Length: 46.5 Inches - FrontDress Length: Midi LengthFiber Content: 96% Polyester, 4% SpandexFabric Description: ItyLining: UnlinedCare: Line Dry, Machine WashCountry of Origin: Imported",,,"https://jcpenney.scene7.com/is/image/JCPenney/DP0530202511013635M, https://jcpenney.scene7.com/is/image/JCPenney/DP0530202511013532M, https://jcpenney.scene7.com/is/image/JCPenney/DP0530202511013739M",5.0,1,"Large, Medium, Small, X-Large",Navy Rust
ppr5008536381,https://www.jcpenney.com/p/trixxi-embellished-womens-juniors-sleeveless-bodycon-dress/ppr5008536381?pTmplType=regular,Trixxi Embellished Womens Juniors Sleeveless Bodycon Dress,TRIXXI,29.39,84.00,65,"Strap Type: AdjustableClosure Type: Pullover HeadNeckline: Draped NeckSleeve Length: SleevelessSleeve Style: SleevelessApparel Length: 33 InchesDress Length: Short LengthFiber Content: 95% Polyester, 5% SpandexFabric Description: MeshLining: Fully LinedLining Material: PolyesterCare: Hand Wash, Line DryWedding Occasion: Guest of WeddingCountry of Origin: Imported RETURNS: This item must be returned in its original condition with the green return tag in place.",,,"https://jcpenney.scene7.com/is/image/JCPenney/DP0630202507124048M, https://jcpenney.scene7.com/is/image/JCPenney/DP0630202507123943M, https://jcpenney.scene7.com/is/image/JCPenney/DP0630202507123840M, https://jcpenney.scene7.com/is/image/JCPenney/DP0630202507124256M, https://jcpenney.scene7.com/is/image/JCPenney/DP0630202507124153M",,,X-Large,Light Pink
ppr5008526697,https://www.jcpenney.com/p/secret-charm-womens-juniors-3-4-sleeve-bodycon-dress/ppr5008526697?pTmplType=regular,Secret Charm Womens Juniors 3/4 Sleeve Bodycon Dress,SECRET CHARM,29.39,84.00,65,"Closure Type: Pullover HeadNeckline: Round NeckSleeve Length: 3/4 SleeveApparel Length: 34 InchesDress Length: Short LengthFiber Content: 92% Polyester, 8% SpandexFabric Description: KnitLining: Fully LinedLining Material: PolyesterCare: Line Dry, Hand WashWedding Occasion: Guest of WeddingCountry of Origin: Imported RETURNS: This item must be returned in its original condition with the green return tag in place.",,,"https://jcpenney.scene7.com/is/image/JCPenney/DP0623202509005490M, https://jcpenney.scene7.com/is/image/JCPenney/DP0623202509005282M, https://jcpenney.scene7.com/is/image/JCPenney/DP0623202509005387M",,,"Large, Medium, Small, X-Large, X-Small",Ivory
ppr5008252144,https://www.jcpenney.com/p/jessica-howard-womens-3-4-sleeve-sheath-dress/ppr5008252144?pTmplType=regular,Jessica Howard Womens 3/4 Sleeve Sheath Dress,JESSICA HOWARD,27.65,79.00,65,"Jessica Howard's women's knee-length dress is cut in an A-line silhouette from stretch-jersey for a sleek style with a comfortable feel. It has a bateau neckline, short dolman sleeves, striped trim, and a back button-keyhole closure. Wear it with chunky jewlery and heels.Closure Type: Zipper, Loop & ButtonNeckline: Boat NeckSleeve Length: 3/4 SleeveApparel Length: 37 InchesDress Length: Knee LengthFiber Content: 95% Polyester, 5% SpandexFabric Description: JerseyCare: Hand Wash, Dry FlatMaterial: JerseyCountry of Origin: Imported",,,"https://jcpenney.scene7.com/is/image/JCPenney/DP0901202211005886M, https://jcpenney.scene7.com/is/image/JCPenney/DP0901202211005679M, https://jcpenney.scene7.com/is/image/JCPenney/DP0901202211005783M",5.0,13,4,Black
ppr5008534776,https://www.jcpenney.com/p/byby-womens-juniors-bodycon-dress/ppr5008534776?pTmplType=regular,by&by Womens Juniors Bodycon Dress,BY AND BY,25.89,74.00,65,"Strap Type: SpaghettiClosure Type: Pullover HeadNeckline: V NeckApparel Length: 34 Inches - BackDress Length: Short LengthFiber Content: 95% Polyester, 5% SpandexFabric Description: KnitCare: Line Dry, Machine WashWedding Occasion: Guest of WeddingCountry of Origin: Imported RETURNS: This item must be returned in its original condition with the green return tag in place.",,,"https://jcpenney.scene7.com/is/image/JCPenney/DP0717202509040375M, https://jcpenney.scene7.com/is/image/JCPenney/DP0717202509040166M, https://jcpenney.scene7.com/is/image/JCPenney/DP0717202509040271M",,,"Small, X-Small",Black
ppr5008537466,https://www.jcpenney.com/p/city-triangle-womens-juniors-glitter-bodycon-dress/ppr5008537466?pTmplType=regular,City Triangle Womens Juniors Glitter Bodycon Dress,CITY TRIANGLE,25.89,74.00,65,"Strap Type: AdjustableFeatures: Glitter, Stretch FabricClosure Type: ZipperNeckline: Draped NeckApparel Length: 34 InchesDress Length: Short LengthFiber Content: 91% Nylon, 5% Metallic, 4% SpandexFabric Description: KnitLining: Fully LinedLining Material: PolyesterCare: Dry Clean OnlyWedding Occasion: Guest of WeddingCountry of Origin: Imported RETURNS: This item must be returned in its original condition with the green return tag in place.",,,"https://jcpenney.scene7.com/is/image/JCPenney/DP0527202511004264M, https://jcpenney.scene7.com/is/image/JCPenney/DP0527202511004160M, https://jcpenney.scene7.com/is/image/JCPenney/DP0527202511004368M",,,"Medium, Small, X-Small, Xx-Large",Sage Silver
ppr5008529258,https://www.jcpenney.com/p/jessica-howard-womens-plus-3-4-sleeve-plaid-shift-dress/ppr5008529258?pTmplType=regular,Jessica Howard Womens Plus 3/4 Sleeve Plaid Shift Dress,JESSICA HOWARD,27.65,79.00,65,"Look the part at your next holiday party wearing this chic Jessica Howard women's plus plaid shift dress. Made from melange, this short dress has a boat neckline, 3/4 puffed sleeves and a flattering fit. Wear it with tights and pumps.Closure Type: ButtonNeckline: Boat NeckPocket Types: 2 Side Slip Pocket(s)Sleeve Length: 3/4 SleeveApparel Length: 40.5 Inches - BackDress Length: Short LengthFiber Content: 96% Polyester, 4% SpandexFabric Description: MelangeLining: LinedLining Material: PolyesterCare: Dry Flat, Machine WashCountry of Origin: Imported",,,"https://jcpenney.scene7.com/is/image/JCPenney/DP0726202507041774M, https://jcpenney.scene7.com/is/image/JCPenney/DP0726202507041564M, https://jcpenney.scene7.com/is/image/JCPenney/DP0726202507041669M",,,"1X, 2X, 3X",Red Multi
ppr5008533783,https://www.jcpenney.com/p/isabel-nina-womens-sleeveless-midi-shirt-dress/ppr5008533783?pTmplType=regular,Isabel & Nina Womens Sleeveless Midi Shirt Dress,ISABEL & NINA,27.65,79.00,65,"Elevate your everyday style with the Isabel & Nina women’s shirt dress. Featuring a collared neckline, button-front closure, and tie-up waist detail, this dress blends classic structure with modern ease. Perfect for workdays or weekend outings with polished charm.Closure Type: ButtonNeckline: Collar NeckSleeve Length: SleevelessApparel Length: 45 InchesDress Length: Midi LengthFiber Content: 90% Polyester, 8% Nylon, 2% SpandexFabric Description: CorduroyLining: UnlinedCollar: Spread CollarCare: Line Dry, Machine WashCountry of Origin: Imported",,,"https://jcpenney.scene7.com/is/image/JCPenney/DP0724202509164355M, https://jcpenney.scene7.com/is/image/JCPenney/DP0724202509164147M, https://jcpenney.scene7.com/is/image/JCPenney/DP0724202509164251M",,,X-Large,Olive
ppr5008526180,https://www.jcpenney.com/p/dj-jaz-one-shoulder-womens-applique-sleeveless-midi-sheath-dress/ppr5008526180?pTmplType=regular,DJ Jaz One Shoulder Womens Applique Sleeveless Midi Sheath Dress,DJ JAZ,29.29,89.00,67,"Make a statement at a cocktail party with this fuchsia fitted sheath dress by DJ Jaz. Made from stretch-crepe, this women's midi dress has a sleek one-shoulder design with floral applique for a glam style statement. Wear it with heels and a clutch. Features: AppliqueClosure Type: ZipperNeckline: Asymmetrical NeckSleeve Length: SleevelessSleeve Style: One Shoulder SleeveApparel Length: 43 InchesDress Length: Midi LengthFiber Content: 94% Polyester, 6% SpandexFabric Description: Crepe, ScubaLining Material: PolyesterCare: Dry Clean OnlyMaterial: Crepe, ScubaWedding Occasion: Guest of Wedding, BridesmaidCountry of Origin: Made in US",,,"https://jcpenney.scene7.com/is/image/JCPenney/DP0320202507120890M, https://jcpenney.scene7.com/is/image/JCPenney/DP0320202507120683M, https://jcpenney.scene7.com/is/image/JCPenney/DP0320202507120994M, https://jcpenney.scene7.com/is/image/JCPenney/DP0320202507121204M, https://jcpenney.scene7.com/is/image/JCPenney/DP0320202507120786M",3.0,2,12,Fuchsia
ppr5008614360,https://www.jcpenney.com/p/connected-apparel-womens-elbow-sleeve-floral-sheath-dress/ppr5008614360?pTmplType=regular,Connected Apparel Womens Elbow Sleeve Floral Sheath Dress,CONNECTED APPAREL,25.49,69.00,63,"This Connected Apparel women's floral-print sheath dress features a gorgeous flowy design made with semi-sheer 3/4 split sleeves and a gathered waist to create a beautiful draped effect. It features a round neck and a knee-length cut. Wear it with heels and a clutch. Features: Easy CareClosure Type: Pullover HeadNeckline: Round NeckSleeve Length: Elbow SleeveSleeve Style: Flutter SleeveApparel Length: 40 Inches - BackDress Length: Knee LengthFiber Content: 96% Polyester, 4% RayonFabric Description: Chiffon, KnitLining: Partially LinedLining Material: PolyesterCare: Machine Wash, Tumble DryMaterial: Polyester, ChiffonBody Type: HourglassCountry of Origin: Imported",,,"https://jcpenney.scene7.com/is/image/JCPenney/DP1006202509022970M, https://jcpenney.scene7.com/is/image/JCPenney/DP1006202509022761M, https://jcpenney.scene7.com/is/image/JCPenney/DP1006202509022865M",,,"10, 4, 6, 8",Red
ppr5008598816,https://www.jcpenney.com/p/perceptions-womens-short-sleeve-midi-fit-flare-dress/ppr5008598816?pTmplType=regular&selectedSKUId=22386260067,Perceptions Womens Short Sleeve Midi Fit + Flare Dress,PERCEPTIONS,40.69,74.00,45,"This Perceptions women's fit and flare midi dress features a simple, yet ultra-chic silhouette that flatters your figure. It has short flutter sleeves, a banded waist and a flowy skirt. Wear it with heels for work or an evening out.Closure Type: Pullover HeadNeckline: Round NeckSleeve Length: Short SleeveSleeve Style: Flutter SleeveApparel Length: 45.5 Inches - FrontDress Length: Midi LengthFiber Content: 95% Polyester, 5% SpandexFabric Description: ItyCare: Machine Wash, Line DryCountry of Origin: Imported",,,"https://jcpenney.scene7.com/is/image/JCPenney/DP0808202511041973M, https://jcpenney.scene7.com/is/image/JCPenney/DP0808202511041764M, https://jcpenney.scene7.com/is/image/JCPenney/DP0808202511041869M",4.0,2,"Small, X-Large","Emerald, Rich Red"
ppr5008565511,https://www.jcpenney.com/p/robbie-bee-womens-short-sleeve-midi-fit-flare-dress/ppr5008565511?pTmplType=regular,Robbie Bee Womens Short Sleeve Midi Fit + Flare Dress,ROBBIE BEE,29.23,79.00,63,"Features: Stretch FabricClosure Type: Pullover HeadNeckline: Round NeckSleeve Length: Short SleeveSleeve Style: Cap SleeveApparel Length: 48 InchesDress Length: Midi LengthFiber Content: 95% Polyester, 5% SpandexFabric Description: MeshLining: Fully LinedLining Material: PolyesterCare: Machine Wash, Dry FlatMaterial: MeshCountry of Origin: Imported",,,"https://jcpenney.scene7.com/is/image/JCPenney/DP0917202509035527M, https://jcpenney.scene7.com/is/image/JCPenney/DP0917202509035317M, https://jcpenney.scene7.com/is/image/JCPenney/DP0917202509035422M",5.0,1,"Large, Medium, Small, X-Large",Cream Brown
ppr5008525938,https://www.jcpenney.com/p/jessica-howard-womens-3-4-sleeve-plaid-shift-dress/ppr5008525938?pTmplType=regular,Jessica Howard Womens 3/4 Sleeve Plaid Shift Dress,JESSICA HOWARD,30.99,69.00,55,"This Jessica Howard women's plaid shift dress is a super chic style to transition into wearing for fall and the holidays. This a-line short dress has 3/4 puff sleeves and an elegant boat neckline. Wear it with tights and booties.Closure Type: ButtonNeckline: Boat NeckPocket Types: 2 Side Slip Pocket(s)Sleeve Length: 3/4 SleeveSleeve Style: Fitted SleeveApparel Length: 36.5 Inches - BackDress Length: Short LengthFiber Content: 96% Polyester, 4% SpandexFabric Description: MelangeLining: LinedLining Material: PolyesterCare: Machine Wash, Dry FlatCountry of Origin: Imported",,,"https://jcpenney.scene7.com/is/image/JCPenney/DP0801202515012737M, https://jcpenney.scene7.com/is/image/JCPenney/DP0801202515012529M, https://jcpenney.scene7.com/is/image/JCPenney/DP0801202515012633M",5.0,3,"Large, Medium, X-Large",Blue Brown
ppr5008522398,https://www.jcpenney.com/p/msk-womens-3-4-sleeve-floral-babydoll-dress/ppr5008522398?pTmplType=regular,MSK Womens 3/4 Sleeve Floral Babydoll Dress,MSK,27.65,79.00,65,"Bring effortless elegance to your wardrobe with the MSK women’s babydoll dress. Featuring a split crew neckline, 3/4 balloon sleeves, and a knee-length silhouette, this floral dress is crafted from chiffon with metallic lurex accents. Pair with strappy heels and a clutch for a chic evening look.Closure Type: Pullover HeadNeckline: Split Crew NeckSleeve Length: 3/4 SleeveSleeve Style: Balloon SleeveApparel Length: 35.25 Inches - BackDress Length: Knee LengthFiber Content: 90% Viscose, 10% Lurex MetallicFabric Description: ChiffonLining: LinedLining Material: PolyesterCare: Hand Wash, Line DryMaterial: ChiffonBody Type: HourglassCountry of Origin: Imported",,,"https://jcpenney.scene7.com/is/image/JCPenney/DP0602202513011444M, https://jcpenney.scene7.com/is/image/JCPenney/DP0602202513011653M, https://jcpenney.scene7.com/is/image/JCPenney/DP0602202513011756M",,,"Large, Medium",Cordovan
ppr5008545087,https://www.jcpenney.com/p/perceptions-womens-plus-short-sleeve-midi-fit-flare-dress/ppr5008545087?pTmplType=regular,Perceptions Womens Plus Short Sleeve Midi Fit + Flare Dress,PERCEPTIONS,29.39,84.00,65,"Closure Type: Pullover HeadNeckline: V NeckSleeve Length: Short SleeveApparel Length: 48.25 Inches - FrontDress Length: Midi LengthFiber Content: 99% Polyester, 1% SpandexFabric Description: KnitLining: UnlinedCare: Machine Wash, Line DryCountry of Origin: Imported",,,"https://jcpenney.scene7.com/is/image/JCPenney/DP0815202511005234M, https://jcpenney.scene7.com/is/image/JCPenney/DP0815202511005026M, https://jcpenney.scene7.com/is/image/JCPenney/DP0815202511005130M",5.0,1,"1X, 2X, 3X",Eggplant
ppr5008636189,https://www.jcpenney.com/p/connected-apparel-womens-scroll-faux-jacket-dress/ppr5008636189?pTmplType=regular,Connected Apparel Womens Scroll Faux-Jacket Dress,CONNECTED APPAREL,29.23,79.00,63,"This Connected Apparel women's faux jacket dress is a chic slinky one-and-done for work or social events. Made from a soft lightweight stretch fabric, this knee-length dress has a v-neckline and an open front jacket layer attached with a scroll pattern. Wear it with pumps or heels. 2nd Piece Description: Jacket2nd Piece Closure Type: Pullover Head2nd Piece Sleeve Length: 3/4 Sleeves2nd Piece Fabric: Ity2nd Piece Fiber Content: 96% Polyester, 4% Spandex2nd Piece Care: Line Dry, Machine WashClosure Type: Pullover HeadNeckline: Round NeckSleeve Length: 3/4 SleeveSleeve Style: Fitted SleeveApparel Length: 40.5 InchesDress Length: Knee LengthFiber Content: 96% Polyester, 4% SpandexFabric Description: ItyLining: UnlinedCare: Machine Wash, Line DryMaterial: JerseyCountry of Origin: Imported",,,"https://jcpenney.scene7.com/is/image/JCPenney/DP1030202509024265M, https://jcpenney.scene7.com/is/image/JCPenney/DP1030202509024055M, https://jcpenney.scene7.com/is/image/JCPenney/DP1030202509024160M",,,"10, 4, 6, 8",Black
ppr5008568197,https://www.jcpenney.com/p/connected-apparel-womens-short-sleeve-paisley-sheath-dress/ppr5008568197?pTmplType=regular,Connected Apparel Womens Short Sleeve Paisley Sheath Dress,CONNECTED APPAREL,25.53,69.00,63,"Features: Faux WrapClosure Type: Pullover HeadNeckline: Round NeckSleeve Length: Short SleeveSleeve Style: Fitted SleeveApparel Length: 39 InchesDress Length: Knee LengthFiber Content: 96% Polyester, 4% SpandexFabric Description: ItyLining: UnlinedCare: Machine Wash, Tumble DryCountry of Origin: Imported",,,"https://jcpenney.scene7.com/is/image/JCPenney/DP0808202511035461M, https://jcpenney.scene7.com/is/image/JCPenney/DP0808202511035357M, https://jcpenney.scene7.com/is/image/JCPenney/DP0808202511035252M",,,"10, 12, 14, 4, 6, 8",Brick
ppr5008568203,https://www.jcpenney.com/p/connected-apparel-womens-3-4-sleeve-floral-sheath-dress/ppr5008568203?pTmplType=regular,Connected Apparel Womens 3/4 Sleeve Floral Sheath Dress,CONNECTED APPAREL,25.89,74.00,65,"Features: Faux WrapClosure Type: Pullover HeadNeckline: Round NeckSleeve Length: 3/4 SleeveSleeve Style: Split SleeveApparel Length: 40 InchesDress Length: Knee LengthFiber Content: 96% Polyester, 4% SpandexFabric Description: ItyLining: UnlinedCare: Machine Wash, Dry FlatCountry of Origin: Imported",,,"https://jcpenney.scene7.com/is/image/JCPenney/DP0807202509105056M, https://jcpenney.scene7.com/is/image/JCPenney/DP0807202509104846M, https://jcpenney.scene7.com/is/image/JCPenney/DP0807202509104951M",,,"10, 12, 4, 6, 8",Bordeaux
ppr5008532343,https://www.jcpenney.com/p/frye-and-co-womens-plus-long-sleeve-floral-maxi-dress/ppr5008532343?pTmplType=regular,Frye and Co. Womens Plus Long Sleeve Floral Maxi Dress,FRYE AND CO,28.19,94.00,70,"Closure Type: Pullover HeadNeckline: V NeckSleeve Length: Long SleeveSleeve Style: Puffed SleeveApparel Length: 50 InchesDress Length: Long LengthFiber Content: 98% Polyester, 2% Lurex MetallicFabric Description: WovenCare: Tumble Dry, Machine WashCountry of Origin: Imported",,,"https://jcpenney.scene7.com/is/image/JCPenney/DP0812202511104356M, https://jcpenney.scene7.com/is/image/JCPenney/DP0812202511104147M, https://jcpenney.scene7.com/is/image/JCPenney/DP0812202511104251M",,,"1X, 2X, 3X",Black Beauty Combo
ppr5008514981,https://www.jcpenney.com/p/robbie-bee-womens-short-sleeve-floral-fit-flare-dress/ppr5008514981?pTmplType=regular,Robbie Bee Womens Short Sleeve Floral Fit + Flare Dress,ROBBIE BEE,27.65,79.00,65,"Closure Type: Pullover HeadNeckline: Round NeckSleeve Length: Short SleeveSleeve Style: Dolman SleeveApparel Length: 38 InchesDress Length: Knee LengthFiber Content: 100% PolyesterFabric Description: ChiffonLining: LinedLining Material: PolyesterCare: Line Dry, Machine WashMaterial: JerseyCountry of Origin: Imported",,,"https://jcpenney.scene7.com/is/image/JCPenney/DP0528202509051170M, https://jcpenney.scene7.com/is/image/JCPenney/DP0528202509051061M, https://jcpenney.scene7.com/is/image/JCPenney/DP0528202509051280M",,,"Large, Medium, Small, X-Large",Navy Tan
ppr5008529003,https://www.jcpenney.com/p/st-johns-bay-womens-long-sleeve-floral-midi-dress-plus/ppr5008529003?pTmplType=regular,St. John's Bay Womens Long Sleeve Floral Midi Dress Plus,ST. JOHN`S BAY,25.19,84.00,70,"This St. John's Bay women's midi dress features a vibrant paisley and floral pattern, plus a flattering a-line silhouette, making it a must-have for your work or play wardrobe. Made from twill, this shirt dress has a collar neck, button-front closures, a tie waist and long puffed sleeves. Wear it with sandals and colorful accessories. Closure Type: ButtonNeckline: Collar NeckPocket Types: 2 Side Slip Pocket(s)Sleeve Length: Long SleeveSleeve Style: Puffed SleeveApparel Length: 50 Inches - FrontDress Length: Midi LengthFiber Content: 70% Rayon, 30% Lyocell RayonFabric Description: TwillLining: UnlinedCollar: Point CollarCare: Line Dry, Machine WashCountry of Origin: Imported",,,"https://jcpenney.scene7.com/is/image/JCPenney/DP0627202509045854M, https://jcpenney.scene7.com/is/image/JCPenney/DP0627202509045646M, https://jcpenney.scene7.com/is/image/JCPenney/DP0627202509045750M",5.0,2,3X,Beige Floral
ppr5008539163,https://www.jcpenney.com/p/ashley-graham-goddess-gather-velour-womens-plus-long-sleeve-bodycon-dress/ppr5008539163?pTmplType=regular,Ashley Graham Goddess Gather Velour Womens Plus Long Sleeve Bodycon Dress,Ashley Graham,26.99,90.00,70,"Ashley Graham Goddess Gather Velour womens Plus Long Sleeve Bodycon Dress exudes confidence with its soft velour fabric and figure-hugging silhouette. The gathered detail enhances your curves beautifully. Perfect for evening events, pair it with statement heels and minimal jewelry for a bold, elegant lookClosure Type: ZipperNeckline: Cowl NeckSleeve Length: Long SleeveSleeve Style: Fitted SleeveApparel Length: 54.75 InchesDress Length: Long LengthFiber Content: 90% Polyester, 10% SpandexFabric Description: VelourCare: Tumble Dry, Machine WashCountry of Origin: Imported",,,"https://jcpenney.scene7.com/is/image/JCPenney/DP0923202515032908M, https://jcpenney.scene7.com/is/image/JCPenney/DP0807202509265896M, https://jcpenney.scene7.com/is/image/JCPenney/DP0807202509265791M, https://jcpenney.scene7.com/is/image/JCPenney/DP0807202509265687M",5.0,4,"0X, 1X, 2X, 3X, 4X, 5X",Winetasting
ppr5008513250,https://www.jcpenney.com/p/maya-brooke-womens-short-sleeve-floral-sheath-dress/ppr5008513250?pTmplType=regular,Maya Brooke Womens Short Sleeve Floral Sheath Dress,MAYA BROOKE,29.23,79.00,63,"Closure Type: ZipperNeckline: Square NeckSleeve Length: Short SleeveSleeve Style: Fitted SleeveApparel Length: 41 Inches - BackDress Length: Knee LengthFiber Content: 95% Polyester, 5% SpandexFabric Description: ScubaLining: UnlinedCare: Line Dry, Hand WashMaterial: ScubaCountry of Origin: Imported",,,"https://jcpenney.scene7.com/is/image/JCPenney/DP0707202509041087M, https://jcpenney.scene7.com/is/image/JCPenney/DP0707202509040879M, https://jcpenney.scene7.com/is/image/JCPenney/DP0707202509040984M",4.0,1,"10, 12, 14, 16, 4, 6, 8",Black Red
ppr5008534035,https://www.jcpenney.com/p/studio-1-womens-floral-faux-jacket-dress-with-removable-necklace/ppr5008534035?pTmplType=regular,Studio 1 Womens Floral Faux-Jacket Dress With Removable Necklace,STUDIO 1,29.39,84.00,65,"# Pieces In Set: 2Included: 1 Necklace(s)2nd Piece Description: Jacket2nd Piece Closure Type: Open Front2nd Piece Sleeve Style: Flutter Sleeve2nd Piece Sleeve Length: 3/4 Sleeves2nd Piece Fabric: Chiffon2nd Piece Fiber Content: 100% Polyester2nd Piece Care: Tumble Dry, Machine WashClosure Type: Pullover HeadNeckline: Crew NeckSleeve Length: SleevelessApparel Length: 38.5 InchesDress Length: Knee LengthFiber Content: 95% Polyester, 5% SpandexFabric Description: JerseyLining: UnlinedCare: Tumble Dry, Machine WashCountry of Origin: Imported",,,"https://jcpenney.scene7.com/is/image/JCPenney/DP0815202511003573M, https://jcpenney.scene7.com/is/image/JCPenney/DP0815202511003364M, https://jcpenney.scene7.com/is/image/JCPenney/DP0815202511003469M",,,"Large, Medium, Small, X-Large",Black Wine
ppr5008534033,https://www.jcpenney.com/p/studio-1-womens-sleeveless-midi-sweater-dress/ppr5008534033?pTmplType=regular,Studio 1 Womens Sleeveless Midi Sweater Dress,STUDIO 1,25.89,74.00,65,"Studio 1 womens Sleeveless Midi Sweater Dress delivers sleek sophistication with its form-fitting knit and midi length. The sleeveless design makes layering easy, offering year-round versatility. Pair with a blazer or long cardigan for a modern, elegant ensemble.Closure Type: Pullover HeadNeckline: Scoop NeckSleeve Length: SleevelessApparel Length: 48 InchesDress Length: Midi LengthFiber Content: 87% Rayon, 13% PolyesterFabric Description: KnitLining: UnlinedCare: Tumble Dry, Machine WashCountry of Origin: Imported",,,"https://jcpenney.scene7.com/is/image/JCPenney/DP0707202509040670M, https://jcpenney.scene7.com/is/image/JCPenney/DP0707202509040461M, https://jcpenney.scene7.com/is/image/JCPenney/DP0707202509040565M",,,"Large, X-Large",Hunter
ppr5008540143,https://www.jcpenney.com/p/perceptions-womens-short-sleeve-midi-floral-sheath-dress/ppr5008540143?pTmplType=regular,Perceptions Womens Short Sleeve Midi Floral Sheath Dress,PERCEPTIONS,27.65,79.00,65,"Closure Type: Pullover HeadNeckline: Crew NeckSleeve Length: Short SleeveSleeve Style: Cap SleeveApparel Length: 46.5 Inches - FrontDress Length: Midi LengthFiber Content: 97% Polyester, 3% SpandexFabric Description: CrepeLining: UnlinedCare: Line Dry, Machine WashCountry of Origin: Imported",,,"https://jcpenney.scene7.com/is/image/JCPenney/DP0808202511040718M, https://jcpenney.scene7.com/is/image/JCPenney/DP0808202511040507M, https://jcpenney.scene7.com/is/image/JCPenney/DP0808202511040613M",,,"Large, Medium, Small, X-Large",Mustard Black
ppr5008636186,https://www.jcpenney.com/p/connected-apparel-womens-faux-jacket-dress/ppr5008636186?pTmplType=regular,Connected Apparel Womens Faux-Jacket Dress,CONNECTED APPAREL,27.65,79.00,65,"2nd Piece Description: Jacket2nd Piece Closure Type: Pullover Head2nd Piece Sleeve Style: Fitted Sleeve2nd Piece Sleeve Length: 3/4 Sleeves2nd Piece Fabric: Ity2nd Piece Fiber Content: 96% Polyester, 4% Spandex2nd Piece Care: Line Dry, Machine WashClosure Type: Pullover HeadNeckline: Draped NeckSleeve Length: 3/4 SleeveSleeve Style: Fitted SleeveApparel Length: 40.5 InchesDress Length: Knee LengthFiber Content: 96% Polyester, 4% SpandexFabric Description: ItyLining: UnlinedCare: Machine Wash, Line DryMaterial: JerseyCountry of Origin: Imported",,,"https://jcpenney.scene7.com/is/image/JCPenney/DP1030202509023848M, https://jcpenney.scene7.com/is/image/JCPenney/DP1030202509023639M, https://jcpenney.scene7.com/is/image/JCPenney/DP1030202509023744M",,,"10, 12, 14, 16, 4, 6, 8",Apple Red Black
ppr5008614354,https://www.jcpenney.com/p/connected-apparel-womens-3-4-sleeve-sheath-dress/ppr5008614354?pTmplType=regular,Connected Apparel Womens 3/4 Sleeve Sheath Dress,CONNECTED APPAREL,25.49,69.00,63,"This Connected Apparel women's sheath dress equals effortless elegance when you want to look polished for work or play. Made from a soft lightweight stretch fabric, this knee-length dress has a round neckline, a knotted front for a chic draped effect and 3/4 ruffled trim sleeves. Wear it with pumps or heels. Features: Easy CareClosure Type: Pullover HeadNeckline: Round NeckSleeve Length: 3/4 SleeveSleeve Style: Ruffled SleeveApparel Length: 40 Inches - BackDress Length: Knee LengthFiber Content: 96% Polyester, 4% RayonFabric Description: KnitLining: Partially LinedLining Material: PolyesterCare: Tumble Dry, Machine WashMaterial: PolyesterBody Type: HourglassCountry of Origin: Imported",,,"https://jcpenney.scene7.com/is/image/JCPenney/DP1006202509023806M, https://jcpenney.scene7.com/is/image/JCPenney/DP1006202509023597M, https://jcpenney.scene7.com/is/image/JCPenney/DP1006202509023702M",,,"10, 12, 14, 16, 4, 6, 8",Deep Spruce
ppr5008573168,https://www.jcpenney.com/p/msk-womens-long-sleeve-shift-dress/ppr5008573168?pTmplType=regular,MSK Womens Long Sleeve Shift Dress,MSK,25.49,69.00,63,"This MSK women's shift dress is a floral floaty dream for a garden or cocktail party. Made from soft chiffon, it has a v-neck with a ruffled trim and long balloon sleeves. Wear it with pumps.Closure Type: Pullover HeadNeckline: V NeckSleeve Length: Long SleeveSleeve Style: Balloon SleeveApparel Length: 36 InchesDress Length: Knee LengthFiber Content: 100% PolyesterFabric Description: ChiffonLining: Fully LinedLining Material: PolyesterCare: Machine WashMaterial: ChiffonBody Type: PearCountry of Origin: Imported",,,"https://jcpenney.scene7.com/is/image/JCPenney/DP0804202507052086M, https://jcpenney.scene7.com/is/image/JCPenney/DP0804202507051877M, https://jcpenney.scene7.com/is/image/JCPenney/DP0804202507051982M",,,"Large, Medium, Small, X-Large",Black Rose Yellow
ppr5008523741,https://www.jcpenney.com/p/rabbit-rabbit-rabbit-design-womens-sleeveless-bordered-midi-fit-flare-dress/ppr5008523741?pTmplType=regular,Rabbit Rabbit Rabbit Design Womens Sleeveless Bordered Midi Fit + Flare Dress,RABBIT RABBIT RABBIT DESIGN,27.65,79.00,65,"This Rabbit Rabbit Rabbit Design women's fit and flare dress has a super chic boho vibe that will turn heads with any wear. Made from soft chiffon in a berry toned intricate geometric pattern, this sleeveless midi dress has an asymmetrical hem, a wrap v-neckline and a flowy skirt. Wear it with metallic sandals.Features: SheerClosure Type: Pullover HeadNeckline: Asymmetrical NeckSleeve Length: SleevelessApparel Length: 49.5 InchesDress Length: Midi LengthFiber Content: 100% PolyesterFabric Description: ChiffonLining: Fully LinedLining Material: PolyesterCare: Line Dry, Hand WashCountry of Origin: Imported",,,"https://jcpenney.scene7.com/is/image/JCPenney/DP0613202509010073M, https://jcpenney.scene7.com/is/image/JCPenney/DP0613202509005865M, https://jcpenney.scene7.com/is/image/JCPenney/DP0613202509005969M",,,"10, 12, 14, 16",Berry
ppr5008539530,https://www.jcpenney.com/p/perceptions-womens-petite-short-sleeve-floral-high-low-fit-flare-dress/ppr5008539530?pTmplType=regular,Perceptions Womens Petite Short Sleeve Floral High-Low Fit + Flare Dress,PERCEPTIONS,25.89,74.00,65,"This Perceptions women's petite fit and flare dress features an intricate floral pattern and a flowy shape for a chic, feminine finish. This midi dress has a v-neck, short sleeves and a high-low length skirt. Wear it with heels. Closure Type: Pullover HeadNeckline: V NeckSleeve Length: Short SleeveApparel Length: 43.5 Inches - FrontDress Length: High Low LengthFiber Content: 96% Polyester, 4% SpandexFabric Description: ItyLining: UnlinedCare: Machine Wash, Line DryCountry of Origin: Imported",,,"https://jcpenney.scene7.com/is/image/JCPenney/DP0530202511015928M, https://jcpenney.scene7.com/is/image/JCPenney/DP0530202511015824M, https://jcpenney.scene7.com/is/image/JCPenney/DP0530202511020032M",5.0,1,"Petite Large, Petite Medium, Petite Small, Petite X-Large",Navy Rust
ppr5008514974,https://www.jcpenney.com/p/danny-nicole-womens-medallion-midi-jacket-dress/ppr5008514974?pTmplType=regular,Danny & Nicole Womens Medallion Midi Jacket Dress,DANNY & NICOLE,29.23,79.00,63,"You will love the vibrant colors and medallion pattern of this Danny & Nicole women's jacket and dress set. It includes a sleeveless printed midi dress with an a-line silhouette, plus a cropped pleated front cardigan with 3/4 sleeves in a complementary green tone. Wear it with pumps.# Pieces In Set: 22nd Piece Description: Jacket2nd Piece Closure Type: Hook & Eye2nd Piece Neckline: Round Neck2nd Piece Sleeve Style: Fitted Sleeve2nd Piece Sleeve Length: 3/4 Sleeves2nd Piece Fabric: Ity2nd Piece Fiber Content: 95% Polyester, 5% Spandex2nd Piece Care: Machine Wash, Tumble DryFeatures: Stretch FabricClosure Type: Pullover HeadNeckline: Round NeckSleeve Length: SleevelessApparel Length: 44.5 Inches - BackDress Length: Midi LengthFiber Content: 95% Polyester, 5% SpandexFabric Description: ItyLining: UnlinedCare: Machine Wash, Tumble DryCountry of Origin: Imported",,,"https://jcpenney.scene7.com/is/image/JCPenney/DP0407202509061418M, https://jcpenney.scene7.com/is/image/JCPenney/DP0407202509061314M, https://jcpenney.scene7.com/is/image/JCPenney/DP0407202509061521M, https://jcpenney.scene7.com/is/image/JCPenney/DP0407202509061211M, https://jcpenney.scene7.com/is/image/JCPenney/DP0407202509061626M",,,"Medium, Small",Avocado Black Teal
ppr5008540147,https://www.jcpenney.com/p/perceptions-womens-3-4-sleeve-floral-midi-fit-flare-dress/ppr5008540147?pTmplType=regular,Perceptions Womens 3/4 Sleeve Floral Midi Fit + Flare Dress,PERCEPTIONS,29.59,74.00,60,"Closure Type: Pullover HeadNeckline: V NeckSleeve Length: 3/4 SleeveApparel Length: 46.5 Inches - FrontDress Length: Midi LengthFiber Content: 96% Polyester, 4% SpandexFabric Description: CrepeLining: UnlinedCare: Line Dry, Machine WashCountry of Origin: Imported",,,"https://jcpenney.scene7.com/is/image/JCPenney/DP0714202509092868M, https://jcpenney.scene7.com/is/image/JCPenney/DP0714202509092659M, https://jcpenney.scene7.com/is/image/JCPenney/DP0714202509092763M",,,"Large, Small, X-Large",Burgundy
ppr5008543839,https://www.jcpenney.com/p/msk-womens-plus-long-sleeve-shift-dress/ppr5008543839?pTmplType=regular,MSK Womens Plus Long Sleeve Shift Dress,MSK,29.39,84.00,65,"This MSK women's 3/4 sleeve shift dress is both versatile and polished. Its lightweight fabric drapes beautifully across your body, making it suitable for work or casual events. Pair it with heels or flats for a chic, comfortable look.Features: Stretch FabricClosure Type: Pullover HeadNeckline: Mock NeckSleeve Length: Long SleeveSleeve Style: Flutter SleeveApparel Length: 39.75 Inches - BackDress Length: Knee LengthFiber Content: 95% Polyester, 5% SpandexFabric Description: JerseyLining: UnlinedCare: Hand Wash, Line DryMaterial: JerseyBody Type: HourglassCountry of Origin: Imported",,,"https://jcpenney.scene7.com/is/image/JCPenney/DP0828202509012346M, https://jcpenney.scene7.com/is/image/JCPenney/DP0828202509012137M, https://jcpenney.scene7.com/is/image/JCPenney/DP0828202509012242M",,,"1X, 2X, 3X",Jbs Navy
ppr5008565288,https://www.jcpenney.com/p/r-k-originals-womens-3-4-sleeve-plaid-fit-flare-dress/ppr5008565288?pTmplType=regular,R & K Originals Womens 3/4 Sleeve Plaid Fit + Flare Dress,R & K ORIGINALS,25.49,69.00,63,"R & K Originals womens 3/4 Sleeve Plaid Fit Flare Dress delivers classic style with a playful twist. The flattering fit-and-flare shape and timeless plaid pattern suit both work and social occasions. Pair with ankle boots or flats for polished everyday appeal.Closure Type: ZipperNeckline: Round NeckSleeve Length: 3/4 SleeveSleeve Style: Fitted SleeveApparel Length: 43.75 InchesDress Length: Knee LengthFiber Content: 97% Polyester, 3% SpandexFabric Description: KnitLining: UnlinedCollar: Zip CollarCare: Hand Wash, Line DryCountry of Origin: Imported",,,"https://jcpenney.scene7.com/is/image/JCPenney/DP0917202509040363M, https://jcpenney.scene7.com/is/image/JCPenney/DP0917202509040154M, https://jcpenney.scene7.com/is/image/JCPenney/DP0917202509040259M",3.0,2,"10, 12, 14, 16, 18, 4, 6, 8",Gray Brown
ppr5008522400,https://www.jcpenney.com/p/sam-and-jess-womens-short-sleeve-fit-flare-dress/ppr5008522400?pTmplType=regular,Sam And Jess Womens Short Sleeve Fit + Flare Dress,SAM AND JESS,27.65,79.00,65,"Closure Type: ButtonNeckline: Collar NeckSleeve Length: Short SleeveSleeve Style: Puffed SleeveApparel Length: 48.38 Inches - BackDress Length: Long LengthFiber Content: 100% PolyesterFabric Description: CrinkleLining: UnlinedCollar: Spread CollarCare: Line Dry, Machine WashBody Type: HourglassCountry of Origin: Imported",,,"https://jcpenney.scene7.com/is/image/JCPenney/DP0530202513011362M, https://jcpenney.scene7.com/is/image/JCPenney/DP0530202513011571M, https://jcpenney.scene7.com/is/image/JCPenney/DP0530202513011676M",,,"Medium, Small, X-Small",Black
ppr5008500374,https://www.jcpenney.com/p/premier-amour-off-the-shoulder-womens-plus-sleeveless-floral-maxi-dress/ppr5008500374?pTmplType=regular,Premier Amour Off The Shoulder Womens Plus Sleeveless Floral Maxi Dress,PREMIER AMOUR,29.69,99.00,70,"Feel glamorous wearing this Premier Amour women's plus floral maxi dress. Crafted from lightweight chiffon, this long flowy dress has a straight neck, off-shoulder sleeves, and a pleated skirt. Wear it with heeled sandals and minimal accessories.Features: PleatedClosure Type: Pullover HeadNeckline: Boat NeckSleeve Length: SleevelessSleeve Style: Off Shoulder SleeveApparel Length: 60 InchesDress Length: Long LengthFiber Content: 100% PolyesterFabric Description: ChiffonLining: LinedLining Material: PolyesterCare: Machine WashMaterial: ChiffonWedding Occasion: Guest of WeddingCountry of Origin: Imported",,,"https://jcpenney.scene7.com/is/image/JCPenney/DP1227202411010633M, https://jcpenney.scene7.com/is/image/JCPenney/DP1227202411010531M, https://jcpenney.scene7.com/is/image/JCPenney/DP1227202411010429M",4.3,3,22W,Mauve Cream
ppr5008539526,https://www.jcpenney.com/p/perceptions-womens-plus-short-sleeve-geometric-shift-dress/ppr5008539526?pTmplType=regular,Perceptions Womens Plus Short Sleeve Geometric Shift Dress,PERCEPTIONS,29.39,84.00,65,"Bold and breezy, this Perceptions women’s shift dress features a round neckline, ruffled short sleeves, and a striking geometric print. Made from soft ITY fabric with a hint of stretch, it offers a flattering pullover fit and a knee-length silhouette.Closure Type: Pullover HeadNeckline: Round NeckSleeve Length: Short SleeveSleeve Style: Ruffled SleeveApparel Length: 40 Inches - FrontDress Length: Knee LengthFiber Content: 95% Polyester, 5% SpandexFabric Description: ItyLining: UnlinedCare: Line Dry, Machine WashCountry of Origin: Imported",,,"https://jcpenney.scene7.com/is/image/JCPenney/DP0714202509093703M, https://jcpenney.scene7.com/is/image/JCPenney/DP0714202509093494M, https://jcpenney.scene7.com/is/image/JCPenney/DP0714202509093599M",,,"1X, 2X, 3X",Hunter
ppr5008565290,https://www.jcpenney.com/p/r-k-originals-womens-3-4-sleeve-plaid-babydoll-dress/ppr5008565290?pTmplType=regular,R & K Originals Womens 3/4 Sleeve Plaid Babydoll Dress,R & K ORIGINALS,25.49,69.00,63,"This R & K Originals women's plaid dress has a flattering, flowy babydoll shape you will love wearing with ankle boots or pumps. Made from stretch-knit, this shirt dress has a collar neck and 3/4 cuffed sleeves. Closure Type: ButtonNeckline: Round NeckPocket Types: 2 Side Slip Pocket(s)Sleeve Length: 3/4 SleeveSleeve Style: Balloon SleeveApparel Length: 36.63 InchesDress Length: Knee LengthFiber Content: 96% Polyester, 4% SpandexFabric Description: KnitLining: UnlinedCollar: Button Down CollarCare: Line Dry, Machine WashCountry of Origin: Imported",,,"https://jcpenney.scene7.com/is/image/JCPenney/DP0917202509035945M, https://jcpenney.scene7.com/is/image/JCPenney/DP0917202509035736M, https://jcpenney.scene7.com/is/image/JCPenney/DP0917202509035841M",3.0,3,"Large, Medium, Small, X-Large",Taupe Brown
