url,breadcrumbs,brand,title,regular_price,selling_price,sku,description,dimensions,net_quantity,fit,care_instruction,fabric_composition,country_of_origin
https://styleunion.in/products/boys-all-over-print-crew-neck-full-sleeve-conversational-print-t-shirt-with-track-pant-sleepwear-set-bslp00014,home > Boys All Over Print Crew Neck Full Sleeve Conversational Print T-Shirt With Track Pant Sleepwear Set,Style Union,Boys All Over Print Crew Neck Full Sleeve Conversational Print T-Shirt With Track Pant Sleepwear Set,₹399,₹399,8909001524213,"Wrap your little one in comfort and style with our Boys All Over Print Crew Neck Full Sleeve Conversational Print T-Shirt with Track Pant Sleepwear Set. Crafted from 100% cotton, this set promises a soft touch against the skin, ensuring a cozy night's sleep or a playful day at home.
      
        
All Over Print: The playful patterns ignite imagination and bring joy to bedtime routines.
        
Full Sleeve Design: Offers warmth and coverage, perfect for cooler nights.
        
Mid Rise Waist: Ensures a snug fit that stays in place during sleep or play.
      
      Whether it's for a restful night's sleep or a day of lounging, this sleepwear set is versatile enough to keep your child comfortable and stylish. The conversational prints add a touch of fun, making it a favorite choice for both kids and parents alike.","1 YRS, 2 YRS, 4 YRS, 6 YRS, 8 YRS, 10 YRS, 12 YRS, 14 YRS",1,Regular Fit,Machine Wash 40°C. Wash Dark Colours Separately. Do Not Bleach. Tumble Dry Low. Warm Iron. Do Not Dry Clean. Do Not Iron On Embellishment.,100% Cotton,India
https://styleunion.in/products/boys-all-over-print-crew-neck-full-sleeve-conversational-print-t-shirt-with-track-pant-sleepwear-set-bslp00016,home > Boys All Over Print Crew Neck Full Sleeve Conversational Print T-Shirt With Track Pant Sleepwear Set,Style Union,Boys All Over Print Crew Neck Full Sleeve Conversational Print T-Shirt With Track Pant Sleepwear Set,₹399,₹399,8909001523483,"Experience the ultimate in comfort and style with our Boys All Over Print Crew Neck Full Sleeve Conversational Print T-Shirt with Track Pant Sleepwear Set. Crafted from 100% cotton, this set promises a soft touch against the skin, ensuring a cozy night's sleep or a relaxed day at home. The playful conversational print adds a touch of fun, making it a favorite for boys who love to express their personality.
      
        
All Over Print: Adds a playful and engaging element, perfect for sparking imagination.
        
Full Sleeve Design: Provides warmth and coverage, ideal for cooler nights or lounging in comfort.
        
Crew Neck: Offers a classic and comfortable fit that is easy to wear.
        
Mid Rise Waist: Ensures a secure and comfortable fit, allowing freedom of movement.
      
      This versatile sleepwear set is perfect for bedtime, lazy weekends, or even casual playdates. Let your child enjoy the blend of comfort and style, making every moment special.","1 YRS, 2 YRS, 4 YRS, 6 YRS, 8 YRS, 10 YRS, 12 YRS, 14 YRS",1,Regular Fit,"Machine Wash 40°C
        Wash Dark Colours Separately
        Do Not Bleach
        Tumble Dry Low
        Warm Iron
        Do Not Dry Clean
        Do Not Iron On Embellishment",100% Cotton,India
https://styleunion.in/products/boys-all-over-print-crew-neck-full-sleeve-conversational-print-t-shirt-with-track-pant-sleepwear-set-bslp00020,home > Boys All Over Print Crew Neck Full Sleeve Conversational Print T-Shirt With Track Pant Sleepwear Set,Style Union,Boys All Over Print Crew Neck Full Sleeve Conversational Print T-Shirt With Track Pant Sleepwear Set,₹349,₹349,8909001523025,"Experience the ultimate comfort with our Boys All Over Print Crew Neck Full Sleeve Conversational Print T-Shirt with Track Pant Sleepwear Set. Crafted from 100% cotton, this set promises a soft touch against the skin, ensuring a cozy night's sleep or a relaxed day at home. The playful conversational print adds a touch of fun, making it a favorite for boys who love to express their style even in their sleepwear. 
      
        
Comfortable Fabric: Made from 100% cotton, this set is breathable and gentle, perfect for sensitive skin.
        
All Over Print: The vibrant design brings a playful element, sparking joy and creativity.
        
Full Sleeve Design: Provides warmth and coverage, ideal for cooler nights.
        
Mid Rise Waist: Offers a comfortable fit that stays in place, allowing freedom of movement.
      
      Whether lounging at home or drifting into dreamland, this sleepwear set is your child's perfect companion for comfort and style.","1 YRS, 2 YRS, 4 YRS, 6 YRS, 8 YRS, 10 YRS, 12 YRS, 14 YRS",1,Regular Fit,Machine Wash 40°C. Wash Dark Colours Separately. Do Not Bleach. Tumble Dry Low. Warm Iron. Do Not Dry Clean. Do Not Iron On Embellishment.,100% Cotton,India
https://styleunion.in/products/boys-all-over-print-crew-neck-t-shirt-bft00103,home > Boys All Over Print Crew Neck T-Shirt,Style Union,Boys All Over Print Crew Neck T-Shirt,₹349,₹349,8909001580837,"Experience the ultimate in comfort and style with our Boys All Over Print Crew Neck T-Shirt. Crafted from 100% cotton, this tee promises a soft touch against the skin, making it perfect for all-day wear. The vibrant all-over print adds a playful touch, ensuring your little one stands out in any crowd.
      
        
Soft Cotton Fabric: Keeps your child comfortable and cool, perfect for active play.
        
All Over Print: Adds a fun and trendy element to your child's wardrobe.
        
Crew Neck Design: Offers a classic look that pairs well with any outfit.
        
Half Sleeves: Ideal for warmer days, providing ease of movement.
      
      This versatile t-shirt is perfect for casual outings, playdates, or just lounging at home. Pair it with jeans or shorts for a complete look that is both stylish and comfortable.","1 YRS, 2 YRS, 4 YRS, 6 YRS, 8 YRS, 10 YRS, 12 YRS, 14 YRS",1,Regular Fit,Machine Wash 40°C. Wash Dark Colours Separately. Do Not Bleach. Tumble Dry Low. Warm Iron. Do Not Dry Clean. Do Not Iron On Embellishment.,100% Cotton,India
https://styleunion.in/products/boys-all-over-print-crew-neck-t-shirt-bft00105,home > Boys All Over Print Crew Neck T-Shirt,Style Union,Boys All Over Print Crew Neck T-Shirt,₹199,₹199,8909001580967,"Experience the perfect blend of comfort and style with our Boys All Over Print Crew Neck T-Shirt. Crafted from 100% cotton, this t-shirt offers a soft touch against the skin, ensuring your little one stays comfortable all day long. The vibrant all-over print adds a playful touch, making it a versatile choice for any occasion.
      
        
Comfortable Fabric: The 100% cotton fabric is breathable and gentle, perfect for active days.
        
Stylish Design: The all-over print brings a fun and trendy vibe, ideal for casual outings or playdates.
        
Easy to Wear: The crew neck and regular fit provide a relaxed and easygoing style.
        
Durable Construction: Knit weave ensures long-lasting wear, even after multiple washes.
      
      Whether it's a day at the park or a casual family gathering, this t-shirt is the perfect addition to your child's wardrobe, offering both style and comfort.","1 YRS, 2 YRS, 4 YRS, 6 YRS, 8 YRS, 10 YRS, 12 YRS, 14 YRS",1,Regular Fit,"Machine Wash 40°C
        Wash Dark Colours Separately
        Do Not Bleach
        Tumble Dry Low
        Warm Iron
        Do Not Dry Clean
        Do Not Iron On Embellishment",100% Cotton,India
https://styleunion.in/products/boys-all-over-print-crew-neck-t-shirt-with-trackpant-sleepwear-set-bslp00013,home > Boys All Over Print Crew Neck  T-Shirt With Trackpant Sleepwear Set,Style Union,Boys All Over Print Crew Neck  T-Shirt With Trackpant Sleepwear Set,₹399,₹399,8909001523322,"This sleepwear set combines comfort and style, making it perfect for a good night's sleep. The soft cotton fabric ensures breathability and a cozy feel, while the all-over print adds a fun and playful touch. Designed with a regular fit, it offers a relaxed and comfortable wear, ideal for active boys.
      
        
Soft and Breathable: Made from 100% cotton for ultimate comfort.
        
Fun Design: Features an all-over print for a stylish look.
        
Relaxed Fit: Regular fit ensures ease of movement and comfort.
        
Versatile: Perfect for bedtime or lounging around the house.","1 YRS, 2 YRS, 4 YRS, 6 YRS, 8 YRS, 10 YRS, 12 YRS, 14 YRS",1,Regular Fit,"Machine wash at 40°C.
        Wash dark colours separately.
        Do not bleach.
        Tumble dry on low.
        Warm iron.
        Do not dry clean.
        Do not iron on embellishment.",100% Cotton,India
https://styleunion.in/products/boys-all-over-print-crew-neck-t-shirt-with-trackpant-sleepwear-set-bslp00015,home > Boys All Over Print Crew Neck  T-Shirt With Trackpant Sleepwear Set,Style Union,Boys All Over Print Crew Neck  T-Shirt With Trackpant Sleepwear Set,₹399,₹399,8909001523193,"This sleepwear set is designed for ultimate comfort and style, making it perfect for a good night's sleep or lounging around. Crafted from 100% cotton, it ensures softness and breathability, while the all-over print adds a fun and playful touch. The regular fit provides a relaxed and comfortable feel, ideal for active boys who value both comfort and style.
      
        
Soft and Breathable: Made from 100% cotton for all-day comfort.
        
Playful Design: Features an all-over print for a fun look.
        
Relaxed Fit: Regular fit ensures ease of movement and comfort.
        
Versatile: Perfect for sleepwear or casual lounging.","1 YRS, 2 YRS, 4 YRS, 6 YRS, 8 YRS, 10 YRS, 12 YRS, 14 YRS",1,Regular Fit,"Machine wash at 40°C.
        Wash dark colours separately.
        Do not bleach.
        Tumble dry on low.
        Warm iron.
        Do not dry clean.
        Do not iron on embellishment.",Cotton,India
https://styleunion.in/products/boys-all-over-print-crew-neck-t-shirt-with-trackpant-sleepwear-set-bslp00019,home > Boys All Over Print Crew Neck  T-Shirt With Trackpant Sleepwear Set,Style Union,Boys All Over Print Crew Neck  T-Shirt With Trackpant Sleepwear Set,₹399,₹399,8909001522882,"Designed for ultimate comfort and style, this sleepwear set is perfect for boys who value both quality and versatility. The set features a crew neck T-shirt and full-length trackpants, making it ideal for a good night's sleep or lounging around the house.
      
        
Comfortable Fit: The regular fit ensures a relaxed and comfortable feel, perfect for all-day wear.
        
Soft Fabric: Made from 100% cotton, the fabric is soft, breathable, and gentle on the skin.
        
Stylish Design: The all-over print adds a trendy touch, making it a favorite for young boys.","1 YRS, 2 YRS, 4 YRS, 6 YRS, 8 YRS, 10 YRS, 12 YRS, 14 YRS",1,Regular Fit,"Machine wash at 40°C.
        Wash dark colors separately.
        Do not bleach.
        Tumble dry on low.
        Warm iron.
        Do not dry clean.
        Do not iron on embellishment.",100% Cotton,India
https://styleunion.in/products/boys-all-over-print-hoodie-pop-sweat-tee-bswt00024,home > Boys All Over Print Hoodie Pop Sweat Tee,Style Union,Boys All Over Print Hoodie Pop Sweat Tee,₹399,₹399,8909001397800,"These all over print pattern sweat tee has hoodie and full sleeve. Made from cotton, your kid's feel comfortable wearing the product.","1 YRS, 2 YRS, 4 YRS, 6 YRS, 8 YRS, 10 YRS, 12 YRS, 14 YRS",1,Regular Fit,Machine Wash 40°C.Wash Dark Colours Separately.Do Not Bleach. Tumble Dry Low. Warm Iron. Do Not Dry Clean. Do Not Iron On Embellishment,Cotton,India
https://styleunion.in/products/boys-all-over-print-knee-length-mid-rise-shorts-bfsh00080,home > Boys All Over Print Knee Length Shorts,Style Union,Boys All Over Print Knee Length Shorts,₹299,₹299,8909001783214,"Let your little one play in comfort and style with the Boys All Over Print Knee-Length Mid-Rise Shorts. Featuring a trendy all-over print and a soft cotton-polyester blend, these shorts are perfect for casual outings, playdates, or lounging at home.


Fabric: 60% Cotton, 40% Polyester for breathability and durability.


Fit: Regular fit with a mid-rise waist for all-day comfort.


Pattern: All-over print (AOP) adds a fun and stylish touch.


Length: Knee-length for easy movement.


Pockets: Two side pockets for added convenience.


.","1 YRS, 2 YRS, 4 YRS, 6 YRS, 8 YRS, 10 YRS, 12 YRS, 14 YRS",1,Regular fit with a mid-rise waist for all-day comfort.,Machine Wash 30°C.Wash Dark Colours Separately.Do Not Bleach. Tumble Dry Low. Warm Iron. Do Not Dry Clean. Do Not Iron On Embellishment,"60% Cotton, 40% Polyester for breathability and durability.",India
https://styleunion.in/products/boys-all-over-print-knee-length-shorts-bfsh00039,home > Boys All Over Print Knee Length Shorts,Style Union,Boys All Over Print Knee Length Shorts,₹199,₹199,8909001581292,"Experience the perfect blend of comfort and style with these Boys All Over Print Knee Length Shorts. Crafted from 100% cotton, these shorts offer a soft touch and breathable feel, making them ideal for active days and casual outings. The playful all-over print adds a fun element, while the mid-rise waist ensures a comfortable fit throughout the day.
      
        
100% Cotton Fabric: Enjoy the natural softness and breathability that keeps your child comfortable all day long.
        
Knit Weave: Provides flexibility and ease of movement, perfect for active play.
        
All Over Print: Adds a vibrant and playful touch, making these shorts a favorite for any casual occasion.
        
Mid Rise Waist: Offers a secure and comfortable fit without compromising on style.
        
Two Pockets: Convenient for carrying small essentials, ensuring your child is always prepared.
      
      Perfect for summer adventures, these shorts can be paired with a casual tee for a relaxed look or dressed up with a smart shirt for a more polished appearance. Whether at the park, beach, or a family gathering, these shorts are a versatile addition to your child's wardrobe.","1 YRS, 2 YRS, 4 YRS, 6 YRS, 8 YRS, 10 YRS, 12 YRS, 14 YRS",1,Regular Fit,Machine Wash 40°C. Wash Dark Colours Separately. Do Not Bleach. Tumble Dry Low. Warm Iron. Do Not Dry Clean. Do Not Iron On Embellishment.,100% Cotton,India
https://styleunion.in/products/boys-all-over-print-knee-length-shorts-bfsh00085,home > Boys All Over Print Knee Length Shorts,Style Union,Boys All Over Print Knee Length Shorts,₹299,₹299,8909001787021,"These boys' all-over print knee-length shorts are crafted for comfort and style, making them a versatile addition to any young wardrobe. Made from 100% cotton, these shorts are breathable and gentle on the skin, ensuring all-day comfort. The playful print adds a fun element, perfect for active days or casual outings.
      
        
Breathable Cotton: Keeps your child cool and comfortable, even on the warmest days.
        
All Over Print: Adds a touch of fun and personality to any outfit.
        
Mid Rise Waist: Provides a secure fit without compromising on comfort.
        
Practical Pockets: Ideal for carrying small essentials during playtime.
      
      Perfect for a day at the park, a casual family outing, or simply lounging at home, these shorts offer the ideal blend of comfort and style for any occasion.","1 YRS, 2 YRS, 4 YRS, 6 YRS, 8 YRS, 10 YRS, 12 YRS, 14 YRS",1,Regular Fit,"Machine Wash 40°C
        Wash Dark Colours Separately
        Do Not Bleach
        Tumble Dry Low
        Warm Iron
        Do Not Dry Clean
        Do Not Iron On Embellishment",100% Cotton,India
https://styleunion.in/products/boys-all-over-print-knee-length-shorts-bfsh00087,home > Boys Cotton Printed Shorts,Style Union,Boys Cotton Printed Shorts,₹199,₹199,8909001817827,"Discover unparalleled comfort with our Knitted Cotton Shorts, crafted from 100% cotton for a soft and breathable experience. These shorts are perfect for active boys who need freedom of movement and style. The printed pattern adds a playful touch, making them ideal for casual outings or playdates.

      
        
Breathable Fabric: Keeps your child cool and comfortable during any activity.
        
Playful Pattern: Adds a fun element to your child's wardrobe.
        
Mid Rise Waist: Provides a secure fit without compromising comfort.
        
Ample Pockets: Three pockets to keep essentials handy.
      

      These shorts are versatile enough to be worn for a day at the park, a casual family gathering, or just lounging at home. Let your child enjoy the perfect blend of comfort and style with these must-have shorts.","1 YRS, 2 YRS, 4 YRS, 6 YRS, 8 YRS, 10 YRS, 12 YRS, 14 YRS",1,Regular Fit,Machine Wash 40°C. Wash Dark Colours Separately. Do Not Bleach. Tumble Dry Low. Warm Iron. Do Not Dry Clean. Do Not Iron On Embellishment.,100% Cotton,India
https://styleunion.in/products/boys-all-over-print-shorts-bfsh00096,home > Boys All Over Print Shorts,Style Union,Boys All Over Print Shorts,₹299,₹299,8909001883174,"Discover the perfect blend of comfort and style with our Boys All Over Print Shorts. Crafted from a soft cotton polyester blend, these shorts offer the ideal balance of breathability and durability, making them perfect for active days and casual outings alike.
      
        
Comfortable Fabric: The cotton polyester blend ensures a soft touch against the skin, keeping your child comfortable throughout the day.
        
Stylish Design: The all-over print adds a fun and trendy touch, perfect for making a statement.
        
Practical Length: Knee-length design provides ample coverage while allowing freedom of movement.
        
Convenient Pockets: Two pockets offer practical storage for small essentials, ensuring your child is ready for any adventure.
      
      Whether it's a day at the park or a casual family outing, these shorts are versatile enough to suit any occasion. Pair them with a simple tee or a stylish shirt for a complete look that your child will love.","1 YRS, 2 YRS, 4 YRS, 6 YRS, 8 YRS, 10 YRS, 12 YRS, 14 YRS",1,Regular Fit,Machine Wash 40°C. Wash Dark Colours Separately. Do Not Bleach. Tumble Dry Low. Warm Iron. Do Not Dry Clean. Do Not Iron On Embellishment.,"Cotton Polyester (50% Cotton, 50% Polyester)",India
https://styleunion.in/products/boys-all-over-print-shorts-bfsh00097,home > Boys All Over Print Shorts,Style Union,Boys All Over Print Shorts,₹199,₹199,8909001883464,"These Boys All Over Print Shorts are designed for comfort and style, making them a versatile addition to any wardrobe. Crafted from a soft cotton polyester blend, they offer the perfect balance of breathability and durability, ensuring your child stays comfortable throughout the day.
      
        
Comfortable Fabric: The blend of cotton and polyester provides a soft touch against the skin, perfect for active days.
        
Stylish Pattern: The all-over print adds a fun and trendy look, making these shorts a favorite for any casual outing.
        
Practical Design: With two pockets, these shorts offer convenience for carrying small essentials.
        
Mid Rise Waist: Provides a secure and comfortable fit, allowing freedom of movement.
      
      Ideal for playdates, casual outings, or just lounging at home, these shorts are a must-have for any young boy's wardrobe.","1 YRS, 2 YRS, 4 YRS, 6 YRS, 8 YRS, 10 YRS, 12 YRS, 14 YRS",1,Regular Fit,Machine Wash 40°C. Wash Dark Colours Separately. Do Not Bleach. Tumble Dry Low. Warm Iron. Do Not Dry Clean. Do Not Iron On Embellishment.,"Cotton Polyester (50% Cotton, 50% Polyester)",India
https://styleunion.in/products/boys-all-over-print-snooze-set-bslp00040,home > Boys All Over Print Sleepwear T-shirt with Short Set,Style Union,Boys All Over Print Sleepwear T-shirt with Short Set,₹349,₹349,8909001787519,"Experience the ultimate in comfort and style with our Boys Cotton Sleepwear Set. Crafted from 100% cotton, this set offers a gentle touch against the skin, ensuring a restful night's sleep. The all-over print adds a playful touch, making bedtime something to look forward to.
      
        
Comfortable Fabric: The 100% cotton fabric is breathable and soft, perfect for sensitive skin and ensuring a cozy sleep.
        
Playful Design: The all-over print brings a fun and lively element to bedtime, sparking joy and imagination.
        
Practical Fit: The regular fit provides ease of movement, allowing your child to sleep comfortably without restrictions.
        
Versatile Use: Ideal for sleepovers, lounging at home, or simply winding down after a long day.
      
      Whether it's a quiet night in or a fun sleepover, this sleepwear set is the perfect choice for comfort and style.","1 YRS, 2 YRS, 4 YRS, 6 YRS, 8 YRS, 10 YRS, 12 YRS, 14 YRS",1,Regular Fit,Machine Wash 40°C. Wash Dark Colours Separately. Do Not Bleach. Tumble Dry Low. Warm Iron. Do Not Dry Clean. Do Not Iron On Embellishment.,100% Cotton,India
https://styleunion.in/products/boys-all-over-print-snooze-set-t-shirt-shorts-sleepwear-sets,home > Boys All Over Print T-Shirt & Shorts Sleepwear Sets,Style Union,Boys All Over Print T-Shirt & Shorts Sleepwear Sets,₹349,₹349,8909001765043,"Experience the ultimate in comfort and style with our Boys Regular Fit All Over Print Crew Neck Full Sleeve T-Shirt with Trackpant Sleepwear Set. Crafted from 100% cotton, this set promises a soft touch against the skin, ensuring a restful night's sleep or a cozy day at home. The playful all-over print adds a touch of fun, making it a favorite for boys who love to express their personality even in sleepwear.


Comfortable Fabric: The 100% cotton fabric is breathable and gentle on the skin, perfect for sensitive skin.

Stylish Design: The all-over print design adds a playful and trendy touch, making it suitable for both lounging and sleep.

Practical Fit: The regular fit provides ample room for movement, ensuring your child stays comfortable all day or night.

Versatile Use: Ideal for sleepovers, lazy weekends, or just relaxing at home, this set is a versatile addition to any wardrobe.

Let your child enjoy the blend of style and comfort, whether they're winding down for the night or enjoying a lazy day at home.","1 YRS, 2 YRS, 4 YRS, 6 YRS, 8 YRS, 10 YRS, 12 YRS, 14 YRS",1,Regular Fit,Machine Wash 40°C. Wash Dark Colours Separately. Do Not Bleach. Tumble Dry Low. Warm Iron. Do Not Dry Clean. Do Not Iron On Embellishment.,100% Cotton,India
https://styleunion.in/products/boys-all-over-print-snooze-set-t-shirt-shorts-sleepwear-sets-copy,home > Boys All Over Print Snooze Set - T-Shirt & Shorts Sleepwear Sets,Style Union,Boys All Over Print Snooze Set - T-Shirt & Shorts Sleepwear Sets,₹349,₹349,8909001766415,"Experience the ultimate in comfort and style with our Boys Regular Fit All Over Print Crew Neck Full Sleeve T-Shirt with Trackpant Sleepwear Set. Crafted from 100% cotton, this set promises a soft touch against the skin, ensuring a restful night's sleep or a cozy day at home. The playful all-over print adds a touch of fun, making it a favorite for boys who love to express their personality even in sleepwear.


Comfortable Fabric: The 100% cotton fabric is breathable and gentle on the skin, perfect for sensitive skin.

Stylish Design: The all-over print design adds a playful and trendy touch, making it suitable for both lounging and sleep.

Practical Fit: The regular fit provides ample room for movement, ensuring your child stays comfortable all day or night.

Versatile Use: Ideal for sleepovers, lazy weekends, or just relaxing at home, this set is a versatile addition to any wardrobe.

Let your child enjoy the blend of style and comfort, whether they're winding down for the night or enjoying a lazy day at home.","1 YRS, 2 YRS, 4 YRS, 6 YRS, 8 YRS, 10 YRS, 12 YRS, 14 YRS",1,Regular Fit,Machine Wash 40°C. Wash Dark Colours Separately. Do Not Bleach. Tumble Dry Low. Warm Iron. Do Not Dry Clean. Do Not Iron On Embellishment.,100% Cotton,India
https://styleunion.in/products/boys-all-over-print-snooze-set-t-shirt-shorts-sleepwear-sets-copy-1,home > Girls Must Have Snooze Coordinate Set,Style Union,Girls Must Have Snooze Coordinate Set,₹349,₹349,8909001792599,"Experience the ultimate in comfort and style with our Girls Regular Fit Printed Crew Neck Full Sleeve T-Shirt with Trackpant Sleepwear Set. Crafted from 100% cotton, this set promises a soft touch against the skin, ensuring a restful night's sleep or a cozy day at home. The playful all-over print adds a touch of fun, making it a favorite for boys who love to express their personality even in sleepwear.


Comfortable Fabric: The 100% cotton fabric is breathable and gentle on the skin, perfect for sensitive skin.

Stylish Design: The printed design adds a playful and trendy touch, making it suitable for both lounging and sleep.

Practical Fit: The regular fit provides ample room for movement, ensuring your child stays comfortable all day or night.

Versatile Use: Ideal for sleepovers, lazy weekends, or just relaxing at home, this set is a versatile addition to any wardrobe.

Let your child enjoy the blend of style and comfort, whether they're winding down for the night or enjoying a lazy day at home.","1 YRS, 2 YRS, 4 YRS, 6 YRS, 8 YRS, 10 YRS, 12 YRS, 14 YRS",1,Regular Fit,Machine Wash 40°C. Wash Dark Colours Separately. Do Not Bleach. Tumble Dry Low. Warm Iron. Do Not Dry Clean. Do Not Iron On Embellishment.,100% Cotton,India
https://styleunion.in/products/boys-all-over-print-t-shirt-bft00171,home > Boys All Over Print T-Shirt,Style Union,Boys All Over Print T-Shirt,₹299,₹299,8909001785195,"Discover the perfect blend of comfort and style with our Boys All Over Print T-Shirt. Crafted from 100% cotton, this t-shirt promises a soft touch against the skin, making it ideal for all-day wear. The playful all-over print adds a fun element to any outfit, ensuring your little one stands out in style.
      
        
Comfortable Fabric: The 100% cotton fabric ensures breathability and softness, keeping your child comfortable throughout the day.
        
Vibrant Pattern: The all-over print design adds a splash of color and excitement, perfect for playful days.
        
Versatile Style: The crew neck and regular length make it easy to pair with any bottoms, from jeans to shorts.
        
Easy Maintenance: Machine washable for hassle-free cleaning, so it's ready for the next adventure.
      
      Perfect for casual outings, playdates, or just lounging at home, this t-shirt is a versatile addition to any young boy's wardrobe.","1 YRS, 2 YRS, 4 YRS, 6 YRS, 8 YRS, 10 YRS, 12 YRS, 14 YRS",1,Regular Fit,Machine Wash 40°C. Wash Dark Colours Separately. Do Not Bleach. Tumble Dry Low. Warm Iron. Do Not Dry Clean. Do Not Iron On Embellishment.,100% Cotton,India
https://styleunion.in/products/boys-ankle-length-printed-socks-kbso004,home > Boys Ankle Length Printed Socks (Pack of 2),Style Union,Boys Ankle Length Printed Socks (Pack of 2),₹149,₹149,8909063001301,"Step into comfort and style with our premium socks. Designed for ultimate comfort and durability, they're the perfect everyday essential for your Kids feet.",10 YRS,1,N/A,Hand Wash,Cotton Spandex,India
https://styleunion.in/products/boys-ankle-length-printed-socks-kbso005,home > Boys Ankle Length Printed Socks (Pack of 2),Style Union,Boys Ankle Length Printed Socks (Pack of 2),₹149,₹149,8909063001318,"Step into comfort and style with our premium socks. Designed for ultimate comfort and durability, they're the perfect everyday essential for your Kids feet.",10 YRS,1,N/A,Hand Wash,Cotton Spandex,India
https://styleunion.in/products/boys-ankle-length-printed-socks-kbso007,home > Boys Ankle Length Printed Socks (Pack of 2),Style Union,Boys Ankle Length Printed Socks (Pack of 2),₹149,₹149,8909063001332,"Step into comfort and style with our premium socks. Designed for ultimate comfort and durability, they're the perfect everyday essential for your Kids feet.",10 YRS,1,N/A,Hand Wash,Cotton Spandex,India
https://styleunion.in/products/boys-ankle-length-printed-socks-kbso008,home > Boys Ankle Length Printed Socks (Pack of 2),Style Union,Boys Ankle Length Printed Socks (Pack of 2),₹149,₹149,8909063001349,"Step into comfort and style with our premium socks. Designed for ultimate comfort and durability, they're the perfect everyday essential for your Kids feet.",6 YRS,1,N/A,Hand Wash,Cotton Spandex,India
https://styleunion.in/products/boys-ankle-length-printed-socks-kbso009,home > Boys Ankle Length Printed Socks (Pack of 2),Style Union,Boys Ankle Length Printed Socks (Pack of 2),₹149,₹149,8909063001356,"Step into comfort and style with our premium socks. Designed for ultimate comfort and durability, they're the perfect everyday essential for your Kids feet.",6 YRS,1,N/A,Hand Wash,Cotton Spandex,India
https://styleunion.in/products/boys-ankle-length-printed-socks-kbso010,home > Boys Ankle Length Printed Socks (Pack of 2),Style Union,Boys Ankle Length Printed Socks (Pack of 2),₹149,₹149,8909063001363,"Step into comfort and style with our premium socks. Designed for ultimate comfort and durability, they're the perfect everyday essential for your Kids feet.",6 YRS,1,N/A,Hand Wash,Cotton Spandex,India
https://styleunion.in/products/boys-ankle-length-printed-socks-kbso011,home > Boys Ankle Length Printed Socks (Pack of 2),Style Union,Boys Ankle Length Printed Socks (Pack of 2),₹149,₹149,8909063001370,"Step into comfort and style with our premium socks. Designed for ultimate comfort and durability, they're the perfect everyday essential for your Kids feet.",6 YRS,1,N/A,Hand Wash,Cotton Spandex,India
https://styleunion.in/products/boys-ankle-length-printed-socks-kbso012,home > Boys Ankle Length Printed Socks (Pack of 2),Style Union,Boys Ankle Length Printed Socks (Pack of 2),₹149,₹149,8909063001387,"Step into comfort and style with our premium socks. Designed for ultimate comfort and durability, they're the perfect everyday essential for your Kids feet.",6 YRS,1,N/A,Hand Wash,Cotton Spandex,India
https://styleunion.in/products/boys-ankle-length-printed-socks-kbso013,home > Boys Ankle Length Printed Socks (Pack of 2),Style Union,Boys Ankle Length Printed Socks (Pack of 2),₹149,₹149,8909063014103,"Step into comfort and style with our premium socks. Designed for ultimate comfort and durability, they're the perfect everyday essential for your Kids feet.",6 YRS,1,N/A,Hand Wash,Knited,India
https://styleunion.in/products/boys-ankle-length-printed-socks-kbso014,home > Boys Ankle Length Printed Socks (Pack of 2),Style Union,Boys Ankle Length Printed Socks (Pack of 2),₹149,₹149,8909063014165,"Step into comfort and style with our premium socks. Designed for ultimate comfort and durability, they're the perfect everyday essential for your Kids feet.",6 YRS,1,N/A,Hand Wash,Knited,India
https://styleunion.in/products/boys-ankle-length-printed-socks-pack-of-2-kbso015,home > Boys Ankle Length Printed Socks (Pack of 2),Style Union,Boys Ankle Length Printed Socks (Pack of 2),₹149,₹149,8909063054130,"Step into a world of comfort and style with our Boys Ankle Length Printed Socks. Crafted from a premium blend of cotton, nylon, and spandex, these socks offer the perfect balance of softness, durability, and stretch. Whether your child is running around the playground or relaxing at home, these socks provide the ultimate in comfort and support.
      
        
Comfortable Fabric: The high cotton content ensures a soft touch against the skin, keeping feet cozy all day long.
        
Durable Design: Reinforced with nylon, these socks are built to withstand the wear and tear of active play.
        
Flexible Fit: The addition of spandex provides just the right amount of stretch, ensuring a snug fit that moves with your child.
        
Versatile Style: The playful printed pattern adds a fun element to any outfit, making these socks a great choice for both casual and dressy occasions.
      
      Perfect for everyday wear, these ankle-length socks are a must-have in every boy's wardrobe. Pair them with sneakers for a day out or with slippers for a cozy day indoors.",3-6 YRS,1,"The addition of spandex provides just the right amount of stretch, ensuring a snug fit that moves with your child.","Machine wash cold with like colors.
        Do not bleach.
        Tumble dry low.
        Do not iron.
        Do not dry clean.","Cotton (80%), Nylon (15%), Spandex (5%)",India
https://styleunion.in/products/boys-ankle-length-printed-socks-pack-of-2-kbso016,home > Boys Ankle Length Printed Socks (Pack of 2),Style Union,Boys Ankle Length Printed Socks (Pack of 2),₹149,₹149,8909063054147,"Step into everyday comfort with these Premium Kids’ Printed Socks, designed to keep up with your child’s active adventures while adding a playful touch of style. The soft, flexible fabric blend offers a snug fit that stays comfy all day long.


Soft & Stretchy Fabric Blend: Made from 80% cotton, 15% nylon, and 5% spandex for breathability, stretch, and lasting shape — perfect for kids on the move.


Fun Printed Pattern: Adds a pop of personality and playful detail to any outfit, whether for school, playdates, or lounging at home.


Ankle-Length Design: Provides just the right amount of coverage and stays in place without slipping down.


Durable Woven Construction: Made to withstand daily wear and repeated washing, so they stay looking fresh longer.


Whether it’s for school days, sports practice, or weekend adventures, these socks are the perfect blend of style, comfort, and everyday durability for your kids’ growing feet.",3-6 YRS,1,N/A,Hand Wash,"Made from 80% cotton, 15% nylon, and 5% spandex for breathability, stretch, and lasting shape — perfect for kids on the move.",India
https://styleunion.in/products/boys-ankle-length-printed-socks-pack-of-2-kbso017,home > Boys Ankle Length Printed Socks (Pack of 2),Style Union,Boys Ankle Length Printed Socks (Pack of 2),₹149,₹149,8909063054161,"Step into comfort and style with our Boys Ankle Length Printed Socks. Crafted with a blend of cotton, nylon, and spandex, these socks offer a snug fit while ensuring breathability and flexibility. Perfect for active days or lounging at home, these socks are designed to keep up with your little one's adventures.
      
        
Comfortable Fabric: The cotton-rich fabric ensures a soft touch against the skin, keeping feet cozy all day long.
        
Durable Design: The woven pattern adds strength and durability, making these socks perfect for everyday wear.
        
Flexible Fit: The addition of spandex provides a stretchy fit that adapts to growing feet, ensuring comfort with every step.
        
Stylish Patterns: The printed design adds a fun and playful element, making these socks a favorite choice for kids.
      
      Whether it's a day at school, a playdate, or a family outing, these ankle-length socks are the perfect accessory to complete any outfit.",3-6 YRS,1,"The addition of spandex provides a stretchy fit that adapts to growing feet, ensuring comfort with every step.","Machine wash cold with like colors.
        Use non-chlorine bleach when needed.
        Tumble dry low.
        Do not iron.
        Do not dry clean.","Cotton (80% Cotton, 15% Nylon, 5% Spandex)",India
https://styleunion.in/products/boys-ankle-length-printed-socks-pack-of-2-kbso018,home > Boys Ankle Length Printed Socks (Pack of 2),Style Union,Boys Ankle Length Printed Socks (Pack of 2),₹149,₹149,8909063054178,"Step into comfort and style with our Boys Ankle Length Printed Socks. Crafted for the active young gentleman, these socks offer a delightful blend of softness and durability. Whether it's a day at school or a weekend adventure, these socks are designed to keep up with every step.

      
        
Comfortable Fabric: The high cotton content ensures a soft touch against the skin, providing all-day comfort.
        
Durable Blend: The addition of nylon and spandex offers elasticity and strength, ensuring the socks maintain their shape and fit.
        
Stylish Patterns: The printed design adds a fun and fashionable element to any outfit, making them a favorite choice for boys.
        
Ankle Length Design: Perfect for pairing with sneakers or casual shoes, offering a neat and tidy look.
      
      These socks are perfect for everyday wear, whether your child is heading to school, playing sports, or just relaxing at home. The versatile design and comfortable fit make them an essential addition to any wardrobe.",7-10 YRS,1,N/A,"Machine wash warm with like colors.
        Use non-chlorine bleach when needed.
        Tumble dry low.
        Do not iron.","Cotton (80% Cotton, 15% Nylon, 5% Spandex)",India
https://styleunion.in/products/boys-assorted-ankle-socks-subfaknt06a,home > Boys Assorted Ankle Socks (Pack of 3),Style Union,Boys Assorted Ankle Socks (Pack of 3),₹199,₹199,8907546413979,"Step into comfort and style with our premium socks. Designed for ultimate comfort and durability, they're the perfect everyday essential for your Kids feet.",6 YRS,1,N/A,Hand Wash,Knited,India
https://styleunion.in/products/boys-camp-collar-full-length-printed-shirt-bpshi00034,home > Boys Half Sleeve Camp Collar Printed Shirt,Style Union,Boys Half Sleeve Camp Collar Printed Shirt,₹399,₹399,8909001766187,"Discover the perfect blend of comfort and style with this Boys Camp Collar Full Length Printed Shirt. Crafted from 100% Polyester, this shirt offers a soft and breathable experience, making it ideal for all-day wear. The vibrant printed pattern adds a playful touch, perfect for any occasion.


Comfortable Fabric: The 100% Polyester fabric ensures a soft, lightweight feel, keeping your child comfortable throughout the day.

Stylish Design: The camp collar and printed pattern provide a trendy look that stands out.

Versatile Wear: Ideal for casual outings or special occasions, this shirt can be paired with jeans or shorts for a complete look.

Easy Maintenance: Designed for busy parents, this shirt is easy to care for with simple wash instructions.

Whether it's a day at school or a family gathering, this shirt is the perfect choice for a stylish and comfortable outfit.","2 YRS, 4 YRS, 6 YRS, 8 YRS, 10 YRS, 12 YRS, 14 YRS",1,Regular Fit,Hand Wash 30°C. Wash Dark Colours Separately. Do Not Bleach. Line Dry. Do Not Iron On Embellishment. Cool Iron. Do Not Dry Clean.,100% Polyester,India
https://styleunion.in/products/boys-camp-collar-full-length-printed-shirt-bpshi00036,home > Boys Half Sleeve Camp Collar Printed Shirt,Style Union,Boys Half Sleeve Camp Collar Printed Shirt,₹299,₹299,8909001748626,"Experience the perfect blend of comfort and style with our Boys Camp Collar Full Length Printed Shirt. Crafted from 100% Rayon, this shirt offers a soft and breathable feel, making it ideal for all-day wear. The vibrant printed pattern adds a playful touch, perfect for any casual outing or special occasion.
      
        
Comfortable Fabric: The 100% Rayon fabric ensures a lightweight and breathable experience, keeping your little one cool and comfortable.
        
Stylish Design: The camp collar and printed pattern provide a trendy look that stands out.
        
Versatile Wear: Suitable for both casual and semi-formal occasions, this shirt can be paired with jeans or shorts for a complete look.
        
Easy Maintenance: Designed for easy care, this shirt is perfect for busy parents.
      
      Whether it's a day at the park or a family gathering, this shirt is the perfect choice for your boy's wardrobe.","2 YRS, 4 YRS, 6 YRS, 8 YRS, 10 YRS, 12 YRS, 14 YRS",1,Regular Fit,Hand Wash 30°C. Wash Dark Colours Separately. Do Not Bleach. Line Dry. Do Not Iron On Embellishment. Cool Iron. Do Not Dry Clean.,100% Rayon,India
https://styleunion.in/products/boys-camp-collar-half-sleeve-shirt-bfshi00105,home > Boys Camp Collar Half Sleeve Shirt,Style Union,Boys Camp Collar Half Sleeve Shirt,₹299,₹299,8909001747094,"Experience the perfect blend of comfort and style with our Boys Camp Collar Half Sleeve Shirt. Crafted from Polyester Viscose Cotton (65% Polyester, 28% Viscose, 7% Cotton), this shirt offers a soft touch against the skin, ensuring all-day comfort for your little one. The solid pattern and camp collar add a touch of sophistication, making it a versatile choice for any occasion.


Comfortable Cotton: Made from Polyester Viscose Cotton (65% Polyester, 28% Viscose, 7% Cotton), this shirt is breathable and gentle on the skin, perfect for active boys.

Stylish Design: The camp collar and solid pattern provide a classic look that can be dressed up or down.

Easy to Wear: The half sleeves and regular fit ensure ease of movement and a relaxed feel.

Whether it's a casual day out or a family gathering, this shirt is an ideal choice. Pair it with jeans or shorts for a laid-back look or dress it up with trousers for a more formal occasion.","2 YRS, 4 YRS, 6 YRS, 8 YRS, 10 YRS, 12 YRS, 14 YRS",1,Regular Fit,"Machine Wash 40°C
Wash Dark Colours Separately
Do Not Bleach
Tumble Dry Low
Warm Iron
Do Not Dry Clean
Do Not Iron On Embellishment","Polyester Viscose Cotton (65% Polyester, 28% Viscose, 7% Cotton)",India
https://styleunion.in/products/boys-checkered-cotton-shirt-bfshi00121,home > Boys Checkered Cotton Shirt,Style Union,Boys Checkered Cotton Shirt,₹599,₹599,8909001918586,"Discover the perfect blend of comfort and style with our Boys Checkered Cotton Shirt. Crafted from 100% cotton, this shirt offers a soft touch against the skin, ensuring all-day comfort for your little one. The checkered pattern adds a classic touch, making it a versatile piece for any occasion.
      
        
Comfortable Cotton: The 100% cotton fabric is breathable and gentle, perfect for active days.
        
Stylish Checkered Pattern: Adds a timeless appeal, suitable for both casual and semi-formal settings.
        
Full Sleeve Design: Provides warmth and coverage, ideal for cooler weather.
        
Hoodie Neck: Offers a trendy twist to the classic shirt, adding a playful element to your child's wardrobe.
      
      Whether it's a day at school or a family outing, this shirt is designed to keep your child looking sharp and feeling comfortable. Pair it with jeans for a relaxed look or dress it up with trousers for a more polished appearance.","2 YRS, 4 YRS, 6 YRS, 8 YRS, 10 YRS, 12 YRS, 14 YRS",1,Regular Fit,Machine Wash 40°C. Wash Dark Colours Separately. Do Not Bleach. Tumble Dry Low. Warm Iron. Do Not Dry Clean. Do Not Iron On Embellishment.,100% Cotton,India
https://styleunion.in/products/boys-checkered-full-sleeve-shirt-bfshi00094,home > Boys Checkered Full Sleeve Shirt,Style Union,Boys Checkered Full Sleeve Shirt,₹599,₹599,8909001840399,"This Boys Checkered Full Sleeve Shirt is the epitome of comfort and style, crafted from 100% cotton for a soft and breathable feel. The classic checkered pattern adds a timeless touch, making it a versatile addition to any young wardrobe. Perfect for school days, family gatherings, or casual outings, this shirt ensures your little one looks sharp and feels comfortable all day long.


Comfortable Fabric: Made from Cotton Linen, this shirt is soft against the skin, ensuring all-day comfort.

Classic Style: The checkered pattern offers a timeless look that never goes out of fashion.

Versatile Wear: Suitable for various occasions, from casual to semi-formal, making it a wardrobe staple.

Easy Maintenance: Machine washable for hassle-free care, keeping it looking fresh and new.

Whether it's a day at school or a weekend adventure, this shirt is designed to keep up with your child's active lifestyle while providing a polished appearance.","2 YRS, 4 YRS, 6 YRS, 8 YRS, 10 YRS, 12 YRS, 14 YRS",1,Regular Fit,Machine Wash 40°C. Wash Dark Colours Separately. Do Not Bleach. Tumble Dry Low. Warm Iron. Do Not Dry Clean. Do Not Iron On Embellishment.,Cotton Linen (92% Cotton 8% Linen),India
https://styleunion.in/products/boys-checkered-shaket-bfshi00122,home > Boys Checkered Shaket,Style Union,Boys Checkered Shaket,₹599,₹599,8909001912188,"This Boys Checkered Shirt is a perfect blend of comfort and style. Made from a Cotton Polyester fabric, it ensures a soft feel against the skin while offering durability. The checkered pattern adds a trendy touch, making it suitable for various occasions. The full-length design and shirt collar provide a classic look that can be dressed up or down effortlessly.
      
        
Comfortable Fabric: The Cotton Polyester blend offers a soft and comfortable wearing experience.
        
Trendy Checkered Pattern: Adds a stylish element to the shirt, perfect for casual or semi-formal events.
        
Classic Design: Full-length with a shirt collar for a timeless and versatile look.
        
Easy to Style: Can be paired with jeans for a casual look or dressed up with trousers for a more formal outfit.","2 YRS, 4 YRS, 6 YRS, 8 YRS, 10 YRS, 12 YRS, 14 YRS",1,N/A,Machine Wash at 40°C. Wash Dark Colors Separately. Do Not Bleach. Tumble Dry Low. Warm Iron. Do Not Dry Clean. Do Not Iron On Embellishment.,"Cotton Polyester (56% Polyester, 41% Cotton, 3% Viscose)",India
https://styleunion.in/products/boys-checkered-shirt-bfshi00017,home > Boys Checkered Shirt,Style Union,Boys Checkered Shirt,₹349,₹349,8909001465615,"This checkered shirt is designed for comfort and style, making it a versatile addition to any wardrobe. Crafted from 100% cotton, it offers a soft and breathable feel, perfect for all-day wear. The regular fit ensures a relaxed and comfortable silhouette, ideal for active boys.
      
        
Comfortable Fit: Regular fit provides a relaxed and easygoing feel.
        
Breathable Fabric: Made from 100% cotton for a soft and airy experience.
        
Stylish Design: Checkered pattern adds a classic and timeless look.
        
Functional Hoodie: Features a hoodie neck for added versatility and style.","2 YRS, 4 YRS, 6 YRS, 8 YRS, 10 YRS, 12 YRS, 14 YRS",1,Regular Fit,"Machine Wash at 40°C.
        Wash dark colours separately.
        Do not bleach.
        Tumble dry on low heat.
        Warm iron.
        Do not dry clean.
        Do not iron on embellishment.",Cotton,India
https://styleunion.in/products/boys-checkered-shirt-bfshi00086,home > Boys Checkered Shirt,Style Union,Boys Checkered Shirt,₹599,₹599,8909001747391,"Experience the perfect blend of style and comfort with our Boys Checkered Shirt. Crafted from 100% cotton, this shirt offers a soft touch against the skin, ensuring all-day comfort for your little one. The classic checkered pattern adds a timeless appeal, making it a versatile addition to any wardrobe.
      
        
Comfortable Fabric: Made from 100% cotton, this shirt is breathable and gentle on the skin, perfect for active days.
        
Classic Design: The checkered pattern offers a stylish look that never goes out of fashion.
        
Full Sleeve Coverage: Provides warmth and protection, ideal for cooler days.
        
Easy Maintenance: Machine washable for hassle-free care.
      
      This shirt is perfect for school days, family outings, or casual gatherings, offering a smart look that can be dressed up or down. Let your child enjoy the freedom of movement and the confidence of a well-fitted shirt.","2 YRS, 4 YRS, 6 YRS, 8 YRS, 10 YRS, 12 YRS, 14 YRS",1,Regular Fit,"Machine Wash 40°C.
        Wash Dark Colours Separately.
        Do Not Bleach.
        Tumble Dry Low.
        Warm Iron.
        Do Not Dry Clean.
        Do Not Iron On Embellishment.",100% Cotton,India
https://styleunion.in/products/boys-collar-full-length-sleeve-checkered-shirt-bfshi00059,home > Boys Half Sleeve Shirt Collar Checkered Shirt,Style Union,Boys Half Sleeve Shirt Collar Checkered Shirt,₹549,₹549,8909001649909,"This Boys Collar Full Length Sleeve Checkered Shirt offers the perfect blend of comfort and style, making it an essential addition to any young wardrobe. Crafted from 100% cotton, this shirt ensures breathability and softness, keeping your child comfortable throughout the day. The classic checkered pattern adds a timeless appeal, making it suitable for both casual outings and more formal occasions. 
      
        
Comfortable Fabric: Made from 100% cotton, this shirt is soft against the skin, ensuring all-day comfort.
        
Classic Style: The checkered pattern and shirt collar provide a versatile look that can be dressed up or down.
        
Full-Length Sleeves: Offers additional coverage and warmth, perfect for cooler days.
      
      Whether it's a family gathering or a day at school, this shirt is designed to keep your child looking sharp and feeling great.","2 YRS, 4 YRS, 6 YRS, 8 YRS, 10 YRS, 12 YRS, 14 YRS",1,Regular Fit,Machine Wash 40°C. Wash Dark Colours Separately. Do Not Bleach. Tumble Dry Low. Warm Iron. Do Not Dry Clean. Do Not Iron On Embellishment.,100% Cotton,India
https://styleunion.in/products/boys-collar-full-length-sleeve-checkered-shirt-bfshi00060,home > Boys Half Sleeve Shirt Collar Checkered Shirt,Style Union,Boys Half Sleeve Shirt Collar Checkered Shirt,₹499,₹499,8909001649688,"Discover the perfect blend of comfort and style with our Boys Collar Full Length Sleeve Checkered Shirt. Crafted from 100% cotton, this shirt offers a soft touch against the skin, ensuring all-day comfort for your little one. The classic checkered pattern adds a timeless appeal, making it a versatile addition to any wardrobe. Whether for a casual day out or a special occasion, this shirt is designed to impress.

      
        
Comfortable Fabric: Made from 100% cotton, this shirt is breathable and gentle on the skin, perfect for active boys.
        
Timeless Pattern: The checkered design brings a classic and stylish look, suitable for various occasions.
        
Full Length Sleeves: Provides coverage and warmth, ideal for cooler days.
        
Easy Maintenance: Machine washable for hassle-free care, keeping it looking fresh and new.
      

      Envision your child wearing this shirt for a family gathering, school event, or a day at the park. Its regular fit ensures a relaxed and comfortable wear, allowing freedom of movement for all their adventures.","2 YRS, 4 YRS, 6 YRS, 8 YRS, 10 YRS, 12 YRS, 14 YRS",1,Regular Fit,Machine Wash 40°C. Wash Dark Colours Separately. Do Not Bleach. Tumble Dry Low. Warm Iron. Do Not Dry Clean. Do Not Iron On Embellishment.,100% Cotton,India
https://styleunion.in/products/boys-collar-full-length-sleeve-checkered-shirt-bfshi00062,home > Boys Full Sleeve Shirt Collar Checkered Shirt,Style Union,Boys Full Sleeve Shirt Collar Checkered Shirt,₹599,₹599,8909001653586,"This Boys Collar Full Length Sleeve Checkered Shirt is crafted from 100% cotton, offering unparalleled comfort and breathability. The woven checkered pattern adds a classic touch, making it a versatile addition to any young wardrobe. Perfect for both casual outings and more formal occasions, this shirt promises to keep your little one stylish and comfortable all day long.
      
        
Comfortable Fabric: The 100% cotton material ensures a soft touch against the skin, keeping your child comfortable throughout the day.
        
Classic Design: The checkered pattern and shirt collar bring a timeless appeal, suitable for various occasions.
        
Full Sleeve Coverage: Provides warmth and protection, ideal for cooler days.
        
Easy Maintenance: Machine washable for hassle-free care, making it a practical choice for busy parents.
      
      Whether it's a family gathering or a day at school, this shirt is designed to fit seamlessly into your child's life, offering both style and ease.","2 YRS, 4 YRS, 6 YRS, 8 YRS, 10 YRS, 12 YRS, 14 YRS",1,Regular Fit,Machine Wash 40°C. Wash Dark Colours Separately. Do Not Bleach. Tumble Dry Low. Warm Iron. Do Not Dry Clean. Do Not Iron On Embellishment.,100% Cotton,India
https://styleunion.in/products/boys-collar-full-length-sleeve-checkered-shirt-bfshi00083,home > Boys Full Sleeve Shirt Collar Checkered Shirt,Style Union,Boys Full Sleeve Shirt Collar Checkered Shirt,₹599,₹599,8909001744871,"This Boys Collar Full Length Sleeve Checkered Shirt is crafted from Cotton Polyester (99% Cotton 1% Polyester), offering a soft and breathable experience that ensures comfort throughout the day. The classic checkered pattern adds a timeless appeal, making it a versatile addition to any wardrobe. Perfect for school days, family gatherings, or casual outings, this shirt combines style and practicality effortlessly.


Comfortable Fabric: Made from Cotton Polyester (99% Cotton 1% Polyester), this shirt is soft on the skin and breathable, keeping your child comfortable all day long.

Classic Design: The checkered pattern and shirt collar offer a timeless look that never goes out of style.

Versatile Wear: Suitable for various occasions, from casual outings to more formal events.

Easy Maintenance: Machine washable for hassle-free care, making it a practical choice for busy parents.","2 YRS, 4 YRS, 6 YRS, 8 YRS, 10 YRS, 12 YRS, 14 YRS",1,Regular Fit,Machine Wash 40°C. Wash Dark Colours Separately. Do Not Bleach. Tumble Dry Low. Warm Iron. Do Not Dry Clean. Do Not Iron On Embellishment.,Cotton Polyester (99% Cotton 1% Polyester),India
https://styleunion.in/products/boys-comfort-fit-printed-mid-rise-shorts-jbsh00045,home > Boys Comfort Fit Printed Mid Rise Shorts,Style Union,Boys Comfort Fit Printed Mid Rise Shorts,₹199,₹199,8909001243725,"These printed pattern comfort fit shorts has mid rise waist. Made from Polyester, your kid's feel comfortable wearing the product.","2 YRS, 4 YRS, 6 YRS",1,Comfort Fit,Hand Wash 30°C. Wash Dark Colours Separately. Do Not Bleach. Line Dry. Do Not Iron On Embellishment. Cool Iron. Do Not Dry Clean,Polyester,India
https://styleunion.in/products/boys-comfort-fit-printed-mid-rise-shorts-k-502,home > Boys Comfort Fit Printed Mid Rise Shorts,Style Union,Boys Comfort Fit Printed Mid Rise Shorts,₹349,₹349,8909001244685,"These printed pattern comfort fit shorts has mid rise waist. Made from polyester, your kid's feel comfortable wearing the product.","2 YRS, 4 YRS, 6 YRS, 8 YRS, 10 YRS, 12 YRS, 14 YRS",1,Comfort Fit,Hand Wash 30°C. Wash Dark Colours Separately. Do Not Bleach. Line Dry. Do Not Iron On Embellishment. Cool Iron. Do Not Dry Clean,Polyester,India
https://styleunion.in/products/boys-comfort-fit-printed-mid-rise-shorts-k-503,home > Boys Comfort Fit Printed Mid Rise Shorts,Style Union,Boys Comfort Fit Printed Mid Rise Shorts,₹349,₹349,8909001243497,"These printed pattern comfort fit shorts has mid rise waist. Made from polyester, your kid's feel comfortable wearing the product.","2 YRS, 4 YRS, 6 YRS, 8 YRS, 10 YRS, 12 YRS, 14 YRS",1,Comfort Fit,Hand Wash 30°C. Wash Dark Colours Separately. Do Not Bleach. Line Dry. Do Not Iron On Embellishment. Cool Iron. Do Not Dry Clean,Polyester,India
https://styleunion.in/products/boys-cool-and-stylish-over-dyed-slim-fit-denim-bfdn00045,home > Boys Cool and Stylish Over Dyed Slim Fit Denim,Style Union,Boys Cool and Stylish Over Dyed Slim Fit Denim,₹799,₹799,8909001892428,"Experience the perfect blend of comfort and style with our Boys Cool and Stylish Over Dyed Slim Fit Denim. Crafted with a soft cotton elastane blend, these jeans offer a relaxed fit that ensures all-day comfort for your little one. The solid pattern and mid-rise waist make these jeans versatile enough for any occasion, from casual outings to family gatherings.
      
        
Comfortable Fabric: The cotton elastane blend provides a soft and stretchy feel, allowing for easy movement and play.
        
Stylish Design: The over-dyed finish gives these jeans a trendy look, perfect for fashion-forward kids.
        
Versatile Wear: With a solid pattern, these jeans can be paired with any top, making them a staple in your child's wardrobe.
        
Practical Pockets: Five pockets offer ample space for storing small essentials, keeping hands free for fun activities.
      
      Whether it's a day at the park or a casual family outing, these jeans are designed to keep up with your child's active lifestyle while ensuring they look their best.","2 YRS, 4 YRS, 6 YRS, 8 YRS, 10 YRS, 12 YRS, 14 YRS",1,Relaxed Fit,"Machine Wash 40°C
        Wash Dark Colours Separately
        Do Not Bleach
        Tumble Dry Low
        Warm Iron
        Do Not Dryclean","Cotton Elastane (98% Cotton, 2% Elastane)",India
https://styleunion.in/products/boys-cotton-all-over-print-knee-length-shorts-bfsh00099,home > Boys Cotton All Over Print Knee Length Shorts,Style Union,Boys Cotton All Over Print Knee Length Shorts,₹299,₹299,8909001884492,"These boys' cotton shorts are the perfect blend of comfort and style, making them an essential addition to any young wardrobe. Crafted from 100% cotton, they offer breathability and softness, ensuring your child stays comfortable all day long. The playful all-over print adds a fun touch, making these shorts a favorite for both casual outings and playdates.
      
        
Comfortable Fabric: Made from 100% cotton, these shorts are soft and breathable, perfect for active days.
        
Playful Design: The all-over print adds a touch of fun and personality, making them a hit with kids.
        
Practical Pockets: Equipped with two pockets, these shorts provide convenient storage for small essentials.
        
Versatile Length: Knee-length design offers a balance of coverage and freedom, suitable for various activities.
      
      Ideal for warm weather, these shorts can be paired with a variety of tops for a complete look. Whether your child is heading to the park or a family gathering, these shorts will keep them looking stylish and feeling comfortable.","1 YRS, 2 YRS, 4 YRS, 6 YRS, 8 YRS, 10 YRS, 12 YRS, 14 YRS",1,Regular Fit,Machine Wash 40°C. Wash Dark Colours Separately. Do Not Bleach. Tumble Dry Low. Warm Iron. Do Not Dry Clean. Do Not Iron On Embellishment.,100% Cotton,India
https://styleunion.in/products/boys-cotton-all-over-print-knee-length-shorts-bfsh00100,home > Boys Cotton All Over Print Knee Length Shorts,Style Union,Boys Cotton All Over Print Knee Length Shorts,₹299,₹299,8909001884553,"Discover the ultimate in comfort and style with our Boys Cotton Print Knee Length Shorts. Crafted from 100% cotton, these shorts offer a soft, breathable feel that keeps your little one comfortable all day long. The playful all-over print adds a touch of fun to any outfit, making these shorts a versatile addition to any wardrobe.
      
        
Breathable Fabric: The 100% cotton material ensures your child stays cool and comfortable, perfect for active play.
        
Fun Pattern: The all-over print design adds a playful element, making these shorts ideal for casual outings or playdates.
        
Practical Design: With two pockets, these shorts provide convenient storage for small essentials.
        
Mid Rise Waist: Offers a comfortable fit that stays in place during movement.
      
      Perfect for sunny days at the park or casual family gatherings, these shorts are designed to be a staple in your child's wardrobe, offering both style and practicality.","1 YRS, 2 YRS, 4 YRS, 6 YRS, 8 YRS, 10 YRS, 12 YRS, 14 YRS",1,Regular Fit,Machine Wash 40°C. Wash Dark Colours Separately. Do Not Bleach. Tumble Dry Low. Warm Iron. Do Not Dry Clean. Do Not Iron On Embellishment.,100% Cotton,India
https://styleunion.in/products/boys-cotton-all-over-print-knee-length-shorts-bfsh00101,home > Boys Cotton All Over Print Knee Length Shorts,Style Union,Boys Cotton All Over Print Knee Length Shorts,₹299,₹299,8909001885215,"These boys' cotton print knee-length shorts are the epitome of comfort and style, perfect for active days and casual outings. Made from 100% cotton, they offer a soft touch against the skin, ensuring your child stays comfortable all day long. The playful all-over print adds a fun element to their wardrobe, making these shorts a favorite choice for any occasion.
      
        
Comfortable Fabric: The 100% cotton fabric is breathable and gentle, keeping your child cool and comfortable during playtime.
        
Versatile Style: The all-over print design is both trendy and playful, suitable for a variety of occasions from park visits to family gatherings.
        
Practical Design: With two pockets, these shorts provide convenient storage for small essentials, making them practical for everyday wear.
        
Easy Maintenance: Machine washable fabric ensures these shorts are easy to care for, saving you time and effort.
      
      Perfect for sunny days at the park or casual family outings, these shorts are designed to keep up with your child's active lifestyle while ensuring they look stylish and feel comfortable.","1 YRS, 2 YRS, 4 YRS, 6 YRS, 8 YRS, 10 YRS, 12 YRS, 14 YRS",1,Regular Fit,"Machine Wash 40°C
        Wash Dark Colours Separately
        Do Not Bleach
        Tumble Dry Low
        Warm Iron
        Do Not Dry Clean
        Do Not Iron On Embellishment",100% Cotton,India
https://styleunion.in/products/boys-cotton-all-over-print-t-shirt-bft00281,home > Boys Cotton All Over Print T-Shirt,Style Union,Boys Cotton All Over Print T-Shirt,₹199,₹199,8909404070683,"Experience the perfect blend of comfort and style with our Boys Cotton All Over Print T-Shirt. Crafted from 100% cotton, this t-shirt ensures breathability and softness, making it ideal for everyday wear. The vibrant all-over print adds a playful touch, perfect for any young adventurer.
      
        
Comfortable Fabric: The 100% cotton fabric is soft against the skin, ensuring all-day comfort.
        
Playful Design: The all-over print brings a fun and lively element to your child's wardrobe.
        
Versatile Style: The crew neck and regular fit make it easy to pair with any bottoms, from jeans to shorts.
        
Easy Maintenance: Machine washable for hassle-free care, keeping it looking fresh and vibrant.
      
      Perfect for school, playdates, or casual outings, this t-shirt is a versatile addition to any boy's wardrobe. Let your child express their personality with a t-shirt that combines style and practicality.","1 YRS, 2 YRS, 4 YRS, 6 YRS, 8 YRS, 10 YRS, 12 YRS, 14 YRS",1,Regular Fit,"Machine Wash 40°C
        Wash Dark Colours Separately
        Do Not Bleach
        Tumble Dry Low
        Warm Iron
        Do Not Dry Clean
        Do Not Iron On Embellishment",100% Cotton,India
https://styleunion.in/products/boys-cotton-all-over-print-t-shirt-bft00282,home > Boys Cotton All Over Print T-Shirt,Style Union,Boys Cotton All Over Print T-Shirt,₹199,₹199,8909404070843,"Experience the perfect blend of comfort and style with our Boys Cotton All Over Print T-Shirt. Crafted from 100% cotton, this t-shirt ensures breathability and softness, making it ideal for everyday wear. The vibrant all-over print adds a playful touch, perfect for expressing youthful energy.
      
        
Comfortable Cotton: Soft and breathable fabric keeps your child comfortable all day long.
        
Playful Print: The all-over print design adds a fun and trendy element to your child's wardrobe.
        
Versatile Style: Ideal for casual outings, playdates, or just lounging at home.
        
Easy Maintenance: Machine washable for hassle-free care.
      
      Whether it's a day at school or a weekend adventure, this t-shirt is the perfect choice for any occasion.","1 YRS, 2 YRS, 4 YRS, 6 YRS, 8 YRS, 10 YRS, 12 YRS, 14 YRS",1,Regular Fit,Machine Wash 40°C. Wash Dark Colours Separately. Do Not Bleach. Tumble Dry Low. Warm Iron. Do Not Dry Clean. Do Not Iron On Embellishment.,100% Cotton,India
https://styleunion.in/products/boys-cotton-ankle-length-socks-pack-of-2-kbso00020,home > Boys Cotton Ankle Length Socks - Pack of 2,Style Union,Boys Cotton Ankle Length Socks - Pack of 2,₹149,₹149,8909063156285,"Elevate your child's everyday essentials with our Boys Cotton Ankle Length Socks. These socks come in a convenient pack of two, featuring a vibrant colorblocked design perfect for adding a pop of style to any outfit.

Crafted from soft cotton for comfort and breathability, ensuring all-day wear for active boys.
Ankle length design provides a secure fit while allowing for versatile styling options.
Colorblocked pattern offers a fun and trendy look, making these socks a favorite choice among kids.
Regular fit ensures these socks stay in place during play, providing both functionality and style.

Pair these stylish socks with sneakers for a casual look or with dress shoes for a smart outfit.",7-10 YRS,1,Regular Fit,Machine Wash,Cotton,India
https://styleunion.in/products/boys-cotton-ankle-length-socks-pack-of-2-kbso00021,home > Boys Cotton Ankle Length Socks - Pack of 2,Style Union,Boys Cotton Ankle Length Socks - Pack of 2,₹149,₹149,8909063156292,"Elevate your young one's wardrobe with our Boys Cotton Ankle Length Socks. This pack of 2 features a trendy colorblocked design, perfect for adding a pop of style to any outfit while ensuring all-day comfort.

Made from high-quality cotton for breathability and softness against the skin.
Ankle length design provides a versatile fit for various shoe styles.
Regular fit ensures a comfortable wear, ideal for everyday activities.
Stylish colorblocked pattern that appeals to boys of all ages.

Pair these socks with sneakers or casual shoes for a stylish and comfortable look every day.",7-10 YRS,1,Regular Fit,Machine Wash,Cotton,India
https://styleunion.in/products/boys-cotton-ankle-length-socks-pack-of-2-kbso00022,home > Boys Cotton Ankle Length Socks - Pack of 2,Style Union,Boys Cotton Ankle Length Socks - Pack of 2,₹149,₹149,8909063156308,"Introduce your young ones to comfort and style with our Boys Cotton Ankle Length Socks. This pack of 2 features a vibrant colorblocked design, perfect for adding a splash of fun to any outfit.

Crafted from soft cotton for breathability and all-day comfort, ideal for active boys.
Ankle length design provides a secure fit, making them suitable for various footwear.
Colorblocked patterns create a stylish look that stands out and complements casual wear.
Regular fit ensures ease of movement, perfect for sports, playdates, or everyday adventures.

Pair these socks with sneakers or casual shoes for a trendy, comfortable look that keeps feet happy.",3-6 YRS,1,Regular Fit,Machine Wash,Cotton,India
https://styleunion.in/products/boys-cotton-ankle-length-socks-pack-of-2-kbso00023,home > Boys Cotton Ankle Length Socks - Pack of 2,Style Union,Boys Cotton Ankle Length Socks - Pack of 2,₹149,₹149,8909063156315,"Introducing our Boys Cotton Ankle Length Socks - Pack of 2, designed for comfort and style. These vibrant colorblocked socks are perfect for everyday wear, ensuring your little one steps out in both fashion and function.

Made from soft cotton fabric for breathability and all-day comfort.
Regular fit is ideal for active boys, providing a secure yet comfortable wear.
Colorblocked design adds a fun and stylish touch to any outfit.
Ankle length offers a versatile option for both casual and sporty looks.

Pair these socks with sneakers or casual shoes for a complete, stylish look.",3-6 YRS,1,Regular Fit,Machine Wash,Cotton,India
https://styleunion.in/products/boys-cotton-ankle-length-socks-pack-of-2-kbso00024,home > Boys Cotton Ankle Length Socks - Pack of 2,Style Union,Boys Cotton Ankle Length Socks - Pack of 2,₹149,₹149,8909063156322,"Introducing our Boys Cotton Ankle Length Socks - Pack of 2, designed for comfort and style. These vibrant colorblocked socks are perfect for everyday wear, ensuring your little one steps out in both fashion and function.

Made from soft cotton fabric for breathability and all-day comfort.
Regular fit is ideal for active boys, providing a secure yet comfortable wear.
Colorblocked design adds a fun and stylish touch to any outfit.
Ankle length offers a versatile option for both casual and sporty looks.

Pair these socks with sneakers or casual shoes for a complete, stylish look.",3-6 YRS,1,Regular Fit,Machine Wash,Cotton,India
https://styleunion.in/products/boys-cotton-checkered-hoodie-shirt-bfshi00123,home > Boys Cotton Checkered Hoodie Shirt,Style Union,Boys Cotton Checkered Hoodie Shirt,₹599,₹599,8909001917053,"This Boys Cotton Checkered Hoodie Shirt is the perfect blend of comfort and style. Made from 100% cotton, it offers a soft touch against the skin, ensuring all-day ease and breathability. The checkered pattern adds a trendy touch, making it a versatile piece for various occasions. The full-length design with a hoodie provides extra warmth and a casual vibe, ideal for outdoor adventures or relaxed hangouts.
      
        
Fabric Type: 100% Cotton for a soft and breathable feel
        
Weave Type: Woven for durability and quality
        
Pattern: Checkered for a trendy and stylish look
        
Length: Full Length for complete coverage
        
Neck/Collar Type: Hoodie for added warmth and casual flair
        
Sleeve Type: Full Sleeve for versatility and comfort","2 YRS, 4 YRS, 6 YRS, 8 YRS, 10 YRS, 12 YRS, 14 YRS",1,N/A,Machine Wash 40°C. Wash Dark Colours Separately. Do Not Bleach. Tumble Dry Low. Warm Iron. Do Not Dry Clean. Do Not Iron On Embellishment,100% Cotton,India
https://styleunion.in/products/boys-cotton-checkered-hoodie-shirt-bfshi00130,home > Boys Cotton Checkered Hoodie Shirt,Style Union,Boys Cotton Checkered Hoodie Shirt,₹599,₹599,8909001916858,"Elevate your little one's style with the **Boys Cotton Checkered Hoodie Shirt**. Crafted from 100% cotton, this shirt offers unparalleled comfort and breathability, making it perfect for all-day wear. The checkered pattern adds a touch of charm, while the full-length design and hoodie collar provide both warmth and style. Whether for a casual day out or a fun gathering with friends, this shirt is a versatile and trendy choice that will keep your boy looking and feeling great.

      
        
Fabric Type: 100% Cotton for ultimate comfort and breathability
        
Weave Type: Woven for durability and a classic look
        
Pattern: Checkered design adds a charming touch
        
Length: Full Length for a modern and stylish appearance
        
Neck/Collar Type: Hoodie collar for added warmth and a trendy vibe
        
Sleeve Type: Full Sleeve for coverage and comfort","2 YRS, 4 YRS, 6 YRS, 8 YRS, 10 YRS, 12 YRS, 14 YRS",1,N/A,Machine Wash 40°C. Wash Dark Colours Separately. Do Not Bleach. Tumble Dry Low. Warm Iron. Do Not Dry Clean. Do Not Iron On Embellishment,100% Cotton,India
https://styleunion.in/products/boys-cotton-checkered-shaket-bfshi00131,home > Boys Cotton Checkered Shaket,Style Union,Boys Cotton Checkered Shaket,₹599,₹599,8909001915981,"This Boys Checkered Cotton Shirt is a versatile and comfortable addition to your little one's wardrobe. Made from 100% cotton, it offers a soft and breathable feel, ensuring all-day comfort. The checkered pattern adds a classic touch, perfect for various occasions.
      
        
Comfortable Fabric: Made from 100% cotton for a soft and breathable feel.
        
Classic Checkered Pattern: Adds a timeless and versatile style.
        
Full-Length Design: Offers complete coverage and a smart look.
        
Shirt Collar: Enhances the overall style and can be dressed up or down effortlessly.
      
      Perfect for casual outings, family gatherings, or even semi-formal events, this shirt can be paired with jeans for a laid-back look or with trousers for a more polished appearance.","2 YRS, 4 YRS, 6 YRS, 8 YRS, 10 YRS, 12 YRS, 14 YRS",1,Regular Fit,Machine Wash at 40°C. Wash Dark Colors Separately. Do Not Bleach. Tumble Dry Low. Warm Iron. Do Not Dry Clean. Do Not Iron On Embellishment.,100% Cotton,India
https://styleunion.in/products/boys-cotton-checkered-shirt-bfshi00051,home > Boys Cotton Checkered Shirt,Style Union,Boys Cotton Checkered Shirt,₹599,₹599,8909001653500,"Discover the perfect blend of comfort and style with our Boys Cotton Checkered Shirt. Crafted from 100% cotton, this shirt offers a soft touch against the skin, ensuring all-day comfort for your little one. The classic checkered pattern adds a timeless charm, making it a versatile addition to any wardrobe.

      
        
Comfort: The 100% cotton fabric ensures breathability and softness, keeping your child comfortable throughout the day.
        
Style: The checkered pattern and shirt collar provide a classic look that is perfect for both casual outings and special occasions.
        
Versatility: Full sleeves and a regular fit make it suitable for various weather conditions and events.
      

      Whether it's a family gathering or a day at school, this shirt is designed to keep your child looking sharp and feeling great. Pair it with jeans for a relaxed look or dress it up with trousers for a more formal appearance.","2 YRS, 4 YRS, 6 YRS, 8 YRS, 10 YRS, 12 YRS, 14 YRS",1,Regular Fit,Machine Wash 40°C. Wash Dark Colours Separately. Do Not Bleach. Tumble Dry Low. Warm Iron. Do Not Dry Clean. Do Not Iron On Embellishment.,100% Cotton,India
https://styleunion.in/products/boys-cotton-checkered-shirt-bfshi00052,home > Boys Cotton Checkered Shirt,Style Union,Boys Cotton Checkered Shirt,₹599,₹599,8909001652107,"Discover the perfect blend of style and comfort with our Boys Cotton Checkered Shirt. Crafted from 100% cotton, this shirt promises breathability and softness, ensuring your little one stays comfortable all day long. The classic checkered pattern adds a touch of timeless charm, making it a versatile addition to any wardrobe.
      
        
Comfortable Fabric: The 100% cotton fabric is gentle on the skin, providing a soft and cozy feel that keeps your child comfortable throughout the day.
        
Stylish Design: The checkered pattern offers a classic look that never goes out of style, perfect for both casual outings and special occasions.
        
Full Sleeve Coverage: Provides warmth and protection, making it ideal for cooler days.
        
Easy Care: Machine washable for hassle-free maintenance, so you can spend more time enjoying and less time worrying about laundry.
      
      Perfect for school days, family gatherings, or a day out with friends, this shirt is designed to keep your child looking sharp and feeling great.","2 YRS, 4 YRS, 6 YRS, 8 YRS, 10 YRS, 12 YRS, 14 YRS",1,Regular Fit,"Machine Wash 40°C
        Wash Dark Colours Separately
        Do Not Bleach
        Tumble Dry Low
        Warm Iron
        Do Not Dry Clean
        Do Not Iron On Embellishment",100% Cotton,India
https://styleunion.in/products/boys-cotton-checkered-shirt-bfshi00053,home > Boys Cotton Checkered Shirt,Style Union,Boys Cotton Checkered Shirt,₹599,₹599,8909001650271,"Discover the perfect blend of comfort and style with our Boys Cotton Checkered Shirt. Crafted from 100% cotton, this shirt promises a soft touch against the skin, ensuring your little one stays comfortable all day long. The classic checkered pattern adds a timeless charm, making it a versatile addition to any wardrobe.
      
        
Comfortable Fabric: The 100% cotton fabric is breathable and gentle, perfect for active days.
        
Classic Pattern: The checkered design offers a stylish look that never goes out of fashion.
        
Full Sleeve Design: Provides extra coverage and warmth, ideal for cooler days.
        
Shirt Collar: Adds a touch of sophistication, suitable for both casual and semi-formal occasions.
      
      Whether it's a day at school or a family outing, this shirt is designed to keep up with your child's adventures. Pair it with jeans for a casual look or dress it up with trousers for a more polished appearance.","2 YRS, 4 YRS, 6 YRS, 8 YRS, 10 YRS, 12 YRS, 14 YRS",1,Regular Fit,Machine Wash 40°C. Wash Dark Colours Separately. Do Not Bleach. Tumble Dry Low. Warm Iron. Do Not Dry Clean. Do Not Iron On Embellishment.,100% Cotton,India
https://styleunion.in/products/boys-cotton-checkered-shirt-bfshi00120,home > Boys Cotton Checkered Shirt,Style Union,Boys Cotton Checkered Shirt,₹599,₹599,8909001918111,"Discover the perfect blend of comfort and style with our Boys Cotton Checkered Shirt. Crafted from 100% cotton, this shirt offers a soft touch against the skin, ensuring all-day comfort for your little one. The classic checkered pattern adds a timeless appeal, making it a versatile addition to any wardrobe.
      
        
Comfortable Fabric: The 100% cotton fabric is breathable and gentle, perfect for active days.
        
Classic Pattern: The checkered design brings a touch of sophistication and can be dressed up or down.
        
Full-Length Coverage: Provides warmth and protection, ideal for cooler days.
        
Full Sleeves: Offers additional coverage and style, suitable for any occasion.
      
      Whether it's a family gathering or a casual day out, this shirt is designed to keep your child looking sharp and feeling comfortable. Pair it with jeans for a laid-back look or dress it up with trousers for a more polished appearance.","2 YRS, 4 YRS, 6 YRS, 8 YRS, 10 YRS, 12 YRS, 14 YRS",1,Regular Fit,"Machine Wash 40°C.
        Wash Dark Colours Separately.
        Do Not Bleach.
        Tumble Dry Low.
        Warm Iron.
        Do Not Dry Clean.
        Do Not Iron On Embellishment.",100% Cotton,India
https://styleunion.in/products/boys-cotton-checkered-shirt-bfshi00125,home > Boys Cotton Checkered Shirt,Style Union,Boys Cotton Checkered Shirt,₹599,₹599,8909001912379,"Discover the perfect blend of comfort and style with our Boys Cotton Checkered Shirt. Crafted from 100% cotton, this shirt offers a soft touch against the skin, ensuring all-day comfort for your little one. The classic checkered pattern adds a timeless charm, making it a versatile addition to any wardrobe.
      
        
Comfortable Fabric: The 100% cotton fabric is breathable and gentle, perfect for active days.
        
Classic Design: The checkered pattern and shirt collar bring a touch of sophistication to casual wear.
        
Full Sleeve Coverage: Provides warmth and protection, ideal for cooler days.
      
      Whether it's a day at school or a family outing, this shirt is designed to keep up with your child's adventures while looking effortlessly stylish.","2 YRS, 4 YRS, 6 YRS, 8 YRS, 10 YRS, 12 YRS, 14 YRS",1,Regular Fit,"Machine Wash 40°C
        Wash Dark Colours Separately
        Do Not Bleach
        Tumble Dry Low
        Warm Iron
        Do Not Dry Clean
        Do Not Iron On Embellishment",100% Cotton,India
https://styleunion.in/products/boys-cotton-checkered-shirt-bfshi00129,home > Boys Cotton Checkered Shirt,Style Union,Boys Cotton Checkered Shirt,₹599,₹599,8909001918418,"This Boys Checkered Cotton Shirt is a versatile and comfortable choice for your little one. Made from 100% Cotton, it offers a soft and breathable feel, ensuring all-day comfort. The checkered pattern adds a classic touch, perfect for both casual and semi-formal occasions.
      
        
Comfortable Fabric: 100% Cotton fabric for a soft and breathable feel.
        
Classic Checkered Pattern: Adds a timeless and stylish look.
        
Full Sleeve Design: Provides coverage and warmth.
        
Shirt Collar: Enhances the overall smart appearance.
      
      Perfect for family gatherings, school events, or simply a day out, this shirt can be paired with jeans or trousers for a complete outfit.","2 YRS, 4 YRS, 6 YRS, 8 YRS, 10 YRS, 12 YRS, 14 YRS",1,N/A,Machine Wash at 40°C. Wash Dark Colors Separately. Do Not Bleach. Tumble Dry Low. Warm Iron. Do Not Dry Clean. Do Not Iron On Embellishment.,100% Cotton,India
https://styleunion.in/products/boys-cotton-checkered-shirt-bfshi00132,home > Boys Cotton Checkered Shirt,Style Union,Boys Cotton Checkered Shirt,₹599,₹599,8909001918876,"Experience the perfect blend of comfort and style with our Boys Cotton Checkered Shirt. Crafted from 100% cotton, this shirt promises breathability and softness, making it ideal for all-day wear. The classic checkered pattern adds a timeless appeal, ensuring your little one looks sharp and stylish on any occasion.
      
        
Comfortable Fabric: The 100% cotton material ensures a soft touch against the skin, keeping your child comfortable throughout the day.
        
Classic Style: The checkered pattern and shirt collar offer a versatile look that can be dressed up or down, perfect for school or family gatherings.
        
Full Sleeve Design: Provides extra coverage and warmth, making it suitable for cooler days.
      
      Whether it's a day at school or a family outing, this shirt is a reliable choice that combines practicality with style. Let your child enjoy the freedom of movement and the confidence of looking their best.","2 YRS, 4 YRS, 6 YRS, 8 YRS, 10 YRS, 12 YRS, 14 YRS",1,Regular Fit,Machine Wash 40°C. Wash Dark Colours Separately. Do Not Bleach. Tumble Dry Low. Warm Iron. Do Not Dry Clean. Do Not Iron On Embellishment.,100% Cotton,India
https://styleunion.in/products/boys-cotton-checkered-shirt-bfshi00143,home > Boys Cotton Checkered Shirt,Style Union,Boys Cotton Checkered Shirt,₹599,₹599,8909404019668,"Elevate your young one's wardrobe with our Boys Cotton Checkered Shirt, designed for comfort and style. Crafted from soft, woven cotton, this shirt features a classic checkered pattern that adds a timeless touch to any outfit.

Made from breathable cotton for all-day comfort, perfect for school or casual outings.
Full-length design and relaxed fit ensure easy movement and a laid-back look.
Classic shirt collar and full sleeves create a versatile style suitable for layering.
The checkered pattern adds a fashionable element, making it a standout piece in any boy's closet.

Pair this shirt with jeans or chinos for a polished yet comfortable ensemble perfect for any occasion.","2 YRS, 4 YRS, 6 YRS, 8 YRS, 10 YRS, 12 YRS, 14 YRS",1,Relaxed Fit,Machine Wash 40°C.Wash Dark Colours Separately.Do Not Bleach. Tumble Dry Low. Warm Iron. Do Not Dry Clean. Do Not Iron On Embellishment,Cotton,India
https://styleunion.in/products/boys-cotton-crew-neck-graphitee-bgt00184,home > Boys Cotton Crew Neck Graphitee,Style Union,Boys Cotton Crew Neck Graphitee,₹129,₹129,8909001897959,"Experience the ultimate in comfort and style with our Boys Cotton Graphic Crew Neck T-Shirt. Crafted from 100% cotton, this tee offers a soft touch against the skin, ensuring all-day comfort for your little one. The graphic pattern adds a playful touch, making it a versatile piece for any casual occasion.
      
        
Comfortable Fabric: The 100% cotton fabric is breathable and gentle, perfect for active days.
        
Stylish Design: The graphic pattern adds a fun and trendy element, making it a favorite for kids.
        
Easy to Wear: The crew neck and half sleeves provide a classic look that pairs well with any outfit.
      
      Whether it's a day at the park or a casual outing, this t-shirt is the perfect choice for effortless style and comfort.","1 YRS, 2 YRS, 4 YRS, 6 YRS, 8 YRS, 10 YRS, 12 YRS, 14 YRS",1,Regular Fit,Machine Wash 40°C. Wash Dark Colours Separately. Do Not Bleach. Tumble Dry Low. Warm Iron. Do Not Dry Clean. Do Not Iron On Embellishment.,100% Cotton,India
https://styleunion.in/products/boys-cotton-crew-neck-graphitee-bgt00187,home > Boys Cotton Crew Neck Graphitee,Style Union,Boys Cotton Crew Neck Graphitee,₹129,₹129,8909001897928,"Experience the ultimate in comfort and style with our Boys Cotton Graphic Crew Neck T-Shirt. Crafted from 100% cotton, this tee offers a soft touch against the skin, ensuring all-day comfort for your little one. The vibrant graphic pattern adds a playful touch, making it a versatile piece for any casual occasion.
      
        
Comfortable Fabric: Made from 100% cotton, this t-shirt is breathable and gentle on the skin, perfect for active days.
        
Stylish Design: The graphic pattern brings a fun and trendy look, ideal for expressing personality.
        
Easy to Wear: With a classic crew neck and half sleeves, this t-shirt is easy to slip on and off, making dressing hassle-free.
      
      Perfect for school, playdates, or a day out, this t-shirt pairs effortlessly with jeans or shorts, making it a staple in any wardrobe.","1 YRS, 2 YRS, 4 YRS, 6 YRS, 8 YRS, 10 YRS, 12 YRS, 14 YRS",1,Regular Fit,Machine Wash 40°C. Wash Dark Colours Separately. Do Not Bleach. Tumble Dry Low. Warm Iron. Do Not Dry Clean. Do Not Iron On Embellishment.,100% Cotton,India
https://styleunion.in/products/boys-cotton-crew-neck-graphitee-bgt00189,home > Boys Cotton Crew Neck Graphitee,Style Union,Boys Cotton Crew Neck Graphitee,₹129,₹129,8909001902677,"Experience the ultimate in comfort and style with our Boys Cotton Graphic Crew Neck T-Shirt. Crafted from 100% cotton, this t-shirt offers a soft and breathable feel, perfect for all-day wear. The graphic pattern adds a playful touch, making it a versatile choice for any casual occasion.
      
        
Comfortable Fabric: The 100% cotton fabric ensures a soft touch against the skin, keeping your child comfortable throughout the day.
        
Stylish Design: The graphic pattern adds a fun and trendy element, perfect for expressing individuality.
        
Versatile Wear: Ideal for casual outings, playdates, or just lounging at home, this t-shirt fits seamlessly into any wardrobe.
        
Easy Maintenance: Machine washable for hassle-free care, ensuring it stays fresh and vibrant after every wash.
      
      Whether it's a day at the park or a casual family gathering, this t-shirt is designed to keep up with your child's active lifestyle while ensuring they look effortlessly stylish.","1 YRS, 2 YRS, 4 YRS, 6 YRS, 8 YRS, 10 YRS, 12 YRS, 14 YRS",1,Regular Fit,"Machine Wash 40°C
        Wash Dark Colours Separately
        Do Not Bleach
        Tumble Dry Low
        Warm Iron
        Do Not Dry Clean
        Do Not Iron On Embellishment",100% Cotton,India
https://styleunion.in/products/boys-cotton-crew-neck-graphitee-bgt00193,home > Boys Cotton Crew Neck Graphitee,Style Union,Boys Cotton Crew Neck Graphitee,₹129,₹129,8909001899366,"Experience the ultimate in comfort and style with our Boys Cotton Graphic Crew Neck T-Shirt. Crafted from 100% cotton, this t-shirt offers a soft and breathable feel, perfect for all-day wear. The graphic pattern adds a fun and trendy touch, making it a versatile addition to any wardrobe.
      
        
Comfortable Fabric: Made from 100% cotton, this t-shirt ensures a soft touch against the skin, keeping your child comfortable throughout the day.
        
Stylish Design: The graphic pattern provides a modern and playful look, perfect for expressing individuality.
        
Versatile Wear: Ideal for casual outings, school days, or playtime, this t-shirt pairs effortlessly with jeans or shorts.
        
Easy Maintenance: Machine washable for hassle-free care, ensuring it stays looking fresh and vibrant.
      
      Whether it's a day at school or a weekend adventure, this t-shirt is designed to keep up with your child's active lifestyle while offering a stylish edge.","1 YRS, 2 YRS, 4 YRS, 6 YRS, 8 YRS, 10 YRS, 12 YRS, 14 YRS",1,Regular Fit,"Machine Wash 40°C
        Wash Dark Colours Separately
        Do Not Bleach
        Tumble Dry Low
        Warm Iron
        Do Not Dry Clean
        Do Not Iron On Embellishment",100% Cotton,India
https://styleunion.in/products/boys-cotton-crew-neck-graphitee-bgt00197,home > Boys Cotton Crew Neck Graphitee,Style Union,Boys Cotton Crew Neck Graphitee,₹129,₹129,8909001898536,"Experience the ultimate in comfort and style with our Boys Cotton Graphic Crew Neck T-Shirt. Made from 100% cotton, this t-shirt promises softness and breathability, making it perfect for all-day wear. The graphic design adds a fun and trendy touch, ensuring your little one stands out in style.
      
        
Comfortable Fabric: The 100% cotton material is soft against the skin, ensuring comfort throughout the day.
        
Stylish Graphic Pattern: The eye-catching graphic design makes this t-shirt a standout piece in any wardrobe.
        
Versatile Crew Neck: The classic crew neck design offers a timeless look that pairs well with any outfit.
        
Easy Movement: The regular fit and half sleeves provide unrestricted movement, perfect for active boys.
      
      Perfect for casual outings, school days, or playtime, this t-shirt is a versatile addition to any boy's wardrobe. Pair it with jeans or shorts for a relaxed, stylish look.","1 YRS, 2 YRS, 4 YRS, 6 YRS, 8 YRS, 10 YRS, 12 YRS, 14 YRS",1,Regular Fit,Machine Wash 40°C. Wash Dark Colours Separately. Do Not Bleach. Tumble Dry Low. Warm Iron. Do Not Dry Clean. Do Not Iron On Embellishment.,100% Cotton,India
https://styleunion.in/products/boys-cotton-crew-neck-graphitee-bgt00198,home > Boys Cotton Crew Neck Graphitee,Style Union,Boys Cotton Crew Neck Graphitee,₹129,₹129,8909001899649,"Experience the ultimate in comfort and style with our Boys Cotton Graphic Crew Neck T-Shirt. Crafted from 100% cotton, this tee offers a soft touch against the skin, ensuring all-day comfort for your little one. The vibrant graphic pattern adds a playful touch, making it a versatile choice for any casual outing.
      
        
Comfortable Fabric: The 100% cotton fabric is breathable and gentle, perfect for active days.
        
Stylish Design: The graphic pattern brings a fun and trendy look that kids will love.
        
Easy to Wear: The crew neck and regular fit make it easy to slip on and off, ideal for everyday wear.
        
Durable Construction: Knit weave ensures durability, standing up to frequent washes and wear.
      
      Perfect for school days, playdates, or weekend adventures, this t-shirt is a must-have in any boy's wardrobe. Pair it with jeans or shorts for a laid-back, stylish look.","1 YRS, 2 YRS, 4 YRS, 6 YRS, 8 YRS, 10 YRS, 12 YRS, 14 YRS",1,Regular Fit,"Machine Wash 40°C
        Wash Dark Colours Separately
        Do Not Bleach
        Tumble Dry Low
        Warm Iron
        Do Not Dry Clean
        Do Not Iron On Embellishment",100% Cotton,India
https://styleunion.in/products/boys-cotton-crew-neck-graphitee-bgt00207,home > Boys Cotton Crew Neck Graphitee,Style Union,Boys Cotton Crew Neck Graphitee,₹149,₹149,8909001898956,"Experience the ultimate in comfort and style with our Boys Cotton Graphic T-Shirt. Crafted from 100% cotton, this tee offers a soft touch against the skin, making it perfect for all-day wear. The vibrant graphic pattern adds a playful touch, ensuring your little one stands out in any crowd.
      
        
Soft Cotton Fabric: Enjoy breathable comfort that keeps your child cool and comfortable throughout the day.
        
Graphic Pattern: Adds a fun and trendy element to your child's wardrobe, perfect for expressing their unique personality.
        
Crew Neck Design: Provides a classic look that pairs effortlessly with any outfit.
        
Half Sleeves: Ideal for warm weather, offering ease of movement and a relaxed feel.
      
      This versatile t-shirt is perfect for casual outings, playdates, or just lounging at home. Pair it with jeans or shorts for a complete look that’s both stylish and comfortable.","1 YRS, 2 YRS, 4 YRS, 6 YRS, 8 YRS, 10 YRS, 12 YRS, 14 YRS",1,Regular Fit,"Machine Wash 40°C
        Wash Dark Colours Separately
        Do Not Bleach
        Tumble Dry Low
        Warm Iron
        Do Not Dry Clean
        Do Not Iron On Embellishment",100% Cotton,India
https://styleunion.in/products/boys-cotton-crew-neck-graphitee-bgt00215,home > Boys Cotton Crew Neck Graphitee,Style Union,Boys Cotton Crew Neck Graphitee,₹129,₹129,8909001969489,"Elevate your little boy's style with the **Output:** Boys Cotton Graphic T-Shirt. Crafted from 100% cotton, this knit t-shirt offers unmatched comfort and breathability, ensuring your child stays cool and stylish all day long. The crew neck design and half sleeves provide a classic look that is perfect for everyday wear or casual outings. The graphic pattern adds a fun and trendy element to his wardrobe, allowing him to express his unique personality effortlessly. Machine washable for easy care, this t-shirt is a versatile and practical addition to his closet.
      
        
Comfortable Cotton Fabric: Crafted from 100% cotton for a soft and breathable feel.
        
Stylish Graphic Pattern: Adds a fun and trendy touch to his outfit.
        
Classic Crew Neck Design: Provides a timeless look suitable for various occasions.
        
Easy Care: Machine washable for convenient cleaning.","1 YRS, 2 YRS, 4 YRS, 6 YRS, 8 YRS, 10 YRS, 12 YRS, 14 YRS",1,N/A,Machine Wash 40°C. Wash Dark Colours Separately. Do Not Bleach. Tumble Dry Low. Warm Iron. Do Not Dry Clean. Do Not Iron On Embellishment,100% Cotton,India
https://styleunion.in/products/boys-cotton-crew-neck-graphitee-bgt00219,home > Boys Cotton Crew Neck Graphitee,Style Union,Boys Cotton Crew Neck Graphitee,₹129,₹129,8909001963074,"Experience the ultimate in comfort and style with our Boys Cotton Graphic T-Shirt. Crafted from 100% cotton, this tee promises a soft touch against the skin, making it perfect for all-day wear. The vibrant graphic design adds a playful touch, ensuring your little one stands out in any crowd.
      
        
Soft Cotton Fabric: Enjoy breathable comfort that keeps your child cool and comfortable throughout the day.
        
Graphic Pattern: Adds a fun and trendy element to your child's wardrobe, perfect for expressing personality.
        
Crew Neck Design: Offers a classic look that pairs well with any outfit, making it versatile for various occasions.
        
Half Sleeves: Provide ease of movement, ideal for active play and casual outings.
      
      Whether it's a day at school, a playdate, or a casual family outing, this graphic tee is the go-to choice for effortless style and comfort.","1 YRS, 2 YRS, 4 YRS, 6 YRS, 8 YRS, 10 YRS, 12 YRS, 14 YRS",1,Regular Fit,"Machine Wash 40°C.
        Wash Dark Colours Separately.
        Do Not Bleach.
        Tumble Dry Low.
        Warm Iron.
        Do Not Dry Clean.
        Do Not Iron On Embellishment.",100% Cotton,India
https://styleunion.in/products/boys-cotton-crew-neck-graphitee-bgt00224,home > Boys Cotton Crew Neck Graphitee,Style Union,Boys Cotton Crew Neck Graphitee,₹129,₹129,8909001964408,"Experience the ultimate in comfort and style with our Boys Cotton Graphic T-Shirt. Crafted from 100% cotton, this t-shirt offers a soft touch against the skin, making it perfect for all-day wear. The vibrant graphic pattern adds a playful touch, making it a favorite for any young boy's wardrobe.
      
        
Soft Cotton Fabric: Ensures a gentle feel, keeping your child comfortable throughout the day.
        
Graphic Pattern: Adds a fun and trendy element, perfect for expressing personality.
        
Crew Neck Design: Offers a classic look that pairs well with any outfit.
        
Half Sleeves: Ideal for warm weather, providing breathability and ease of movement.
      
      Whether it's a day at school, a casual outing, or a playdate, this t-shirt is versatile enough to suit any occasion. Let your child enjoy the freedom of movement and the joy of wearing something that truly reflects their style.","1 YRS, 2 YRS, 4 YRS, 6 YRS, 8 YRS, 10 YRS, 12 YRS, 14 YRS",1,Regular Fit,"Machine Wash 40°C.
        Wash Dark Colours Separately.
        Do Not Bleach.
        Tumble Dry Low.
        Warm Iron.
        Do Not Dry Clean.
        Do Not Iron On Embellishment.",100% Cotton,India
https://styleunion.in/products/boys-cotton-crew-neck-graphitee-bgt00225,home > Boys Cotton Crew Neck Graphitee,Style Union,Boys Cotton Crew Neck Graphitee,₹149,₹149,8909001965672,"Elevate your little boy's wardrobe with this Boys Cotton Graphic T-Shirt. Crafted from 100% Cotton, this knit t-shirt offers unmatched comfort and breathability, ensuring your child stays cool and stylish all day long. The crew neck design and regular fit make it a versatile piece that can be worn for casual outings, playdates, or just lounging at home. The graphic pattern adds a fun and trendy element to his look, making him stand out effortlessly.
      
        
Comfortable Fabric: 100% Cotton fabric for a soft and gentle feel on the skin.
        
Breathable Knit: Knit weave provides breathability, keeping your child cool.
        
Stylish Graphic: Graphic pattern adds a trendy touch to his outfit.
        
Easy Care: Machine washable for convenient cleaning.","1 YRS, 2 YRS, 4 YRS, 6 YRS, 8 YRS, 10 YRS, 12 YRS, 14 YRS",1,N/A,Machine Wash 40°C. Wash Dark Colours Separately. Do Not Bleach. Tumble Dry Low. Warm Iron. Do Not Dry Clean. Do Not Iron On Embellishment,100% Cotton,India
https://styleunion.in/products/boys-cotton-crew-neck-graphitee-bgt00226,home > Boys Cotton Crew Neck Graphitee,Style Union,Boys Cotton Crew Neck Graphitee,₹149,₹149,8909001963401,"This Boys Graphic Cotton T-Shirt is a must-have for your little one's wardrobe. Made from 100% Cotton, it offers exceptional comfort and breathability, keeping your child cool and stylish all day long. The Graphic pattern adds a fun and playful touch, perfect for everyday wear or casual outings. The Crew Neck design and Half Sleeves provide a classic look that can be easily paired with jeans or shorts for a versatile outfit. Machine washable for easy care.
      
        
Comfortable Fabric: Made from 100% Cotton for a soft and breathable feel.
        
Stylish Graphic Pattern: Adds a fun and playful touch to the design.
        
Versatile Crew Neck: Classic and easy to pair with different bottoms.
        
Half Sleeves: Perfect for everyday wear and warm weather.
        
Easy Care: Machine washable for convenient cleaning.","1 YRS, 2 YRS, 4 YRS, 6 YRS, 8 YRS, 10 YRS, 12 YRS, 14 YRS",1,Regular Fit,Machine Wash 40°C. Wash Dark Colours Separately. Do Not Bleach. Tumble Dry Low. Warm Iron. Do Not Dry Clean. Do Not Iron On Embellishment,100% Cotton,India
https://styleunion.in/products/boys-cotton-crew-neck-graphitee-bgt00227,home > Boys Cotton Crew Neck Graphitee,Style Union,Boys Cotton Crew Neck Graphitee,₹149,₹149,8909001962695,"Elevate your little boy's wardrobe with this Boys Cotton Graphic T-Shirt. Crafted from 100% cotton in a knit weave, this t-shirt offers exceptional comfort and breathability, making it perfect for all-day wear. The crew neck design and half sleeves provide a classic look that can be effortlessly styled for various occasions. The regular fit ensures a comfortable and relaxed feel, allowing your boy to move freely and play without restrictions. The graphic pattern adds a fun and playful touch, making this t-shirt a versatile and stylish choice for everyday wear or casual outings.
      
        
Fabric Type: 100% Cotton for softness and breathability
        
Weave Type: Knit construction for a comfortable fit
        
Pattern: Graphic design for a playful look
        
Length: Regular Length for a versatile style
        
Neck/Collar Type: Crew Neck for a classic appearance
        
Sleeve Type: Half Sleeve for ease of movement
        
Fit: Regular Fit for a comfortable and relaxed feel
      
      Ideal for everyday wear, school activities, or casual outings, this Boys Cotton Graphic T-Shirt is a must-have addition to your boy's wardrobe.","1 YRS, 2 YRS, 4 YRS, 6 YRS, 8 YRS, 10 YRS, 12 YRS, 14 YRS",1,Regular Fit,Machine Wash 40°C. Wash Dark Colours Separately. Do Not Bleach. Tumble Dry Low. Warm Iron. Do Not Dry Clean. Do Not Iron On Embellishment,100% Cotton,India
https://styleunion.in/products/boys-cotton-crew-neck-graphitee-bgt00228,home > Boys Cotton Crew Neck Graphitee,Style Union,Boys Cotton Crew Neck Graphitee,₹149,₹149,8909001964323,"Discover the perfect blend of comfort and style with our Boys Cotton Graphic T-Shirt. Crafted from 100% cotton, this t-shirt offers a soft touch against the skin, ensuring all-day comfort for your little one. The vibrant graphic pattern adds a playful touch, making it a favorite for any casual outing.
      
        
Soft Cotton Fabric: Keeps your child comfortable and cool, perfect for active days.
        
Graphic Design: Adds a fun and trendy element to your child's wardrobe.
        
Crew Neck: Offers a classic look that pairs well with any outfit.
        
Half Sleeves: Ideal for warmer weather, providing ease of movement.
      
      Whether it's a day at the park or a casual family gathering, this t-shirt is versatile enough to fit any occasion. Pair it with jeans or shorts for a relaxed, stylish look that your child will love.","1 YRS, 2 YRS, 4 YRS, 6 YRS, 8 YRS, 10 YRS, 12 YRS, 14 YRS",1,Regular Fit,"Machine Wash 40°C.
        Wash Dark Colours Separately.
        Do Not Bleach.
        Tumble Dry Low.
        Warm Iron.
        Do Not Dry Clean.
        Do Not Iron On Embellishment.",100% Cotton,India
https://styleunion.in/products/boys-cotton-crew-neck-graphitee-bgt00229,home > Boys Cotton Crew Neck Graphitee,Style Union,Boys Cotton Crew Neck Graphitee,₹149,₹149,8909001968093,"Discover the ultimate in comfort and style with our Boys Cotton Graphic T-Shirt. Crafted from 100% cotton, this t-shirt offers a soft touch against the skin, ensuring all-day comfort for your little one. The vibrant graphic pattern adds a playful touch, making it a favorite for any casual outing or playdate. 
      
        
Soft Cotton Fabric: Keeps your child comfortable and cool, perfect for active days.
        
Graphic Design: Adds a fun and trendy element, allowing your child to express their personality.
        
Crew Neck: Provides a classic look that pairs well with any outfit.
        
Half Sleeves: Ideal for warm weather, offering freedom of movement.
      
      Whether it's a day at the park or a casual family gathering, this t-shirt is versatile enough to fit any occasion. Let your child enjoy the perfect blend of style and comfort with this must-have wardrobe staple.","1 YRS, 2 YRS, 4 YRS, 6 YRS, 8 YRS, 10 YRS, 12 YRS, 14 YRS",1,Regular Fit,Machine Wash 40°C. Wash Dark Colours Separately. Do Not Bleach. Tumble Dry Low. Warm Iron. Do Not Dry Clean. Do Not Iron On Embellishment.,100% Cotton,India
https://styleunion.in/products/boys-cotton-crew-neck-graphitee-bgt00233,home > Boys Cotton Crew Neck Graphitee,Style Union,Boys Cotton Crew Neck Graphitee,₹149,₹149,8909404054317,"Experience the perfect blend of comfort and style with our Boys Cotton Graphic T-Shirt. Crafted from 100% cotton, this t-shirt offers a soft touch against the skin, ensuring all-day comfort for your little one. The vibrant graphic pattern adds a playful touch, making it a versatile choice for any casual occasion.
      
        
Soft Cotton Fabric: Keeps your child comfortable and cool, perfect for active days.
        
Graphic Pattern: Adds a fun and trendy element to your child's wardrobe.
        
Crew Neck Design: Offers a classic look that pairs well with any outfit.
        
Half Sleeves: Ideal for warm weather, providing ease of movement.
      
      Whether it's a day at the park or a casual outing, this t-shirt is the ideal choice for effortless style and comfort.","1 YRS, 2 YRS, 4 YRS, 6 YRS, 8 YRS, 10 YRS, 12 YRS, 14 YRS",1,Regular Fit,Machine Wash 40°C. Wash Dark Colours Separately. Do Not Bleach. Tumble Dry Low. Warm Iron. Do Not Dry Clean. Do Not Iron On Embellishment.,100% Cotton,India
https://styleunion.in/products/boys-cotton-crew-neck-graphitee-bgt00234,home > Boys Cotton Crew Neck Graphitee,Style Union,Boys Cotton Crew Neck Graphitee,₹149,₹149,8909404054577,"Experience the ultimate in comfort and style with our Boy's Cotton Crew Neck Graphic Tee. Crafted from 100% cotton, this t-shirt offers a soft touch against the skin, ensuring all-day comfort for your little one. The vibrant graphic pattern adds a playful touch, making it a favorite for any casual outing.
      
        
Soft Cotton Fabric: Keeps your child comfortable and cool, perfect for active days.
        
Graphic Design: Adds a fun and trendy element to any outfit, sparking creativity and joy.
        
Crew Neck: Provides a classic look that pairs well with any style.
        
Half Sleeves: Ideal for warm weather, offering freedom of movement.
      
      This versatile t-shirt is perfect for school, playdates, or family outings, allowing your child to express their personality with ease.","1 YRS, 2 YRS, 4 YRS, 6 YRS, 8 YRS, 10 YRS, 12 YRS, 14 YRS",1,Regular Fit,"Machine Wash 40°C
        Wash Dark Colours Separately
        Do Not Bleach
        Tumble Dry Low
        Warm Iron
        Do Not Dry Clean
        Do Not Iron On Embellishment",100% Cotton,India
https://styleunion.in/products/boys-cotton-crew-neck-graphitee-bgt00235,home > Boys Cotton Crew Neck Graphitee,Style Union,Boys Cotton Crew Neck Graphitee,₹149,₹149,8909404054911,"Experience the perfect blend of comfort and style with our Boys Cotton Graphic T-Shirt. Crafted from 100% cotton, this t-shirt offers a soft touch against the skin, ensuring all-day comfort for your little one. The vibrant graphic pattern adds a playful touch, making it a versatile choice for any casual outing.
      
        
Soft Cotton Fabric: Keeps your child comfortable and cool throughout the day.
        
Graphic Design: Adds a fun and trendy element to your child's wardrobe.
        
Crew Neck: Provides a classic look that pairs well with any outfit.
        
Half Sleeves: Ideal for warm weather, allowing for easy movement.
      
      This t-shirt is perfect for playdates, school, or a casual day out. Pair it with jeans or shorts for a relaxed, stylish look that your child will love.","1 YRS, 2 YRS, 4 YRS, 6 YRS, 8 YRS, 10 YRS, 12 YRS, 14 YRS",1,Regular Fit,Machine Wash 40°C. Wash Dark Colours Separately. Do Not Bleach. Tumble Dry Low. Warm Iron. Do Not Dry Clean. Do Not Iron On Embellishment.,100% Cotton,India
https://styleunion.in/products/boys-cotton-crew-neck-graphitee-bgt00237,home > Boys Cotton Crew Neck Graphitee,Style Union,Boys Cotton Crew Neck Graphitee,₹149,₹149,8909404053402,"Experience the ultimate in comfort and style with our Boys Cotton Graphic T-Shirt. Made from 100% cotton, this t-shirt is soft against the skin and perfect for all-day wear. The vibrant graphic design adds a playful touch, making it a favorite for any young boy's wardrobe.
      
        
Comfortable Fabric: The 100% cotton fabric ensures breathability and softness, keeping your child comfortable throughout the day.
        
Stylish Design: The graphic pattern adds a fun and trendy element, perfect for expressing personality.
        
Versatile Wear: Ideal for casual outings, school, or playdates, this t-shirt pairs effortlessly with jeans or shorts.
        
Easy Maintenance: Machine washable for hassle-free care, making it a practical choice for busy parents.
      
      Whether it's a day at school or a weekend adventure, this t-shirt is designed to keep up with your child's active lifestyle while ensuring they look effortlessly cool.","1 YRS, 2 YRS, 4 YRS, 6 YRS, 8 YRS, 10 YRS, 12 YRS, 14 YRS",1,Regular Fit,"Machine Wash 40°C
        Wash Dark Colours Separately
        Do Not Bleach
        Tumble Dry Low
        Warm Iron
        Do Not Dry Clean
        Do Not Iron On Embellishment",100% Cotton,India
https://styleunion.in/products/boys-cotton-crew-neck-graphitee-bgt00238,home > Boys Cotton Crew Neck Graphitee,Style Union,Boys Cotton Crew Neck Graphitee,₹149,₹149,8909404053693,"Experience the ultimate in comfort and style with our Boys Cotton Graphic T-Shirt. Made from 100% cotton, this t-shirt offers a soft and breathable feel, perfect for all-day wear. The vibrant graphic design adds a playful touch, making it a favorite for kids who love to express themselves.
      
        
Soft Cotton Fabric: Ensures maximum comfort and breathability, keeping your child cool and comfortable throughout the day.
        
Graphic Pattern: Adds a fun and trendy element, allowing your child to showcase their personality.
        
Crew Neck Design: Provides a classic look that is versatile and easy to pair with any outfit.
        
Half Sleeves: Offer ease of movement, making it ideal for active play and casual outings.
      
      Perfect for school, playdates, or casual outings, this t-shirt is a versatile addition to any young boy's wardrobe. Pair it with jeans or shorts for a relaxed and stylish look.","1 YRS, 2 YRS, 4 YRS, 6 YRS, 8 YRS, 10 YRS, 12 YRS, 14 YRS",1,Regular Fit,"Machine Wash 40°C
        Wash Dark Colours Separately
        Do Not Bleach
        Tumble Dry Low
        Warm Iron
        Do Not Dry Clean
        Do Not Iron On Embellishment",100% Cotton,India
https://styleunion.in/products/boys-cotton-crew-neck-graphitee-bgt00240,home > Boys Cotton Crew Neck Graphitee,Style Union,Boys Cotton Crew Neck Graphitee,₹149,₹149,8909404053624,"Experience the ultimate in comfort and style with our Boys Cotton Graphic T-Shirt. Crafted from 100% cotton, this tee offers a soft and breathable feel, perfect for all-day wear. The vibrant graphic design adds a playful touch, making it a favorite for any young trendsetter.
      
        
Comfortable Fabric: Made from 100% cotton, ensuring a soft touch against the skin and breathability for active days.
        
Stylish Graphic Pattern: The eye-catching graphic design brings a fun and trendy element to any outfit.
        
Versatile Crew Neck: The classic crew neck design offers a timeless look that pairs well with any casual ensemble.
        
Easygoing Half Sleeves: Perfect for warmer weather, providing ease of movement and a relaxed vibe.
      
      This T-shirt is ideal for casual outings, school days, or playdates, offering a blend of comfort and style that your child will love.","1 YRS, 2 YRS, 4 YRS, 6 YRS, 8 YRS, 10 YRS, 12 YRS, 14 YRS",1,Regular Fit,"Machine Wash 40°C
        Wash Dark Colours Separately
        Do Not Bleach
        Tumble Dry Low
        Warm Iron
        Do Not Dry Clean
        Do Not Iron On Embellishment",100% Cotton,India
https://styleunion.in/products/boys-cotton-crew-neck-graphitee-bgt00242,home > Boys Cotton Crew Neck Graphitee,Style Union,Boys Cotton Crew Neck Graphitee,₹129,₹129,8909404041065,"Experience the perfect blend of comfort and style with our Boys Cotton Graphic T-Shirt. Crafted from 100% cotton, this t-shirt promises a soft touch against the skin, making it ideal for all-day wear. The vibrant graphic pattern adds a playful touch, perfect for expressing individuality.
      
        
Comfortable Fabric: The 100% cotton fabric ensures breathability and comfort, keeping your child cool and at ease throughout the day.
        
Stylish Design: The graphic pattern offers a trendy look that is perfect for casual outings or playdates.
        
Versatile Wear: With its regular length and crew neck, this t-shirt pairs effortlessly with jeans, shorts, or joggers, making it a versatile addition to any wardrobe.
        
Easy Maintenance: Machine washable for hassle-free care, ensuring it stays fresh and vibrant wash after wash.
      
      Perfect for school, weekend adventures, or simply lounging at home, this t-shirt is a must-have for any young boy's wardrobe.","1 YRS, 2 YRS, 4 YRS, 6 YRS, 8 YRS, 10 YRS, 12 YRS, 14 YRS",1,Regular Fit,"Machine Wash 40°C
        Wash Dark Colours Separately
        Do Not Bleach
        Tumble Dry Low
        Warm Iron
        Do Not Dry Clean
        Do Not Iron On Embellishment",100% Cotton,India
https://styleunion.in/products/boys-cotton-crew-neck-graphitee-bgt00243,home > Boys Cotton Crew Neck Graphitee,Style Union,Boys Cotton Crew Neck Graphitee,₹129,₹129,8909404041768,"Experience the ultimate in comfort and style with our Boys Cotton Graphic T-Shirt. Made from 100% cotton, this t-shirt offers a soft and breathable feel, perfect for all-day wear. The vibrant graphic design adds a playful touch, making it a favorite for any young boy's wardrobe.
      
        
Soft Cotton Fabric: Ensures maximum comfort and breathability, keeping your child cool and comfortable throughout the day.
        
Graphic Pattern: Adds a fun and trendy element, perfect for expressing personality and style.
        
Crew Neck Design: Offers a classic look that is easy to wear and pairs well with any outfit.
        
Half Sleeves: Provide ease of movement and a relaxed fit, ideal for active play.
      
      This versatile t-shirt is perfect for casual outings, playdates, or just lounging at home. Pair it with jeans or shorts for a laid-back look that your child will love.","1 YRS, 2 YRS, 4 YRS, 6 YRS, 8 YRS, 10 YRS, 12 YRS, 14 YRS",1,Regular Fit,"Machine Wash 40°C
        Wash Dark Colours Separately
        Do Not Bleach
        Tumble Dry Low
        Warm Iron
        Do Not Dry Clean
        Do Not Iron On Embellishment",100% Cotton,India
https://styleunion.in/products/boys-cotton-crew-neck-graphitee-bgt00244,home > Boys Cotton Crew Neck Graphitee,Style Union,Boys Cotton Crew Neck Graphitee,₹129,₹129,8909404041096,"Experience the ultimate in comfort and style with our Boys Cotton Graphic T-Shirt. Made from 100% cotton, this t-shirt offers a soft and breathable feel, perfect for all-day wear. The vibrant graphic pattern adds a playful touch, making it a favorite for any young boy's wardrobe.
      
        
Comfortable Fabric: The 100% cotton material ensures a soft touch against the skin, keeping your child comfortable throughout the day.
        
Stylish Design: The graphic pattern adds a fun and trendy element, perfect for expressing personality and style.
        
Versatile Wear: Ideal for casual outings, playdates, or just lounging at home, this t-shirt is a versatile addition to any wardrobe.
        
Easy Maintenance: Machine washable for hassle-free care, making it a practical choice for busy parents.
      
      Whether it's a day at the park or a casual family gathering, this t-shirt is the perfect choice for a relaxed and stylish look.","1 YRS, 2 YRS, 4 YRS, 6 YRS, 8 YRS, 10 YRS, 12 YRS, 14 YRS",1,Regular Fit,"Machine Wash 40°C
        Wash Dark Colours Separately
        Do Not Bleach
        Tumble Dry Low
        Warm Iron
        Do Not Dry Clean
        Do Not Iron On Embellishment",100% Cotton,India
https://styleunion.in/products/boys-cotton-crew-neck-graphitee-bgt00245,home > Boys Cotton Crew Neck Graphitee,Style Union,Boys Cotton Crew Neck Graphitee,₹129,₹129,8909404040631,"Discover the ultimate blend of comfort and style with our Boys Cotton Graphic T-Shirt. Crafted from 100% cotton, this tee ensures a soft touch against the skin, making it perfect for all-day wear. The vibrant graphic pattern adds a playful touch, making it a favorite for young trendsetters. Whether it's a day at school or a casual outing, this t-shirt is versatile enough to fit any occasion.
      
        
Comfortable Fabric: Made from 100% cotton, this t-shirt is breathable and gentle on the skin, ensuring your child stays comfortable throughout the day.
        
Stylish Design: The graphic pattern adds a fun and trendy element, perfect for expressing individuality.
        
Versatile Wear: Ideal for both casual outings and everyday wear, making it a staple in any wardrobe.
        
Easy Maintenance: Machine washable for hassle-free care, keeping it looking fresh and vibrant.
      
      Let your child embrace their unique style with this graphic tee, perfect for pairing with jeans or shorts for a relaxed, yet stylish look.","1 YRS, 2 YRS, 4 YRS, 6 YRS, 8 YRS, 10 YRS, 12 YRS, 14 YRS",1,Regular Fit,Machine Wash 40°C. Wash Dark Colours Separately. Do Not Bleach. Tumble Dry Low. Warm Iron. Do Not Dry Clean. Do Not Iron On Embellishment.,100% Cotton,India
https://styleunion.in/products/boys-cotton-crew-neck-graphitee-bgt00246,home > Boys Cotton Crew Neck Graphitee,Style Union,Boys Cotton Crew Neck Graphitee,₹129,₹129,8909404041713,"Experience the ultimate in comfort and style with our Boys Cotton Graphic T-Shirt. Crafted from 100% cotton, this t-shirt offers a soft, breathable feel that keeps your little one comfortable all day long. The vibrant graphic pattern adds a playful touch, making it perfect for any casual outing.
      
        
Soft Cotton Fabric: Ensures all-day comfort and breathability, perfect for active kids.
        
Graphic Pattern: Adds a fun and trendy element to your child's wardrobe.
        
Crew Neck Design: Provides a classic look that pairs well with any outfit.
        
Half Sleeves: Ideal for warm weather, keeping your child cool and comfortable.
      
      Whether it's a day at the park or a casual family gathering, this t-shirt is versatile enough to suit any occasion. Let your child express their personality with this stylish and comfortable piece.","1 YRS, 2 YRS, 4 YRS, 6 YRS, 8 YRS, 10 YRS, 12 YRS, 14 YRS",1,Regular Fit,Machine Wash 40°C. Wash Dark Colours Separately. Do Not Bleach. Tumble Dry Low. Warm Iron. Do Not Dry Clean. Do Not Iron On Embellishment.,100% Cotton,India
https://styleunion.in/products/boys-cotton-crew-neck-graphitee-bgt00247,home > Boys Cotton Crew Neck Graphitee,Style Union,Boys Cotton Crew Neck Graphitee,₹129,₹129,8909404040525,"Experience the perfect blend of comfort and style with our Boys Cotton Graphic T-Shirt. Made from 100% cotton, this t-shirt offers a soft touch against the skin, ensuring all-day comfort for your little one. The vibrant graphic pattern adds a playful touch, making it a versatile piece for any casual occasion.
      
        
Soft Cotton Fabric: Keeps your child comfortable and cool, perfect for active days.
        
Graphic Pattern: Adds a fun and trendy element to your child's wardrobe.
        
Crew Neck Design: Provides a classic look that never goes out of style.
        
Half Sleeves: Ideal for warm weather, offering ease of movement.
      
      Whether it's a day at the park or a casual outing, this t-shirt is the perfect choice for effortless style and comfort. Pair it with jeans or shorts for a laid-back look that your child will love.","1 YRS, 2 YRS, 4 YRS, 6 YRS, 8 YRS, 10 YRS, 12 YRS, 14 YRS",1,Regular Fit,"Machine Wash 40°C.
        Wash Dark Colours Separately.
        Do Not Bleach.
        Tumble Dry Low.
        Warm Iron.
        Do Not Dry Clean.
        Do Not Iron On Embellishment.",100% Cotton,India
https://styleunion.in/products/boys-cotton-crew-neck-graphitee-bgt00248,home > Boys Cotton Crew Neck Graphitee,Style Union,Boys Cotton Crew Neck Graphitee,₹129,₹129,8909404040761,"Experience the perfect blend of comfort and style with our Boys Cotton Graphic T-Shirt. Crafted from 100% cotton, this t-shirt offers a soft touch against the skin, ensuring all-day comfort for your little one. The vibrant graphic pattern adds a playful touch, making it a versatile choice for any casual occasion.
      
        
Soft Cotton Fabric: Keeps your child comfortable and cool throughout the day.
        
Graphic Pattern: Adds a fun and trendy element to their wardrobe.
        
Crew Neck Design: Provides a classic look that never goes out of style.
        
Half Sleeves: Perfect for warm weather, offering ease of movement.
      
      Ideal for playdates, family outings, or just lounging at home, this t-shirt is a must-have staple in every boy's wardrobe.","1 YRS, 2 YRS, 4 YRS, 6 YRS, 8 YRS, 10 YRS, 12 YRS, 14 YRS",1,Regular Fit,Machine Wash 40°C. Wash Dark Colours Separately. Do Not Bleach. Tumble Dry Low. Warm Iron. Do Not Dry Clean. Do Not Iron On Embellishment.,100% Cotton,India
https://styleunion.in/products/boys-cotton-crew-neck-graphitee-bgt00249,home > Boys Cotton Crew Neck Graphitee,Style Union,Boys Cotton Crew Neck Graphitee,₹129,₹129,8909404041898,"Experience the ultimate in comfort and style with our Boys Cotton Graphic T-Shirt. Crafted from 100% cotton, this tee offers a soft, breathable feel that keeps your little one comfortable all day long. The vibrant graphic design adds a playful touch, making it a favorite for any casual outing.
      
        
Soft Cotton Fabric: Ensures all-day comfort and breathability, perfect for active kids.
        
Graphic Pattern: Adds a fun and trendy element, making it a standout piece in any wardrobe.
        
Crew Neck Design: Offers a classic look that pairs well with any bottom.
        
Half Sleeves: Provide ease of movement, ideal for playtime or casual wear.
      
      This versatile t-shirt is perfect for school, playdates, or weekend adventures. Pair it with jeans or shorts for a laid-back look that your child will love.","1 YRS, 2 YRS, 4 YRS, 6 YRS, 8 YRS, 10 YRS, 12 YRS, 14 YRS",1,Regular Fit,Machine Wash 40°C. Wash Dark Colours Separately. Do Not Bleach. Tumble Dry Low. Warm Iron. Do Not Dry Clean. Do Not Iron On Embellishment.,100% Cotton,India
https://styleunion.in/products/boys-cotton-crew-neck-graphitee-bgt00250,home > Boys Cotton Crew Neck Graphitee,Style Union,Boys Cotton Crew Neck Graphitee,₹129,₹129,8909404041508,"Experience the ultimate in comfort and style with our Boys Cotton Graphic T-Shirt. Crafted from 100% cotton, this tee is designed to keep your little one feeling cool and comfortable all day long. The vibrant graphic pattern adds a playful touch, making it a versatile choice for any casual occasion.
      
        
Comfortable Fabric: Made from 100% cotton, this t-shirt is soft and breathable, perfect for active days.
        
Stylish Design: The graphic pattern brings a fun and trendy look that kids will love.
        
Durable Construction: Knit weave ensures long-lasting wear, even after multiple washes.
        
Easy to Wear: The crew neck and half sleeves offer a classic fit that's easy to pair with any outfit.
      
      Perfect for school, playdates, or weekend adventures, this graphic tee is a must-have in every boy's wardrobe. Pair it with jeans or shorts for a laid-back look that's both stylish and comfortable.","1 YRS, 2 YRS, 4 YRS, 6 YRS, 8 YRS, 10 YRS, 12 YRS, 14 YRS",1,Regular Fit,Machine Wash 40°C. Wash Dark Colours Separately. Do Not Bleach. Tumble Dry Low. Warm Iron. Do Not Dry Clean. Do Not Iron On Embellishment.,100% Cotton,India
https://styleunion.in/products/boys-cotton-crew-neck-graphitee-bgt00253,home > Boys Cotton Crew Neck Graphitee,Style Union,Boys Cotton Crew Neck Graphitee,₹199,₹199,8909404015417,"Experience the ultimate in comfort and style with our Boys Cotton Crew Neck T-Shirt. Crafted from 100% cotton, this t-shirt offers a soft touch against the skin, making it perfect for all-day wear. The all-over print adds a playful touch, ensuring your little one stands out in any crowd.
      
        
Comfortable Fabric: The 100% cotton fabric ensures breathability and comfort, keeping your child cool and comfortable throughout the day.
        
Stylish Design: The all-over print pattern adds a fun and trendy element, perfect for casual outings or playdates.
        
Versatile Wear: Ideal for pairing with jeans or shorts, this t-shirt is perfect for school, play, or casual family outings.
        
Durable Construction: The knit weave provides durability, ensuring the t-shirt withstands active play and frequent washes.
      
      Whether it's a day at the park or a casual family gathering, this t-shirt is designed to keep your child looking stylish and feeling comfortable.","1 YRS, 2 YRS, 4 YRS, 6 YRS, 8 YRS, 10 YRS, 12 YRS, 14 YRS",1,Regular Fit,"Machine Wash 40°C.
        Wash Dark Colours Separately.
        Do Not Bleach.
        Tumble Dry Low.
        Warm Iron.
        Do Not Dry Clean.
        Do Not Iron On Embellishment.",100% Cotton,India
https://styleunion.in/products/boys-cotton-crew-neck-graphitee-bgt00254,home > Boys Cotton Crew Neck Graphitee,Style Union,Boys Cotton Crew Neck Graphitee,₹199,₹199,8909404015769,"Experience the ultimate comfort and style with our Boys Cotton Crew Neck T-Shirt. Made from 100% cotton, this t-shirt offers a soft touch against the skin, ensuring all-day comfort for your little one. The vibrant all-over print adds a playful touch, making it a versatile choice for any casual outing.
      
        
Soft Cotton Fabric: Keeps your child comfortable and cool, perfect for active days.
        
All Over Print: Adds a fun and trendy element, making it a favorite for kids.
        
Crew Neck Design: Provides a classic look that pairs well with any outfit.
        
Half Sleeves: Ideal for warm weather, offering ease of movement.
      
      This t-shirt is perfect for school, playdates, or a day at the park. Pair it with jeans or shorts for a relaxed and stylish look that your child will love.","1 YRS, 2 YRS, 4 YRS, 6 YRS, 8 YRS, 10 YRS, 12 YRS, 14 YRS",1,Regular Fit,"Machine Wash 40°C
        Wash Dark Colours Separately
        Do Not Bleach
        Tumble Dry Low
        Warm Iron
        Do Not Dry Clean
        Do Not Iron On Embellishment",100% Cotton,India
https://styleunion.in/products/boys-cotton-crew-neck-graphitee-bgt00255,home > Boys Cotton Crew Neck Graphitee,Style Union,Boys Cotton Crew Neck Graphitee,₹199,₹199,8909404015325,"Experience the perfect blend of comfort and style with our Boy's Cotton Crew Neck Graphitee. Crafted from 100% cotton, this t-shirt promises a soft touch against the skin, ensuring all-day comfort for your little one. The all-over print adds a playful touch, making it a versatile choice for any casual occasion.
      
        
Soft Cotton Fabric: Breathable and gentle on the skin, perfect for active days.
        
All Over Print: Adds a fun and trendy element, making it a favorite for kids.
        
Crew Neck Design: Offers a classic look that never goes out of style.
        
Half Sleeves: Ideal for warm weather, keeping your child cool and comfortable.
      
      Whether it's a day at the park or a casual outing, this t-shirt is designed to keep up with your child's adventures while ensuring they look effortlessly stylish.","1 YRS, 2 YRS, 4 YRS, 6 YRS, 8 YRS, 10 YRS, 12 YRS, 14 YRS",1,Regular Fit,"Machine Wash 40°C.
        Wash Dark Colours Separately.
        Do Not Bleach.
        Tumble Dry Low.
        Warm Iron.
        Do Not Dry Clean.
        Do Not Iron On Embellishment.",100% Cotton,India
https://styleunion.in/products/boys-cotton-crew-neck-graphitee-bgt00256,home > Boys Cotton Crew Neck Graphitee,Style Union,Boys Cotton Crew Neck Graphitee,₹199,₹199,8909404015905,"Experience the ultimate in comfort and style with our Boys Cotton Graphic T-Shirt. Made from 100% cotton, this t-shirt offers a soft and breathable feel, perfect for everyday wear. The graphic design adds a fun and trendy touch, making it a versatile addition to any wardrobe.
      
        
Comfortable Fabric: The 100% cotton material ensures a soft touch against the skin, keeping your child comfortable all day long.
        
Trendy Graphic Design: The eye-catching graphic pattern makes this t-shirt a standout piece, perfect for expressing individuality.
        
Versatile Style: With its regular length and crew neck, this t-shirt is ideal for casual outings, school days, or playdates.
        
Easy Movement: The raglan sleeves provide a relaxed fit that allows for unrestricted movement, perfect for active kids.
      
      Whether it's a day at the park or a casual family gathering, this t-shirt is designed to keep up with your child's active lifestyle while ensuring they look stylish and feel comfortable.","1 YRS, 2 YRS, 4 YRS, 6 YRS, 8 YRS, 10 YRS, 12 YRS, 14 YRS",1,Regular Fit,Machine Wash 40°C. Wash Dark Colours Separately. Do Not Bleach. Tumble Dry Low. Warm Iron. Do Not Dry Clean. Do Not Iron On Embellishment.,100% Cotton,India
https://styleunion.in/products/boys-cotton-crew-neck-graphitee-bgt00257,home > Boys Cotton Crew Neck Graphitee,Style Union,Boys Cotton Crew Neck Graphitee,₹199,₹199,8909404015936,"Experience the ultimate in comfort and style with our Boys Cotton Graphic T-Shirt. Crafted from 100% cotton, this tee offers a soft, breathable feel that keeps your little one comfortable all day long. The vibrant graphic design adds a playful touch, making it a favorite for any casual outing.
      
        
Soft Cotton Fabric: Ensures a gentle touch on the skin, perfect for sensitive young skin.
        
Graphic Pattern: Adds a fun and trendy element, making it a go-to choice for playful days.
        
Crew Neck Design: Provides a classic look that pairs effortlessly with any outfit.
        
Raglan Sleeves: Offer ease of movement, ideal for active play.
      
      Perfect for school, playdates, or weekend adventures, this T-shirt is versatile enough to be worn on any occasion. Pair it with jeans or shorts for a relaxed, stylish look that your child will love.","1 YRS, 2 YRS, 4 YRS, 6 YRS, 8 YRS, 10 YRS, 12 YRS, 14 YRS",1,Regular Fit,"Machine Wash 40°C
        Wash Dark Colours Separately
        Do Not Bleach
        Tumble Dry Low
        Warm Iron
        Do Not Dry Clean
        Do Not Iron On Embellishment",100% Cotton,India
https://styleunion.in/products/boys-cotton-crew-neck-graphitee-bgt00263,home > Boys Cotton Crew Neck Graphitee,Style Union,Boys Cotton Crew Neck Graphitee,₹129,₹129,8909404067218,"Introducing the Boys Cotton Crew Neck Graphitee T-Shirt, a perfect blend of comfort and style. Crafted from soft cotton, this t-shirt features a trendy graphic design that appeals to young boys, making it an ideal choice for everyday wear.

Made from high-quality cotton for a soft and breathable feel, perfect for all-day comfort.
Stylish graphic pattern adds a modern touch, making it a fashionable choice for casual outings.
Regular fit ensures ease of movement, making it suitable for active play and adventures.
Crew neck and half sleeves provide a classic look while keeping cool during warmer days.

Pair this versatile t-shirt with shorts or jeans for a laid-back, stylish look that’s great for school or playdates.","1 YRS, 2 YRS, 4 YRS, 6 YRS, 8 YRS, 10 YRS, 12 YRS, 14 YRS",1,Regular Fit,Machine Wash 40°C.Wash Dark Colours Separately.Do Not Bleach. Tumble Dry Low. Warm Iron. Do Not Dry Clean. Do Not Iron On Embellishment,Cotton,India
https://styleunion.in/products/boys-cotton-crew-neck-graphitee-bgt00268,home > Boys Cotton Crew Neck Graphitee,Style Union,Boys Cotton Crew Neck Graphitee,₹129,₹129,8909404067171,"Introducing the Boys Cotton Crew Neck Graphitee T-Shirt, a perfect blend of comfort and style for your young trendsetter. Crafted from soft cotton and designed with a regular fit, this t-shirt is ideal for everyday wear.

Made from high-quality cotton for breathable comfort throughout the day.
Features a stylish graphic pattern that adds a modern touch to any outfit.
Regular length and crew neck design ensure a classic and versatile look.
Half sleeves provide a relaxed fit, making it perfect for warmer weather.

Pair this t-shirt with shorts or jeans for a casual yet trendy outfit that’s perfect for school or play.","1 YRS, 2 YRS, 4 YRS, 6 YRS, 8 YRS, 10 YRS, 12 YRS, 14 YRS",1,Regular Fit,Machine Wash 40°C.Wash Dark Colours Separately.Do Not Bleach. Tumble Dry Low. Warm Iron. Do Not Dry Clean. Do Not Iron On Embellishment,Cotton,India
https://styleunion.in/products/boys-cotton-crew-neck-weekend-t-shirt-bft00185,home > Boys Cotton Crew Neck Weekend T-Shirt,Style Union,Boys Cotton Crew Neck Weekend T-Shirt,₹249,₹249,8909001865781,"Experience the perfect blend of comfort and style with our Boy's Cotton Crew Neck Weekend T-Shirt. Crafted from 100% cotton, this t-shirt offers a soft touch against the skin, making it ideal for all-day wear. The knit weave ensures durability, while the cut and sew pattern adds a touch of modern flair.
      
        
Comfortable Fabric: The 100% cotton fabric is breathable and soft, ensuring your child stays comfortable throughout the day.
        
Durable Weave: The knit weave provides strength and longevity, making it perfect for active kids.
        
Stylish Design: The cut and sew pattern offers a trendy look that pairs well with any casual outfit.
        
Versatile Wear: Ideal for weekend outings, playdates, or casual family gatherings.
      
      Whether your child is off to a playdate or a family outing, this t-shirt is the perfect choice for a relaxed and stylish look.","1 YRS, 2 YRS, 4 YRS, 6 YRS, 8 YRS, 10 YRS, 12 YRS, 14 YRS",1,Regular Fit,"Machine Wash 40°C
        Wash Dark Colours Separately
        Do Not Bleach
        Tumble Dry Low
        Warm Iron
        Do Not Dry Clean
        Do Not Iron On Embellishment",100% Cotton,India
https://styleunion.in/products/boys-cotton-crew-neck-weekend-t-shirt-bft00186,home > Boys Cotton Crew Neck Weekend T-Shirt,Style Union,Boys Cotton Crew Neck Weekend T-Shirt,₹249,₹249,8909001866450,"Experience the perfect blend of comfort and style with our Boy's Cotton Crew Neck Weekend T-Shirt. Crafted from 100% cotton, this t-shirt offers a soft touch against the skin, ensuring all-day comfort for your little one. The classic crew neck and cut and sew pattern add a touch of modern flair, making it a versatile choice for any casual outing.
      
        
Soft Fabric: The 100% cotton fabric ensures breathability and comfort, keeping your child cool and comfortable throughout the day.
        
Stylish Design: The cut and sew pattern provides a trendy look, perfect for weekend adventures or casual playdates.
        
Easy to Wear: The regular fit and crew neck design make it easy to slip on and off, ideal for active kids.
      
      Perfect for weekend outings, playdates, or just lounging at home, this t-shirt is a must-have in every boy's wardrobe. Pair it with jeans or shorts for a relaxed, stylish look.","1 YRS, 2 YRS, 4 YRS, 6 YRS, 8 YRS, 10 YRS, 12 YRS, 14 YRS",1,Regular Fit,"Machine Wash 40°C
        Wash Dark Colours Separately
        Do Not Bleach
        Tumble Dry Low
        Warm Iron
        Do Not Dry Clean
        Do Not Iron On Embellishment",100% Cotton,India
https://styleunion.in/products/boys-cotton-crew-neck-weekend-t-shirt-bft00189,home > Boys Cotton Crew Neck Weekend T-Shirt,Style Union,Boys Cotton Crew Neck Weekend T-Shirt,₹249,₹249,8909001867020,"Experience the perfect blend of comfort and style with our Boys Cotton Crew Neck T-Shirt. Crafted from 100% cotton, this t-shirt offers a soft touch against the skin, ensuring your child stays comfortable all day long. The classic crew neck and half sleeves make it a versatile piece that can be worn for any casual occasion.
      
        
Soft Cotton Fabric: Keeps your child comfortable and cool, perfect for active days.
        
Classic Crew Neck: Provides a timeless look that pairs well with any outfit.
        
Half Sleeves: Ideal for warm weather, offering ease of movement.
        
Cut and Sew Pattern: Adds a stylish touch, making it more than just a basic tee.
      
      Whether it's a weekend outing or a day at school, this t-shirt is the perfect choice for any occasion. Pair it with jeans or shorts for a laid-back look that your child will love.","1 YRS, 2 YRS, 4 YRS, 6 YRS, 8 YRS, 10 YRS, 12 YRS, 14 YRS",1,Regular Fit,"Machine Wash 40°C.
        Wash Dark Colours Separately.
        Do Not Bleach.
        Tumble Dry Low.
        Warm Iron.
        Do Not Dry Clean.
        Do Not Iron On Embellishment.",100% Cotton,India
