"unique_id"|"competitor_name"|"store_name"|"store_addressline1"|"store_addressline2"|"store_suburb"|"store_state"|"store_postcode"|"store_addressid"|"extraction_date"|"product_name"|"brand"|"brand_type"|"grammage_quantity"|"grammage_unit"|"drained_weight"|"producthierarchy_level1"|"producthierarchy_level2"|"producthierarchy_level3"|"producthierarchy_level4"|"producthierarchy_level5"|"producthierarchy_level6"|"producthierarchy_level7"|"regular_price"|"selling_price"|"price_was"|"promotion_price"|"promotion_valid_from"|"promotion_valid_upto"|"promotion_type"|"percentage_discount"|"promotion_description"|"package_sizeof_sellingprice"|"per_unit_sizedescription"|"price_valid_from"|"price_per_unit"|"multi_buy_item_count"|"multi_buy_items_price_total"|"currency"|"breadcrumb"|"pdp_url"|"variants"|"product_description"|"instructions"|"storage_instructions"|"preparationinstructions"|"instructionforuse"|"country_of_origin"|"allergens"|"age_of_the_product"|"age_recommendations"|"flavour"|"nutritions"|"nutritional_information"|"vitamins"|"labelling"|"grade"|"region"|"packaging"|"receipies"|"processed_food"|"barcode"|"frozen"|"chilled"|"organictype"|"cooking_part"|"handmade"|"max_heating_temperature"|"special_information"|"label_information"|"dimensions"|"special_nutrition_purpose"|"feeding_recommendation"|"warranty"|"color"|"model_number"|"material"|"usp"|"dosage_recommendation"|"tasting_note"|"food_preservation"|"size"|"rating"|"review"|"file_name_1"|"image_url_1"|"file_name_2"|"image_url_2"|"file_name_3"|"image_url_3"|"file_name_4"|"image_url_4"|"file_name_5"|"image_url_5"|"file_name_6"|"image_url_6"|"competitor_product_key"|"fit_guide"|"occasion"|"material_composition"|"style"|"care_instructions"|"heel_type"|"heel_height"|"upc"|"features"|"dietary_lifestyle"|"manufacturer_address"|"importer_address"|"distributor_address"|"vinification_details"|"recycling_information"|"return_address"|"alchol_by_volume"|"beer_deg"|"netcontent"|"netweight"|"site_shown_uom"|"ingredients"|"random_weight_flag"|"instock"|"promo_limit"|"product_unique_key"|"multibuy_items_pricesingle"|"perfect_match"|"servings_per_pack"|"warning"|"suitable_for"|"standard_drinks"|"environmental"|"grape_variety"|"retail_limit"
"G09-659-XS_Reg"|"next"|""|""|""|""|""|""|""|"2026-03-27"|"Navy Gingham Puff Sleeve Button Through Denim Blouse"|"Next"|""|""|""|""|"Home"|"Women"|"Blouses & Shirts"|"Navy Gingham Puff Sleeve Button Through Denim Blouse"|""|""|""|"38.00"|"38.00"|""|""|""|""|""|""|""|""|""|""|""|""|""|"GBP"|"Home > Women > blouses & shirts > Navy Gingham Puff Sleeve Button Through Denim Blouse"|"https://www.next.co.uk/style/su893644/g09659#g09659"|""|""|""|""|""|""|""|""|""|""|""|""|""|""|""|""|""|""|""|""|""|""|""|""|""|""|""|""|""|""|""|""|""|"Navy Gingham"|""|""|""|""|""|""|"XS Reg"|""|""|""|"https://xcdn.next.co.uk/common/items/default/default/itemimages/3_4Ratio/product/lge/G09659s.jpg?im=Resize,width=750"|""|"https://xcdn.next.co.uk/common/items/default/default/itemimages/3_4Ratio/product/lge/G09659s2.jpg?im=Resize,width=750"|""|"https://xcdn.next.co.uk/common/items/default/default/itemimages/3_4Ratio/product/lge/G09659s3.jpg?im=Resize,width=750"|""|""|""|""|""|""|""|"Regular"|""|"100% Cotton."|""|"Machine washable."|""|""|""|""|""|""|""|""|""|""|""|""|""|""|""|""|""|""|"True"|""|"G09-659-XS_RegP"|""|""|""|""|""|""|""|""|""
"G09-659-S_Reg"|"next"|""|""|""|""|""|""|""|"2026-03-27"|"Navy Gingham Puff Sleeve Button Through Denim Blouse"|"Next"|""|""|""|""|"Home"|"Women"|"Blouses & Shirts"|"Navy Gingham Puff Sleeve Button Through Denim Blouse"|""|""|""|"38.00"|"38.00"|""|""|""|""|""|""|""|""|""|""|""|""|""|"GBP"|"Home > Women > blouses & shirts > Navy Gingham Puff Sleeve Button Through Denim Blouse"|"https://www.next.co.uk/style/su893644/g09659#g09659"|""|""|""|""|""|""|""|""|""|""|""|""|""|""|""|""|""|""|""|""|""|""|""|""|""|""|""|""|""|""|""|""|""|"Navy Gingham"|""|""|""|""|""|""|"S Reg"|""|""|""|"https://xcdn.next.co.uk/common/items/default/default/itemimages/3_4Ratio/product/lge/G09659s.jpg?im=Resize,width=750"|""|"https://xcdn.next.co.uk/common/items/default/default/itemimages/3_4Ratio/product/lge/G09659s2.jpg?im=Resize,width=750"|""|"https://xcdn.next.co.uk/common/items/default/default/itemimages/3_4Ratio/product/lge/G09659s3.jpg?im=Resize,width=750"|""|""|""|""|""|""|""|"Regular"|""|"100% Cotton."|""|"Machine washable."|""|""|""|""|""|""|""|""|""|""|""|""|""|""|""|""|""|""|"True"|""|"G09-659-S_RegP"|""|""|""|""|""|""|""|""|""
"G09-659-M_Reg"|"next"|""|""|""|""|""|""|""|"2026-03-27"|"Navy Gingham Puff Sleeve Button Through Denim Blouse"|"Next"|""|""|""|""|"Home"|"Women"|"Blouses & Shirts"|"Navy Gingham Puff Sleeve Button Through Denim Blouse"|""|""|""|"38.00"|"38.00"|""|""|""|""|""|""|""|""|""|""|""|""|""|"GBP"|"Home > Women > blouses & shirts > Navy Gingham Puff Sleeve Button Through Denim Blouse"|"https://www.next.co.uk/style/su893644/g09659#g09659"|""|""|""|""|""|""|""|""|""|""|""|""|""|""|""|""|""|""|""|""|""|""|""|""|""|""|""|""|""|""|""|""|""|"Navy Gingham"|""|""|""|""|""|""|"M Reg"|""|""|""|"https://xcdn.next.co.uk/common/items/default/default/itemimages/3_4Ratio/product/lge/G09659s.jpg?im=Resize,width=750"|""|"https://xcdn.next.co.uk/common/items/default/default/itemimages/3_4Ratio/product/lge/G09659s2.jpg?im=Resize,width=750"|""|"https://xcdn.next.co.uk/common/items/default/default/itemimages/3_4Ratio/product/lge/G09659s3.jpg?im=Resize,width=750"|""|""|""|""|""|""|""|"Regular"|""|"100% Cotton."|""|"Machine washable."|""|""|""|""|""|""|""|""|""|""|""|""|""|""|""|""|""|""|"True"|""|"G09-659-M_RegP"|""|""|""|""|""|""|""|""|""
"G09-659-L_Reg"|"next"|""|""|""|""|""|""|""|"2026-03-27"|"Navy Gingham Puff Sleeve Button Through Denim Blouse"|"Next"|""|""|""|""|"Home"|"Women"|"Blouses & Shirts"|"Navy Gingham Puff Sleeve Button Through Denim Blouse"|""|""|""|"38.00"|"38.00"|""|""|""|""|""|""|""|""|""|""|""|""|""|"GBP"|"Home > Women > blouses & shirts > Navy Gingham Puff Sleeve Button Through Denim Blouse"|"https://www.next.co.uk/style/su893644/g09659#g09659"|""|""|""|""|""|""|""|""|""|""|""|""|""|""|""|""|""|""|""|""|""|""|""|""|""|""|""|""|""|""|""|""|""|"Navy Gingham"|""|""|""|""|""|""|"L Reg"|""|""|""|"https://xcdn.next.co.uk/common/items/default/default/itemimages/3_4Ratio/product/lge/G09659s.jpg?im=Resize,width=750"|""|"https://xcdn.next.co.uk/common/items/default/default/itemimages/3_4Ratio/product/lge/G09659s2.jpg?im=Resize,width=750"|""|"https://xcdn.next.co.uk/common/items/default/default/itemimages/3_4Ratio/product/lge/G09659s3.jpg?im=Resize,width=750"|""|""|""|""|""|""|""|"Regular"|""|"100% Cotton."|""|"Machine washable."|""|""|""|""|""|""|""|""|""|""|""|""|""|""|""|""|""|""|"True"|""|"G09-659-L_RegP"|""|""|""|""|""|""|""|""|""
"G09-659-XL_Reg"|"next"|""|""|""|""|""|""|""|"2026-03-27"|"Navy Gingham Puff Sleeve Button Through Denim Blouse"|"Next"|""|""|""|""|"Home"|"Women"|"Blouses & Shirts"|"Navy Gingham Puff Sleeve Button Through Denim Blouse"|""|""|""|"38.00"|"38.00"|""|""|""|""|""|""|""|""|""|""|""|""|""|"GBP"|"Home > Women > blouses & shirts > Navy Gingham Puff Sleeve Button Through Denim Blouse"|"https://www.next.co.uk/style/su893644/g09659#g09659"|""|""|""|""|""|""|""|""|""|""|""|""|""|""|""|""|""|""|""|""|""|""|""|""|""|""|""|""|""|""|""|""|""|"Navy Gingham"|""|""|""|""|""|""|"XL Reg"|""|""|""|"https://xcdn.next.co.uk/common/items/default/default/itemimages/3_4Ratio/product/lge/G09659s.jpg?im=Resize,width=750"|""|"https://xcdn.next.co.uk/common/items/default/default/itemimages/3_4Ratio/product/lge/G09659s2.jpg?im=Resize,width=750"|""|"https://xcdn.next.co.uk/common/items/default/default/itemimages/3_4Ratio/product/lge/G09659s3.jpg?im=Resize,width=750"|""|""|""|""|""|""|""|"Regular"|""|"100% Cotton."|""|"Machine washable."|""|""|""|""|""|""|""|""|""|""|""|""|""|""|""|""|""|""|"True"|""|"G09-659-XL_RegP"|""|""|""|""|""|""|""|""|""
"G09-659-2XL_Reg"|"next"|""|""|""|""|""|""|""|"2026-03-27"|"Navy Gingham Puff Sleeve Button Through Denim Blouse"|"Next"|""|""|""|""|"Home"|"Women"|"Blouses & Shirts"|"Navy Gingham Puff Sleeve Button Through Denim Blouse"|""|""|""|"38.00"|"38.00"|""|""|""|""|""|""|""|""|""|""|""|""|""|"GBP"|"Home > Women > blouses & shirts > Navy Gingham Puff Sleeve Button Through Denim Blouse"|"https://www.next.co.uk/style/su893644/g09659#g09659"|""|""|""|""|""|""|""|""|""|""|""|""|""|""|""|""|""|""|""|""|""|""|""|""|""|""|""|""|""|""|""|""|""|"Navy Gingham"|""|""|""|""|""|""|"2XL Reg"|""|""|""|"https://xcdn.next.co.uk/common/items/default/default/itemimages/3_4Ratio/product/lge/G09659s.jpg?im=Resize,width=750"|""|"https://xcdn.next.co.uk/common/items/default/default/itemimages/3_4Ratio/product/lge/G09659s2.jpg?im=Resize,width=750"|""|"https://xcdn.next.co.uk/common/items/default/default/itemimages/3_4Ratio/product/lge/G09659s3.jpg?im=Resize,width=750"|""|""|""|""|""|""|""|"Regular"|""|"100% Cotton."|""|"Machine washable."|""|""|""|""|""|""|""|""|""|""|""|""|""|""|""|""|""|""|"True"|""|"G09-659-2XL_RegP"|""|""|""|""|""|""|""|""|""
"G09-659-3XL_Reg"|"next"|""|""|""|""|""|""|""|"2026-03-27"|"Navy Gingham Puff Sleeve Button Through Denim Blouse"|"Next"|""|""|""|""|"Home"|"Women"|"Blouses & Shirts"|"Navy Gingham Puff Sleeve Button Through Denim Blouse"|""|""|""|"38.00"|"38.00"|""|""|""|""|""|""|""|""|""|""|""|""|""|"GBP"|"Home > Women > blouses & shirts > Navy Gingham Puff Sleeve Button Through Denim Blouse"|"https://www.next.co.uk/style/su893644/g09659#g09659"|""|""|""|""|""|""|""|""|""|""|""|""|""|""|""|""|""|""|""|""|""|""|""|""|""|""|""|""|""|""|""|""|""|"Navy Gingham"|""|""|""|""|""|""|"3XL Reg"|""|""|""|"https://xcdn.next.co.uk/common/items/default/default/itemimages/3_4Ratio/product/lge/G09659s.jpg?im=Resize,width=750"|""|"https://xcdn.next.co.uk/common/items/default/default/itemimages/3_4Ratio/product/lge/G09659s2.jpg?im=Resize,width=750"|""|"https://xcdn.next.co.uk/common/items/default/default/itemimages/3_4Ratio/product/lge/G09659s3.jpg?im=Resize,width=750"|""|""|""|""|""|""|""|"Regular"|""|"100% Cotton."|""|"Machine washable."|""|""|""|""|""|""|""|""|""|""|""|""|""|""|""|""|""|""|"True"|""|"G09-659-3XL_RegP"|""|""|""|""|""|""|""|""|""
"G09-659-S_Tall"|"next"|""|""|""|""|""|""|""|"2026-03-27"|"Navy Gingham Puff Sleeve Button Through Denim Blouse"|"Next"|""|""|""|""|"Home"|"Women"|"Blouses & Shirts"|"Navy Gingham Puff Sleeve Button Through Denim Blouse"|""|""|""|"38.00"|"38.00"|""|""|""|""|""|""|""|""|""|""|""|""|""|"GBP"|"Home > Women > blouses & shirts > Navy Gingham Puff Sleeve Button Through Denim Blouse"|"https://www.next.co.uk/style/su893644/g09659#g09659"|""|""|""|""|""|""|""|""|""|""|""|""|""|""|""|""|""|""|""|""|""|""|""|""|""|""|""|""|""|""|""|""|""|"Navy Gingham"|""|""|""|""|""|""|"S Tall"|""|""|""|"https://xcdn.next.co.uk/common/items/default/default/itemimages/3_4Ratio/product/lge/G09659s.jpg?im=Resize,width=750"|""|"https://xcdn.next.co.uk/common/items/default/default/itemimages/3_4Ratio/product/lge/G09659s2.jpg?im=Resize,width=750"|""|"https://xcdn.next.co.uk/common/items/default/default/itemimages/3_4Ratio/product/lge/G09659s3.jpg?im=Resize,width=750"|""|""|""|""|""|""|""|"Regular"|""|"100% Cotton."|""|"Machine washable."|""|""|""|""|""|""|""|""|""|""|""|""|""|""|""|""|""|""|"True"|""|"G09-659-S_TallP"|""|""|""|""|""|""|""|""|""
"G09-659-M_Tall"|"next"|""|""|""|""|""|""|""|"2026-03-27"|"Navy Gingham Puff Sleeve Button Through Denim Blouse"|"Next"|""|""|""|""|"Home"|"Women"|"Blouses & Shirts"|"Navy Gingham Puff Sleeve Button Through Denim Blouse"|""|""|""|"38.00"|"38.00"|""|""|""|""|""|""|""|""|""|""|""|""|""|"GBP"|"Home > Women > blouses & shirts > Navy Gingham Puff Sleeve Button Through Denim Blouse"|"https://www.next.co.uk/style/su893644/g09659#g09659"|""|""|""|""|""|""|""|""|""|""|""|""|""|""|""|""|""|""|""|""|""|""|""|""|""|""|""|""|""|""|""|""|""|"Navy Gingham"|""|""|""|""|""|""|"M Tall"|""|""|""|"https://xcdn.next.co.uk/common/items/default/default/itemimages/3_4Ratio/product/lge/G09659s.jpg?im=Resize,width=750"|""|"https://xcdn.next.co.uk/common/items/default/default/itemimages/3_4Ratio/product/lge/G09659s2.jpg?im=Resize,width=750"|""|"https://xcdn.next.co.uk/common/items/default/default/itemimages/3_4Ratio/product/lge/G09659s3.jpg?im=Resize,width=750"|""|""|""|""|""|""|""|"Regular"|""|"100% Cotton."|""|"Machine washable."|""|""|""|""|""|""|""|""|""|""|""|""|""|""|""|""|""|""|"True"|""|"G09-659-M_TallP"|""|""|""|""|""|""|""|""|""
"G09-659-L_Tall"|"next"|""|""|""|""|""|""|""|"2026-03-27"|"Navy Gingham Puff Sleeve Button Through Denim Blouse"|"Next"|""|""|""|""|"Home"|"Women"|"Blouses & Shirts"|"Navy Gingham Puff Sleeve Button Through Denim Blouse"|""|""|""|"38.00"|"38.00"|""|""|""|""|""|""|""|""|""|""|""|""|""|"GBP"|"Home > Women > blouses & shirts > Navy Gingham Puff Sleeve Button Through Denim Blouse"|"https://www.next.co.uk/style/su893644/g09659#g09659"|""|""|""|""|""|""|""|""|""|""|""|""|""|""|""|""|""|""|""|""|""|""|""|""|""|""|""|""|""|""|""|""|""|"Navy Gingham"|""|""|""|""|""|""|"L Tall"|""|""|""|"https://xcdn.next.co.uk/common/items/default/default/itemimages/3_4Ratio/product/lge/G09659s.jpg?im=Resize,width=750"|""|"https://xcdn.next.co.uk/common/items/default/default/itemimages/3_4Ratio/product/lge/G09659s2.jpg?im=Resize,width=750"|""|"https://xcdn.next.co.uk/common/items/default/default/itemimages/3_4Ratio/product/lge/G09659s3.jpg?im=Resize,width=750"|""|""|""|""|""|""|""|"Regular"|""|"100% Cotton."|""|"Machine washable."|""|""|""|""|""|""|""|""|""|""|""|""|""|""|""|""|""|""|"True"|""|"G09-659-L_TallP"|""|""|""|""|""|""|""|""|""
"G09-659-XL_Tall"|"next"|""|""|""|""|""|""|""|"2026-03-27"|"Navy Gingham Puff Sleeve Button Through Denim Blouse"|"Next"|""|""|""|""|"Home"|"Women"|"Blouses & Shirts"|"Navy Gingham Puff Sleeve Button Through Denim Blouse"|""|""|""|"38.00"|"38.00"|""|""|""|""|""|""|""|""|""|""|""|""|""|"GBP"|"Home > Women > blouses & shirts > Navy Gingham Puff Sleeve Button Through Denim Blouse"|"https://www.next.co.uk/style/su893644/g09659#g09659"|""|""|""|""|""|""|""|""|""|""|""|""|""|""|""|""|""|""|""|""|""|""|""|""|""|""|""|""|""|""|""|""|""|"Navy Gingham"|""|""|""|""|""|""|"XL Tall"|""|""|""|"https://xcdn.next.co.uk/common/items/default/default/itemimages/3_4Ratio/product/lge/G09659s.jpg?im=Resize,width=750"|""|"https://xcdn.next.co.uk/common/items/default/default/itemimages/3_4Ratio/product/lge/G09659s2.jpg?im=Resize,width=750"|""|"https://xcdn.next.co.uk/common/items/default/default/itemimages/3_4Ratio/product/lge/G09659s3.jpg?im=Resize,width=750"|""|""|""|""|""|""|""|"Regular"|""|"100% Cotton."|""|"Machine washable."|""|""|""|""|""|""|""|""|""|""|""|""|""|""|""|""|""|""|"True"|""|"G09-659-XL_TallP"|""|""|""|""|""|""|""|""|""
"G09-659-2XL_Tall"|"next"|""|""|""|""|""|""|""|"2026-03-27"|"Navy Gingham Puff Sleeve Button Through Denim Blouse"|"Next"|""|""|""|""|"Home"|"Women"|"Blouses & Shirts"|"Navy Gingham Puff Sleeve Button Through Denim Blouse"|""|""|""|"38.00"|"38.00"|""|""|""|""|""|""|""|""|""|""|""|""|""|"GBP"|"Home > Women > blouses & shirts > Navy Gingham Puff Sleeve Button Through Denim Blouse"|"https://www.next.co.uk/style/su893644/g09659#g09659"|""|""|""|""|""|""|""|""|""|""|""|""|""|""|""|""|""|""|""|""|""|""|""|""|""|""|""|""|""|""|""|""|""|"Navy Gingham"|""|""|""|""|""|""|"2XL Tall"|""|""|""|"https://xcdn.next.co.uk/common/items/default/default/itemimages/3_4Ratio/product/lge/G09659s.jpg?im=Resize,width=750"|""|"https://xcdn.next.co.uk/common/items/default/default/itemimages/3_4Ratio/product/lge/G09659s2.jpg?im=Resize,width=750"|""|"https://xcdn.next.co.uk/common/items/default/default/itemimages/3_4Ratio/product/lge/G09659s3.jpg?im=Resize,width=750"|""|""|""|""|""|""|""|"Regular"|""|"100% Cotton."|""|"Machine washable."|""|""|""|""|""|""|""|""|""|""|""|""|""|""|""|""|""|""|"True"|""|"G09-659-2XL_TallP"|""|""|""|""|""|""|""|""|""
"V56-729-6"|"next"|""|""|""|""|""|""|""|"2026-03-27"|"Lipsy Chocolate Brown 3D Fabric Floral Shirt"|"Lipsy"|""|""|""|""|"Home"|"Women"|"Blouses & Shirts"|"Lipsy Chocolate Brown 3D Fabric Floral Shirt"|""|""|""|"45.00"|"45.00"|""|""|""|""|""|""|""|""|""|""|""|""|""|"GBP"|"Home > Women > blouses & shirts > Lipsy Chocolate Brown 3D Fabric Floral Shirt"|"https://www.next.co.uk/style/sv012718/v56729#v56729"|""|""|""|""|""|""|""|""|""|""|""|""|""|""|""|""|""|""|""|""|""|""|""|""|""|""|""|""|""|""|""|""|""|"Chocolate Brown"|""|""|""|""|""|""|"6"|""|""|""|"https://xcdn.next.co.uk/common/items/default/default/itemimages/3_4Ratio/product/lge/V56729s.jpg?im=Resize,width=750"|""|"https://xcdn.next.co.uk/common/items/default/default/itemimages/3_4Ratio/product/lge/V56729s2.jpg?im=Resize,width=750"|""|"https://xcdn.next.co.uk/common/items/default/default/itemimages/3_4Ratio/product/lge/V56729s3.jpg?im=Resize,width=750"|""|"https://xcdn.next.co.uk/common/items/default/default/itemimages/3_4Ratio/product/lge/V56729s4.jpg?im=Resize,width=750"|""|""|""|""|""|"Regular"|""|"Main 51% Nylon, 49% Polyester. Trim 100% Polyester."|""|""|""|""|""|""|""|""|""|""|""|""|""|""|""|""|""|""|""|""|"True"|""|"V56-729-6P"|""|""|""|""|""|""|""|""|""
"V56-729-8"|"next"|""|""|""|""|""|""|""|"2026-03-27"|"Lipsy Chocolate Brown 3D Fabric Floral Shirt"|"Lipsy"|""|""|""|""|"Home"|"Women"|"Blouses & Shirts"|"Lipsy Chocolate Brown 3D Fabric Floral Shirt"|""|""|""|"45.00"|"45.00"|""|""|""|""|""|""|""|""|""|""|""|""|""|"GBP"|"Home > Women > blouses & shirts > Lipsy Chocolate Brown 3D Fabric Floral Shirt"|"https://www.next.co.uk/style/sv012718/v56729#v56729"|""|""|""|""|""|""|""|""|""|""|""|""|""|""|""|""|""|""|""|""|""|""|""|""|""|""|""|""|""|""|""|""|""|"Chocolate Brown"|""|""|""|""|""|""|"8"|""|""|""|"https://xcdn.next.co.uk/common/items/default/default/itemimages/3_4Ratio/product/lge/V56729s.jpg?im=Resize,width=750"|""|"https://xcdn.next.co.uk/common/items/default/default/itemimages/3_4Ratio/product/lge/V56729s2.jpg?im=Resize,width=750"|""|"https://xcdn.next.co.uk/common/items/default/default/itemimages/3_4Ratio/product/lge/V56729s3.jpg?im=Resize,width=750"|""|"https://xcdn.next.co.uk/common/items/default/default/itemimages/3_4Ratio/product/lge/V56729s4.jpg?im=Resize,width=750"|""|""|""|""|""|"Regular"|""|"Main 51% Nylon, 49% Polyester. Trim 100% Polyester."|""|""|""|""|""|""|""|""|""|""|""|""|""|""|""|""|""|""|""|""|"True"|""|"V56-729-8P"|""|""|""|""|""|""|""|""|""
"V56-729-10"|"next"|""|""|""|""|""|""|""|"2026-03-27"|"Lipsy Chocolate Brown 3D Fabric Floral Shirt"|"Lipsy"|""|""|""|""|"Home"|"Women"|"Blouses & Shirts"|"Lipsy Chocolate Brown 3D Fabric Floral Shirt"|""|""|""|"45.00"|"45.00"|""|""|""|""|""|""|""|""|""|""|""|""|""|"GBP"|"Home > Women > blouses & shirts > Lipsy Chocolate Brown 3D Fabric Floral Shirt"|"https://www.next.co.uk/style/sv012718/v56729#v56729"|""|""|""|""|""|""|""|""|""|""|""|""|""|""|""|""|""|""|""|""|""|""|""|""|""|""|""|""|""|""|""|""|""|"Chocolate Brown"|""|""|""|""|""|""|"10"|""|""|""|"https://xcdn.next.co.uk/common/items/default/default/itemimages/3_4Ratio/product/lge/V56729s.jpg?im=Resize,width=750"|""|"https://xcdn.next.co.uk/common/items/default/default/itemimages/3_4Ratio/product/lge/V56729s2.jpg?im=Resize,width=750"|""|"https://xcdn.next.co.uk/common/items/default/default/itemimages/3_4Ratio/product/lge/V56729s3.jpg?im=Resize,width=750"|""|"https://xcdn.next.co.uk/common/items/default/default/itemimages/3_4Ratio/product/lge/V56729s4.jpg?im=Resize,width=750"|""|""|""|""|""|"Regular"|""|"Main 51% Nylon, 49% Polyester. Trim 100% Polyester."|""|""|""|""|""|""|""|""|""|""|""|""|""|""|""|""|""|""|""|""|"True"|""|"V56-729-10P"|""|""|""|""|""|""|""|""|""
"V56-729-12"|"next"|""|""|""|""|""|""|""|"2026-03-27"|"Lipsy Chocolate Brown 3D Fabric Floral Shirt"|"Lipsy"|""|""|""|""|"Home"|"Women"|"Blouses & Shirts"|"Lipsy Chocolate Brown 3D Fabric Floral Shirt"|""|""|""|"45.00"|"45.00"|""|""|""|""|""|""|""|""|""|""|""|""|""|"GBP"|"Home > Women > blouses & shirts > Lipsy Chocolate Brown 3D Fabric Floral Shirt"|"https://www.next.co.uk/style/sv012718/v56729#v56729"|""|""|""|""|""|""|""|""|""|""|""|""|""|""|""|""|""|""|""|""|""|""|""|""|""|""|""|""|""|""|""|""|""|"Chocolate Brown"|""|""|""|""|""|""|"12"|""|""|""|"https://xcdn.next.co.uk/common/items/default/default/itemimages/3_4Ratio/product/lge/V56729s.jpg?im=Resize,width=750"|""|"https://xcdn.next.co.uk/common/items/default/default/itemimages/3_4Ratio/product/lge/V56729s2.jpg?im=Resize,width=750"|""|"https://xcdn.next.co.uk/common/items/default/default/itemimages/3_4Ratio/product/lge/V56729s3.jpg?im=Resize,width=750"|""|"https://xcdn.next.co.uk/common/items/default/default/itemimages/3_4Ratio/product/lge/V56729s4.jpg?im=Resize,width=750"|""|""|""|""|""|"Regular"|""|"Main 51% Nylon, 49% Polyester. Trim 100% Polyester."|""|""|""|""|""|""|""|""|""|""|""|""|""|""|""|""|""|""|""|""|"True"|""|"V56-729-12P"|""|""|""|""|""|""|""|""|""
"V56-729-14"|"next"|""|""|""|""|""|""|""|"2026-03-27"|"Lipsy Chocolate Brown 3D Fabric Floral Shirt"|"Lipsy"|""|""|""|""|"Home"|"Women"|"Blouses & Shirts"|"Lipsy Chocolate Brown 3D Fabric Floral Shirt"|""|""|""|"45.00"|"45.00"|""|""|""|""|""|""|""|""|""|""|""|""|""|"GBP"|"Home > Women > blouses & shirts > Lipsy Chocolate Brown 3D Fabric Floral Shirt"|"https://www.next.co.uk/style/sv012718/v56729#v56729"|""|""|""|""|""|""|""|""|""|""|""|""|""|""|""|""|""|""|""|""|""|""|""|""|""|""|""|""|""|""|""|""|""|"Chocolate Brown"|""|""|""|""|""|""|"14"|""|""|""|"https://xcdn.next.co.uk/common/items/default/default/itemimages/3_4Ratio/product/lge/V56729s.jpg?im=Resize,width=750"|""|"https://xcdn.next.co.uk/common/items/default/default/itemimages/3_4Ratio/product/lge/V56729s2.jpg?im=Resize,width=750"|""|"https://xcdn.next.co.uk/common/items/default/default/itemimages/3_4Ratio/product/lge/V56729s3.jpg?im=Resize,width=750"|""|"https://xcdn.next.co.uk/common/items/default/default/itemimages/3_4Ratio/product/lge/V56729s4.jpg?im=Resize,width=750"|""|""|""|""|""|"Regular"|""|"Main 51% Nylon, 49% Polyester. Trim 100% Polyester."|""|""|""|""|""|""|""|""|""|""|""|""|""|""|""|""|""|""|""|""|"True"|""|"V56-729-14P"|""|""|""|""|""|""|""|""|""
"V56-729-16"|"next"|""|""|""|""|""|""|""|"2026-03-27"|"Lipsy Chocolate Brown 3D Fabric Floral Shirt"|"Lipsy"|""|""|""|""|"Home"|"Women"|"Blouses & Shirts"|"Lipsy Chocolate Brown 3D Fabric Floral Shirt"|""|""|""|"45.00"|"45.00"|""|""|""|""|""|""|""|""|""|""|""|""|""|"GBP"|"Home > Women > blouses & shirts > Lipsy Chocolate Brown 3D Fabric Floral Shirt"|"https://www.next.co.uk/style/sv012718/v56729#v56729"|""|""|""|""|""|""|""|""|""|""|""|""|""|""|""|""|""|""|""|""|""|""|""|""|""|""|""|""|""|""|""|""|""|"Chocolate Brown"|""|""|""|""|""|""|"16"|""|""|""|"https://xcdn.next.co.uk/common/items/default/default/itemimages/3_4Ratio/product/lge/V56729s.jpg?im=Resize,width=750"|""|"https://xcdn.next.co.uk/common/items/default/default/itemimages/3_4Ratio/product/lge/V56729s2.jpg?im=Resize,width=750"|""|"https://xcdn.next.co.uk/common/items/default/default/itemimages/3_4Ratio/product/lge/V56729s3.jpg?im=Resize,width=750"|""|"https://xcdn.next.co.uk/common/items/default/default/itemimages/3_4Ratio/product/lge/V56729s4.jpg?im=Resize,width=750"|""|""|""|""|""|"Regular"|""|"Main 51% Nylon, 49% Polyester. Trim 100% Polyester."|""|""|""|""|""|""|""|""|""|""|""|""|""|""|""|""|""|""|""|""|"True"|""|"V56-729-16P"|""|""|""|""|""|""|""|""|""
"V56-729-18"|"next"|""|""|""|""|""|""|""|"2026-03-27"|"Lipsy Chocolate Brown 3D Fabric Floral Shirt"|"Lipsy"|""|""|""|""|"Home"|"Women"|"Blouses & Shirts"|"Lipsy Chocolate Brown 3D Fabric Floral Shirt"|""|""|""|"45.00"|"45.00"|""|""|""|""|""|""|""|""|""|""|""|""|""|"GBP"|"Home > Women > blouses & shirts > Lipsy Chocolate Brown 3D Fabric Floral Shirt"|"https://www.next.co.uk/style/sv012718/v56729#v56729"|""|""|""|""|""|""|""|""|""|""|""|""|""|""|""|""|""|""|""|""|""|""|""|""|""|""|""|""|""|""|""|""|""|"Chocolate Brown"|""|""|""|""|""|""|"18"|""|""|""|"https://xcdn.next.co.uk/common/items/default/default/itemimages/3_4Ratio/product/lge/V56729s.jpg?im=Resize,width=750"|""|"https://xcdn.next.co.uk/common/items/default/default/itemimages/3_4Ratio/product/lge/V56729s2.jpg?im=Resize,width=750"|""|"https://xcdn.next.co.uk/common/items/default/default/itemimages/3_4Ratio/product/lge/V56729s3.jpg?im=Resize,width=750"|""|"https://xcdn.next.co.uk/common/items/default/default/itemimages/3_4Ratio/product/lge/V56729s4.jpg?im=Resize,width=750"|""|""|""|""|""|"Regular"|""|"Main 51% Nylon, 49% Polyester. Trim 100% Polyester."|""|""|""|""|""|""|""|""|""|""|""|""|""|""|""|""|""|""|""|""|"True"|""|"V56-729-18P"|""|""|""|""|""|""|""|""|""
"V56-729-20"|"next"|""|""|""|""|""|""|""|"2026-03-27"|"Lipsy Chocolate Brown 3D Fabric Floral Shirt"|"Lipsy"|""|""|""|""|"Home"|"Women"|"Blouses & Shirts"|"Lipsy Chocolate Brown 3D Fabric Floral Shirt"|""|""|""|"45.00"|"45.00"|""|""|""|""|""|""|""|""|""|""|""|""|""|"GBP"|"Home > Women > blouses & shirts > Lipsy Chocolate Brown 3D Fabric Floral Shirt"|"https://www.next.co.uk/style/sv012718/v56729#v56729"|""|""|""|""|""|""|""|""|""|""|""|""|""|""|""|""|""|""|""|""|""|""|""|""|""|""|""|""|""|""|""|""|""|"Chocolate Brown"|""|""|""|""|""|""|"20"|""|""|""|"https://xcdn.next.co.uk/common/items/default/default/itemimages/3_4Ratio/product/lge/V56729s.jpg?im=Resize,width=750"|""|"https://xcdn.next.co.uk/common/items/default/default/itemimages/3_4Ratio/product/lge/V56729s2.jpg?im=Resize,width=750"|""|"https://xcdn.next.co.uk/common/items/default/default/itemimages/3_4Ratio/product/lge/V56729s3.jpg?im=Resize,width=750"|""|"https://xcdn.next.co.uk/common/items/default/default/itemimages/3_4Ratio/product/lge/V56729s4.jpg?im=Resize,width=750"|""|""|""|""|""|"Regular"|""|"Main 51% Nylon, 49% Polyester. Trim 100% Polyester."|""|""|""|""|""|""|""|""|""|""|""|""|""|""|""|""|""|""|""|""|"False"|""|"V56-729-20P"|""|""|""|""|""|""|""|""|""
"V09-112-6"|"next"|""|""|""|""|""|""|""|"2026-03-27"|"Pink/White Stripe Soft Relaxed Long Sleeve Shirt"|"Next"|""|""|""|""|"Home"|"Women"|"Blouses & Shirts"|"Pink/White Stripe Soft Relaxed Long Sleeve Shirt"|""|""|""|"28.00"|"28.00"|""|""|""|""|""|""|""|""|""|""|""|""|""|"GBP"|"Home > Women > blouses & shirts > Pink/White Stripe Soft Relaxed Long Sleeve Shirt"|"https://www.next.co.uk/style/su773076/v09112#v09112"|""|"Brighten up your wardrobe with this soft, relaxed long sleeve shirt. Crafted from a lightweight, comfortable fabric, this button-down shirt is perfect for dressing up or down. Featuring a classic collar, V-shaped neckline, and chest pocket, it's a versatile piece for chic, everyday wear. Relaxed fit shirt Classic collar V-shaped neckline Button-up fastening Long sleeve with cuff Chest pocket Curved shirt hem"|""|""|""|""|""|""|""|""|""|""|""|""|""|""|""|""|""|""|""|""|""|""|""|""|""|""|""|""|""|""|""|"Pink/White Stripe"|""|""|""|""|""|""|"6"|"4.4"|"33"|""|"https://xcdn.next.co.uk/common/items/default/default/itemimages/3_4Ratio/product/lge/V09112s.jpg?im=Resize,width=750"|""|"https://xcdn.next.co.uk/common/items/default/default/itemimages/3_4Ratio/product/lge/V09112s2.jpg?im=Resize,width=750"|""|"https://xcdn.next.co.uk/common/items/default/default/itemimages/3_4Ratio/product/lge/V09112s3.jpg?im=Resize,width=750"|""|"https://xcdn.next.co.uk/common/items/default/default/itemimages/3_4Ratio/product/lge/V09112s4.jpg?im=Resize,width=750"|""|"https://xcdn.next.co.uk/common/items/default/default/itemimages/3_4Ratio/product/lge/V09112s5.jpg?im=Resize,width=750"|""|"https://xcdn.next.co.uk/common/items/default/default/itemimages/3_4Ratio/product/lge/V09112s6.jpg?im=Resize,width=750"|""|"Regular"|""|"54% Cotton, 46% TENCEL™ lyocell."|""|"Machine washable."|""|""|""|""|""|""|""|""|""|""|""|""|""|""|""|""|""|""|"True"|""|"V09-112-6P"|""|""|""|""|""|""|""|""|""
"V09-112-8"|"next"|""|""|""|""|""|""|""|"2026-03-27"|"Pink/White Stripe Soft Relaxed Long Sleeve Shirt"|"Next"|""|""|""|""|"Home"|"Women"|"Blouses & Shirts"|"Pink/White Stripe Soft Relaxed Long Sleeve Shirt"|""|""|""|"28.00"|"28.00"|""|""|""|""|""|""|""|""|""|""|""|""|""|"GBP"|"Home > Women > blouses & shirts > Pink/White Stripe Soft Relaxed Long Sleeve Shirt"|"https://www.next.co.uk/style/su773076/v09112#v09112"|""|"Brighten up your wardrobe with this soft, relaxed long sleeve shirt. Crafted from a lightweight, comfortable fabric, this button-down shirt is perfect for dressing up or down. Featuring a classic collar, V-shaped neckline, and chest pocket, it's a versatile piece for chic, everyday wear. Relaxed fit shirt Classic collar V-shaped neckline Button-up fastening Long sleeve with cuff Chest pocket Curved shirt hem"|""|""|""|""|""|""|""|""|""|""|""|""|""|""|""|""|""|""|""|""|""|""|""|""|""|""|""|""|""|""|""|"Pink/White Stripe"|""|""|""|""|""|""|"8"|"4.4"|"33"|""|"https://xcdn.next.co.uk/common/items/default/default/itemimages/3_4Ratio/product/lge/V09112s.jpg?im=Resize,width=750"|""|"https://xcdn.next.co.uk/common/items/default/default/itemimages/3_4Ratio/product/lge/V09112s2.jpg?im=Resize,width=750"|""|"https://xcdn.next.co.uk/common/items/default/default/itemimages/3_4Ratio/product/lge/V09112s3.jpg?im=Resize,width=750"|""|"https://xcdn.next.co.uk/common/items/default/default/itemimages/3_4Ratio/product/lge/V09112s4.jpg?im=Resize,width=750"|""|"https://xcdn.next.co.uk/common/items/default/default/itemimages/3_4Ratio/product/lge/V09112s5.jpg?im=Resize,width=750"|""|"https://xcdn.next.co.uk/common/items/default/default/itemimages/3_4Ratio/product/lge/V09112s6.jpg?im=Resize,width=750"|""|"Regular"|""|"54% Cotton, 46% TENCEL™ lyocell."|""|"Machine washable."|""|""|""|""|""|""|""|""|""|""|""|""|""|""|""|""|""|""|"True"|""|"V09-112-8P"|""|""|""|""|""|""|""|""|""
"V09-112-10"|"next"|""|""|""|""|""|""|""|"2026-03-27"|"Pink/White Stripe Soft Relaxed Long Sleeve Shirt"|"Next"|""|""|""|""|"Home"|"Women"|"Blouses & Shirts"|"Pink/White Stripe Soft Relaxed Long Sleeve Shirt"|""|""|""|"28.00"|"28.00"|""|""|""|""|""|""|""|""|""|""|""|""|""|"GBP"|"Home > Women > blouses & shirts > Pink/White Stripe Soft Relaxed Long Sleeve Shirt"|"https://www.next.co.uk/style/su773076/v09112#v09112"|""|"Brighten up your wardrobe with this soft, relaxed long sleeve shirt. Crafted from a lightweight, comfortable fabric, this button-down shirt is perfect for dressing up or down. Featuring a classic collar, V-shaped neckline, and chest pocket, it's a versatile piece for chic, everyday wear. Relaxed fit shirt Classic collar V-shaped neckline Button-up fastening Long sleeve with cuff Chest pocket Curved shirt hem"|""|""|""|""|""|""|""|""|""|""|""|""|""|""|""|""|""|""|""|""|""|""|""|""|""|""|""|""|""|""|""|"Pink/White Stripe"|""|""|""|""|""|""|"10"|"4.4"|"33"|""|"https://xcdn.next.co.uk/common/items/default/default/itemimages/3_4Ratio/product/lge/V09112s.jpg?im=Resize,width=750"|""|"https://xcdn.next.co.uk/common/items/default/default/itemimages/3_4Ratio/product/lge/V09112s2.jpg?im=Resize,width=750"|""|"https://xcdn.next.co.uk/common/items/default/default/itemimages/3_4Ratio/product/lge/V09112s3.jpg?im=Resize,width=750"|""|"https://xcdn.next.co.uk/common/items/default/default/itemimages/3_4Ratio/product/lge/V09112s4.jpg?im=Resize,width=750"|""|"https://xcdn.next.co.uk/common/items/default/default/itemimages/3_4Ratio/product/lge/V09112s5.jpg?im=Resize,width=750"|""|"https://xcdn.next.co.uk/common/items/default/default/itemimages/3_4Ratio/product/lge/V09112s6.jpg?im=Resize,width=750"|""|"Regular"|""|"54% Cotton, 46% TENCEL™ lyocell."|""|"Machine washable."|""|""|""|""|""|""|""|""|""|""|""|""|""|""|""|""|""|""|"True"|""|"V09-112-10P"|""|""|""|""|""|""|""|""|""
"V09-112-12"|"next"|""|""|""|""|""|""|""|"2026-03-27"|"Pink/White Stripe Soft Relaxed Long Sleeve Shirt"|"Next"|""|""|""|""|"Home"|"Women"|"Blouses & Shirts"|"Pink/White Stripe Soft Relaxed Long Sleeve Shirt"|""|""|""|"28.00"|"28.00"|""|""|""|""|""|""|""|""|""|""|""|""|""|"GBP"|"Home > Women > blouses & shirts > Pink/White Stripe Soft Relaxed Long Sleeve Shirt"|"https://www.next.co.uk/style/su773076/v09112#v09112"|""|"Brighten up your wardrobe with this soft, relaxed long sleeve shirt. Crafted from a lightweight, comfortable fabric, this button-down shirt is perfect for dressing up or down. Featuring a classic collar, V-shaped neckline, and chest pocket, it's a versatile piece for chic, everyday wear. Relaxed fit shirt Classic collar V-shaped neckline Button-up fastening Long sleeve with cuff Chest pocket Curved shirt hem"|""|""|""|""|""|""|""|""|""|""|""|""|""|""|""|""|""|""|""|""|""|""|""|""|""|""|""|""|""|""|""|"Pink/White Stripe"|""|""|""|""|""|""|"12"|"4.4"|"33"|""|"https://xcdn.next.co.uk/common/items/default/default/itemimages/3_4Ratio/product/lge/V09112s.jpg?im=Resize,width=750"|""|"https://xcdn.next.co.uk/common/items/default/default/itemimages/3_4Ratio/product/lge/V09112s2.jpg?im=Resize,width=750"|""|"https://xcdn.next.co.uk/common/items/default/default/itemimages/3_4Ratio/product/lge/V09112s3.jpg?im=Resize,width=750"|""|"https://xcdn.next.co.uk/common/items/default/default/itemimages/3_4Ratio/product/lge/V09112s4.jpg?im=Resize,width=750"|""|"https://xcdn.next.co.uk/common/items/default/default/itemimages/3_4Ratio/product/lge/V09112s5.jpg?im=Resize,width=750"|""|"https://xcdn.next.co.uk/common/items/default/default/itemimages/3_4Ratio/product/lge/V09112s6.jpg?im=Resize,width=750"|""|"Regular"|""|"54% Cotton, 46% TENCEL™ lyocell."|""|"Machine washable."|""|""|""|""|""|""|""|""|""|""|""|""|""|""|""|""|""|""|"True"|""|"V09-112-12P"|""|""|""|""|""|""|""|""|""
"V09-112-14"|"next"|""|""|""|""|""|""|""|"2026-03-27"|"Pink/White Stripe Soft Relaxed Long Sleeve Shirt"|"Next"|""|""|""|""|"Home"|"Women"|"Blouses & Shirts"|"Pink/White Stripe Soft Relaxed Long Sleeve Shirt"|""|""|""|"28.00"|"28.00"|""|""|""|""|""|""|""|""|""|""|""|""|""|"GBP"|"Home > Women > blouses & shirts > Pink/White Stripe Soft Relaxed Long Sleeve Shirt"|"https://www.next.co.uk/style/su773076/v09112#v09112"|""|"Brighten up your wardrobe with this soft, relaxed long sleeve shirt. Crafted from a lightweight, comfortable fabric, this button-down shirt is perfect for dressing up or down. Featuring a classic collar, V-shaped neckline, and chest pocket, it's a versatile piece for chic, everyday wear. Relaxed fit shirt Classic collar V-shaped neckline Button-up fastening Long sleeve with cuff Chest pocket Curved shirt hem"|""|""|""|""|""|""|""|""|""|""|""|""|""|""|""|""|""|""|""|""|""|""|""|""|""|""|""|""|""|""|""|"Pink/White Stripe"|""|""|""|""|""|""|"14"|"4.4"|"33"|""|"https://xcdn.next.co.uk/common/items/default/default/itemimages/3_4Ratio/product/lge/V09112s.jpg?im=Resize,width=750"|""|"https://xcdn.next.co.uk/common/items/default/default/itemimages/3_4Ratio/product/lge/V09112s2.jpg?im=Resize,width=750"|""|"https://xcdn.next.co.uk/common/items/default/default/itemimages/3_4Ratio/product/lge/V09112s3.jpg?im=Resize,width=750"|""|"https://xcdn.next.co.uk/common/items/default/default/itemimages/3_4Ratio/product/lge/V09112s4.jpg?im=Resize,width=750"|""|"https://xcdn.next.co.uk/common/items/default/default/itemimages/3_4Ratio/product/lge/V09112s5.jpg?im=Resize,width=750"|""|"https://xcdn.next.co.uk/common/items/default/default/itemimages/3_4Ratio/product/lge/V09112s6.jpg?im=Resize,width=750"|""|"Regular"|""|"54% Cotton, 46% TENCEL™ lyocell."|""|"Machine washable."|""|""|""|""|""|""|""|""|""|""|""|""|""|""|""|""|""|""|"True"|""|"V09-112-14P"|""|""|""|""|""|""|""|""|""
"V09-112-16"|"next"|""|""|""|""|""|""|""|"2026-03-27"|"Pink/White Stripe Soft Relaxed Long Sleeve Shirt"|"Next"|""|""|""|""|"Home"|"Women"|"Blouses & Shirts"|"Pink/White Stripe Soft Relaxed Long Sleeve Shirt"|""|""|""|"28.00"|"28.00"|""|""|""|""|""|""|""|""|""|""|""|""|""|"GBP"|"Home > Women > blouses & shirts > Pink/White Stripe Soft Relaxed Long Sleeve Shirt"|"https://www.next.co.uk/style/su773076/v09112#v09112"|""|"Brighten up your wardrobe with this soft, relaxed long sleeve shirt. Crafted from a lightweight, comfortable fabric, this button-down shirt is perfect for dressing up or down. Featuring a classic collar, V-shaped neckline, and chest pocket, it's a versatile piece for chic, everyday wear. Relaxed fit shirt Classic collar V-shaped neckline Button-up fastening Long sleeve with cuff Chest pocket Curved shirt hem"|""|""|""|""|""|""|""|""|""|""|""|""|""|""|""|""|""|""|""|""|""|""|""|""|""|""|""|""|""|""|""|"Pink/White Stripe"|""|""|""|""|""|""|"16"|"4.4"|"33"|""|"https://xcdn.next.co.uk/common/items/default/default/itemimages/3_4Ratio/product/lge/V09112s.jpg?im=Resize,width=750"|""|"https://xcdn.next.co.uk/common/items/default/default/itemimages/3_4Ratio/product/lge/V09112s2.jpg?im=Resize,width=750"|""|"https://xcdn.next.co.uk/common/items/default/default/itemimages/3_4Ratio/product/lge/V09112s3.jpg?im=Resize,width=750"|""|"https://xcdn.next.co.uk/common/items/default/default/itemimages/3_4Ratio/product/lge/V09112s4.jpg?im=Resize,width=750"|""|"https://xcdn.next.co.uk/common/items/default/default/itemimages/3_4Ratio/product/lge/V09112s5.jpg?im=Resize,width=750"|""|"https://xcdn.next.co.uk/common/items/default/default/itemimages/3_4Ratio/product/lge/V09112s6.jpg?im=Resize,width=750"|""|"Regular"|""|"54% Cotton, 46% TENCEL™ lyocell."|""|"Machine washable."|""|""|""|""|""|""|""|""|""|""|""|""|""|""|""|""|""|""|"True"|""|"V09-112-16P"|""|""|""|""|""|""|""|""|""
"V09-112-18"|"next"|""|""|""|""|""|""|""|"2026-03-27"|"Pink/White Stripe Soft Relaxed Long Sleeve Shirt"|"Next"|""|""|""|""|"Home"|"Women"|"Blouses & Shirts"|"Pink/White Stripe Soft Relaxed Long Sleeve Shirt"|""|""|""|"28.00"|"28.00"|""|""|""|""|""|""|""|""|""|""|""|""|""|"GBP"|"Home > Women > blouses & shirts > Pink/White Stripe Soft Relaxed Long Sleeve Shirt"|"https://www.next.co.uk/style/su773076/v09112#v09112"|""|"Brighten up your wardrobe with this soft, relaxed long sleeve shirt. Crafted from a lightweight, comfortable fabric, this button-down shirt is perfect for dressing up or down. Featuring a classic collar, V-shaped neckline, and chest pocket, it's a versatile piece for chic, everyday wear. Relaxed fit shirt Classic collar V-shaped neckline Button-up fastening Long sleeve with cuff Chest pocket Curved shirt hem"|""|""|""|""|""|""|""|""|""|""|""|""|""|""|""|""|""|""|""|""|""|""|""|""|""|""|""|""|""|""|""|"Pink/White Stripe"|""|""|""|""|""|""|"18"|"4.4"|"33"|""|"https://xcdn.next.co.uk/common/items/default/default/itemimages/3_4Ratio/product/lge/V09112s.jpg?im=Resize,width=750"|""|"https://xcdn.next.co.uk/common/items/default/default/itemimages/3_4Ratio/product/lge/V09112s2.jpg?im=Resize,width=750"|""|"https://xcdn.next.co.uk/common/items/default/default/itemimages/3_4Ratio/product/lge/V09112s3.jpg?im=Resize,width=750"|""|"https://xcdn.next.co.uk/common/items/default/default/itemimages/3_4Ratio/product/lge/V09112s4.jpg?im=Resize,width=750"|""|"https://xcdn.next.co.uk/common/items/default/default/itemimages/3_4Ratio/product/lge/V09112s5.jpg?im=Resize,width=750"|""|"https://xcdn.next.co.uk/common/items/default/default/itemimages/3_4Ratio/product/lge/V09112s6.jpg?im=Resize,width=750"|""|"Regular"|""|"54% Cotton, 46% TENCEL™ lyocell."|""|"Machine washable."|""|""|""|""|""|""|""|""|""|""|""|""|""|""|""|""|""|""|"True"|""|"V09-112-18P"|""|""|""|""|""|""|""|""|""
"V09-112-20"|"next"|""|""|""|""|""|""|""|"2026-03-27"|"Pink/White Stripe Soft Relaxed Long Sleeve Shirt"|"Next"|""|""|""|""|"Home"|"Women"|"Blouses & Shirts"|"Pink/White Stripe Soft Relaxed Long Sleeve Shirt"|""|""|""|"28.00"|"28.00"|""|""|""|""|""|""|""|""|""|""|""|""|""|"GBP"|"Home > Women > blouses & shirts > Pink/White Stripe Soft Relaxed Long Sleeve Shirt"|"https://www.next.co.uk/style/su773076/v09112#v09112"|""|"Brighten up your wardrobe with this soft, relaxed long sleeve shirt. Crafted from a lightweight, comfortable fabric, this button-down shirt is perfect for dressing up or down. Featuring a classic collar, V-shaped neckline, and chest pocket, it's a versatile piece for chic, everyday wear. Relaxed fit shirt Classic collar V-shaped neckline Button-up fastening Long sleeve with cuff Chest pocket Curved shirt hem"|""|""|""|""|""|""|""|""|""|""|""|""|""|""|""|""|""|""|""|""|""|""|""|""|""|""|""|""|""|""|""|"Pink/White Stripe"|""|""|""|""|""|""|"20"|"4.4"|"33"|""|"https://xcdn.next.co.uk/common/items/default/default/itemimages/3_4Ratio/product/lge/V09112s.jpg?im=Resize,width=750"|""|"https://xcdn.next.co.uk/common/items/default/default/itemimages/3_4Ratio/product/lge/V09112s2.jpg?im=Resize,width=750"|""|"https://xcdn.next.co.uk/common/items/default/default/itemimages/3_4Ratio/product/lge/V09112s3.jpg?im=Resize,width=750"|""|"https://xcdn.next.co.uk/common/items/default/default/itemimages/3_4Ratio/product/lge/V09112s4.jpg?im=Resize,width=750"|""|"https://xcdn.next.co.uk/common/items/default/default/itemimages/3_4Ratio/product/lge/V09112s5.jpg?im=Resize,width=750"|""|"https://xcdn.next.co.uk/common/items/default/default/itemimages/3_4Ratio/product/lge/V09112s6.jpg?im=Resize,width=750"|""|"Regular"|""|"54% Cotton, 46% TENCEL™ lyocell."|""|"Machine washable."|""|""|""|""|""|""|""|""|""|""|""|""|""|""|""|""|""|""|"True"|""|"V09-112-20P"|""|""|""|""|""|""|""|""|""
"V09-112-22"|"next"|""|""|""|""|""|""|""|"2026-03-27"|"Pink/White Stripe Soft Relaxed Long Sleeve Shirt"|"Next"|""|""|""|""|"Home"|"Women"|"Blouses & Shirts"|"Pink/White Stripe Soft Relaxed Long Sleeve Shirt"|""|""|""|"28.00"|"28.00"|""|""|""|""|""|""|""|""|""|""|""|""|""|"GBP"|"Home > Women > blouses & shirts > Pink/White Stripe Soft Relaxed Long Sleeve Shirt"|"https://www.next.co.uk/style/su773076/v09112#v09112"|""|"Brighten up your wardrobe with this soft, relaxed long sleeve shirt. Crafted from a lightweight, comfortable fabric, this button-down shirt is perfect for dressing up or down. Featuring a classic collar, V-shaped neckline, and chest pocket, it's a versatile piece for chic, everyday wear. Relaxed fit shirt Classic collar V-shaped neckline Button-up fastening Long sleeve with cuff Chest pocket Curved shirt hem"|""|""|""|""|""|""|""|""|""|""|""|""|""|""|""|""|""|""|""|""|""|""|""|""|""|""|""|""|""|""|""|"Pink/White Stripe"|""|""|""|""|""|""|"22"|"4.4"|"33"|""|"https://xcdn.next.co.uk/common/items/default/default/itemimages/3_4Ratio/product/lge/V09112s.jpg?im=Resize,width=750"|""|"https://xcdn.next.co.uk/common/items/default/default/itemimages/3_4Ratio/product/lge/V09112s2.jpg?im=Resize,width=750"|""|"https://xcdn.next.co.uk/common/items/default/default/itemimages/3_4Ratio/product/lge/V09112s3.jpg?im=Resize,width=750"|""|"https://xcdn.next.co.uk/common/items/default/default/itemimages/3_4Ratio/product/lge/V09112s4.jpg?im=Resize,width=750"|""|"https://xcdn.next.co.uk/common/items/default/default/itemimages/3_4Ratio/product/lge/V09112s5.jpg?im=Resize,width=750"|""|"https://xcdn.next.co.uk/common/items/default/default/itemimages/3_4Ratio/product/lge/V09112s6.jpg?im=Resize,width=750"|""|"Regular"|""|"54% Cotton, 46% TENCEL™ lyocell."|""|"Machine washable."|""|""|""|""|""|""|""|""|""|""|""|""|""|""|""|""|""|""|"True"|""|"V09-112-22P"|""|""|""|""|""|""|""|""|""
"V09-112-24"|"next"|""|""|""|""|""|""|""|"2026-03-27"|"Pink/White Stripe Soft Relaxed Long Sleeve Shirt"|"Next"|""|""|""|""|"Home"|"Women"|"Blouses & Shirts"|"Pink/White Stripe Soft Relaxed Long Sleeve Shirt"|""|""|""|"28.00"|"28.00"|""|""|""|""|""|""|""|""|""|""|""|""|""|"GBP"|"Home > Women > blouses & shirts > Pink/White Stripe Soft Relaxed Long Sleeve Shirt"|"https://www.next.co.uk/style/su773076/v09112#v09112"|""|"Brighten up your wardrobe with this soft, relaxed long sleeve shirt. Crafted from a lightweight, comfortable fabric, this button-down shirt is perfect for dressing up or down. Featuring a classic collar, V-shaped neckline, and chest pocket, it's a versatile piece for chic, everyday wear. Relaxed fit shirt Classic collar V-shaped neckline Button-up fastening Long sleeve with cuff Chest pocket Curved shirt hem"|""|""|""|""|""|""|""|""|""|""|""|""|""|""|""|""|""|""|""|""|""|""|""|""|""|""|""|""|""|""|""|"Pink/White Stripe"|""|""|""|""|""|""|"24"|"4.4"|"33"|""|"https://xcdn.next.co.uk/common/items/default/default/itemimages/3_4Ratio/product/lge/V09112s.jpg?im=Resize,width=750"|""|"https://xcdn.next.co.uk/common/items/default/default/itemimages/3_4Ratio/product/lge/V09112s2.jpg?im=Resize,width=750"|""|"https://xcdn.next.co.uk/common/items/default/default/itemimages/3_4Ratio/product/lge/V09112s3.jpg?im=Resize,width=750"|""|"https://xcdn.next.co.uk/common/items/default/default/itemimages/3_4Ratio/product/lge/V09112s4.jpg?im=Resize,width=750"|""|"https://xcdn.next.co.uk/common/items/default/default/itemimages/3_4Ratio/product/lge/V09112s5.jpg?im=Resize,width=750"|""|"https://xcdn.next.co.uk/common/items/default/default/itemimages/3_4Ratio/product/lge/V09112s6.jpg?im=Resize,width=750"|""|"Regular"|""|"54% Cotton, 46% TENCEL™ lyocell."|""|"Machine washable."|""|""|""|""|""|""|""|""|""|""|""|""|""|""|""|""|""|""|"True"|""|"V09-112-24P"|""|""|""|""|""|""|""|""|""
"V09-112-26"|"next"|""|""|""|""|""|""|""|"2026-03-27"|"Pink/White Stripe Soft Relaxed Long Sleeve Shirt"|"Next"|""|""|""|""|"Home"|"Women"|"Blouses & Shirts"|"Pink/White Stripe Soft Relaxed Long Sleeve Shirt"|""|""|""|"28.00"|"28.00"|""|""|""|""|""|""|""|""|""|""|""|""|""|"GBP"|"Home > Women > blouses & shirts > Pink/White Stripe Soft Relaxed Long Sleeve Shirt"|"https://www.next.co.uk/style/su773076/v09112#v09112"|""|"Brighten up your wardrobe with this soft, relaxed long sleeve shirt. Crafted from a lightweight, comfortable fabric, this button-down shirt is perfect for dressing up or down. Featuring a classic collar, V-shaped neckline, and chest pocket, it's a versatile piece for chic, everyday wear. Relaxed fit shirt Classic collar V-shaped neckline Button-up fastening Long sleeve with cuff Chest pocket Curved shirt hem"|""|""|""|""|""|""|""|""|""|""|""|""|""|""|""|""|""|""|""|""|""|""|""|""|""|""|""|""|""|""|""|"Pink/White Stripe"|""|""|""|""|""|""|"26"|"4.4"|"33"|""|"https://xcdn.next.co.uk/common/items/default/default/itemimages/3_4Ratio/product/lge/V09112s.jpg?im=Resize,width=750"|""|"https://xcdn.next.co.uk/common/items/default/default/itemimages/3_4Ratio/product/lge/V09112s2.jpg?im=Resize,width=750"|""|"https://xcdn.next.co.uk/common/items/default/default/itemimages/3_4Ratio/product/lge/V09112s3.jpg?im=Resize,width=750"|""|"https://xcdn.next.co.uk/common/items/default/default/itemimages/3_4Ratio/product/lge/V09112s4.jpg?im=Resize,width=750"|""|"https://xcdn.next.co.uk/common/items/default/default/itemimages/3_4Ratio/product/lge/V09112s5.jpg?im=Resize,width=750"|""|"https://xcdn.next.co.uk/common/items/default/default/itemimages/3_4Ratio/product/lge/V09112s6.jpg?im=Resize,width=750"|""|"Regular"|""|"54% Cotton, 46% TENCEL™ lyocell."|""|"Machine washable."|""|""|""|""|""|""|""|""|""|""|""|""|""|""|""|""|""|""|"True"|""|"V09-112-26P"|""|""|""|""|""|""|""|""|""
"W66-591-6"|"next"|""|""|""|""|""|""|""|"2026-03-27"|"Black/White Spot Long Sleeve V-Neck Blouse"|"Next"|""|""|""|""|"Home"|"Women"|"Blouses & Shirts"|"Black/White Spot Long Sleeve V-Neck Blouse"|""|""|""|"36.00"|"36.00"|""|""|""|""|""|""|""|""|""|""|""|""|""|"GBP"|"Home > Women > blouses & shirts > Black/White Spot Long Sleeve V-Neck Blouse"|"https://www.next.co.uk/style/su771813/w66591#w66591"|""|"This blouse is a great transitional piece and can be worn from desk to dinner. It features long sleeves and an elegant V-neck design. Long sleeved V neck design Great transitional piece Can be worn desk to dinner"|""|""|""|""|""|""|""|""|""|""|""|""|""|""|""|""|""|""|""|""|""|""|""|""|""|""|""|""|""|""|""|"Black/White Spot"|""|""|""|""|""|""|"6"|"4.7"|"60"|""|"https://xcdn.next.co.uk/common/items/default/default/itemimages/3_4Ratio/product/lge/W66591s.jpg?im=Resize,width=750"|""|"https://xcdn.next.co.uk/common/items/default/default/itemimages/3_4Ratio/product/lge/W66591s2.jpg?im=Resize,width=750"|""|"https://xcdn.next.co.uk/common/items/default/default/itemimages/3_4Ratio/product/lge/W66591s3.jpg?im=Resize,width=750"|""|"https://xcdn.next.co.uk/common/items/default/default/itemimages/3_4Ratio/product/lge/W66591s4.jpg?im=Resize,width=750"|""|"https://xcdn.next.co.uk/common/items/default/default/itemimages/3_4Ratio/product/lge/W66591s5.jpg?im=Resize,width=750"|""|"https://xcdn.next.co.uk/common/items/default/default/itemimages/3_4Ratio/product/lge/W66591s6.jpg?im=Resize,width=750"|""|"Regular"|""|"Main 90% Recycled polyester, 10% Elastane. Woven 100% Recycled polyester."|""|"Machine washable."|""|""|""|""|""|""|""|""|""|""|""|""|""|""|""|""|""|""|"True"|""|"W66-591-6P"|""|""|""|""|""|""|""|""|""
"W66-591-8"|"next"|""|""|""|""|""|""|""|"2026-03-27"|"Black/White Spot Long Sleeve V-Neck Blouse"|"Next"|""|""|""|""|"Home"|"Women"|"Blouses & Shirts"|"Black/White Spot Long Sleeve V-Neck Blouse"|""|""|""|"36.00"|"36.00"|""|""|""|""|""|""|""|""|""|""|""|""|""|"GBP"|"Home > Women > blouses & shirts > Black/White Spot Long Sleeve V-Neck Blouse"|"https://www.next.co.uk/style/su771813/w66591#w66591"|""|"This blouse is a great transitional piece and can be worn from desk to dinner. It features long sleeves and an elegant V-neck design. Long sleeved V neck design Great transitional piece Can be worn desk to dinner"|""|""|""|""|""|""|""|""|""|""|""|""|""|""|""|""|""|""|""|""|""|""|""|""|""|""|""|""|""|""|""|"Black/White Spot"|""|""|""|""|""|""|"8"|"4.7"|"60"|""|"https://xcdn.next.co.uk/common/items/default/default/itemimages/3_4Ratio/product/lge/W66591s.jpg?im=Resize,width=750"|""|"https://xcdn.next.co.uk/common/items/default/default/itemimages/3_4Ratio/product/lge/W66591s2.jpg?im=Resize,width=750"|""|"https://xcdn.next.co.uk/common/items/default/default/itemimages/3_4Ratio/product/lge/W66591s3.jpg?im=Resize,width=750"|""|"https://xcdn.next.co.uk/common/items/default/default/itemimages/3_4Ratio/product/lge/W66591s4.jpg?im=Resize,width=750"|""|"https://xcdn.next.co.uk/common/items/default/default/itemimages/3_4Ratio/product/lge/W66591s5.jpg?im=Resize,width=750"|""|"https://xcdn.next.co.uk/common/items/default/default/itemimages/3_4Ratio/product/lge/W66591s6.jpg?im=Resize,width=750"|""|"Regular"|""|"Main 90% Recycled polyester, 10% Elastane. Woven 100% Recycled polyester."|""|"Machine washable."|""|""|""|""|""|""|""|""|""|""|""|""|""|""|""|""|""|""|"True"|""|"W66-591-8P"|""|""|""|""|""|""|""|""|""
"W66-591-10"|"next"|""|""|""|""|""|""|""|"2026-03-27"|"Black/White Spot Long Sleeve V-Neck Blouse"|"Next"|""|""|""|""|"Home"|"Women"|"Blouses & Shirts"|"Black/White Spot Long Sleeve V-Neck Blouse"|""|""|""|"36.00"|"36.00"|""|""|""|""|""|""|""|""|""|""|""|""|""|"GBP"|"Home > Women > blouses & shirts > Black/White Spot Long Sleeve V-Neck Blouse"|"https://www.next.co.uk/style/su771813/w66591#w66591"|""|"This blouse is a great transitional piece and can be worn from desk to dinner. It features long sleeves and an elegant V-neck design. Long sleeved V neck design Great transitional piece Can be worn desk to dinner"|""|""|""|""|""|""|""|""|""|""|""|""|""|""|""|""|""|""|""|""|""|""|""|""|""|""|""|""|""|""|""|"Black/White Spot"|""|""|""|""|""|""|"10"|"4.7"|"60"|""|"https://xcdn.next.co.uk/common/items/default/default/itemimages/3_4Ratio/product/lge/W66591s.jpg?im=Resize,width=750"|""|"https://xcdn.next.co.uk/common/items/default/default/itemimages/3_4Ratio/product/lge/W66591s2.jpg?im=Resize,width=750"|""|"https://xcdn.next.co.uk/common/items/default/default/itemimages/3_4Ratio/product/lge/W66591s3.jpg?im=Resize,width=750"|""|"https://xcdn.next.co.uk/common/items/default/default/itemimages/3_4Ratio/product/lge/W66591s4.jpg?im=Resize,width=750"|""|"https://xcdn.next.co.uk/common/items/default/default/itemimages/3_4Ratio/product/lge/W66591s5.jpg?im=Resize,width=750"|""|"https://xcdn.next.co.uk/common/items/default/default/itemimages/3_4Ratio/product/lge/W66591s6.jpg?im=Resize,width=750"|""|"Regular"|""|"Main 90% Recycled polyester, 10% Elastane. Woven 100% Recycled polyester."|""|"Machine washable."|""|""|""|""|""|""|""|""|""|""|""|""|""|""|""|""|""|""|"True"|""|"W66-591-10P"|""|""|""|""|""|""|""|""|""
"W66-591-12"|"next"|""|""|""|""|""|""|""|"2026-03-27"|"Black/White Spot Long Sleeve V-Neck Blouse"|"Next"|""|""|""|""|"Home"|"Women"|"Blouses & Shirts"|"Black/White Spot Long Sleeve V-Neck Blouse"|""|""|""|"36.00"|"36.00"|""|""|""|""|""|""|""|""|""|""|""|""|""|"GBP"|"Home > Women > blouses & shirts > Black/White Spot Long Sleeve V-Neck Blouse"|"https://www.next.co.uk/style/su771813/w66591#w66591"|""|"This blouse is a great transitional piece and can be worn from desk to dinner. It features long sleeves and an elegant V-neck design. Long sleeved V neck design Great transitional piece Can be worn desk to dinner"|""|""|""|""|""|""|""|""|""|""|""|""|""|""|""|""|""|""|""|""|""|""|""|""|""|""|""|""|""|""|""|"Black/White Spot"|""|""|""|""|""|""|"12"|"4.7"|"60"|""|"https://xcdn.next.co.uk/common/items/default/default/itemimages/3_4Ratio/product/lge/W66591s.jpg?im=Resize,width=750"|""|"https://xcdn.next.co.uk/common/items/default/default/itemimages/3_4Ratio/product/lge/W66591s2.jpg?im=Resize,width=750"|""|"https://xcdn.next.co.uk/common/items/default/default/itemimages/3_4Ratio/product/lge/W66591s3.jpg?im=Resize,width=750"|""|"https://xcdn.next.co.uk/common/items/default/default/itemimages/3_4Ratio/product/lge/W66591s4.jpg?im=Resize,width=750"|""|"https://xcdn.next.co.uk/common/items/default/default/itemimages/3_4Ratio/product/lge/W66591s5.jpg?im=Resize,width=750"|""|"https://xcdn.next.co.uk/common/items/default/default/itemimages/3_4Ratio/product/lge/W66591s6.jpg?im=Resize,width=750"|""|"Regular"|""|"Main 90% Recycled polyester, 10% Elastane. Woven 100% Recycled polyester."|""|"Machine washable."|""|""|""|""|""|""|""|""|""|""|""|""|""|""|""|""|""|""|"True"|""|"W66-591-12P"|""|""|""|""|""|""|""|""|""
"W66-591-14"|"next"|""|""|""|""|""|""|""|"2026-03-27"|"Black/White Spot Long Sleeve V-Neck Blouse"|"Next"|""|""|""|""|"Home"|"Women"|"Blouses & Shirts"|"Black/White Spot Long Sleeve V-Neck Blouse"|""|""|""|"36.00"|"36.00"|""|""|""|""|""|""|""|""|""|""|""|""|""|"GBP"|"Home > Women > blouses & shirts > Black/White Spot Long Sleeve V-Neck Blouse"|"https://www.next.co.uk/style/su771813/w66591#w66591"|""|"This blouse is a great transitional piece and can be worn from desk to dinner. It features long sleeves and an elegant V-neck design. Long sleeved V neck design Great transitional piece Can be worn desk to dinner"|""|""|""|""|""|""|""|""|""|""|""|""|""|""|""|""|""|""|""|""|""|""|""|""|""|""|""|""|""|""|""|"Black/White Spot"|""|""|""|""|""|""|"14"|"4.7"|"60"|""|"https://xcdn.next.co.uk/common/items/default/default/itemimages/3_4Ratio/product/lge/W66591s.jpg?im=Resize,width=750"|""|"https://xcdn.next.co.uk/common/items/default/default/itemimages/3_4Ratio/product/lge/W66591s2.jpg?im=Resize,width=750"|""|"https://xcdn.next.co.uk/common/items/default/default/itemimages/3_4Ratio/product/lge/W66591s3.jpg?im=Resize,width=750"|""|"https://xcdn.next.co.uk/common/items/default/default/itemimages/3_4Ratio/product/lge/W66591s4.jpg?im=Resize,width=750"|""|"https://xcdn.next.co.uk/common/items/default/default/itemimages/3_4Ratio/product/lge/W66591s5.jpg?im=Resize,width=750"|""|"https://xcdn.next.co.uk/common/items/default/default/itemimages/3_4Ratio/product/lge/W66591s6.jpg?im=Resize,width=750"|""|"Regular"|""|"Main 90% Recycled polyester, 10% Elastane. Woven 100% Recycled polyester."|""|"Machine washable."|""|""|""|""|""|""|""|""|""|""|""|""|""|""|""|""|""|""|"True"|""|"W66-591-14P"|""|""|""|""|""|""|""|""|""
"W66-591-16"|"next"|""|""|""|""|""|""|""|"2026-03-27"|"Black/White Spot Long Sleeve V-Neck Blouse"|"Next"|""|""|""|""|"Home"|"Women"|"Blouses & Shirts"|"Black/White Spot Long Sleeve V-Neck Blouse"|""|""|""|"36.00"|"36.00"|""|""|""|""|""|""|""|""|""|""|""|""|""|"GBP"|"Home > Women > blouses & shirts > Black/White Spot Long Sleeve V-Neck Blouse"|"https://www.next.co.uk/style/su771813/w66591#w66591"|""|"This blouse is a great transitional piece and can be worn from desk to dinner. It features long sleeves and an elegant V-neck design. Long sleeved V neck design Great transitional piece Can be worn desk to dinner"|""|""|""|""|""|""|""|""|""|""|""|""|""|""|""|""|""|""|""|""|""|""|""|""|""|""|""|""|""|""|""|"Black/White Spot"|""|""|""|""|""|""|"16"|"4.7"|"60"|""|"https://xcdn.next.co.uk/common/items/default/default/itemimages/3_4Ratio/product/lge/W66591s.jpg?im=Resize,width=750"|""|"https://xcdn.next.co.uk/common/items/default/default/itemimages/3_4Ratio/product/lge/W66591s2.jpg?im=Resize,width=750"|""|"https://xcdn.next.co.uk/common/items/default/default/itemimages/3_4Ratio/product/lge/W66591s3.jpg?im=Resize,width=750"|""|"https://xcdn.next.co.uk/common/items/default/default/itemimages/3_4Ratio/product/lge/W66591s4.jpg?im=Resize,width=750"|""|"https://xcdn.next.co.uk/common/items/default/default/itemimages/3_4Ratio/product/lge/W66591s5.jpg?im=Resize,width=750"|""|"https://xcdn.next.co.uk/common/items/default/default/itemimages/3_4Ratio/product/lge/W66591s6.jpg?im=Resize,width=750"|""|"Regular"|""|"Main 90% Recycled polyester, 10% Elastane. Woven 100% Recycled polyester."|""|"Machine washable."|""|""|""|""|""|""|""|""|""|""|""|""|""|""|""|""|""|""|"True"|""|"W66-591-16P"|""|""|""|""|""|""|""|""|""
"W66-591-18"|"next"|""|""|""|""|""|""|""|"2026-03-27"|"Black/White Spot Long Sleeve V-Neck Blouse"|"Next"|""|""|""|""|"Home"|"Women"|"Blouses & Shirts"|"Black/White Spot Long Sleeve V-Neck Blouse"|""|""|""|"36.00"|"36.00"|""|""|""|""|""|""|""|""|""|""|""|""|""|"GBP"|"Home > Women > blouses & shirts > Black/White Spot Long Sleeve V-Neck Blouse"|"https://www.next.co.uk/style/su771813/w66591#w66591"|""|"This blouse is a great transitional piece and can be worn from desk to dinner. It features long sleeves and an elegant V-neck design. Long sleeved V neck design Great transitional piece Can be worn desk to dinner"|""|""|""|""|""|""|""|""|""|""|""|""|""|""|""|""|""|""|""|""|""|""|""|""|""|""|""|""|""|""|""|"Black/White Spot"|""|""|""|""|""|""|"18"|"4.7"|"60"|""|"https://xcdn.next.co.uk/common/items/default/default/itemimages/3_4Ratio/product/lge/W66591s.jpg?im=Resize,width=750"|""|"https://xcdn.next.co.uk/common/items/default/default/itemimages/3_4Ratio/product/lge/W66591s2.jpg?im=Resize,width=750"|""|"https://xcdn.next.co.uk/common/items/default/default/itemimages/3_4Ratio/product/lge/W66591s3.jpg?im=Resize,width=750"|""|"https://xcdn.next.co.uk/common/items/default/default/itemimages/3_4Ratio/product/lge/W66591s4.jpg?im=Resize,width=750"|""|"https://xcdn.next.co.uk/common/items/default/default/itemimages/3_4Ratio/product/lge/W66591s5.jpg?im=Resize,width=750"|""|"https://xcdn.next.co.uk/common/items/default/default/itemimages/3_4Ratio/product/lge/W66591s6.jpg?im=Resize,width=750"|""|"Regular"|""|"Main 90% Recycled polyester, 10% Elastane. Woven 100% Recycled polyester."|""|"Machine washable."|""|""|""|""|""|""|""|""|""|""|""|""|""|""|""|""|""|""|"True"|""|"W66-591-18P"|""|""|""|""|""|""|""|""|""
"W66-591-20"|"next"|""|""|""|""|""|""|""|"2026-03-27"|"Black/White Spot Long Sleeve V-Neck Blouse"|"Next"|""|""|""|""|"Home"|"Women"|"Blouses & Shirts"|"Black/White Spot Long Sleeve V-Neck Blouse"|""|""|""|"36.00"|"36.00"|""|""|""|""|""|""|""|""|""|""|""|""|""|"GBP"|"Home > Women > blouses & shirts > Black/White Spot Long Sleeve V-Neck Blouse"|"https://www.next.co.uk/style/su771813/w66591#w66591"|""|"This blouse is a great transitional piece and can be worn from desk to dinner. It features long sleeves and an elegant V-neck design. Long sleeved V neck design Great transitional piece Can be worn desk to dinner"|""|""|""|""|""|""|""|""|""|""|""|""|""|""|""|""|""|""|""|""|""|""|""|""|""|""|""|""|""|""|""|"Black/White Spot"|""|""|""|""|""|""|"20"|"4.7"|"60"|""|"https://xcdn.next.co.uk/common/items/default/default/itemimages/3_4Ratio/product/lge/W66591s.jpg?im=Resize,width=750"|""|"https://xcdn.next.co.uk/common/items/default/default/itemimages/3_4Ratio/product/lge/W66591s2.jpg?im=Resize,width=750"|""|"https://xcdn.next.co.uk/common/items/default/default/itemimages/3_4Ratio/product/lge/W66591s3.jpg?im=Resize,width=750"|""|"https://xcdn.next.co.uk/common/items/default/default/itemimages/3_4Ratio/product/lge/W66591s4.jpg?im=Resize,width=750"|""|"https://xcdn.next.co.uk/common/items/default/default/itemimages/3_4Ratio/product/lge/W66591s5.jpg?im=Resize,width=750"|""|"https://xcdn.next.co.uk/common/items/default/default/itemimages/3_4Ratio/product/lge/W66591s6.jpg?im=Resize,width=750"|""|"Regular"|""|"Main 90% Recycled polyester, 10% Elastane. Woven 100% Recycled polyester."|""|"Machine washable."|""|""|""|""|""|""|""|""|""|""|""|""|""|""|""|""|""|""|"True"|""|"W66-591-20P"|""|""|""|""|""|""|""|""|""
"W66-591-22"|"next"|""|""|""|""|""|""|""|"2026-03-27"|"Black/White Spot Long Sleeve V-Neck Blouse"|"Next"|""|""|""|""|"Home"|"Women"|"Blouses & Shirts"|"Black/White Spot Long Sleeve V-Neck Blouse"|""|""|""|"36.00"|"36.00"|""|""|""|""|""|""|""|""|""|""|""|""|""|"GBP"|"Home > Women > blouses & shirts > Black/White Spot Long Sleeve V-Neck Blouse"|"https://www.next.co.uk/style/su771813/w66591#w66591"|""|"This blouse is a great transitional piece and can be worn from desk to dinner. It features long sleeves and an elegant V-neck design. Long sleeved V neck design Great transitional piece Can be worn desk to dinner"|""|""|""|""|""|""|""|""|""|""|""|""|""|""|""|""|""|""|""|""|""|""|""|""|""|""|""|""|""|""|""|"Black/White Spot"|""|""|""|""|""|""|"22"|"4.7"|"60"|""|"https://xcdn.next.co.uk/common/items/default/default/itemimages/3_4Ratio/product/lge/W66591s.jpg?im=Resize,width=750"|""|"https://xcdn.next.co.uk/common/items/default/default/itemimages/3_4Ratio/product/lge/W66591s2.jpg?im=Resize,width=750"|""|"https://xcdn.next.co.uk/common/items/default/default/itemimages/3_4Ratio/product/lge/W66591s3.jpg?im=Resize,width=750"|""|"https://xcdn.next.co.uk/common/items/default/default/itemimages/3_4Ratio/product/lge/W66591s4.jpg?im=Resize,width=750"|""|"https://xcdn.next.co.uk/common/items/default/default/itemimages/3_4Ratio/product/lge/W66591s5.jpg?im=Resize,width=750"|""|"https://xcdn.next.co.uk/common/items/default/default/itemimages/3_4Ratio/product/lge/W66591s6.jpg?im=Resize,width=750"|""|"Regular"|""|"Main 90% Recycled polyester, 10% Elastane. Woven 100% Recycled polyester."|""|"Machine washable."|""|""|""|""|""|""|""|""|""|""|""|""|""|""|""|""|""|""|"True"|""|"W66-591-22P"|""|""|""|""|""|""|""|""|""
"W66-591-24"|"next"|""|""|""|""|""|""|""|"2026-03-27"|"Black/White Spot Long Sleeve V-Neck Blouse"|"Next"|""|""|""|""|"Home"|"Women"|"Blouses & Shirts"|"Black/White Spot Long Sleeve V-Neck Blouse"|""|""|""|"36.00"|"36.00"|""|""|""|""|""|""|""|""|""|""|""|""|""|"GBP"|"Home > Women > blouses & shirts > Black/White Spot Long Sleeve V-Neck Blouse"|"https://www.next.co.uk/style/su771813/w66591#w66591"|""|"This blouse is a great transitional piece and can be worn from desk to dinner. It features long sleeves and an elegant V-neck design. Long sleeved V neck design Great transitional piece Can be worn desk to dinner"|""|""|""|""|""|""|""|""|""|""|""|""|""|""|""|""|""|""|""|""|""|""|""|""|""|""|""|""|""|""|""|"Black/White Spot"|""|""|""|""|""|""|"24"|"4.7"|"60"|""|"https://xcdn.next.co.uk/common/items/default/default/itemimages/3_4Ratio/product/lge/W66591s.jpg?im=Resize,width=750"|""|"https://xcdn.next.co.uk/common/items/default/default/itemimages/3_4Ratio/product/lge/W66591s2.jpg?im=Resize,width=750"|""|"https://xcdn.next.co.uk/common/items/default/default/itemimages/3_4Ratio/product/lge/W66591s3.jpg?im=Resize,width=750"|""|"https://xcdn.next.co.uk/common/items/default/default/itemimages/3_4Ratio/product/lge/W66591s4.jpg?im=Resize,width=750"|""|"https://xcdn.next.co.uk/common/items/default/default/itemimages/3_4Ratio/product/lge/W66591s5.jpg?im=Resize,width=750"|""|"https://xcdn.next.co.uk/common/items/default/default/itemimages/3_4Ratio/product/lge/W66591s6.jpg?im=Resize,width=750"|""|"Regular"|""|"Main 90% Recycled polyester, 10% Elastane. Woven 100% Recycled polyester."|""|"Machine washable."|""|""|""|""|""|""|""|""|""|""|""|""|""|""|""|""|""|""|"True"|""|"W66-591-24P"|""|""|""|""|""|""|""|""|""
"W66-591-26"|"next"|""|""|""|""|""|""|""|"2026-03-27"|"Black/White Spot Long Sleeve V-Neck Blouse"|"Next"|""|""|""|""|"Home"|"Women"|"Blouses & Shirts"|"Black/White Spot Long Sleeve V-Neck Blouse"|""|""|""|"36.00"|"36.00"|""|""|""|""|""|""|""|""|""|""|""|""|""|"GBP"|"Home > Women > blouses & shirts > Black/White Spot Long Sleeve V-Neck Blouse"|"https://www.next.co.uk/style/su771813/w66591#w66591"|""|"This blouse is a great transitional piece and can be worn from desk to dinner. It features long sleeves and an elegant V-neck design. Long sleeved V neck design Great transitional piece Can be worn desk to dinner"|""|""|""|""|""|""|""|""|""|""|""|""|""|""|""|""|""|""|""|""|""|""|""|""|""|""|""|""|""|""|""|"Black/White Spot"|""|""|""|""|""|""|"26"|"4.7"|"60"|""|"https://xcdn.next.co.uk/common/items/default/default/itemimages/3_4Ratio/product/lge/W66591s.jpg?im=Resize,width=750"|""|"https://xcdn.next.co.uk/common/items/default/default/itemimages/3_4Ratio/product/lge/W66591s2.jpg?im=Resize,width=750"|""|"https://xcdn.next.co.uk/common/items/default/default/itemimages/3_4Ratio/product/lge/W66591s3.jpg?im=Resize,width=750"|""|"https://xcdn.next.co.uk/common/items/default/default/itemimages/3_4Ratio/product/lge/W66591s4.jpg?im=Resize,width=750"|""|"https://xcdn.next.co.uk/common/items/default/default/itemimages/3_4Ratio/product/lge/W66591s5.jpg?im=Resize,width=750"|""|"https://xcdn.next.co.uk/common/items/default/default/itemimages/3_4Ratio/product/lge/W66591s6.jpg?im=Resize,width=750"|""|"Regular"|""|"Main 90% Recycled polyester, 10% Elastane. Woven 100% Recycled polyester."|""|"Machine washable."|""|""|""|""|""|""|""|""|""|""|""|""|""|""|""|""|""|""|"True"|""|"W66-591-26P"|""|""|""|""|""|""|""|""|""
"Y28-484-8"|"next"|""|""|""|""|""|""|""|"2026-03-27"|"Love & Roses x RHS Ivory 3D Floral Print Blouse"|"Love & Roses"|""|""|""|""|"Home"|"Women"|"Blouses & Shirts"|"Love & Roses x RHS Ivory 3D Floral Print Blouse"|""|""|""|"46.00"|"46.00"|""|""|""|""|""|""|""|""|""|""|""|""|""|"GBP"|"Home > Women > blouses & shirts > Love & Roses x RHS Ivory 3D Floral Print Blouse"|"https://www.next.co.uk/style/su899145/y28484#y28484"|""|"Add a touch of charm to your seasonal wardrobe with this ivory blouse from Love & Roses, featuring a stunning 3D floral print. This gorgeous spring blouse is elevated with intricate floral details and a flattering V-neckline, making it an ideal choice for warm-weather styling. Intricate 3D floral print detailing Breathable and lightweight ivory fabric Flattering V-neckline with delicate trim Elegant three-quarter length sleeves"|""|""|""|""|""|""|""|""|""|""|""|""|""|""|""|""|""|""|""|""|""|""|""|""|""|""|""|""|""|""|""|"Ivory"|""|""|""|""|""|""|"8"|""|""|""|"https://xcdn.next.co.uk/common/items/default/default/itemimages/3_4Ratio/product/lge/Y28484s.jpg?im=Resize,width=750"|""|"https://xcdn.next.co.uk/common/items/default/default/itemimages/3_4Ratio/product/lge/Y28484s2.jpg?im=Resize,width=750"|""|"https://xcdn.next.co.uk/common/items/default/default/itemimages/3_4Ratio/product/lge/Y28484s3.jpg?im=Resize,width=750"|""|"https://xcdn.next.co.uk/common/items/default/default/itemimages/3_4Ratio/product/lge/Y28484s4.jpg?im=Resize,width=750"|""|"https://xcdn.next.co.uk/common/items/default/default/itemimages/3_4Ratio/product/lge/Y28484s5.jpg?im=Resize,width=750"|""|""|""|"Regular"|""|"Main 100% Cotton. Embroidery 100% Cotton."|""|""|""|""|""|""|""|""|""|""|""|""|""|""|""|""|""|""|""|""|"True"|""|"Y28-484-8P"|""|""|""|""|""|""|""|""|""
"Y28-484-10"|"next"|""|""|""|""|""|""|""|"2026-03-27"|"Love & Roses x RHS Ivory 3D Floral Print Blouse"|"Love & Roses"|""|""|""|""|"Home"|"Women"|"Blouses & Shirts"|"Love & Roses x RHS Ivory 3D Floral Print Blouse"|""|""|""|"46.00"|"46.00"|""|""|""|""|""|""|""|""|""|""|""|""|""|"GBP"|"Home > Women > blouses & shirts > Love & Roses x RHS Ivory 3D Floral Print Blouse"|"https://www.next.co.uk/style/su899145/y28484#y28484"|""|"Add a touch of charm to your seasonal wardrobe with this ivory blouse from Love & Roses, featuring a stunning 3D floral print. This gorgeous spring blouse is elevated with intricate floral details and a flattering V-neckline, making it an ideal choice for warm-weather styling. Intricate 3D floral print detailing Breathable and lightweight ivory fabric Flattering V-neckline with delicate trim Elegant three-quarter length sleeves"|""|""|""|""|""|""|""|""|""|""|""|""|""|""|""|""|""|""|""|""|""|""|""|""|""|""|""|""|""|""|""|"Ivory"|""|""|""|""|""|""|"10"|""|""|""|"https://xcdn.next.co.uk/common/items/default/default/itemimages/3_4Ratio/product/lge/Y28484s.jpg?im=Resize,width=750"|""|"https://xcdn.next.co.uk/common/items/default/default/itemimages/3_4Ratio/product/lge/Y28484s2.jpg?im=Resize,width=750"|""|"https://xcdn.next.co.uk/common/items/default/default/itemimages/3_4Ratio/product/lge/Y28484s3.jpg?im=Resize,width=750"|""|"https://xcdn.next.co.uk/common/items/default/default/itemimages/3_4Ratio/product/lge/Y28484s4.jpg?im=Resize,width=750"|""|"https://xcdn.next.co.uk/common/items/default/default/itemimages/3_4Ratio/product/lge/Y28484s5.jpg?im=Resize,width=750"|""|""|""|"Regular"|""|"Main 100% Cotton. Embroidery 100% Cotton."|""|""|""|""|""|""|""|""|""|""|""|""|""|""|""|""|""|""|""|""|"True"|""|"Y28-484-10P"|""|""|""|""|""|""|""|""|""
"Y28-484-12"|"next"|""|""|""|""|""|""|""|"2026-03-27"|"Love & Roses x RHS Ivory 3D Floral Print Blouse"|"Love & Roses"|""|""|""|""|"Home"|"Women"|"Blouses & Shirts"|"Love & Roses x RHS Ivory 3D Floral Print Blouse"|""|""|""|"46.00"|"46.00"|""|""|""|""|""|""|""|""|""|""|""|""|""|"GBP"|"Home > Women > blouses & shirts > Love & Roses x RHS Ivory 3D Floral Print Blouse"|"https://www.next.co.uk/style/su899145/y28484#y28484"|""|"Add a touch of charm to your seasonal wardrobe with this ivory blouse from Love & Roses, featuring a stunning 3D floral print. This gorgeous spring blouse is elevated with intricate floral details and a flattering V-neckline, making it an ideal choice for warm-weather styling. Intricate 3D floral print detailing Breathable and lightweight ivory fabric Flattering V-neckline with delicate trim Elegant three-quarter length sleeves"|""|""|""|""|""|""|""|""|""|""|""|""|""|""|""|""|""|""|""|""|""|""|""|""|""|""|""|""|""|""|""|"Ivory"|""|""|""|""|""|""|"12"|""|""|""|"https://xcdn.next.co.uk/common/items/default/default/itemimages/3_4Ratio/product/lge/Y28484s.jpg?im=Resize,width=750"|""|"https://xcdn.next.co.uk/common/items/default/default/itemimages/3_4Ratio/product/lge/Y28484s2.jpg?im=Resize,width=750"|""|"https://xcdn.next.co.uk/common/items/default/default/itemimages/3_4Ratio/product/lge/Y28484s3.jpg?im=Resize,width=750"|""|"https://xcdn.next.co.uk/common/items/default/default/itemimages/3_4Ratio/product/lge/Y28484s4.jpg?im=Resize,width=750"|""|"https://xcdn.next.co.uk/common/items/default/default/itemimages/3_4Ratio/product/lge/Y28484s5.jpg?im=Resize,width=750"|""|""|""|"Regular"|""|"Main 100% Cotton. Embroidery 100% Cotton."|""|""|""|""|""|""|""|""|""|""|""|""|""|""|""|""|""|""|""|""|"True"|""|"Y28-484-12P"|""|""|""|""|""|""|""|""|""
"Y28-484-14"|"next"|""|""|""|""|""|""|""|"2026-03-27"|"Love & Roses x RHS Ivory 3D Floral Print Blouse"|"Love & Roses"|""|""|""|""|"Home"|"Women"|"Blouses & Shirts"|"Love & Roses x RHS Ivory 3D Floral Print Blouse"|""|""|""|"46.00"|"46.00"|""|""|""|""|""|""|""|""|""|""|""|""|""|"GBP"|"Home > Women > blouses & shirts > Love & Roses x RHS Ivory 3D Floral Print Blouse"|"https://www.next.co.uk/style/su899145/y28484#y28484"|""|"Add a touch of charm to your seasonal wardrobe with this ivory blouse from Love & Roses, featuring a stunning 3D floral print. This gorgeous spring blouse is elevated with intricate floral details and a flattering V-neckline, making it an ideal choice for warm-weather styling. Intricate 3D floral print detailing Breathable and lightweight ivory fabric Flattering V-neckline with delicate trim Elegant three-quarter length sleeves"|""|""|""|""|""|""|""|""|""|""|""|""|""|""|""|""|""|""|""|""|""|""|""|""|""|""|""|""|""|""|""|"Ivory"|""|""|""|""|""|""|"14"|""|""|""|"https://xcdn.next.co.uk/common/items/default/default/itemimages/3_4Ratio/product/lge/Y28484s.jpg?im=Resize,width=750"|""|"https://xcdn.next.co.uk/common/items/default/default/itemimages/3_4Ratio/product/lge/Y28484s2.jpg?im=Resize,width=750"|""|"https://xcdn.next.co.uk/common/items/default/default/itemimages/3_4Ratio/product/lge/Y28484s3.jpg?im=Resize,width=750"|""|"https://xcdn.next.co.uk/common/items/default/default/itemimages/3_4Ratio/product/lge/Y28484s4.jpg?im=Resize,width=750"|""|"https://xcdn.next.co.uk/common/items/default/default/itemimages/3_4Ratio/product/lge/Y28484s5.jpg?im=Resize,width=750"|""|""|""|"Regular"|""|"Main 100% Cotton. Embroidery 100% Cotton."|""|""|""|""|""|""|""|""|""|""|""|""|""|""|""|""|""|""|""|""|"True"|""|"Y28-484-14P"|""|""|""|""|""|""|""|""|""
"Y28-484-16"|"next"|""|""|""|""|""|""|""|"2026-03-27"|"Love & Roses x RHS Ivory 3D Floral Print Blouse"|"Love & Roses"|""|""|""|""|"Home"|"Women"|"Blouses & Shirts"|"Love & Roses x RHS Ivory 3D Floral Print Blouse"|""|""|""|"46.00"|"46.00"|""|""|""|""|""|""|""|""|""|""|""|""|""|"GBP"|"Home > Women > blouses & shirts > Love & Roses x RHS Ivory 3D Floral Print Blouse"|"https://www.next.co.uk/style/su899145/y28484#y28484"|""|"Add a touch of charm to your seasonal wardrobe with this ivory blouse from Love & Roses, featuring a stunning 3D floral print. This gorgeous spring blouse is elevated with intricate floral details and a flattering V-neckline, making it an ideal choice for warm-weather styling. Intricate 3D floral print detailing Breathable and lightweight ivory fabric Flattering V-neckline with delicate trim Elegant three-quarter length sleeves"|""|""|""|""|""|""|""|""|""|""|""|""|""|""|""|""|""|""|""|""|""|""|""|""|""|""|""|""|""|""|""|"Ivory"|""|""|""|""|""|""|"16"|""|""|""|"https://xcdn.next.co.uk/common/items/default/default/itemimages/3_4Ratio/product/lge/Y28484s.jpg?im=Resize,width=750"|""|"https://xcdn.next.co.uk/common/items/default/default/itemimages/3_4Ratio/product/lge/Y28484s2.jpg?im=Resize,width=750"|""|"https://xcdn.next.co.uk/common/items/default/default/itemimages/3_4Ratio/product/lge/Y28484s3.jpg?im=Resize,width=750"|""|"https://xcdn.next.co.uk/common/items/default/default/itemimages/3_4Ratio/product/lge/Y28484s4.jpg?im=Resize,width=750"|""|"https://xcdn.next.co.uk/common/items/default/default/itemimages/3_4Ratio/product/lge/Y28484s5.jpg?im=Resize,width=750"|""|""|""|"Regular"|""|"Main 100% Cotton. Embroidery 100% Cotton."|""|""|""|""|""|""|""|""|""|""|""|""|""|""|""|""|""|""|""|""|"True"|""|"Y28-484-16P"|""|""|""|""|""|""|""|""|""
"Y28-484-18"|"next"|""|""|""|""|""|""|""|"2026-03-27"|"Love & Roses x RHS Ivory 3D Floral Print Blouse"|"Love & Roses"|""|""|""|""|"Home"|"Women"|"Blouses & Shirts"|"Love & Roses x RHS Ivory 3D Floral Print Blouse"|""|""|""|"46.00"|"46.00"|""|""|""|""|""|""|""|""|""|""|""|""|""|"GBP"|"Home > Women > blouses & shirts > Love & Roses x RHS Ivory 3D Floral Print Blouse"|"https://www.next.co.uk/style/su899145/y28484#y28484"|""|"Add a touch of charm to your seasonal wardrobe with this ivory blouse from Love & Roses, featuring a stunning 3D floral print. This gorgeous spring blouse is elevated with intricate floral details and a flattering V-neckline, making it an ideal choice for warm-weather styling. Intricate 3D floral print detailing Breathable and lightweight ivory fabric Flattering V-neckline with delicate trim Elegant three-quarter length sleeves"|""|""|""|""|""|""|""|""|""|""|""|""|""|""|""|""|""|""|""|""|""|""|""|""|""|""|""|""|""|""|""|"Ivory"|""|""|""|""|""|""|"18"|""|""|""|"https://xcdn.next.co.uk/common/items/default/default/itemimages/3_4Ratio/product/lge/Y28484s.jpg?im=Resize,width=750"|""|"https://xcdn.next.co.uk/common/items/default/default/itemimages/3_4Ratio/product/lge/Y28484s2.jpg?im=Resize,width=750"|""|"https://xcdn.next.co.uk/common/items/default/default/itemimages/3_4Ratio/product/lge/Y28484s3.jpg?im=Resize,width=750"|""|"https://xcdn.next.co.uk/common/items/default/default/itemimages/3_4Ratio/product/lge/Y28484s4.jpg?im=Resize,width=750"|""|"https://xcdn.next.co.uk/common/items/default/default/itemimages/3_4Ratio/product/lge/Y28484s5.jpg?im=Resize,width=750"|""|""|""|"Regular"|""|"Main 100% Cotton. Embroidery 100% Cotton."|""|""|""|""|""|""|""|""|""|""|""|""|""|""|""|""|""|""|""|""|"True"|""|"Y28-484-18P"|""|""|""|""|""|""|""|""|""
"Y28-484-20"|"next"|""|""|""|""|""|""|""|"2026-03-27"|"Love & Roses x RHS Ivory 3D Floral Print Blouse"|"Love & Roses"|""|""|""|""|"Home"|"Women"|"Blouses & Shirts"|"Love & Roses x RHS Ivory 3D Floral Print Blouse"|""|""|""|"46.00"|"46.00"|""|""|""|""|""|""|""|""|""|""|""|""|""|"GBP"|"Home > Women > blouses & shirts > Love & Roses x RHS Ivory 3D Floral Print Blouse"|"https://www.next.co.uk/style/su899145/y28484#y28484"|""|"Add a touch of charm to your seasonal wardrobe with this ivory blouse from Love & Roses, featuring a stunning 3D floral print. This gorgeous spring blouse is elevated with intricate floral details and a flattering V-neckline, making it an ideal choice for warm-weather styling. Intricate 3D floral print detailing Breathable and lightweight ivory fabric Flattering V-neckline with delicate trim Elegant three-quarter length sleeves"|""|""|""|""|""|""|""|""|""|""|""|""|""|""|""|""|""|""|""|""|""|""|""|""|""|""|""|""|""|""|""|"Ivory"|""|""|""|""|""|""|"20"|""|""|""|"https://xcdn.next.co.uk/common/items/default/default/itemimages/3_4Ratio/product/lge/Y28484s.jpg?im=Resize,width=750"|""|"https://xcdn.next.co.uk/common/items/default/default/itemimages/3_4Ratio/product/lge/Y28484s2.jpg?im=Resize,width=750"|""|"https://xcdn.next.co.uk/common/items/default/default/itemimages/3_4Ratio/product/lge/Y28484s3.jpg?im=Resize,width=750"|""|"https://xcdn.next.co.uk/common/items/default/default/itemimages/3_4Ratio/product/lge/Y28484s4.jpg?im=Resize,width=750"|""|"https://xcdn.next.co.uk/common/items/default/default/itemimages/3_4Ratio/product/lge/Y28484s5.jpg?im=Resize,width=750"|""|""|""|"Regular"|""|"Main 100% Cotton. Embroidery 100% Cotton."|""|""|""|""|""|""|""|""|""|""|""|""|""|""|""|""|""|""|""|""|"True"|""|"Y28-484-20P"|""|""|""|""|""|""|""|""|""
"Y28-484-22"|"next"|""|""|""|""|""|""|""|"2026-03-27"|"Love & Roses x RHS Ivory 3D Floral Print Blouse"|"Love & Roses"|""|""|""|""|"Home"|"Women"|"Blouses & Shirts"|"Love & Roses x RHS Ivory 3D Floral Print Blouse"|""|""|""|"46.00"|"46.00"|""|""|""|""|""|""|""|""|""|""|""|""|""|"GBP"|"Home > Women > blouses & shirts > Love & Roses x RHS Ivory 3D Floral Print Blouse"|"https://www.next.co.uk/style/su899145/y28484#y28484"|""|"Add a touch of charm to your seasonal wardrobe with this ivory blouse from Love & Roses, featuring a stunning 3D floral print. This gorgeous spring blouse is elevated with intricate floral details and a flattering V-neckline, making it an ideal choice for warm-weather styling. Intricate 3D floral print detailing Breathable and lightweight ivory fabric Flattering V-neckline with delicate trim Elegant three-quarter length sleeves"|""|""|""|""|""|""|""|""|""|""|""|""|""|""|""|""|""|""|""|""|""|""|""|""|""|""|""|""|""|""|""|"Ivory"|""|""|""|""|""|""|"22"|""|""|""|"https://xcdn.next.co.uk/common/items/default/default/itemimages/3_4Ratio/product/lge/Y28484s.jpg?im=Resize,width=750"|""|"https://xcdn.next.co.uk/common/items/default/default/itemimages/3_4Ratio/product/lge/Y28484s2.jpg?im=Resize,width=750"|""|"https://xcdn.next.co.uk/common/items/default/default/itemimages/3_4Ratio/product/lge/Y28484s3.jpg?im=Resize,width=750"|""|"https://xcdn.next.co.uk/common/items/default/default/itemimages/3_4Ratio/product/lge/Y28484s4.jpg?im=Resize,width=750"|""|"https://xcdn.next.co.uk/common/items/default/default/itemimages/3_4Ratio/product/lge/Y28484s5.jpg?im=Resize,width=750"|""|""|""|"Regular"|""|"Main 100% Cotton. Embroidery 100% Cotton."|""|""|""|""|""|""|""|""|""|""|""|""|""|""|""|""|""|""|""|""|"True"|""|"Y28-484-22P"|""|""|""|""|""|""|""|""|""
"W67-359-6"|"next"|""|""|""|""|""|""|""|"2026-03-27"|"White Flutter Sleeve Button Front Top With Linen"|"Next"|""|""|""|""|"Home"|"Women"|"Blouses & Shirts"|"White Flutter Sleeve Button Front Top With Linen"|""|""|""|"19.00"|"19.00"|""|""|""|""|""|""|""|""|""|""|""|""|""|"GBP"|"Home > Women > blouses & shirts > White Flutter Sleeve Button Front Top With Linen"|"https://www.next.co.uk/style/su773251/w67359#w67359"|""|"This square neck smocked blouse in breathable fabric is a versatile choice for polished daytime dressing. It features delicate smocking across the bust to ensure a comfortable, shaped fit that flatters the silhouette. Square neckline Smocked bust detail Flutter cap sleeves Full front button placket Soft breathable fabric"|""|""|""|""|""|""|""|""|""|""|""|""|""|""|""|""|""|""|""|""|""|""|""|""|""|""|""|""|""|""|""|"White"|""|""|""|""|""|""|"6"|"4.5"|"87"|""|"https://xcdn.next.co.uk/common/items/default/default/itemimages/3_4Ratio/product/lge/W67359s.jpg?im=Resize,width=750"|""|"https://xcdn.next.co.uk/common/items/default/default/itemimages/3_4Ratio/product/lge/W67359s2.jpg?im=Resize,width=750"|""|"https://xcdn.next.co.uk/common/items/default/default/itemimages/3_4Ratio/product/lge/W67359s3.jpg?im=Resize,width=750"|""|"https://xcdn.next.co.uk/common/items/default/default/itemimages/3_4Ratio/product/lge/W67359s4.jpg?im=Resize,width=750"|""|"https://xcdn.next.co.uk/common/items/default/default/itemimages/3_4Ratio/product/lge/W67359s5.jpg?im=Resize,width=750"|""|"https://xcdn.next.co.uk/common/items/default/default/itemimages/3_4Ratio/product/lge/W67359s6.jpg?im=Resize,width=750"|""|"Regular"|""|"70% TENCEL™ lyocell, 30% Linen."|""|"Machine washable."|""|""|""|""|""|""|""|""|""|""|""|""|""|""|""|""|""|""|"False"|""|"W67-359-6P"|""|""|""|""|""|""|""|""|""
"W67-359-8"|"next"|""|""|""|""|""|""|""|"2026-03-27"|"White Flutter Sleeve Button Front Top With Linen"|"Next"|""|""|""|""|"Home"|"Women"|"Blouses & Shirts"|"White Flutter Sleeve Button Front Top With Linen"|""|""|""|"19.00"|"19.00"|""|""|""|""|""|""|""|""|""|""|""|""|""|"GBP"|"Home > Women > blouses & shirts > White Flutter Sleeve Button Front Top With Linen"|"https://www.next.co.uk/style/su773251/w67359#w67359"|""|"This square neck smocked blouse in breathable fabric is a versatile choice for polished daytime dressing. It features delicate smocking across the bust to ensure a comfortable, shaped fit that flatters the silhouette. Square neckline Smocked bust detail Flutter cap sleeves Full front button placket Soft breathable fabric"|""|""|""|""|""|""|""|""|""|""|""|""|""|""|""|""|""|""|""|""|""|""|""|""|""|""|""|""|""|""|""|"White"|""|""|""|""|""|""|"8"|"4.5"|"87"|""|"https://xcdn.next.co.uk/common/items/default/default/itemimages/3_4Ratio/product/lge/W67359s.jpg?im=Resize,width=750"|""|"https://xcdn.next.co.uk/common/items/default/default/itemimages/3_4Ratio/product/lge/W67359s2.jpg?im=Resize,width=750"|""|"https://xcdn.next.co.uk/common/items/default/default/itemimages/3_4Ratio/product/lge/W67359s3.jpg?im=Resize,width=750"|""|"https://xcdn.next.co.uk/common/items/default/default/itemimages/3_4Ratio/product/lge/W67359s4.jpg?im=Resize,width=750"|""|"https://xcdn.next.co.uk/common/items/default/default/itemimages/3_4Ratio/product/lge/W67359s5.jpg?im=Resize,width=750"|""|"https://xcdn.next.co.uk/common/items/default/default/itemimages/3_4Ratio/product/lge/W67359s6.jpg?im=Resize,width=750"|""|"Regular"|""|"70% TENCEL™ lyocell, 30% Linen."|""|"Machine washable."|""|""|""|""|""|""|""|""|""|""|""|""|""|""|""|""|""|""|"True"|""|"W67-359-8P"|""|""|""|""|""|""|""|""|""
"W67-359-10"|"next"|""|""|""|""|""|""|""|"2026-03-27"|"White Flutter Sleeve Button Front Top With Linen"|"Next"|""|""|""|""|"Home"|"Women"|"Blouses & Shirts"|"White Flutter Sleeve Button Front Top With Linen"|""|""|""|"19.00"|"19.00"|""|""|""|""|""|""|""|""|""|""|""|""|""|"GBP"|"Home > Women > blouses & shirts > White Flutter Sleeve Button Front Top With Linen"|"https://www.next.co.uk/style/su773251/w67359#w67359"|""|"This square neck smocked blouse in breathable fabric is a versatile choice for polished daytime dressing. It features delicate smocking across the bust to ensure a comfortable, shaped fit that flatters the silhouette. Square neckline Smocked bust detail Flutter cap sleeves Full front button placket Soft breathable fabric"|""|""|""|""|""|""|""|""|""|""|""|""|""|""|""|""|""|""|""|""|""|""|""|""|""|""|""|""|""|""|""|"White"|""|""|""|""|""|""|"10"|"4.5"|"87"|""|"https://xcdn.next.co.uk/common/items/default/default/itemimages/3_4Ratio/product/lge/W67359s.jpg?im=Resize,width=750"|""|"https://xcdn.next.co.uk/common/items/default/default/itemimages/3_4Ratio/product/lge/W67359s2.jpg?im=Resize,width=750"|""|"https://xcdn.next.co.uk/common/items/default/default/itemimages/3_4Ratio/product/lge/W67359s3.jpg?im=Resize,width=750"|""|"https://xcdn.next.co.uk/common/items/default/default/itemimages/3_4Ratio/product/lge/W67359s4.jpg?im=Resize,width=750"|""|"https://xcdn.next.co.uk/common/items/default/default/itemimages/3_4Ratio/product/lge/W67359s5.jpg?im=Resize,width=750"|""|"https://xcdn.next.co.uk/common/items/default/default/itemimages/3_4Ratio/product/lge/W67359s6.jpg?im=Resize,width=750"|""|"Regular"|""|"70% TENCEL™ lyocell, 30% Linen."|""|"Machine washable."|""|""|""|""|""|""|""|""|""|""|""|""|""|""|""|""|""|""|"True"|""|"W67-359-10P"|""|""|""|""|""|""|""|""|""
"W67-359-12"|"next"|""|""|""|""|""|""|""|"2026-03-27"|"White Flutter Sleeve Button Front Top With Linen"|"Next"|""|""|""|""|"Home"|"Women"|"Blouses & Shirts"|"White Flutter Sleeve Button Front Top With Linen"|""|""|""|"19.00"|"19.00"|""|""|""|""|""|""|""|""|""|""|""|""|""|"GBP"|"Home > Women > blouses & shirts > White Flutter Sleeve Button Front Top With Linen"|"https://www.next.co.uk/style/su773251/w67359#w67359"|""|"This square neck smocked blouse in breathable fabric is a versatile choice for polished daytime dressing. It features delicate smocking across the bust to ensure a comfortable, shaped fit that flatters the silhouette. Square neckline Smocked bust detail Flutter cap sleeves Full front button placket Soft breathable fabric"|""|""|""|""|""|""|""|""|""|""|""|""|""|""|""|""|""|""|""|""|""|""|""|""|""|""|""|""|""|""|""|"White"|""|""|""|""|""|""|"12"|"4.5"|"87"|""|"https://xcdn.next.co.uk/common/items/default/default/itemimages/3_4Ratio/product/lge/W67359s.jpg?im=Resize,width=750"|""|"https://xcdn.next.co.uk/common/items/default/default/itemimages/3_4Ratio/product/lge/W67359s2.jpg?im=Resize,width=750"|""|"https://xcdn.next.co.uk/common/items/default/default/itemimages/3_4Ratio/product/lge/W67359s3.jpg?im=Resize,width=750"|""|"https://xcdn.next.co.uk/common/items/default/default/itemimages/3_4Ratio/product/lge/W67359s4.jpg?im=Resize,width=750"|""|"https://xcdn.next.co.uk/common/items/default/default/itemimages/3_4Ratio/product/lge/W67359s5.jpg?im=Resize,width=750"|""|"https://xcdn.next.co.uk/common/items/default/default/itemimages/3_4Ratio/product/lge/W67359s6.jpg?im=Resize,width=750"|""|"Regular"|""|"70% TENCEL™ lyocell, 30% Linen."|""|"Machine washable."|""|""|""|""|""|""|""|""|""|""|""|""|""|""|""|""|""|""|"True"|""|"W67-359-12P"|""|""|""|""|""|""|""|""|""
"W67-359-14"|"next"|""|""|""|""|""|""|""|"2026-03-27"|"White Flutter Sleeve Button Front Top With Linen"|"Next"|""|""|""|""|"Home"|"Women"|"Blouses & Shirts"|"White Flutter Sleeve Button Front Top With Linen"|""|""|""|"19.00"|"19.00"|""|""|""|""|""|""|""|""|""|""|""|""|""|"GBP"|"Home > Women > blouses & shirts > White Flutter Sleeve Button Front Top With Linen"|"https://www.next.co.uk/style/su773251/w67359#w67359"|""|"This square neck smocked blouse in breathable fabric is a versatile choice for polished daytime dressing. It features delicate smocking across the bust to ensure a comfortable, shaped fit that flatters the silhouette. Square neckline Smocked bust detail Flutter cap sleeves Full front button placket Soft breathable fabric"|""|""|""|""|""|""|""|""|""|""|""|""|""|""|""|""|""|""|""|""|""|""|""|""|""|""|""|""|""|""|""|"White"|""|""|""|""|""|""|"14"|"4.5"|"87"|""|"https://xcdn.next.co.uk/common/items/default/default/itemimages/3_4Ratio/product/lge/W67359s.jpg?im=Resize,width=750"|""|"https://xcdn.next.co.uk/common/items/default/default/itemimages/3_4Ratio/product/lge/W67359s2.jpg?im=Resize,width=750"|""|"https://xcdn.next.co.uk/common/items/default/default/itemimages/3_4Ratio/product/lge/W67359s3.jpg?im=Resize,width=750"|""|"https://xcdn.next.co.uk/common/items/default/default/itemimages/3_4Ratio/product/lge/W67359s4.jpg?im=Resize,width=750"|""|"https://xcdn.next.co.uk/common/items/default/default/itemimages/3_4Ratio/product/lge/W67359s5.jpg?im=Resize,width=750"|""|"https://xcdn.next.co.uk/common/items/default/default/itemimages/3_4Ratio/product/lge/W67359s6.jpg?im=Resize,width=750"|""|"Regular"|""|"70% TENCEL™ lyocell, 30% Linen."|""|"Machine washable."|""|""|""|""|""|""|""|""|""|""|""|""|""|""|""|""|""|""|"True"|""|"W67-359-14P"|""|""|""|""|""|""|""|""|""
"W67-359-16"|"next"|""|""|""|""|""|""|""|"2026-03-27"|"White Flutter Sleeve Button Front Top With Linen"|"Next"|""|""|""|""|"Home"|"Women"|"Blouses & Shirts"|"White Flutter Sleeve Button Front Top With Linen"|""|""|""|"19.00"|"19.00"|""|""|""|""|""|""|""|""|""|""|""|""|""|"GBP"|"Home > Women > blouses & shirts > White Flutter Sleeve Button Front Top With Linen"|"https://www.next.co.uk/style/su773251/w67359#w67359"|""|"This square neck smocked blouse in breathable fabric is a versatile choice for polished daytime dressing. It features delicate smocking across the bust to ensure a comfortable, shaped fit that flatters the silhouette. Square neckline Smocked bust detail Flutter cap sleeves Full front button placket Soft breathable fabric"|""|""|""|""|""|""|""|""|""|""|""|""|""|""|""|""|""|""|""|""|""|""|""|""|""|""|""|""|""|""|""|"White"|""|""|""|""|""|""|"16"|"4.5"|"87"|""|"https://xcdn.next.co.uk/common/items/default/default/itemimages/3_4Ratio/product/lge/W67359s.jpg?im=Resize,width=750"|""|"https://xcdn.next.co.uk/common/items/default/default/itemimages/3_4Ratio/product/lge/W67359s2.jpg?im=Resize,width=750"|""|"https://xcdn.next.co.uk/common/items/default/default/itemimages/3_4Ratio/product/lge/W67359s3.jpg?im=Resize,width=750"|""|"https://xcdn.next.co.uk/common/items/default/default/itemimages/3_4Ratio/product/lge/W67359s4.jpg?im=Resize,width=750"|""|"https://xcdn.next.co.uk/common/items/default/default/itemimages/3_4Ratio/product/lge/W67359s5.jpg?im=Resize,width=750"|""|"https://xcdn.next.co.uk/common/items/default/default/itemimages/3_4Ratio/product/lge/W67359s6.jpg?im=Resize,width=750"|""|"Regular"|""|"70% TENCEL™ lyocell, 30% Linen."|""|"Machine washable."|""|""|""|""|""|""|""|""|""|""|""|""|""|""|""|""|""|""|"True"|""|"W67-359-16P"|""|""|""|""|""|""|""|""|""
"W67-359-18"|"next"|""|""|""|""|""|""|""|"2026-03-27"|"White Flutter Sleeve Button Front Top With Linen"|"Next"|""|""|""|""|"Home"|"Women"|"Blouses & Shirts"|"White Flutter Sleeve Button Front Top With Linen"|""|""|""|"19.00"|"19.00"|""|""|""|""|""|""|""|""|""|""|""|""|""|"GBP"|"Home > Women > blouses & shirts > White Flutter Sleeve Button Front Top With Linen"|"https://www.next.co.uk/style/su773251/w67359#w67359"|""|"This square neck smocked blouse in breathable fabric is a versatile choice for polished daytime dressing. It features delicate smocking across the bust to ensure a comfortable, shaped fit that flatters the silhouette. Square neckline Smocked bust detail Flutter cap sleeves Full front button placket Soft breathable fabric"|""|""|""|""|""|""|""|""|""|""|""|""|""|""|""|""|""|""|""|""|""|""|""|""|""|""|""|""|""|""|""|"White"|""|""|""|""|""|""|"18"|"4.5"|"87"|""|"https://xcdn.next.co.uk/common/items/default/default/itemimages/3_4Ratio/product/lge/W67359s.jpg?im=Resize,width=750"|""|"https://xcdn.next.co.uk/common/items/default/default/itemimages/3_4Ratio/product/lge/W67359s2.jpg?im=Resize,width=750"|""|"https://xcdn.next.co.uk/common/items/default/default/itemimages/3_4Ratio/product/lge/W67359s3.jpg?im=Resize,width=750"|""|"https://xcdn.next.co.uk/common/items/default/default/itemimages/3_4Ratio/product/lge/W67359s4.jpg?im=Resize,width=750"|""|"https://xcdn.next.co.uk/common/items/default/default/itemimages/3_4Ratio/product/lge/W67359s5.jpg?im=Resize,width=750"|""|"https://xcdn.next.co.uk/common/items/default/default/itemimages/3_4Ratio/product/lge/W67359s6.jpg?im=Resize,width=750"|""|"Regular"|""|"70% TENCEL™ lyocell, 30% Linen."|""|"Machine washable."|""|""|""|""|""|""|""|""|""|""|""|""|""|""|""|""|""|""|"True"|""|"W67-359-18P"|""|""|""|""|""|""|""|""|""
"W67-359-20"|"next"|""|""|""|""|""|""|""|"2026-03-27"|"White Flutter Sleeve Button Front Top With Linen"|"Next"|""|""|""|""|"Home"|"Women"|"Blouses & Shirts"|"White Flutter Sleeve Button Front Top With Linen"|""|""|""|"19.00"|"19.00"|""|""|""|""|""|""|""|""|""|""|""|""|""|"GBP"|"Home > Women > blouses & shirts > White Flutter Sleeve Button Front Top With Linen"|"https://www.next.co.uk/style/su773251/w67359#w67359"|""|"This square neck smocked blouse in breathable fabric is a versatile choice for polished daytime dressing. It features delicate smocking across the bust to ensure a comfortable, shaped fit that flatters the silhouette. Square neckline Smocked bust detail Flutter cap sleeves Full front button placket Soft breathable fabric"|""|""|""|""|""|""|""|""|""|""|""|""|""|""|""|""|""|""|""|""|""|""|""|""|""|""|""|""|""|""|""|"White"|""|""|""|""|""|""|"20"|"4.5"|"87"|""|"https://xcdn.next.co.uk/common/items/default/default/itemimages/3_4Ratio/product/lge/W67359s.jpg?im=Resize,width=750"|""|"https://xcdn.next.co.uk/common/items/default/default/itemimages/3_4Ratio/product/lge/W67359s2.jpg?im=Resize,width=750"|""|"https://xcdn.next.co.uk/common/items/default/default/itemimages/3_4Ratio/product/lge/W67359s3.jpg?im=Resize,width=750"|""|"https://xcdn.next.co.uk/common/items/default/default/itemimages/3_4Ratio/product/lge/W67359s4.jpg?im=Resize,width=750"|""|"https://xcdn.next.co.uk/common/items/default/default/itemimages/3_4Ratio/product/lge/W67359s5.jpg?im=Resize,width=750"|""|"https://xcdn.next.co.uk/common/items/default/default/itemimages/3_4Ratio/product/lge/W67359s6.jpg?im=Resize,width=750"|""|"Regular"|""|"70% TENCEL™ lyocell, 30% Linen."|""|"Machine washable."|""|""|""|""|""|""|""|""|""|""|""|""|""|""|""|""|""|""|"True"|""|"W67-359-20P"|""|""|""|""|""|""|""|""|""
"W67-359-22"|"next"|""|""|""|""|""|""|""|"2026-03-27"|"White Flutter Sleeve Button Front Top With Linen"|"Next"|""|""|""|""|"Home"|"Women"|"Blouses & Shirts"|"White Flutter Sleeve Button Front Top With Linen"|""|""|""|"19.00"|"19.00"|""|""|""|""|""|""|""|""|""|""|""|""|""|"GBP"|"Home > Women > blouses & shirts > White Flutter Sleeve Button Front Top With Linen"|"https://www.next.co.uk/style/su773251/w67359#w67359"|""|"This square neck smocked blouse in breathable fabric is a versatile choice for polished daytime dressing. It features delicate smocking across the bust to ensure a comfortable, shaped fit that flatters the silhouette. Square neckline Smocked bust detail Flutter cap sleeves Full front button placket Soft breathable fabric"|""|""|""|""|""|""|""|""|""|""|""|""|""|""|""|""|""|""|""|""|""|""|""|""|""|""|""|""|""|""|""|"White"|""|""|""|""|""|""|"22"|"4.5"|"87"|""|"https://xcdn.next.co.uk/common/items/default/default/itemimages/3_4Ratio/product/lge/W67359s.jpg?im=Resize,width=750"|""|"https://xcdn.next.co.uk/common/items/default/default/itemimages/3_4Ratio/product/lge/W67359s2.jpg?im=Resize,width=750"|""|"https://xcdn.next.co.uk/common/items/default/default/itemimages/3_4Ratio/product/lge/W67359s3.jpg?im=Resize,width=750"|""|"https://xcdn.next.co.uk/common/items/default/default/itemimages/3_4Ratio/product/lge/W67359s4.jpg?im=Resize,width=750"|""|"https://xcdn.next.co.uk/common/items/default/default/itemimages/3_4Ratio/product/lge/W67359s5.jpg?im=Resize,width=750"|""|"https://xcdn.next.co.uk/common/items/default/default/itemimages/3_4Ratio/product/lge/W67359s6.jpg?im=Resize,width=750"|""|"Regular"|""|"70% TENCEL™ lyocell, 30% Linen."|""|"Machine washable."|""|""|""|""|""|""|""|""|""|""|""|""|""|""|""|""|""|""|"True"|""|"W67-359-22P"|""|""|""|""|""|""|""|""|""
"W67-359-24"|"next"|""|""|""|""|""|""|""|"2026-03-27"|"White Flutter Sleeve Button Front Top With Linen"|"Next"|""|""|""|""|"Home"|"Women"|"Blouses & Shirts"|"White Flutter Sleeve Button Front Top With Linen"|""|""|""|"19.00"|"19.00"|""|""|""|""|""|""|""|""|""|""|""|""|""|"GBP"|"Home > Women > blouses & shirts > White Flutter Sleeve Button Front Top With Linen"|"https://www.next.co.uk/style/su773251/w67359#w67359"|""|"This square neck smocked blouse in breathable fabric is a versatile choice for polished daytime dressing. It features delicate smocking across the bust to ensure a comfortable, shaped fit that flatters the silhouette. Square neckline Smocked bust detail Flutter cap sleeves Full front button placket Soft breathable fabric"|""|""|""|""|""|""|""|""|""|""|""|""|""|""|""|""|""|""|""|""|""|""|""|""|""|""|""|""|""|""|""|"White"|""|""|""|""|""|""|"24"|"4.5"|"87"|""|"https://xcdn.next.co.uk/common/items/default/default/itemimages/3_4Ratio/product/lge/W67359s.jpg?im=Resize,width=750"|""|"https://xcdn.next.co.uk/common/items/default/default/itemimages/3_4Ratio/product/lge/W67359s2.jpg?im=Resize,width=750"|""|"https://xcdn.next.co.uk/common/items/default/default/itemimages/3_4Ratio/product/lge/W67359s3.jpg?im=Resize,width=750"|""|"https://xcdn.next.co.uk/common/items/default/default/itemimages/3_4Ratio/product/lge/W67359s4.jpg?im=Resize,width=750"|""|"https://xcdn.next.co.uk/common/items/default/default/itemimages/3_4Ratio/product/lge/W67359s5.jpg?im=Resize,width=750"|""|"https://xcdn.next.co.uk/common/items/default/default/itemimages/3_4Ratio/product/lge/W67359s6.jpg?im=Resize,width=750"|""|"Regular"|""|"70% TENCEL™ lyocell, 30% Linen."|""|"Machine washable."|""|""|""|""|""|""|""|""|""|""|""|""|""|""|""|""|""|""|"True"|""|"W67-359-24P"|""|""|""|""|""|""|""|""|""
"W67-359-26"|"next"|""|""|""|""|""|""|""|"2026-03-27"|"White Flutter Sleeve Button Front Top With Linen"|"Next"|""|""|""|""|"Home"|"Women"|"Blouses & Shirts"|"White Flutter Sleeve Button Front Top With Linen"|""|""|""|"19.00"|"19.00"|""|""|""|""|""|""|""|""|""|""|""|""|""|"GBP"|"Home > Women > blouses & shirts > White Flutter Sleeve Button Front Top With Linen"|"https://www.next.co.uk/style/su773251/w67359#w67359"|""|"This square neck smocked blouse in breathable fabric is a versatile choice for polished daytime dressing. It features delicate smocking across the bust to ensure a comfortable, shaped fit that flatters the silhouette. Square neckline Smocked bust detail Flutter cap sleeves Full front button placket Soft breathable fabric"|""|""|""|""|""|""|""|""|""|""|""|""|""|""|""|""|""|""|""|""|""|""|""|""|""|""|""|""|""|""|""|"White"|""|""|""|""|""|""|"26"|"4.5"|"87"|""|"https://xcdn.next.co.uk/common/items/default/default/itemimages/3_4Ratio/product/lge/W67359s.jpg?im=Resize,width=750"|""|"https://xcdn.next.co.uk/common/items/default/default/itemimages/3_4Ratio/product/lge/W67359s2.jpg?im=Resize,width=750"|""|"https://xcdn.next.co.uk/common/items/default/default/itemimages/3_4Ratio/product/lge/W67359s3.jpg?im=Resize,width=750"|""|"https://xcdn.next.co.uk/common/items/default/default/itemimages/3_4Ratio/product/lge/W67359s4.jpg?im=Resize,width=750"|""|"https://xcdn.next.co.uk/common/items/default/default/itemimages/3_4Ratio/product/lge/W67359s5.jpg?im=Resize,width=750"|""|"https://xcdn.next.co.uk/common/items/default/default/itemimages/3_4Ratio/product/lge/W67359s6.jpg?im=Resize,width=750"|""|"Regular"|""|"70% TENCEL™ lyocell, 30% Linen."|""|"Machine washable."|""|""|""|""|""|""|""|""|""|""|""|""|""|""|""|""|""|""|"True"|""|"W67-359-26P"|""|""|""|""|""|""|""|""|""
"H60-424-6"|"next"|""|""|""|""|""|""|""|"2026-03-27"|"Blue/White Stripe Soft Relaxed Long Sleeve Shirt"|"Next"|""|""|""|""|"Home"|"Women"|"Blouses & Shirts"|"Blue/White Stripe Soft Relaxed Long Sleeve Shirt"|""|""|""|"28.00"|"28.00"|""|""|""|""|""|""|""|""|""|""|""|""|""|"GBP"|"Home > Women > blouses & shirts > Blue/White Stripe Soft Relaxed Long Sleeve Shirt"|"https://www.next.co.uk/style/su773076/h60424#h60424"|""|"Brighten up your wardrobe with this soft, relaxed long sleeve shirt. Crafted from a lightweight, comfortable fabric, this button-down shirt is perfect for dressing up or down. Featuring a classic collar, V-shaped neckline, and chest pocket, it's a versatile piece for chic, everyday wear. Relaxed fit shirt Classic collar V-shaped neckline Button-up fastening Long sleeve with cuff Chest pocket Curved shirt hem"|""|""|""|""|""|""|""|""|""|""|""|""|""|""|""|""|""|""|""|""|""|""|""|""|""|""|""|""|""|""|""|"Blue/White Stripe"|""|""|""|""|""|""|"6"|"4.4"|"33"|""|"https://xcdn.next.co.uk/common/items/default/default/itemimages/3_4Ratio/product/lge/H60424s.jpg?im=Resize,width=750"|""|"https://xcdn.next.co.uk/common/items/default/default/itemimages/3_4Ratio/product/lge/H60424s2.jpg?im=Resize,width=750"|""|"https://xcdn.next.co.uk/common/items/default/default/itemimages/3_4Ratio/product/lge/H60424s3.jpg?im=Resize,width=750"|""|"https://xcdn.next.co.uk/common/items/default/default/itemimages/3_4Ratio/product/lge/H60424s4.jpg?im=Resize,width=750"|""|"https://xcdn.next.co.uk/common/items/default/default/itemimages/3_4Ratio/product/lge/H60424s5.jpg?im=Resize,width=750"|""|"https://xcdn.next.co.uk/common/items/default/default/itemimages/3_4Ratio/product/lge/H60424s6.jpg?im=Resize,width=750"|""|"Regular"|""|"54% Cotton, 46% TENCEL™ lyocell."|""|"Machine washable."|""|""|""|""|""|""|""|""|""|""|""|""|""|""|""|""|""|""|"True"|""|"H60-424-6P"|""|""|""|""|""|""|""|""|""
"H60-424-8"|"next"|""|""|""|""|""|""|""|"2026-03-27"|"Blue/White Stripe Soft Relaxed Long Sleeve Shirt"|"Next"|""|""|""|""|"Home"|"Women"|"Blouses & Shirts"|"Blue/White Stripe Soft Relaxed Long Sleeve Shirt"|""|""|""|"28.00"|"28.00"|""|""|""|""|""|""|""|""|""|""|""|""|""|"GBP"|"Home > Women > blouses & shirts > Blue/White Stripe Soft Relaxed Long Sleeve Shirt"|"https://www.next.co.uk/style/su773076/h60424#h60424"|""|"Brighten up your wardrobe with this soft, relaxed long sleeve shirt. Crafted from a lightweight, comfortable fabric, this button-down shirt is perfect for dressing up or down. Featuring a classic collar, V-shaped neckline, and chest pocket, it's a versatile piece for chic, everyday wear. Relaxed fit shirt Classic collar V-shaped neckline Button-up fastening Long sleeve with cuff Chest pocket Curved shirt hem"|""|""|""|""|""|""|""|""|""|""|""|""|""|""|""|""|""|""|""|""|""|""|""|""|""|""|""|""|""|""|""|"Blue/White Stripe"|""|""|""|""|""|""|"8"|"4.4"|"33"|""|"https://xcdn.next.co.uk/common/items/default/default/itemimages/3_4Ratio/product/lge/H60424s.jpg?im=Resize,width=750"|""|"https://xcdn.next.co.uk/common/items/default/default/itemimages/3_4Ratio/product/lge/H60424s2.jpg?im=Resize,width=750"|""|"https://xcdn.next.co.uk/common/items/default/default/itemimages/3_4Ratio/product/lge/H60424s3.jpg?im=Resize,width=750"|""|"https://xcdn.next.co.uk/common/items/default/default/itemimages/3_4Ratio/product/lge/H60424s4.jpg?im=Resize,width=750"|""|"https://xcdn.next.co.uk/common/items/default/default/itemimages/3_4Ratio/product/lge/H60424s5.jpg?im=Resize,width=750"|""|"https://xcdn.next.co.uk/common/items/default/default/itemimages/3_4Ratio/product/lge/H60424s6.jpg?im=Resize,width=750"|""|"Regular"|""|"54% Cotton, 46% TENCEL™ lyocell."|""|"Machine washable."|""|""|""|""|""|""|""|""|""|""|""|""|""|""|""|""|""|""|"True"|""|"H60-424-8P"|""|""|""|""|""|""|""|""|""
"H60-424-10"|"next"|""|""|""|""|""|""|""|"2026-03-27"|"Blue/White Stripe Soft Relaxed Long Sleeve Shirt"|"Next"|""|""|""|""|"Home"|"Women"|"Blouses & Shirts"|"Blue/White Stripe Soft Relaxed Long Sleeve Shirt"|""|""|""|"28.00"|"28.00"|""|""|""|""|""|""|""|""|""|""|""|""|""|"GBP"|"Home > Women > blouses & shirts > Blue/White Stripe Soft Relaxed Long Sleeve Shirt"|"https://www.next.co.uk/style/su773076/h60424#h60424"|""|"Brighten up your wardrobe with this soft, relaxed long sleeve shirt. Crafted from a lightweight, comfortable fabric, this button-down shirt is perfect for dressing up or down. Featuring a classic collar, V-shaped neckline, and chest pocket, it's a versatile piece for chic, everyday wear. Relaxed fit shirt Classic collar V-shaped neckline Button-up fastening Long sleeve with cuff Chest pocket Curved shirt hem"|""|""|""|""|""|""|""|""|""|""|""|""|""|""|""|""|""|""|""|""|""|""|""|""|""|""|""|""|""|""|""|"Blue/White Stripe"|""|""|""|""|""|""|"10"|"4.4"|"33"|""|"https://xcdn.next.co.uk/common/items/default/default/itemimages/3_4Ratio/product/lge/H60424s.jpg?im=Resize,width=750"|""|"https://xcdn.next.co.uk/common/items/default/default/itemimages/3_4Ratio/product/lge/H60424s2.jpg?im=Resize,width=750"|""|"https://xcdn.next.co.uk/common/items/default/default/itemimages/3_4Ratio/product/lge/H60424s3.jpg?im=Resize,width=750"|""|"https://xcdn.next.co.uk/common/items/default/default/itemimages/3_4Ratio/product/lge/H60424s4.jpg?im=Resize,width=750"|""|"https://xcdn.next.co.uk/common/items/default/default/itemimages/3_4Ratio/product/lge/H60424s5.jpg?im=Resize,width=750"|""|"https://xcdn.next.co.uk/common/items/default/default/itemimages/3_4Ratio/product/lge/H60424s6.jpg?im=Resize,width=750"|""|"Regular"|""|"54% Cotton, 46% TENCEL™ lyocell."|""|"Machine washable."|""|""|""|""|""|""|""|""|""|""|""|""|""|""|""|""|""|""|"True"|""|"H60-424-10P"|""|""|""|""|""|""|""|""|""
"H60-424-12"|"next"|""|""|""|""|""|""|""|"2026-03-27"|"Blue/White Stripe Soft Relaxed Long Sleeve Shirt"|"Next"|""|""|""|""|"Home"|"Women"|"Blouses & Shirts"|"Blue/White Stripe Soft Relaxed Long Sleeve Shirt"|""|""|""|"28.00"|"28.00"|""|""|""|""|""|""|""|""|""|""|""|""|""|"GBP"|"Home > Women > blouses & shirts > Blue/White Stripe Soft Relaxed Long Sleeve Shirt"|"https://www.next.co.uk/style/su773076/h60424#h60424"|""|"Brighten up your wardrobe with this soft, relaxed long sleeve shirt. Crafted from a lightweight, comfortable fabric, this button-down shirt is perfect for dressing up or down. Featuring a classic collar, V-shaped neckline, and chest pocket, it's a versatile piece for chic, everyday wear. Relaxed fit shirt Classic collar V-shaped neckline Button-up fastening Long sleeve with cuff Chest pocket Curved shirt hem"|""|""|""|""|""|""|""|""|""|""|""|""|""|""|""|""|""|""|""|""|""|""|""|""|""|""|""|""|""|""|""|"Blue/White Stripe"|""|""|""|""|""|""|"12"|"4.4"|"33"|""|"https://xcdn.next.co.uk/common/items/default/default/itemimages/3_4Ratio/product/lge/H60424s.jpg?im=Resize,width=750"|""|"https://xcdn.next.co.uk/common/items/default/default/itemimages/3_4Ratio/product/lge/H60424s2.jpg?im=Resize,width=750"|""|"https://xcdn.next.co.uk/common/items/default/default/itemimages/3_4Ratio/product/lge/H60424s3.jpg?im=Resize,width=750"|""|"https://xcdn.next.co.uk/common/items/default/default/itemimages/3_4Ratio/product/lge/H60424s4.jpg?im=Resize,width=750"|""|"https://xcdn.next.co.uk/common/items/default/default/itemimages/3_4Ratio/product/lge/H60424s5.jpg?im=Resize,width=750"|""|"https://xcdn.next.co.uk/common/items/default/default/itemimages/3_4Ratio/product/lge/H60424s6.jpg?im=Resize,width=750"|""|"Regular"|""|"54% Cotton, 46% TENCEL™ lyocell."|""|"Machine washable."|""|""|""|""|""|""|""|""|""|""|""|""|""|""|""|""|""|""|"True"|""|"H60-424-12P"|""|""|""|""|""|""|""|""|""
"H60-424-14"|"next"|""|""|""|""|""|""|""|"2026-03-27"|"Blue/White Stripe Soft Relaxed Long Sleeve Shirt"|"Next"|""|""|""|""|"Home"|"Women"|"Blouses & Shirts"|"Blue/White Stripe Soft Relaxed Long Sleeve Shirt"|""|""|""|"28.00"|"28.00"|""|""|""|""|""|""|""|""|""|""|""|""|""|"GBP"|"Home > Women > blouses & shirts > Blue/White Stripe Soft Relaxed Long Sleeve Shirt"|"https://www.next.co.uk/style/su773076/h60424#h60424"|""|"Brighten up your wardrobe with this soft, relaxed long sleeve shirt. Crafted from a lightweight, comfortable fabric, this button-down shirt is perfect for dressing up or down. Featuring a classic collar, V-shaped neckline, and chest pocket, it's a versatile piece for chic, everyday wear. Relaxed fit shirt Classic collar V-shaped neckline Button-up fastening Long sleeve with cuff Chest pocket Curved shirt hem"|""|""|""|""|""|""|""|""|""|""|""|""|""|""|""|""|""|""|""|""|""|""|""|""|""|""|""|""|""|""|""|"Blue/White Stripe"|""|""|""|""|""|""|"14"|"4.4"|"33"|""|"https://xcdn.next.co.uk/common/items/default/default/itemimages/3_4Ratio/product/lge/H60424s.jpg?im=Resize,width=750"|""|"https://xcdn.next.co.uk/common/items/default/default/itemimages/3_4Ratio/product/lge/H60424s2.jpg?im=Resize,width=750"|""|"https://xcdn.next.co.uk/common/items/default/default/itemimages/3_4Ratio/product/lge/H60424s3.jpg?im=Resize,width=750"|""|"https://xcdn.next.co.uk/common/items/default/default/itemimages/3_4Ratio/product/lge/H60424s4.jpg?im=Resize,width=750"|""|"https://xcdn.next.co.uk/common/items/default/default/itemimages/3_4Ratio/product/lge/H60424s5.jpg?im=Resize,width=750"|""|"https://xcdn.next.co.uk/common/items/default/default/itemimages/3_4Ratio/product/lge/H60424s6.jpg?im=Resize,width=750"|""|"Regular"|""|"54% Cotton, 46% TENCEL™ lyocell."|""|"Machine washable."|""|""|""|""|""|""|""|""|""|""|""|""|""|""|""|""|""|""|"True"|""|"H60-424-14P"|""|""|""|""|""|""|""|""|""
"H60-424-16"|"next"|""|""|""|""|""|""|""|"2026-03-27"|"Blue/White Stripe Soft Relaxed Long Sleeve Shirt"|"Next"|""|""|""|""|"Home"|"Women"|"Blouses & Shirts"|"Blue/White Stripe Soft Relaxed Long Sleeve Shirt"|""|""|""|"28.00"|"28.00"|""|""|""|""|""|""|""|""|""|""|""|""|""|"GBP"|"Home > Women > blouses & shirts > Blue/White Stripe Soft Relaxed Long Sleeve Shirt"|"https://www.next.co.uk/style/su773076/h60424#h60424"|""|"Brighten up your wardrobe with this soft, relaxed long sleeve shirt. Crafted from a lightweight, comfortable fabric, this button-down shirt is perfect for dressing up or down. Featuring a classic collar, V-shaped neckline, and chest pocket, it's a versatile piece for chic, everyday wear. Relaxed fit shirt Classic collar V-shaped neckline Button-up fastening Long sleeve with cuff Chest pocket Curved shirt hem"|""|""|""|""|""|""|""|""|""|""|""|""|""|""|""|""|""|""|""|""|""|""|""|""|""|""|""|""|""|""|""|"Blue/White Stripe"|""|""|""|""|""|""|"16"|"4.4"|"33"|""|"https://xcdn.next.co.uk/common/items/default/default/itemimages/3_4Ratio/product/lge/H60424s.jpg?im=Resize,width=750"|""|"https://xcdn.next.co.uk/common/items/default/default/itemimages/3_4Ratio/product/lge/H60424s2.jpg?im=Resize,width=750"|""|"https://xcdn.next.co.uk/common/items/default/default/itemimages/3_4Ratio/product/lge/H60424s3.jpg?im=Resize,width=750"|""|"https://xcdn.next.co.uk/common/items/default/default/itemimages/3_4Ratio/product/lge/H60424s4.jpg?im=Resize,width=750"|""|"https://xcdn.next.co.uk/common/items/default/default/itemimages/3_4Ratio/product/lge/H60424s5.jpg?im=Resize,width=750"|""|"https://xcdn.next.co.uk/common/items/default/default/itemimages/3_4Ratio/product/lge/H60424s6.jpg?im=Resize,width=750"|""|"Regular"|""|"54% Cotton, 46% TENCEL™ lyocell."|""|"Machine washable."|""|""|""|""|""|""|""|""|""|""|""|""|""|""|""|""|""|""|"True"|""|"H60-424-16P"|""|""|""|""|""|""|""|""|""
"H60-424-18"|"next"|""|""|""|""|""|""|""|"2026-03-27"|"Blue/White Stripe Soft Relaxed Long Sleeve Shirt"|"Next"|""|""|""|""|"Home"|"Women"|"Blouses & Shirts"|"Blue/White Stripe Soft Relaxed Long Sleeve Shirt"|""|""|""|"28.00"|"28.00"|""|""|""|""|""|""|""|""|""|""|""|""|""|"GBP"|"Home > Women > blouses & shirts > Blue/White Stripe Soft Relaxed Long Sleeve Shirt"|"https://www.next.co.uk/style/su773076/h60424#h60424"|""|"Brighten up your wardrobe with this soft, relaxed long sleeve shirt. Crafted from a lightweight, comfortable fabric, this button-down shirt is perfect for dressing up or down. Featuring a classic collar, V-shaped neckline, and chest pocket, it's a versatile piece for chic, everyday wear. Relaxed fit shirt Classic collar V-shaped neckline Button-up fastening Long sleeve with cuff Chest pocket Curved shirt hem"|""|""|""|""|""|""|""|""|""|""|""|""|""|""|""|""|""|""|""|""|""|""|""|""|""|""|""|""|""|""|""|"Blue/White Stripe"|""|""|""|""|""|""|"18"|"4.4"|"33"|""|"https://xcdn.next.co.uk/common/items/default/default/itemimages/3_4Ratio/product/lge/H60424s.jpg?im=Resize,width=750"|""|"https://xcdn.next.co.uk/common/items/default/default/itemimages/3_4Ratio/product/lge/H60424s2.jpg?im=Resize,width=750"|""|"https://xcdn.next.co.uk/common/items/default/default/itemimages/3_4Ratio/product/lge/H60424s3.jpg?im=Resize,width=750"|""|"https://xcdn.next.co.uk/common/items/default/default/itemimages/3_4Ratio/product/lge/H60424s4.jpg?im=Resize,width=750"|""|"https://xcdn.next.co.uk/common/items/default/default/itemimages/3_4Ratio/product/lge/H60424s5.jpg?im=Resize,width=750"|""|"https://xcdn.next.co.uk/common/items/default/default/itemimages/3_4Ratio/product/lge/H60424s6.jpg?im=Resize,width=750"|""|"Regular"|""|"54% Cotton, 46% TENCEL™ lyocell."|""|"Machine washable."|""|""|""|""|""|""|""|""|""|""|""|""|""|""|""|""|""|""|"True"|""|"H60-424-18P"|""|""|""|""|""|""|""|""|""
"H60-424-20"|"next"|""|""|""|""|""|""|""|"2026-03-27"|"Blue/White Stripe Soft Relaxed Long Sleeve Shirt"|"Next"|""|""|""|""|"Home"|"Women"|"Blouses & Shirts"|"Blue/White Stripe Soft Relaxed Long Sleeve Shirt"|""|""|""|"28.00"|"28.00"|""|""|""|""|""|""|""|""|""|""|""|""|""|"GBP"|"Home > Women > blouses & shirts > Blue/White Stripe Soft Relaxed Long Sleeve Shirt"|"https://www.next.co.uk/style/su773076/h60424#h60424"|""|"Brighten up your wardrobe with this soft, relaxed long sleeve shirt. Crafted from a lightweight, comfortable fabric, this button-down shirt is perfect for dressing up or down. Featuring a classic collar, V-shaped neckline, and chest pocket, it's a versatile piece for chic, everyday wear. Relaxed fit shirt Classic collar V-shaped neckline Button-up fastening Long sleeve with cuff Chest pocket Curved shirt hem"|""|""|""|""|""|""|""|""|""|""|""|""|""|""|""|""|""|""|""|""|""|""|""|""|""|""|""|""|""|""|""|"Blue/White Stripe"|""|""|""|""|""|""|"20"|"4.4"|"33"|""|"https://xcdn.next.co.uk/common/items/default/default/itemimages/3_4Ratio/product/lge/H60424s.jpg?im=Resize,width=750"|""|"https://xcdn.next.co.uk/common/items/default/default/itemimages/3_4Ratio/product/lge/H60424s2.jpg?im=Resize,width=750"|""|"https://xcdn.next.co.uk/common/items/default/default/itemimages/3_4Ratio/product/lge/H60424s3.jpg?im=Resize,width=750"|""|"https://xcdn.next.co.uk/common/items/default/default/itemimages/3_4Ratio/product/lge/H60424s4.jpg?im=Resize,width=750"|""|"https://xcdn.next.co.uk/common/items/default/default/itemimages/3_4Ratio/product/lge/H60424s5.jpg?im=Resize,width=750"|""|"https://xcdn.next.co.uk/common/items/default/default/itemimages/3_4Ratio/product/lge/H60424s6.jpg?im=Resize,width=750"|""|"Regular"|""|"54% Cotton, 46% TENCEL™ lyocell."|""|"Machine washable."|""|""|""|""|""|""|""|""|""|""|""|""|""|""|""|""|""|""|"True"|""|"H60-424-20P"|""|""|""|""|""|""|""|""|""
"H60-424-22"|"next"|""|""|""|""|""|""|""|"2026-03-27"|"Blue/White Stripe Soft Relaxed Long Sleeve Shirt"|"Next"|""|""|""|""|"Home"|"Women"|"Blouses & Shirts"|"Blue/White Stripe Soft Relaxed Long Sleeve Shirt"|""|""|""|"28.00"|"28.00"|""|""|""|""|""|""|""|""|""|""|""|""|""|"GBP"|"Home > Women > blouses & shirts > Blue/White Stripe Soft Relaxed Long Sleeve Shirt"|"https://www.next.co.uk/style/su773076/h60424#h60424"|""|"Brighten up your wardrobe with this soft, relaxed long sleeve shirt. Crafted from a lightweight, comfortable fabric, this button-down shirt is perfect for dressing up or down. Featuring a classic collar, V-shaped neckline, and chest pocket, it's a versatile piece for chic, everyday wear. Relaxed fit shirt Classic collar V-shaped neckline Button-up fastening Long sleeve with cuff Chest pocket Curved shirt hem"|""|""|""|""|""|""|""|""|""|""|""|""|""|""|""|""|""|""|""|""|""|""|""|""|""|""|""|""|""|""|""|"Blue/White Stripe"|""|""|""|""|""|""|"22"|"4.4"|"33"|""|"https://xcdn.next.co.uk/common/items/default/default/itemimages/3_4Ratio/product/lge/H60424s.jpg?im=Resize,width=750"|""|"https://xcdn.next.co.uk/common/items/default/default/itemimages/3_4Ratio/product/lge/H60424s2.jpg?im=Resize,width=750"|""|"https://xcdn.next.co.uk/common/items/default/default/itemimages/3_4Ratio/product/lge/H60424s3.jpg?im=Resize,width=750"|""|"https://xcdn.next.co.uk/common/items/default/default/itemimages/3_4Ratio/product/lge/H60424s4.jpg?im=Resize,width=750"|""|"https://xcdn.next.co.uk/common/items/default/default/itemimages/3_4Ratio/product/lge/H60424s5.jpg?im=Resize,width=750"|""|"https://xcdn.next.co.uk/common/items/default/default/itemimages/3_4Ratio/product/lge/H60424s6.jpg?im=Resize,width=750"|""|"Regular"|""|"54% Cotton, 46% TENCEL™ lyocell."|""|"Machine washable."|""|""|""|""|""|""|""|""|""|""|""|""|""|""|""|""|""|""|"True"|""|"H60-424-22P"|""|""|""|""|""|""|""|""|""
"H60-424-24"|"next"|""|""|""|""|""|""|""|"2026-03-27"|"Blue/White Stripe Soft Relaxed Long Sleeve Shirt"|"Next"|""|""|""|""|"Home"|"Women"|"Blouses & Shirts"|"Blue/White Stripe Soft Relaxed Long Sleeve Shirt"|""|""|""|"28.00"|"28.00"|""|""|""|""|""|""|""|""|""|""|""|""|""|"GBP"|"Home > Women > blouses & shirts > Blue/White Stripe Soft Relaxed Long Sleeve Shirt"|"https://www.next.co.uk/style/su773076/h60424#h60424"|""|"Brighten up your wardrobe with this soft, relaxed long sleeve shirt. Crafted from a lightweight, comfortable fabric, this button-down shirt is perfect for dressing up or down. Featuring a classic collar, V-shaped neckline, and chest pocket, it's a versatile piece for chic, everyday wear. Relaxed fit shirt Classic collar V-shaped neckline Button-up fastening Long sleeve with cuff Chest pocket Curved shirt hem"|""|""|""|""|""|""|""|""|""|""|""|""|""|""|""|""|""|""|""|""|""|""|""|""|""|""|""|""|""|""|""|"Blue/White Stripe"|""|""|""|""|""|""|"24"|"4.4"|"33"|""|"https://xcdn.next.co.uk/common/items/default/default/itemimages/3_4Ratio/product/lge/H60424s.jpg?im=Resize,width=750"|""|"https://xcdn.next.co.uk/common/items/default/default/itemimages/3_4Ratio/product/lge/H60424s2.jpg?im=Resize,width=750"|""|"https://xcdn.next.co.uk/common/items/default/default/itemimages/3_4Ratio/product/lge/H60424s3.jpg?im=Resize,width=750"|""|"https://xcdn.next.co.uk/common/items/default/default/itemimages/3_4Ratio/product/lge/H60424s4.jpg?im=Resize,width=750"|""|"https://xcdn.next.co.uk/common/items/default/default/itemimages/3_4Ratio/product/lge/H60424s5.jpg?im=Resize,width=750"|""|"https://xcdn.next.co.uk/common/items/default/default/itemimages/3_4Ratio/product/lge/H60424s6.jpg?im=Resize,width=750"|""|"Regular"|""|"54% Cotton, 46% TENCEL™ lyocell."|""|"Machine washable."|""|""|""|""|""|""|""|""|""|""|""|""|""|""|""|""|""|""|"True"|""|"H60-424-24P"|""|""|""|""|""|""|""|""|""
"H60-424-26"|"next"|""|""|""|""|""|""|""|"2026-03-27"|"Blue/White Stripe Soft Relaxed Long Sleeve Shirt"|"Next"|""|""|""|""|"Home"|"Women"|"Blouses & Shirts"|"Blue/White Stripe Soft Relaxed Long Sleeve Shirt"|""|""|""|"28.00"|"28.00"|""|""|""|""|""|""|""|""|""|""|""|""|""|"GBP"|"Home > Women > blouses & shirts > Blue/White Stripe Soft Relaxed Long Sleeve Shirt"|"https://www.next.co.uk/style/su773076/h60424#h60424"|""|"Brighten up your wardrobe with this soft, relaxed long sleeve shirt. Crafted from a lightweight, comfortable fabric, this button-down shirt is perfect for dressing up or down. Featuring a classic collar, V-shaped neckline, and chest pocket, it's a versatile piece for chic, everyday wear. Relaxed fit shirt Classic collar V-shaped neckline Button-up fastening Long sleeve with cuff Chest pocket Curved shirt hem"|""|""|""|""|""|""|""|""|""|""|""|""|""|""|""|""|""|""|""|""|""|""|""|""|""|""|""|""|""|""|""|"Blue/White Stripe"|""|""|""|""|""|""|"26"|"4.4"|"33"|""|"https://xcdn.next.co.uk/common/items/default/default/itemimages/3_4Ratio/product/lge/H60424s.jpg?im=Resize,width=750"|""|"https://xcdn.next.co.uk/common/items/default/default/itemimages/3_4Ratio/product/lge/H60424s2.jpg?im=Resize,width=750"|""|"https://xcdn.next.co.uk/common/items/default/default/itemimages/3_4Ratio/product/lge/H60424s3.jpg?im=Resize,width=750"|""|"https://xcdn.next.co.uk/common/items/default/default/itemimages/3_4Ratio/product/lge/H60424s4.jpg?im=Resize,width=750"|""|"https://xcdn.next.co.uk/common/items/default/default/itemimages/3_4Ratio/product/lge/H60424s5.jpg?im=Resize,width=750"|""|"https://xcdn.next.co.uk/common/items/default/default/itemimages/3_4Ratio/product/lge/H60424s6.jpg?im=Resize,width=750"|""|"Regular"|""|"54% Cotton, 46% TENCEL™ lyocell."|""|"Machine washable."|""|""|""|""|""|""|""|""|""|""|""|""|""|""|""|""|""|""|"True"|""|"H60-424-26P"|""|""|""|""|""|""|""|""|""
"Y14-081-6_R"|"next"|""|""|""|""|""|""|""|"2026-03-27"|"Purple/Blue Gingham Smocked Waistband Maxi Skirt"|"Next"|""|""|""|""|"Home"|"Women"|"Coord"|"Purple/Blue Gingham Smocked Waistband Maxi Skirt"|""|""|""|"29.00"|"29.00"|""|""|""|""|""|""|""|""|""|""|""|""|""|"GBP"|"Home > Women > coord > Purple/Blue Gingham Smocked Waistband Maxi Skirt"|"https://www.next.co.uk/style/su864884/y14081#y14081"|""|""|""|""|""|""|""|""|""|""|""|""|""|""|""|""|""|""|""|""|""|""|""|""|""|""|""|""|""|""|""|""|""|"Purple/Blue Gingham"|""|""|""|""|""|""|"6 R"|"4.5"|"2"|""|"https://xcdn.next.co.uk/common/items/default/default/itemimages/3_4Ratio/product/lge/Y14081s.jpg?im=Resize,width=750"|""|"https://xcdn.next.co.uk/common/items/default/default/itemimages/3_4Ratio/product/lge/Y14081s2.jpg?im=Resize,width=750"|""|"https://xcdn.next.co.uk/common/items/default/default/itemimages/3_4Ratio/product/lge/Y14081s3.jpg?im=Resize,width=750"|""|"https://xcdn.next.co.uk/common/items/default/default/itemimages/3_4Ratio/product/lge/Y14081s4.jpg?im=Resize,width=750"|""|""|""|""|""|"Regular"|""|"100% Cotton."|""|"Machine washable."|""|""|""|""|""|""|""|""|""|""|""|""|""|""|""|""|""|""|"True"|""|"Y14-081-6_RP"|""|""|""|""|""|""|""|""|""
"Y14-081-8_R"|"next"|""|""|""|""|""|""|""|"2026-03-27"|"Purple/Blue Gingham Smocked Waistband Maxi Skirt"|"Next"|""|""|""|""|"Home"|"Women"|"Coord"|"Purple/Blue Gingham Smocked Waistband Maxi Skirt"|""|""|""|"29.00"|"29.00"|""|""|""|""|""|""|""|""|""|""|""|""|""|"GBP"|"Home > Women > coord > Purple/Blue Gingham Smocked Waistband Maxi Skirt"|"https://www.next.co.uk/style/su864884/y14081#y14081"|""|""|""|""|""|""|""|""|""|""|""|""|""|""|""|""|""|""|""|""|""|""|""|""|""|""|""|""|""|""|""|""|""|"Purple/Blue Gingham"|""|""|""|""|""|""|"8 R"|"4.5"|"2"|""|"https://xcdn.next.co.uk/common/items/default/default/itemimages/3_4Ratio/product/lge/Y14081s.jpg?im=Resize,width=750"|""|"https://xcdn.next.co.uk/common/items/default/default/itemimages/3_4Ratio/product/lge/Y14081s2.jpg?im=Resize,width=750"|""|"https://xcdn.next.co.uk/common/items/default/default/itemimages/3_4Ratio/product/lge/Y14081s3.jpg?im=Resize,width=750"|""|"https://xcdn.next.co.uk/common/items/default/default/itemimages/3_4Ratio/product/lge/Y14081s4.jpg?im=Resize,width=750"|""|""|""|""|""|"Regular"|""|"100% Cotton."|""|"Machine washable."|""|""|""|""|""|""|""|""|""|""|""|""|""|""|""|""|""|""|"True"|""|"Y14-081-8_RP"|""|""|""|""|""|""|""|""|""
"Y14-081-10_R"|"next"|""|""|""|""|""|""|""|"2026-03-27"|"Purple/Blue Gingham Smocked Waistband Maxi Skirt"|"Next"|""|""|""|""|"Home"|"Women"|"Coord"|"Purple/Blue Gingham Smocked Waistband Maxi Skirt"|""|""|""|"29.00"|"29.00"|""|""|""|""|""|""|""|""|""|""|""|""|""|"GBP"|"Home > Women > coord > Purple/Blue Gingham Smocked Waistband Maxi Skirt"|"https://www.next.co.uk/style/su864884/y14081#y14081"|""|""|""|""|""|""|""|""|""|""|""|""|""|""|""|""|""|""|""|""|""|""|""|""|""|""|""|""|""|""|""|""|""|"Purple/Blue Gingham"|""|""|""|""|""|""|"10 R"|"4.5"|"2"|""|"https://xcdn.next.co.uk/common/items/default/default/itemimages/3_4Ratio/product/lge/Y14081s.jpg?im=Resize,width=750"|""|"https://xcdn.next.co.uk/common/items/default/default/itemimages/3_4Ratio/product/lge/Y14081s2.jpg?im=Resize,width=750"|""|"https://xcdn.next.co.uk/common/items/default/default/itemimages/3_4Ratio/product/lge/Y14081s3.jpg?im=Resize,width=750"|""|"https://xcdn.next.co.uk/common/items/default/default/itemimages/3_4Ratio/product/lge/Y14081s4.jpg?im=Resize,width=750"|""|""|""|""|""|"Regular"|""|"100% Cotton."|""|"Machine washable."|""|""|""|""|""|""|""|""|""|""|""|""|""|""|""|""|""|""|"True"|""|"Y14-081-10_RP"|""|""|""|""|""|""|""|""|""
"Y14-081-12_R"|"next"|""|""|""|""|""|""|""|"2026-03-27"|"Purple/Blue Gingham Smocked Waistband Maxi Skirt"|"Next"|""|""|""|""|"Home"|"Women"|"Coord"|"Purple/Blue Gingham Smocked Waistband Maxi Skirt"|""|""|""|"29.00"|"29.00"|""|""|""|""|""|""|""|""|""|""|""|""|""|"GBP"|"Home > Women > coord > Purple/Blue Gingham Smocked Waistband Maxi Skirt"|"https://www.next.co.uk/style/su864884/y14081#y14081"|""|""|""|""|""|""|""|""|""|""|""|""|""|""|""|""|""|""|""|""|""|""|""|""|""|""|""|""|""|""|""|""|""|"Purple/Blue Gingham"|""|""|""|""|""|""|"12 R"|"4.5"|"2"|""|"https://xcdn.next.co.uk/common/items/default/default/itemimages/3_4Ratio/product/lge/Y14081s.jpg?im=Resize,width=750"|""|"https://xcdn.next.co.uk/common/items/default/default/itemimages/3_4Ratio/product/lge/Y14081s2.jpg?im=Resize,width=750"|""|"https://xcdn.next.co.uk/common/items/default/default/itemimages/3_4Ratio/product/lge/Y14081s3.jpg?im=Resize,width=750"|""|"https://xcdn.next.co.uk/common/items/default/default/itemimages/3_4Ratio/product/lge/Y14081s4.jpg?im=Resize,width=750"|""|""|""|""|""|"Regular"|""|"100% Cotton."|""|"Machine washable."|""|""|""|""|""|""|""|""|""|""|""|""|""|""|""|""|""|""|"True"|""|"Y14-081-12_RP"|""|""|""|""|""|""|""|""|""
"Y14-081-14_R"|"next"|""|""|""|""|""|""|""|"2026-03-27"|"Purple/Blue Gingham Smocked Waistband Maxi Skirt"|"Next"|""|""|""|""|"Home"|"Women"|"Coord"|"Purple/Blue Gingham Smocked Waistband Maxi Skirt"|""|""|""|"29.00"|"29.00"|""|""|""|""|""|""|""|""|""|""|""|""|""|"GBP"|"Home > Women > coord > Purple/Blue Gingham Smocked Waistband Maxi Skirt"|"https://www.next.co.uk/style/su864884/y14081#y14081"|""|""|""|""|""|""|""|""|""|""|""|""|""|""|""|""|""|""|""|""|""|""|""|""|""|""|""|""|""|""|""|""|""|"Purple/Blue Gingham"|""|""|""|""|""|""|"14 R"|"4.5"|"2"|""|"https://xcdn.next.co.uk/common/items/default/default/itemimages/3_4Ratio/product/lge/Y14081s.jpg?im=Resize,width=750"|""|"https://xcdn.next.co.uk/common/items/default/default/itemimages/3_4Ratio/product/lge/Y14081s2.jpg?im=Resize,width=750"|""|"https://xcdn.next.co.uk/common/items/default/default/itemimages/3_4Ratio/product/lge/Y14081s3.jpg?im=Resize,width=750"|""|"https://xcdn.next.co.uk/common/items/default/default/itemimages/3_4Ratio/product/lge/Y14081s4.jpg?im=Resize,width=750"|""|""|""|""|""|"Regular"|""|"100% Cotton."|""|"Machine washable."|""|""|""|""|""|""|""|""|""|""|""|""|""|""|""|""|""|""|"True"|""|"Y14-081-14_RP"|""|""|""|""|""|""|""|""|""
"Y14-081-16_R"|"next"|""|""|""|""|""|""|""|"2026-03-27"|"Purple/Blue Gingham Smocked Waistband Maxi Skirt"|"Next"|""|""|""|""|"Home"|"Women"|"Coord"|"Purple/Blue Gingham Smocked Waistband Maxi Skirt"|""|""|""|"29.00"|"29.00"|""|""|""|""|""|""|""|""|""|""|""|""|""|"GBP"|"Home > Women > coord > Purple/Blue Gingham Smocked Waistband Maxi Skirt"|"https://www.next.co.uk/style/su864884/y14081#y14081"|""|""|""|""|""|""|""|""|""|""|""|""|""|""|""|""|""|""|""|""|""|""|""|""|""|""|""|""|""|""|""|""|""|"Purple/Blue Gingham"|""|""|""|""|""|""|"16 R"|"4.5"|"2"|""|"https://xcdn.next.co.uk/common/items/default/default/itemimages/3_4Ratio/product/lge/Y14081s.jpg?im=Resize,width=750"|""|"https://xcdn.next.co.uk/common/items/default/default/itemimages/3_4Ratio/product/lge/Y14081s2.jpg?im=Resize,width=750"|""|"https://xcdn.next.co.uk/common/items/default/default/itemimages/3_4Ratio/product/lge/Y14081s3.jpg?im=Resize,width=750"|""|"https://xcdn.next.co.uk/common/items/default/default/itemimages/3_4Ratio/product/lge/Y14081s4.jpg?im=Resize,width=750"|""|""|""|""|""|"Regular"|""|"100% Cotton."|""|"Machine washable."|""|""|""|""|""|""|""|""|""|""|""|""|""|""|""|""|""|""|"True"|""|"Y14-081-16_RP"|""|""|""|""|""|""|""|""|""
"Y14-081-18_R"|"next"|""|""|""|""|""|""|""|"2026-03-27"|"Purple/Blue Gingham Smocked Waistband Maxi Skirt"|"Next"|""|""|""|""|"Home"|"Women"|"Coord"|"Purple/Blue Gingham Smocked Waistband Maxi Skirt"|""|""|""|"29.00"|"29.00"|""|""|""|""|""|""|""|""|""|""|""|""|""|"GBP"|"Home > Women > coord > Purple/Blue Gingham Smocked Waistband Maxi Skirt"|"https://www.next.co.uk/style/su864884/y14081#y14081"|""|""|""|""|""|""|""|""|""|""|""|""|""|""|""|""|""|""|""|""|""|""|""|""|""|""|""|""|""|""|""|""|""|"Purple/Blue Gingham"|""|""|""|""|""|""|"18 R"|"4.5"|"2"|""|"https://xcdn.next.co.uk/common/items/default/default/itemimages/3_4Ratio/product/lge/Y14081s.jpg?im=Resize,width=750"|""|"https://xcdn.next.co.uk/common/items/default/default/itemimages/3_4Ratio/product/lge/Y14081s2.jpg?im=Resize,width=750"|""|"https://xcdn.next.co.uk/common/items/default/default/itemimages/3_4Ratio/product/lge/Y14081s3.jpg?im=Resize,width=750"|""|"https://xcdn.next.co.uk/common/items/default/default/itemimages/3_4Ratio/product/lge/Y14081s4.jpg?im=Resize,width=750"|""|""|""|""|""|"Regular"|""|"100% Cotton."|""|"Machine washable."|""|""|""|""|""|""|""|""|""|""|""|""|""|""|""|""|""|""|"True"|""|"Y14-081-18_RP"|""|""|""|""|""|""|""|""|""
"Y14-081-20_R"|"next"|""|""|""|""|""|""|""|"2026-03-27"|"Purple/Blue Gingham Smocked Waistband Maxi Skirt"|"Next"|""|""|""|""|"Home"|"Women"|"Coord"|"Purple/Blue Gingham Smocked Waistband Maxi Skirt"|""|""|""|"29.00"|"29.00"|""|""|""|""|""|""|""|""|""|""|""|""|""|"GBP"|"Home > Women > coord > Purple/Blue Gingham Smocked Waistband Maxi Skirt"|"https://www.next.co.uk/style/su864884/y14081#y14081"|""|""|""|""|""|""|""|""|""|""|""|""|""|""|""|""|""|""|""|""|""|""|""|""|""|""|""|""|""|""|""|""|""|"Purple/Blue Gingham"|""|""|""|""|""|""|"20 R"|"4.5"|"2"|""|"https://xcdn.next.co.uk/common/items/default/default/itemimages/3_4Ratio/product/lge/Y14081s.jpg?im=Resize,width=750"|""|"https://xcdn.next.co.uk/common/items/default/default/itemimages/3_4Ratio/product/lge/Y14081s2.jpg?im=Resize,width=750"|""|"https://xcdn.next.co.uk/common/items/default/default/itemimages/3_4Ratio/product/lge/Y14081s3.jpg?im=Resize,width=750"|""|"https://xcdn.next.co.uk/common/items/default/default/itemimages/3_4Ratio/product/lge/Y14081s4.jpg?im=Resize,width=750"|""|""|""|""|""|"Regular"|""|"100% Cotton."|""|"Machine washable."|""|""|""|""|""|""|""|""|""|""|""|""|""|""|""|""|""|""|"True"|""|"Y14-081-20_RP"|""|""|""|""|""|""|""|""|""
"Y14-081-22_R"|"next"|""|""|""|""|""|""|""|"2026-03-27"|"Purple/Blue Gingham Smocked Waistband Maxi Skirt"|"Next"|""|""|""|""|"Home"|"Women"|"Coord"|"Purple/Blue Gingham Smocked Waistband Maxi Skirt"|""|""|""|"29.00"|"29.00"|""|""|""|""|""|""|""|""|""|""|""|""|""|"GBP"|"Home > Women > coord > Purple/Blue Gingham Smocked Waistband Maxi Skirt"|"https://www.next.co.uk/style/su864884/y14081#y14081"|""|""|""|""|""|""|""|""|""|""|""|""|""|""|""|""|""|""|""|""|""|""|""|""|""|""|""|""|""|""|""|""|""|"Purple/Blue Gingham"|""|""|""|""|""|""|"22 R"|"4.5"|"2"|""|"https://xcdn.next.co.uk/common/items/default/default/itemimages/3_4Ratio/product/lge/Y14081s.jpg?im=Resize,width=750"|""|"https://xcdn.next.co.uk/common/items/default/default/itemimages/3_4Ratio/product/lge/Y14081s2.jpg?im=Resize,width=750"|""|"https://xcdn.next.co.uk/common/items/default/default/itemimages/3_4Ratio/product/lge/Y14081s3.jpg?im=Resize,width=750"|""|"https://xcdn.next.co.uk/common/items/default/default/itemimages/3_4Ratio/product/lge/Y14081s4.jpg?im=Resize,width=750"|""|""|""|""|""|"Regular"|""|"100% Cotton."|""|"Machine washable."|""|""|""|""|""|""|""|""|""|""|""|""|""|""|""|""|""|""|"True"|""|"Y14-081-22_RP"|""|""|""|""|""|""|""|""|""
"Y14-080-4"|"next"|""|""|""|""|""|""|""|"2026-03-27"|"Purple/Blue Gingham Smocked Bandeau Top"|"Next"|""|""|""|""|"Home"|"Women"|"Coord"|"Purple/Blue Gingham Smocked Bandeau Top"|""|""|""|"19.00"|"19.00"|""|""|""|""|""|""|""|""|""|""|""|""|""|"GBP"|"Home > Women > coord > Purple/Blue Gingham Smocked Bandeau Top"|"https://www.next.co.uk/style/su864883/y14080#y14080"|""|""|""|""|""|""|""|""|""|""|""|""|""|""|""|""|""|""|""|""|""|""|""|""|""|""|""|""|""|""|""|""|""|"Purple/Blue Gingham"|""|""|""|""|""|""|"4"|""|""|""|"https://xcdn.next.co.uk/common/items/default/default/itemimages/3_4Ratio/product/lge/Y14080s.jpg?im=Resize,width=750"|""|"https://xcdn.next.co.uk/common/items/default/default/itemimages/3_4Ratio/product/lge/Y14080s2.jpg?im=Resize,width=750"|""|"https://xcdn.next.co.uk/common/items/default/default/itemimages/3_4Ratio/product/lge/Y14080s3.jpg?im=Resize,width=750"|""|"https://xcdn.next.co.uk/common/items/default/default/itemimages/3_4Ratio/product/lge/Y14080s4.jpg?im=Resize,width=750"|""|"https://xcdn.next.co.uk/common/items/default/default/itemimages/3_4Ratio/product/lge/Y14080s5.jpg?im=Resize,width=750"|""|"https://xcdn.next.co.uk/common/items/default/default/itemimages/3_4Ratio/product/lge/Y14080s6.jpg?im=Resize,width=750"|""|"Regular"|""|"100% Cotton."|""|"Machine washable."|""|""|""|""|""|""|""|""|""|""|""|""|""|""|""|""|""|""|"True"|""|"Y14-080-4P"|""|""|""|""|""|""|""|""|""
"Y14-080-6"|"next"|""|""|""|""|""|""|""|"2026-03-27"|"Purple/Blue Gingham Smocked Bandeau Top"|"Next"|""|""|""|""|"Home"|"Women"|"Coord"|"Purple/Blue Gingham Smocked Bandeau Top"|""|""|""|"19.00"|"19.00"|""|""|""|""|""|""|""|""|""|""|""|""|""|"GBP"|"Home > Women > coord > Purple/Blue Gingham Smocked Bandeau Top"|"https://www.next.co.uk/style/su864883/y14080#y14080"|""|""|""|""|""|""|""|""|""|""|""|""|""|""|""|""|""|""|""|""|""|""|""|""|""|""|""|""|""|""|""|""|""|"Purple/Blue Gingham"|""|""|""|""|""|""|"6"|""|""|""|"https://xcdn.next.co.uk/common/items/default/default/itemimages/3_4Ratio/product/lge/Y14080s.jpg?im=Resize,width=750"|""|"https://xcdn.next.co.uk/common/items/default/default/itemimages/3_4Ratio/product/lge/Y14080s2.jpg?im=Resize,width=750"|""|"https://xcdn.next.co.uk/common/items/default/default/itemimages/3_4Ratio/product/lge/Y14080s3.jpg?im=Resize,width=750"|""|"https://xcdn.next.co.uk/common/items/default/default/itemimages/3_4Ratio/product/lge/Y14080s4.jpg?im=Resize,width=750"|""|"https://xcdn.next.co.uk/common/items/default/default/itemimages/3_4Ratio/product/lge/Y14080s5.jpg?im=Resize,width=750"|""|"https://xcdn.next.co.uk/common/items/default/default/itemimages/3_4Ratio/product/lge/Y14080s6.jpg?im=Resize,width=750"|""|"Regular"|""|"100% Cotton."|""|"Machine washable."|""|""|""|""|""|""|""|""|""|""|""|""|""|""|""|""|""|""|"True"|""|"Y14-080-6P"|""|""|""|""|""|""|""|""|""
"Y14-080-8"|"next"|""|""|""|""|""|""|""|"2026-03-27"|"Purple/Blue Gingham Smocked Bandeau Top"|"Next"|""|""|""|""|"Home"|"Women"|"Coord"|"Purple/Blue Gingham Smocked Bandeau Top"|""|""|""|"19.00"|"19.00"|""|""|""|""|""|""|""|""|""|""|""|""|""|"GBP"|"Home > Women > coord > Purple/Blue Gingham Smocked Bandeau Top"|"https://www.next.co.uk/style/su864883/y14080#y14080"|""|""|""|""|""|""|""|""|""|""|""|""|""|""|""|""|""|""|""|""|""|""|""|""|""|""|""|""|""|""|""|""|""|"Purple/Blue Gingham"|""|""|""|""|""|""|"8"|""|""|""|"https://xcdn.next.co.uk/common/items/default/default/itemimages/3_4Ratio/product/lge/Y14080s.jpg?im=Resize,width=750"|""|"https://xcdn.next.co.uk/common/items/default/default/itemimages/3_4Ratio/product/lge/Y14080s2.jpg?im=Resize,width=750"|""|"https://xcdn.next.co.uk/common/items/default/default/itemimages/3_4Ratio/product/lge/Y14080s3.jpg?im=Resize,width=750"|""|"https://xcdn.next.co.uk/common/items/default/default/itemimages/3_4Ratio/product/lge/Y14080s4.jpg?im=Resize,width=750"|""|"https://xcdn.next.co.uk/common/items/default/default/itemimages/3_4Ratio/product/lge/Y14080s5.jpg?im=Resize,width=750"|""|"https://xcdn.next.co.uk/common/items/default/default/itemimages/3_4Ratio/product/lge/Y14080s6.jpg?im=Resize,width=750"|""|"Regular"|""|"100% Cotton."|""|"Machine washable."|""|""|""|""|""|""|""|""|""|""|""|""|""|""|""|""|""|""|"True"|""|"Y14-080-8P"|""|""|""|""|""|""|""|""|""
"Y14-080-10"|"next"|""|""|""|""|""|""|""|"2026-03-27"|"Purple/Blue Gingham Smocked Bandeau Top"|"Next"|""|""|""|""|"Home"|"Women"|"Coord"|"Purple/Blue Gingham Smocked Bandeau Top"|""|""|""|"19.00"|"19.00"|""|""|""|""|""|""|""|""|""|""|""|""|""|"GBP"|"Home > Women > coord > Purple/Blue Gingham Smocked Bandeau Top"|"https://www.next.co.uk/style/su864883/y14080#y14080"|""|""|""|""|""|""|""|""|""|""|""|""|""|""|""|""|""|""|""|""|""|""|""|""|""|""|""|""|""|""|""|""|""|"Purple/Blue Gingham"|""|""|""|""|""|""|"10"|""|""|""|"https://xcdn.next.co.uk/common/items/default/default/itemimages/3_4Ratio/product/lge/Y14080s.jpg?im=Resize,width=750"|""|"https://xcdn.next.co.uk/common/items/default/default/itemimages/3_4Ratio/product/lge/Y14080s2.jpg?im=Resize,width=750"|""|"https://xcdn.next.co.uk/common/items/default/default/itemimages/3_4Ratio/product/lge/Y14080s3.jpg?im=Resize,width=750"|""|"https://xcdn.next.co.uk/common/items/default/default/itemimages/3_4Ratio/product/lge/Y14080s4.jpg?im=Resize,width=750"|""|"https://xcdn.next.co.uk/common/items/default/default/itemimages/3_4Ratio/product/lge/Y14080s5.jpg?im=Resize,width=750"|""|"https://xcdn.next.co.uk/common/items/default/default/itemimages/3_4Ratio/product/lge/Y14080s6.jpg?im=Resize,width=750"|""|"Regular"|""|"100% Cotton."|""|"Machine washable."|""|""|""|""|""|""|""|""|""|""|""|""|""|""|""|""|""|""|"True"|""|"Y14-080-10P"|""|""|""|""|""|""|""|""|""
"Y14-080-12"|"next"|""|""|""|""|""|""|""|"2026-03-27"|"Purple/Blue Gingham Smocked Bandeau Top"|"Next"|""|""|""|""|"Home"|"Women"|"Coord"|"Purple/Blue Gingham Smocked Bandeau Top"|""|""|""|"19.00"|"19.00"|""|""|""|""|""|""|""|""|""|""|""|""|""|"GBP"|"Home > Women > coord > Purple/Blue Gingham Smocked Bandeau Top"|"https://www.next.co.uk/style/su864883/y14080#y14080"|""|""|""|""|""|""|""|""|""|""|""|""|""|""|""|""|""|""|""|""|""|""|""|""|""|""|""|""|""|""|""|""|""|"Purple/Blue Gingham"|""|""|""|""|""|""|"12"|""|""|""|"https://xcdn.next.co.uk/common/items/default/default/itemimages/3_4Ratio/product/lge/Y14080s.jpg?im=Resize,width=750"|""|"https://xcdn.next.co.uk/common/items/default/default/itemimages/3_4Ratio/product/lge/Y14080s2.jpg?im=Resize,width=750"|""|"https://xcdn.next.co.uk/common/items/default/default/itemimages/3_4Ratio/product/lge/Y14080s3.jpg?im=Resize,width=750"|""|"https://xcdn.next.co.uk/common/items/default/default/itemimages/3_4Ratio/product/lge/Y14080s4.jpg?im=Resize,width=750"|""|"https://xcdn.next.co.uk/common/items/default/default/itemimages/3_4Ratio/product/lge/Y14080s5.jpg?im=Resize,width=750"|""|"https://xcdn.next.co.uk/common/items/default/default/itemimages/3_4Ratio/product/lge/Y14080s6.jpg?im=Resize,width=750"|""|"Regular"|""|"100% Cotton."|""|"Machine washable."|""|""|""|""|""|""|""|""|""|""|""|""|""|""|""|""|""|""|"True"|""|"Y14-080-12P"|""|""|""|""|""|""|""|""|""
"Y14-080-14"|"next"|""|""|""|""|""|""|""|"2026-03-27"|"Purple/Blue Gingham Smocked Bandeau Top"|"Next"|""|""|""|""|"Home"|"Women"|"Coord"|"Purple/Blue Gingham Smocked Bandeau Top"|""|""|""|"19.00"|"19.00"|""|""|""|""|""|""|""|""|""|""|""|""|""|"GBP"|"Home > Women > coord > Purple/Blue Gingham Smocked Bandeau Top"|"https://www.next.co.uk/style/su864883/y14080#y14080"|""|""|""|""|""|""|""|""|""|""|""|""|""|""|""|""|""|""|""|""|""|""|""|""|""|""|""|""|""|""|""|""|""|"Purple/Blue Gingham"|""|""|""|""|""|""|"14"|""|""|""|"https://xcdn.next.co.uk/common/items/default/default/itemimages/3_4Ratio/product/lge/Y14080s.jpg?im=Resize,width=750"|""|"https://xcdn.next.co.uk/common/items/default/default/itemimages/3_4Ratio/product/lge/Y14080s2.jpg?im=Resize,width=750"|""|"https://xcdn.next.co.uk/common/items/default/default/itemimages/3_4Ratio/product/lge/Y14080s3.jpg?im=Resize,width=750"|""|"https://xcdn.next.co.uk/common/items/default/default/itemimages/3_4Ratio/product/lge/Y14080s4.jpg?im=Resize,width=750"|""|"https://xcdn.next.co.uk/common/items/default/default/itemimages/3_4Ratio/product/lge/Y14080s5.jpg?im=Resize,width=750"|""|"https://xcdn.next.co.uk/common/items/default/default/itemimages/3_4Ratio/product/lge/Y14080s6.jpg?im=Resize,width=750"|""|"Regular"|""|"100% Cotton."|""|"Machine washable."|""|""|""|""|""|""|""|""|""|""|""|""|""|""|""|""|""|""|"True"|""|"Y14-080-14P"|""|""|""|""|""|""|""|""|""
"Y14-080-16"|"next"|""|""|""|""|""|""|""|"2026-03-27"|"Purple/Blue Gingham Smocked Bandeau Top"|"Next"|""|""|""|""|"Home"|"Women"|"Coord"|"Purple/Blue Gingham Smocked Bandeau Top"|""|""|""|"19.00"|"19.00"|""|""|""|""|""|""|""|""|""|""|""|""|""|"GBP"|"Home > Women > coord > Purple/Blue Gingham Smocked Bandeau Top"|"https://www.next.co.uk/style/su864883/y14080#y14080"|""|""|""|""|""|""|""|""|""|""|""|""|""|""|""|""|""|""|""|""|""|""|""|""|""|""|""|""|""|""|""|""|""|"Purple/Blue Gingham"|""|""|""|""|""|""|"16"|""|""|""|"https://xcdn.next.co.uk/common/items/default/default/itemimages/3_4Ratio/product/lge/Y14080s.jpg?im=Resize,width=750"|""|"https://xcdn.next.co.uk/common/items/default/default/itemimages/3_4Ratio/product/lge/Y14080s2.jpg?im=Resize,width=750"|""|"https://xcdn.next.co.uk/common/items/default/default/itemimages/3_4Ratio/product/lge/Y14080s3.jpg?im=Resize,width=750"|""|"https://xcdn.next.co.uk/common/items/default/default/itemimages/3_4Ratio/product/lge/Y14080s4.jpg?im=Resize,width=750"|""|"https://xcdn.next.co.uk/common/items/default/default/itemimages/3_4Ratio/product/lge/Y14080s5.jpg?im=Resize,width=750"|""|"https://xcdn.next.co.uk/common/items/default/default/itemimages/3_4Ratio/product/lge/Y14080s6.jpg?im=Resize,width=750"|""|"Regular"|""|"100% Cotton."|""|"Machine washable."|""|""|""|""|""|""|""|""|""|""|""|""|""|""|""|""|""|""|"True"|""|"Y14-080-16P"|""|""|""|""|""|""|""|""|""
"Y14-080-18"|"next"|""|""|""|""|""|""|""|"2026-03-27"|"Purple/Blue Gingham Smocked Bandeau Top"|"Next"|""|""|""|""|"Home"|"Women"|"Coord"|"Purple/Blue Gingham Smocked Bandeau Top"|""|""|""|"19.00"|"19.00"|""|""|""|""|""|""|""|""|""|""|""|""|""|"GBP"|"Home > Women > coord > Purple/Blue Gingham Smocked Bandeau Top"|"https://www.next.co.uk/style/su864883/y14080#y14080"|""|""|""|""|""|""|""|""|""|""|""|""|""|""|""|""|""|""|""|""|""|""|""|""|""|""|""|""|""|""|""|""|""|"Purple/Blue Gingham"|""|""|""|""|""|""|"18"|""|""|""|"https://xcdn.next.co.uk/common/items/default/default/itemimages/3_4Ratio/product/lge/Y14080s.jpg?im=Resize,width=750"|""|"https://xcdn.next.co.uk/common/items/default/default/itemimages/3_4Ratio/product/lge/Y14080s2.jpg?im=Resize,width=750"|""|"https://xcdn.next.co.uk/common/items/default/default/itemimages/3_4Ratio/product/lge/Y14080s3.jpg?im=Resize,width=750"|""|"https://xcdn.next.co.uk/common/items/default/default/itemimages/3_4Ratio/product/lge/Y14080s4.jpg?im=Resize,width=750"|""|"https://xcdn.next.co.uk/common/items/default/default/itemimages/3_4Ratio/product/lge/Y14080s5.jpg?im=Resize,width=750"|""|"https://xcdn.next.co.uk/common/items/default/default/itemimages/3_4Ratio/product/lge/Y14080s6.jpg?im=Resize,width=750"|""|"Regular"|""|"100% Cotton."|""|"Machine washable."|""|""|""|""|""|""|""|""|""|""|""|""|""|""|""|""|""|""|"True"|""|"Y14-080-18P"|""|""|""|""|""|""|""|""|""
"Y14-080-20"|"next"|""|""|""|""|""|""|""|"2026-03-27"|"Purple/Blue Gingham Smocked Bandeau Top"|"Next"|""|""|""|""|"Home"|"Women"|"Coord"|"Purple/Blue Gingham Smocked Bandeau Top"|""|""|""|"19.00"|"19.00"|""|""|""|""|""|""|""|""|""|""|""|""|""|"GBP"|"Home > Women > coord > Purple/Blue Gingham Smocked Bandeau Top"|"https://www.next.co.uk/style/su864883/y14080#y14080"|""|""|""|""|""|""|""|""|""|""|""|""|""|""|""|""|""|""|""|""|""|""|""|""|""|""|""|""|""|""|""|""|""|"Purple/Blue Gingham"|""|""|""|""|""|""|"20"|""|""|""|"https://xcdn.next.co.uk/common/items/default/default/itemimages/3_4Ratio/product/lge/Y14080s.jpg?im=Resize,width=750"|""|"https://xcdn.next.co.uk/common/items/default/default/itemimages/3_4Ratio/product/lge/Y14080s2.jpg?im=Resize,width=750"|""|"https://xcdn.next.co.uk/common/items/default/default/itemimages/3_4Ratio/product/lge/Y14080s3.jpg?im=Resize,width=750"|""|"https://xcdn.next.co.uk/common/items/default/default/itemimages/3_4Ratio/product/lge/Y14080s4.jpg?im=Resize,width=750"|""|"https://xcdn.next.co.uk/common/items/default/default/itemimages/3_4Ratio/product/lge/Y14080s5.jpg?im=Resize,width=750"|""|"https://xcdn.next.co.uk/common/items/default/default/itemimages/3_4Ratio/product/lge/Y14080s6.jpg?im=Resize,width=750"|""|"Regular"|""|"100% Cotton."|""|"Machine washable."|""|""|""|""|""|""|""|""|""|""|""|""|""|""|""|""|""|""|"True"|""|"Y14-080-20P"|""|""|""|""|""|""|""|""|""
"Y14-080-22"|"next"|""|""|""|""|""|""|""|"2026-03-27"|"Purple/Blue Gingham Smocked Bandeau Top"|"Next"|""|""|""|""|"Home"|"Women"|"Coord"|"Purple/Blue Gingham Smocked Bandeau Top"|""|""|""|"19.00"|"19.00"|""|""|""|""|""|""|""|""|""|""|""|""|""|"GBP"|"Home > Women > coord > Purple/Blue Gingham Smocked Bandeau Top"|"https://www.next.co.uk/style/su864883/y14080#y14080"|""|""|""|""|""|""|""|""|""|""|""|""|""|""|""|""|""|""|""|""|""|""|""|""|""|""|""|""|""|""|""|""|""|"Purple/Blue Gingham"|""|""|""|""|""|""|"22"|""|""|""|"https://xcdn.next.co.uk/common/items/default/default/itemimages/3_4Ratio/product/lge/Y14080s.jpg?im=Resize,width=750"|""|"https://xcdn.next.co.uk/common/items/default/default/itemimages/3_4Ratio/product/lge/Y14080s2.jpg?im=Resize,width=750"|""|"https://xcdn.next.co.uk/common/items/default/default/itemimages/3_4Ratio/product/lge/Y14080s3.jpg?im=Resize,width=750"|""|"https://xcdn.next.co.uk/common/items/default/default/itemimages/3_4Ratio/product/lge/Y14080s4.jpg?im=Resize,width=750"|""|"https://xcdn.next.co.uk/common/items/default/default/itemimages/3_4Ratio/product/lge/Y14080s5.jpg?im=Resize,width=750"|""|"https://xcdn.next.co.uk/common/items/default/default/itemimages/3_4Ratio/product/lge/Y14080s6.jpg?im=Resize,width=750"|""|"Regular"|""|"100% Cotton."|""|"Machine washable."|""|""|""|""|""|""|""|""|""|""|""|""|""|""|""|""|""|""|"True"|""|"Y14-080-22P"|""|""|""|""|""|""|""|""|""
"W63-474-6"|"next"|""|""|""|""|""|""|""|"2026-03-27"|"Multi Button Back Shell Top"|"Next"|""|""|""|""|"Home"|"Women"|"Coord"|"Multi Button Back Shell Top"|""|""|""|"24.00"|"24.00"|""|""|""|""|""|""|""|""|""|""|""|""|""|"GBP"|"Home > Women > coord > Multi Button Back Shell Top"|"https://www.next.co.uk/style/su769520/w63474#w63474"|""|"Make a fun statement in this vibrant Multi Shell Top, a piece that's ready for holiday vibes. Featuring a bold sea life print with a lobster and shells, it has a clean neckline and secure button back fastening. As part of a coord set, this sleeveless top is perfect for a trendy daytime look or relaxing on a summer holiday. Button back fastening Clean neckline Sea life print Part of a coord set"|""|""|""|""|""|""|""|""|""|""|""|""|""|""|""|""|""|""|""|""|""|""|""|""|""|""|""|""|""|""|""|"Multi"|""|""|""|""|""|""|"6"|"4.4"|"7"|""|"https://xcdn.next.co.uk/common/items/default/default/itemimages/3_4Ratio/product/lge/W63474s.jpg?im=Resize,width=750"|""|"https://xcdn.next.co.uk/common/items/default/default/itemimages/3_4Ratio/product/lge/W63474s2.jpg?im=Resize,width=750"|""|"https://xcdn.next.co.uk/common/items/default/default/itemimages/3_4Ratio/product/lge/W63474s3.jpg?im=Resize,width=750"|""|"https://xcdn.next.co.uk/common/items/default/default/itemimages/3_4Ratio/product/lge/W63474s4.jpg?im=Resize,width=750"|""|"https://xcdn.next.co.uk/common/items/default/default/itemimages/3_4Ratio/product/lge/W63474s5.jpg?im=Resize,width=750"|""|"https://xcdn.next.co.uk/common/items/default/default/itemimages/3_4Ratio/product/lge/W63474s6.jpg?im=Resize,width=750"|""|"Regular"|""|"Main 61% Livaeco™ Viscose, 39% Cotton. Lining 100% Cotton."|""|"Machine washable."|""|""|""|""|""|""|""|""|""|""|""|""|""|""|""|""|""|""|"True"|""|"W63-474-6P"|""|""|""|""|""|""|""|""|""
"W63-474-8"|"next"|""|""|""|""|""|""|""|"2026-03-27"|"Multi Button Back Shell Top"|"Next"|""|""|""|""|"Home"|"Women"|"Coord"|"Multi Button Back Shell Top"|""|""|""|"24.00"|"24.00"|""|""|""|""|""|""|""|""|""|""|""|""|""|"GBP"|"Home > Women > coord > Multi Button Back Shell Top"|"https://www.next.co.uk/style/su769520/w63474#w63474"|""|"Make a fun statement in this vibrant Multi Shell Top, a piece that's ready for holiday vibes. Featuring a bold sea life print with a lobster and shells, it has a clean neckline and secure button back fastening. As part of a coord set, this sleeveless top is perfect for a trendy daytime look or relaxing on a summer holiday. Button back fastening Clean neckline Sea life print Part of a coord set"|""|""|""|""|""|""|""|""|""|""|""|""|""|""|""|""|""|""|""|""|""|""|""|""|""|""|""|""|""|""|""|"Multi"|""|""|""|""|""|""|"8"|"4.4"|"7"|""|"https://xcdn.next.co.uk/common/items/default/default/itemimages/3_4Ratio/product/lge/W63474s.jpg?im=Resize,width=750"|""|"https://xcdn.next.co.uk/common/items/default/default/itemimages/3_4Ratio/product/lge/W63474s2.jpg?im=Resize,width=750"|""|"https://xcdn.next.co.uk/common/items/default/default/itemimages/3_4Ratio/product/lge/W63474s3.jpg?im=Resize,width=750"|""|"https://xcdn.next.co.uk/common/items/default/default/itemimages/3_4Ratio/product/lge/W63474s4.jpg?im=Resize,width=750"|""|"https://xcdn.next.co.uk/common/items/default/default/itemimages/3_4Ratio/product/lge/W63474s5.jpg?im=Resize,width=750"|""|"https://xcdn.next.co.uk/common/items/default/default/itemimages/3_4Ratio/product/lge/W63474s6.jpg?im=Resize,width=750"|""|"Regular"|""|"Main 61% Livaeco™ Viscose, 39% Cotton. Lining 100% Cotton."|""|"Machine washable."|""|""|""|""|""|""|""|""|""|""|""|""|""|""|""|""|""|""|"False"|""|"W63-474-8P"|""|""|""|""|""|""|""|""|""
"W63-474-10"|"next"|""|""|""|""|""|""|""|"2026-03-27"|"Multi Button Back Shell Top"|"Next"|""|""|""|""|"Home"|"Women"|"Coord"|"Multi Button Back Shell Top"|""|""|""|"24.00"|"24.00"|""|""|""|""|""|""|""|""|""|""|""|""|""|"GBP"|"Home > Women > coord > Multi Button Back Shell Top"|"https://www.next.co.uk/style/su769520/w63474#w63474"|""|"Make a fun statement in this vibrant Multi Shell Top, a piece that's ready for holiday vibes. Featuring a bold sea life print with a lobster and shells, it has a clean neckline and secure button back fastening. As part of a coord set, this sleeveless top is perfect for a trendy daytime look or relaxing on a summer holiday. Button back fastening Clean neckline Sea life print Part of a coord set"|""|""|""|""|""|""|""|""|""|""|""|""|""|""|""|""|""|""|""|""|""|""|""|""|""|""|""|""|""|""|""|"Multi"|""|""|""|""|""|""|"10"|"4.4"|"7"|""|"https://xcdn.next.co.uk/common/items/default/default/itemimages/3_4Ratio/product/lge/W63474s.jpg?im=Resize,width=750"|""|"https://xcdn.next.co.uk/common/items/default/default/itemimages/3_4Ratio/product/lge/W63474s2.jpg?im=Resize,width=750"|""|"https://xcdn.next.co.uk/common/items/default/default/itemimages/3_4Ratio/product/lge/W63474s3.jpg?im=Resize,width=750"|""|"https://xcdn.next.co.uk/common/items/default/default/itemimages/3_4Ratio/product/lge/W63474s4.jpg?im=Resize,width=750"|""|"https://xcdn.next.co.uk/common/items/default/default/itemimages/3_4Ratio/product/lge/W63474s5.jpg?im=Resize,width=750"|""|"https://xcdn.next.co.uk/common/items/default/default/itemimages/3_4Ratio/product/lge/W63474s6.jpg?im=Resize,width=750"|""|"Regular"|""|"Main 61% Livaeco™ Viscose, 39% Cotton. Lining 100% Cotton."|""|"Machine washable."|""|""|""|""|""|""|""|""|""|""|""|""|""|""|""|""|""|""|"True"|""|"W63-474-10P"|""|""|""|""|""|""|""|""|""
"W63-474-12"|"next"|""|""|""|""|""|""|""|"2026-03-27"|"Multi Button Back Shell Top"|"Next"|""|""|""|""|"Home"|"Women"|"Coord"|"Multi Button Back Shell Top"|""|""|""|"24.00"|"24.00"|""|""|""|""|""|""|""|""|""|""|""|""|""|"GBP"|"Home > Women > coord > Multi Button Back Shell Top"|"https://www.next.co.uk/style/su769520/w63474#w63474"|""|"Make a fun statement in this vibrant Multi Shell Top, a piece that's ready for holiday vibes. Featuring a bold sea life print with a lobster and shells, it has a clean neckline and secure button back fastening. As part of a coord set, this sleeveless top is perfect for a trendy daytime look or relaxing on a summer holiday. Button back fastening Clean neckline Sea life print Part of a coord set"|""|""|""|""|""|""|""|""|""|""|""|""|""|""|""|""|""|""|""|""|""|""|""|""|""|""|""|""|""|""|""|"Multi"|""|""|""|""|""|""|"12"|"4.4"|"7"|""|"https://xcdn.next.co.uk/common/items/default/default/itemimages/3_4Ratio/product/lge/W63474s.jpg?im=Resize,width=750"|""|"https://xcdn.next.co.uk/common/items/default/default/itemimages/3_4Ratio/product/lge/W63474s2.jpg?im=Resize,width=750"|""|"https://xcdn.next.co.uk/common/items/default/default/itemimages/3_4Ratio/product/lge/W63474s3.jpg?im=Resize,width=750"|""|"https://xcdn.next.co.uk/common/items/default/default/itemimages/3_4Ratio/product/lge/W63474s4.jpg?im=Resize,width=750"|""|"https://xcdn.next.co.uk/common/items/default/default/itemimages/3_4Ratio/product/lge/W63474s5.jpg?im=Resize,width=750"|""|"https://xcdn.next.co.uk/common/items/default/default/itemimages/3_4Ratio/product/lge/W63474s6.jpg?im=Resize,width=750"|""|"Regular"|""|"Main 61% Livaeco™ Viscose, 39% Cotton. Lining 100% Cotton."|""|"Machine washable."|""|""|""|""|""|""|""|""|""|""|""|""|""|""|""|""|""|""|"True"|""|"W63-474-12P"|""|""|""|""|""|""|""|""|""
"W63-474-14"|"next"|""|""|""|""|""|""|""|"2026-03-27"|"Multi Button Back Shell Top"|"Next"|""|""|""|""|"Home"|"Women"|"Coord"|"Multi Button Back Shell Top"|""|""|""|"24.00"|"24.00"|""|""|""|""|""|""|""|""|""|""|""|""|""|"GBP"|"Home > Women > coord > Multi Button Back Shell Top"|"https://www.next.co.uk/style/su769520/w63474#w63474"|""|"Make a fun statement in this vibrant Multi Shell Top, a piece that's ready for holiday vibes. Featuring a bold sea life print with a lobster and shells, it has a clean neckline and secure button back fastening. As part of a coord set, this sleeveless top is perfect for a trendy daytime look or relaxing on a summer holiday. Button back fastening Clean neckline Sea life print Part of a coord set"|""|""|""|""|""|""|""|""|""|""|""|""|""|""|""|""|""|""|""|""|""|""|""|""|""|""|""|""|""|""|""|"Multi"|""|""|""|""|""|""|"14"|"4.4"|"7"|""|"https://xcdn.next.co.uk/common/items/default/default/itemimages/3_4Ratio/product/lge/W63474s.jpg?im=Resize,width=750"|""|"https://xcdn.next.co.uk/common/items/default/default/itemimages/3_4Ratio/product/lge/W63474s2.jpg?im=Resize,width=750"|""|"https://xcdn.next.co.uk/common/items/default/default/itemimages/3_4Ratio/product/lge/W63474s3.jpg?im=Resize,width=750"|""|"https://xcdn.next.co.uk/common/items/default/default/itemimages/3_4Ratio/product/lge/W63474s4.jpg?im=Resize,width=750"|""|"https://xcdn.next.co.uk/common/items/default/default/itemimages/3_4Ratio/product/lge/W63474s5.jpg?im=Resize,width=750"|""|"https://xcdn.next.co.uk/common/items/default/default/itemimages/3_4Ratio/product/lge/W63474s6.jpg?im=Resize,width=750"|""|"Regular"|""|"Main 61% Livaeco™ Viscose, 39% Cotton. Lining 100% Cotton."|""|"Machine washable."|""|""|""|""|""|""|""|""|""|""|""|""|""|""|""|""|""|""|"True"|""|"W63-474-14P"|""|""|""|""|""|""|""|""|""
"W63-474-16"|"next"|""|""|""|""|""|""|""|"2026-03-27"|"Multi Button Back Shell Top"|"Next"|""|""|""|""|"Home"|"Women"|"Coord"|"Multi Button Back Shell Top"|""|""|""|"24.00"|"24.00"|""|""|""|""|""|""|""|""|""|""|""|""|""|"GBP"|"Home > Women > coord > Multi Button Back Shell Top"|"https://www.next.co.uk/style/su769520/w63474#w63474"|""|"Make a fun statement in this vibrant Multi Shell Top, a piece that's ready for holiday vibes. Featuring a bold sea life print with a lobster and shells, it has a clean neckline and secure button back fastening. As part of a coord set, this sleeveless top is perfect for a trendy daytime look or relaxing on a summer holiday. Button back fastening Clean neckline Sea life print Part of a coord set"|""|""|""|""|""|""|""|""|""|""|""|""|""|""|""|""|""|""|""|""|""|""|""|""|""|""|""|""|""|""|""|"Multi"|""|""|""|""|""|""|"16"|"4.4"|"7"|""|"https://xcdn.next.co.uk/common/items/default/default/itemimages/3_4Ratio/product/lge/W63474s.jpg?im=Resize,width=750"|""|"https://xcdn.next.co.uk/common/items/default/default/itemimages/3_4Ratio/product/lge/W63474s2.jpg?im=Resize,width=750"|""|"https://xcdn.next.co.uk/common/items/default/default/itemimages/3_4Ratio/product/lge/W63474s3.jpg?im=Resize,width=750"|""|"https://xcdn.next.co.uk/common/items/default/default/itemimages/3_4Ratio/product/lge/W63474s4.jpg?im=Resize,width=750"|""|"https://xcdn.next.co.uk/common/items/default/default/itemimages/3_4Ratio/product/lge/W63474s5.jpg?im=Resize,width=750"|""|"https://xcdn.next.co.uk/common/items/default/default/itemimages/3_4Ratio/product/lge/W63474s6.jpg?im=Resize,width=750"|""|"Regular"|""|"Main 61% Livaeco™ Viscose, 39% Cotton. Lining 100% Cotton."|""|"Machine washable."|""|""|""|""|""|""|""|""|""|""|""|""|""|""|""|""|""|""|"True"|""|"W63-474-16P"|""|""|""|""|""|""|""|""|""
"W63-474-18"|"next"|""|""|""|""|""|""|""|"2026-03-27"|"Multi Button Back Shell Top"|"Next"|""|""|""|""|"Home"|"Women"|"Coord"|"Multi Button Back Shell Top"|""|""|""|"24.00"|"24.00"|""|""|""|""|""|""|""|""|""|""|""|""|""|"GBP"|"Home > Women > coord > Multi Button Back Shell Top"|"https://www.next.co.uk/style/su769520/w63474#w63474"|""|"Make a fun statement in this vibrant Multi Shell Top, a piece that's ready for holiday vibes. Featuring a bold sea life print with a lobster and shells, it has a clean neckline and secure button back fastening. As part of a coord set, this sleeveless top is perfect for a trendy daytime look or relaxing on a summer holiday. Button back fastening Clean neckline Sea life print Part of a coord set"|""|""|""|""|""|""|""|""|""|""|""|""|""|""|""|""|""|""|""|""|""|""|""|""|""|""|""|""|""|""|""|"Multi"|""|""|""|""|""|""|"18"|"4.4"|"7"|""|"https://xcdn.next.co.uk/common/items/default/default/itemimages/3_4Ratio/product/lge/W63474s.jpg?im=Resize,width=750"|""|"https://xcdn.next.co.uk/common/items/default/default/itemimages/3_4Ratio/product/lge/W63474s2.jpg?im=Resize,width=750"|""|"https://xcdn.next.co.uk/common/items/default/default/itemimages/3_4Ratio/product/lge/W63474s3.jpg?im=Resize,width=750"|""|"https://xcdn.next.co.uk/common/items/default/default/itemimages/3_4Ratio/product/lge/W63474s4.jpg?im=Resize,width=750"|""|"https://xcdn.next.co.uk/common/items/default/default/itemimages/3_4Ratio/product/lge/W63474s5.jpg?im=Resize,width=750"|""|"https://xcdn.next.co.uk/common/items/default/default/itemimages/3_4Ratio/product/lge/W63474s6.jpg?im=Resize,width=750"|""|"Regular"|""|"Main 61% Livaeco™ Viscose, 39% Cotton. Lining 100% Cotton."|""|"Machine washable."|""|""|""|""|""|""|""|""|""|""|""|""|""|""|""|""|""|""|"False"|""|"W63-474-18P"|""|""|""|""|""|""|""|""|""
"W63-474-20"|"next"|""|""|""|""|""|""|""|"2026-03-27"|"Multi Button Back Shell Top"|"Next"|""|""|""|""|"Home"|"Women"|"Coord"|"Multi Button Back Shell Top"|""|""|""|"24.00"|"24.00"|""|""|""|""|""|""|""|""|""|""|""|""|""|"GBP"|"Home > Women > coord > Multi Button Back Shell Top"|"https://www.next.co.uk/style/su769520/w63474#w63474"|""|"Make a fun statement in this vibrant Multi Shell Top, a piece that's ready for holiday vibes. Featuring a bold sea life print with a lobster and shells, it has a clean neckline and secure button back fastening. As part of a coord set, this sleeveless top is perfect for a trendy daytime look or relaxing on a summer holiday. Button back fastening Clean neckline Sea life print Part of a coord set"|""|""|""|""|""|""|""|""|""|""|""|""|""|""|""|""|""|""|""|""|""|""|""|""|""|""|""|""|""|""|""|"Multi"|""|""|""|""|""|""|"20"|"4.4"|"7"|""|"https://xcdn.next.co.uk/common/items/default/default/itemimages/3_4Ratio/product/lge/W63474s.jpg?im=Resize,width=750"|""|"https://xcdn.next.co.uk/common/items/default/default/itemimages/3_4Ratio/product/lge/W63474s2.jpg?im=Resize,width=750"|""|"https://xcdn.next.co.uk/common/items/default/default/itemimages/3_4Ratio/product/lge/W63474s3.jpg?im=Resize,width=750"|""|"https://xcdn.next.co.uk/common/items/default/default/itemimages/3_4Ratio/product/lge/W63474s4.jpg?im=Resize,width=750"|""|"https://xcdn.next.co.uk/common/items/default/default/itemimages/3_4Ratio/product/lge/W63474s5.jpg?im=Resize,width=750"|""|"https://xcdn.next.co.uk/common/items/default/default/itemimages/3_4Ratio/product/lge/W63474s6.jpg?im=Resize,width=750"|""|"Regular"|""|"Main 61% Livaeco™ Viscose, 39% Cotton. Lining 100% Cotton."|""|"Machine washable."|""|""|""|""|""|""|""|""|""|""|""|""|""|""|""|""|""|""|"False"|""|"W63-474-20P"|""|""|""|""|""|""|""|""|""
"W63-474-22"|"next"|""|""|""|""|""|""|""|"2026-03-27"|"Multi Button Back Shell Top"|"Next"|""|""|""|""|"Home"|"Women"|"Coord"|"Multi Button Back Shell Top"|""|""|""|"24.00"|"24.00"|""|""|""|""|""|""|""|""|""|""|""|""|""|"GBP"|"Home > Women > coord > Multi Button Back Shell Top"|"https://www.next.co.uk/style/su769520/w63474#w63474"|""|"Make a fun statement in this vibrant Multi Shell Top, a piece that's ready for holiday vibes. Featuring a bold sea life print with a lobster and shells, it has a clean neckline and secure button back fastening. As part of a coord set, this sleeveless top is perfect for a trendy daytime look or relaxing on a summer holiday. Button back fastening Clean neckline Sea life print Part of a coord set"|""|""|""|""|""|""|""|""|""|""|""|""|""|""|""|""|""|""|""|""|""|""|""|""|""|""|""|""|""|""|""|"Multi"|""|""|""|""|""|""|"22"|"4.4"|"7"|""|"https://xcdn.next.co.uk/common/items/default/default/itemimages/3_4Ratio/product/lge/W63474s.jpg?im=Resize,width=750"|""|"https://xcdn.next.co.uk/common/items/default/default/itemimages/3_4Ratio/product/lge/W63474s2.jpg?im=Resize,width=750"|""|"https://xcdn.next.co.uk/common/items/default/default/itemimages/3_4Ratio/product/lge/W63474s3.jpg?im=Resize,width=750"|""|"https://xcdn.next.co.uk/common/items/default/default/itemimages/3_4Ratio/product/lge/W63474s4.jpg?im=Resize,width=750"|""|"https://xcdn.next.co.uk/common/items/default/default/itemimages/3_4Ratio/product/lge/W63474s5.jpg?im=Resize,width=750"|""|"https://xcdn.next.co.uk/common/items/default/default/itemimages/3_4Ratio/product/lge/W63474s6.jpg?im=Resize,width=750"|""|"Regular"|""|"Main 61% Livaeco™ Viscose, 39% Cotton. Lining 100% Cotton."|""|"Machine washable."|""|""|""|""|""|""|""|""|""|""|""|""|""|""|""|""|""|""|"False"|""|"W63-474-22P"|""|""|""|""|""|""|""|""|""
"W63-474-24"|"next"|""|""|""|""|""|""|""|"2026-03-27"|"Multi Button Back Shell Top"|"Next"|""|""|""|""|"Home"|"Women"|"Coord"|"Multi Button Back Shell Top"|""|""|""|"24.00"|"24.00"|""|""|""|""|""|""|""|""|""|""|""|""|""|"GBP"|"Home > Women > coord > Multi Button Back Shell Top"|"https://www.next.co.uk/style/su769520/w63474#w63474"|""|"Make a fun statement in this vibrant Multi Shell Top, a piece that's ready for holiday vibes. Featuring a bold sea life print with a lobster and shells, it has a clean neckline and secure button back fastening. As part of a coord set, this sleeveless top is perfect for a trendy daytime look or relaxing on a summer holiday. Button back fastening Clean neckline Sea life print Part of a coord set"|""|""|""|""|""|""|""|""|""|""|""|""|""|""|""|""|""|""|""|""|""|""|""|""|""|""|""|""|""|""|""|"Multi"|""|""|""|""|""|""|"24"|"4.4"|"7"|""|"https://xcdn.next.co.uk/common/items/default/default/itemimages/3_4Ratio/product/lge/W63474s.jpg?im=Resize,width=750"|""|"https://xcdn.next.co.uk/common/items/default/default/itemimages/3_4Ratio/product/lge/W63474s2.jpg?im=Resize,width=750"|""|"https://xcdn.next.co.uk/common/items/default/default/itemimages/3_4Ratio/product/lge/W63474s3.jpg?im=Resize,width=750"|""|"https://xcdn.next.co.uk/common/items/default/default/itemimages/3_4Ratio/product/lge/W63474s4.jpg?im=Resize,width=750"|""|"https://xcdn.next.co.uk/common/items/default/default/itemimages/3_4Ratio/product/lge/W63474s5.jpg?im=Resize,width=750"|""|"https://xcdn.next.co.uk/common/items/default/default/itemimages/3_4Ratio/product/lge/W63474s6.jpg?im=Resize,width=750"|""|"Regular"|""|"Main 61% Livaeco™ Viscose, 39% Cotton. Lining 100% Cotton."|""|"Machine washable."|""|""|""|""|""|""|""|""|""|""|""|""|""|""|""|""|""|""|"True"|""|"W63-474-24P"|""|""|""|""|""|""|""|""|""
"W63-474-26"|"next"|""|""|""|""|""|""|""|"2026-03-27"|"Multi Button Back Shell Top"|"Next"|""|""|""|""|"Home"|"Women"|"Coord"|"Multi Button Back Shell Top"|""|""|""|"24.00"|"24.00"|""|""|""|""|""|""|""|""|""|""|""|""|""|"GBP"|"Home > Women > coord > Multi Button Back Shell Top"|"https://www.next.co.uk/style/su769520/w63474#w63474"|""|"Make a fun statement in this vibrant Multi Shell Top, a piece that's ready for holiday vibes. Featuring a bold sea life print with a lobster and shells, it has a clean neckline and secure button back fastening. As part of a coord set, this sleeveless top is perfect for a trendy daytime look or relaxing on a summer holiday. Button back fastening Clean neckline Sea life print Part of a coord set"|""|""|""|""|""|""|""|""|""|""|""|""|""|""|""|""|""|""|""|""|""|""|""|""|""|""|""|""|""|""|""|"Multi"|""|""|""|""|""|""|"26"|"4.4"|"7"|""|"https://xcdn.next.co.uk/common/items/default/default/itemimages/3_4Ratio/product/lge/W63474s.jpg?im=Resize,width=750"|""|"https://xcdn.next.co.uk/common/items/default/default/itemimages/3_4Ratio/product/lge/W63474s2.jpg?im=Resize,width=750"|""|"https://xcdn.next.co.uk/common/items/default/default/itemimages/3_4Ratio/product/lge/W63474s3.jpg?im=Resize,width=750"|""|"https://xcdn.next.co.uk/common/items/default/default/itemimages/3_4Ratio/product/lge/W63474s4.jpg?im=Resize,width=750"|""|"https://xcdn.next.co.uk/common/items/default/default/itemimages/3_4Ratio/product/lge/W63474s5.jpg?im=Resize,width=750"|""|"https://xcdn.next.co.uk/common/items/default/default/itemimages/3_4Ratio/product/lge/W63474s6.jpg?im=Resize,width=750"|""|"Regular"|""|"Main 61% Livaeco™ Viscose, 39% Cotton. Lining 100% Cotton."|""|"Machine washable."|""|""|""|""|""|""|""|""|""|""|""|""|""|""|""|""|""|""|"True"|""|"W63-474-26P"|""|""|""|""|""|""|""|""|""
"W63-500-6"|"next"|""|""|""|""|""|""|""|"2026-03-27"|"Multi Wide Leg Trousers"|"Next"|""|""|""|""|"Home"|"Women"|"Coord"|"Multi Wide Leg Trousers"|""|""|""|"36.00"|"36.00"|""|""|""|""|""|""|""|""|""|""|""|""|""|"GBP"|"Home > Women > coord > Multi Wide Leg Trousers"|"https://www.next.co.uk/style/su769546/w63500#w63500"|""|""|""|""|""|""|""|""|""|""|""|""|""|""|""|""|""|""|""|""|""|""|""|""|""|""|""|""|""|""|""|""|""|"Multi"|""|""|""|""|""|""|"6"|"2.7"|"3"|""|"https://xcdn.next.co.uk/common/items/default/default/itemimages/3_4Ratio/product/lge/W63500s.jpg?im=Resize,width=750"|""|"https://xcdn.next.co.uk/common/items/default/default/itemimages/3_4Ratio/product/lge/W63500s2.jpg?im=Resize,width=750"|""|"https://xcdn.next.co.uk/common/items/default/default/itemimages/3_4Ratio/product/lge/W63500s3.jpg?im=Resize,width=750"|""|"https://xcdn.next.co.uk/common/items/default/default/itemimages/3_4Ratio/product/lge/W63500s4.jpg?im=Resize,width=750"|""|"https://xcdn.next.co.uk/common/items/default/default/itemimages/3_4Ratio/product/lge/W63500s5.jpg?im=Resize,width=750"|""|"https://xcdn.next.co.uk/common/items/default/default/itemimages/3_4Ratio/product/lge/W63500s6.jpg?im=Resize,width=750"|""|"Regular"|""|"61% Livaeco™ Viscose, 39% Cotton."|""|"Machine washable."|""|""|""|""|""|""|""|""|""|""|""|""|""|""|""|""|""|""|"True"|""|"W63-500-6P"|""|""|""|""|""|""|""|""|""
"W63-500-8"|"next"|""|""|""|""|""|""|""|"2026-03-27"|"Multi Wide Leg Trousers"|"Next"|""|""|""|""|"Home"|"Women"|"Coord"|"Multi Wide Leg Trousers"|""|""|""|"36.00"|"36.00"|""|""|""|""|""|""|""|""|""|""|""|""|""|"GBP"|"Home > Women > coord > Multi Wide Leg Trousers"|"https://www.next.co.uk/style/su769546/w63500#w63500"|""|""|""|""|""|""|""|""|""|""|""|""|""|""|""|""|""|""|""|""|""|""|""|""|""|""|""|""|""|""|""|""|""|"Multi"|""|""|""|""|""|""|"8"|"2.7"|"3"|""|"https://xcdn.next.co.uk/common/items/default/default/itemimages/3_4Ratio/product/lge/W63500s.jpg?im=Resize,width=750"|""|"https://xcdn.next.co.uk/common/items/default/default/itemimages/3_4Ratio/product/lge/W63500s2.jpg?im=Resize,width=750"|""|"https://xcdn.next.co.uk/common/items/default/default/itemimages/3_4Ratio/product/lge/W63500s3.jpg?im=Resize,width=750"|""|"https://xcdn.next.co.uk/common/items/default/default/itemimages/3_4Ratio/product/lge/W63500s4.jpg?im=Resize,width=750"|""|"https://xcdn.next.co.uk/common/items/default/default/itemimages/3_4Ratio/product/lge/W63500s5.jpg?im=Resize,width=750"|""|"https://xcdn.next.co.uk/common/items/default/default/itemimages/3_4Ratio/product/lge/W63500s6.jpg?im=Resize,width=750"|""|"Regular"|""|"61% Livaeco™ Viscose, 39% Cotton."|""|"Machine washable."|""|""|""|""|""|""|""|""|""|""|""|""|""|""|""|""|""|""|"True"|""|"W63-500-8P"|""|""|""|""|""|""|""|""|""
"W63-500-10"|"next"|""|""|""|""|""|""|""|"2026-03-27"|"Multi Wide Leg Trousers"|"Next"|""|""|""|""|"Home"|"Women"|"Coord"|"Multi Wide Leg Trousers"|""|""|""|"36.00"|"36.00"|""|""|""|""|""|""|""|""|""|""|""|""|""|"GBP"|"Home > Women > coord > Multi Wide Leg Trousers"|"https://www.next.co.uk/style/su769546/w63500#w63500"|""|""|""|""|""|""|""|""|""|""|""|""|""|""|""|""|""|""|""|""|""|""|""|""|""|""|""|""|""|""|""|""|""|"Multi"|""|""|""|""|""|""|"10"|"2.7"|"3"|""|"https://xcdn.next.co.uk/common/items/default/default/itemimages/3_4Ratio/product/lge/W63500s.jpg?im=Resize,width=750"|""|"https://xcdn.next.co.uk/common/items/default/default/itemimages/3_4Ratio/product/lge/W63500s2.jpg?im=Resize,width=750"|""|"https://xcdn.next.co.uk/common/items/default/default/itemimages/3_4Ratio/product/lge/W63500s3.jpg?im=Resize,width=750"|""|"https://xcdn.next.co.uk/common/items/default/default/itemimages/3_4Ratio/product/lge/W63500s4.jpg?im=Resize,width=750"|""|"https://xcdn.next.co.uk/common/items/default/default/itemimages/3_4Ratio/product/lge/W63500s5.jpg?im=Resize,width=750"|""|"https://xcdn.next.co.uk/common/items/default/default/itemimages/3_4Ratio/product/lge/W63500s6.jpg?im=Resize,width=750"|""|"Regular"|""|"61% Livaeco™ Viscose, 39% Cotton."|""|"Machine washable."|""|""|""|""|""|""|""|""|""|""|""|""|""|""|""|""|""|""|"True"|""|"W63-500-10P"|""|""|""|""|""|""|""|""|""
"W63-500-12"|"next"|""|""|""|""|""|""|""|"2026-03-27"|"Multi Wide Leg Trousers"|"Next"|""|""|""|""|"Home"|"Women"|"Coord"|"Multi Wide Leg Trousers"|""|""|""|"36.00"|"36.00"|""|""|""|""|""|""|""|""|""|""|""|""|""|"GBP"|"Home > Women > coord > Multi Wide Leg Trousers"|"https://www.next.co.uk/style/su769546/w63500#w63500"|""|""|""|""|""|""|""|""|""|""|""|""|""|""|""|""|""|""|""|""|""|""|""|""|""|""|""|""|""|""|""|""|""|"Multi"|""|""|""|""|""|""|"12"|"2.7"|"3"|""|"https://xcdn.next.co.uk/common/items/default/default/itemimages/3_4Ratio/product/lge/W63500s.jpg?im=Resize,width=750"|""|"https://xcdn.next.co.uk/common/items/default/default/itemimages/3_4Ratio/product/lge/W63500s2.jpg?im=Resize,width=750"|""|"https://xcdn.next.co.uk/common/items/default/default/itemimages/3_4Ratio/product/lge/W63500s3.jpg?im=Resize,width=750"|""|"https://xcdn.next.co.uk/common/items/default/default/itemimages/3_4Ratio/product/lge/W63500s4.jpg?im=Resize,width=750"|""|"https://xcdn.next.co.uk/common/items/default/default/itemimages/3_4Ratio/product/lge/W63500s5.jpg?im=Resize,width=750"|""|"https://xcdn.next.co.uk/common/items/default/default/itemimages/3_4Ratio/product/lge/W63500s6.jpg?im=Resize,width=750"|""|"Regular"|""|"61% Livaeco™ Viscose, 39% Cotton."|""|"Machine washable."|""|""|""|""|""|""|""|""|""|""|""|""|""|""|""|""|""|""|"True"|""|"W63-500-12P"|""|""|""|""|""|""|""|""|""
"W63-500-14"|"next"|""|""|""|""|""|""|""|"2026-03-27"|"Multi Wide Leg Trousers"|"Next"|""|""|""|""|"Home"|"Women"|"Coord"|"Multi Wide Leg Trousers"|""|""|""|"36.00"|"36.00"|""|""|""|""|""|""|""|""|""|""|""|""|""|"GBP"|"Home > Women > coord > Multi Wide Leg Trousers"|"https://www.next.co.uk/style/su769546/w63500#w63500"|""|""|""|""|""|""|""|""|""|""|""|""|""|""|""|""|""|""|""|""|""|""|""|""|""|""|""|""|""|""|""|""|""|"Multi"|""|""|""|""|""|""|"14"|"2.7"|"3"|""|"https://xcdn.next.co.uk/common/items/default/default/itemimages/3_4Ratio/product/lge/W63500s.jpg?im=Resize,width=750"|""|"https://xcdn.next.co.uk/common/items/default/default/itemimages/3_4Ratio/product/lge/W63500s2.jpg?im=Resize,width=750"|""|"https://xcdn.next.co.uk/common/items/default/default/itemimages/3_4Ratio/product/lge/W63500s3.jpg?im=Resize,width=750"|""|"https://xcdn.next.co.uk/common/items/default/default/itemimages/3_4Ratio/product/lge/W63500s4.jpg?im=Resize,width=750"|""|"https://xcdn.next.co.uk/common/items/default/default/itemimages/3_4Ratio/product/lge/W63500s5.jpg?im=Resize,width=750"|""|"https://xcdn.next.co.uk/common/items/default/default/itemimages/3_4Ratio/product/lge/W63500s6.jpg?im=Resize,width=750"|""|"Regular"|""|"61% Livaeco™ Viscose, 39% Cotton."|""|"Machine washable."|""|""|""|""|""|""|""|""|""|""|""|""|""|""|""|""|""|""|"True"|""|"W63-500-14P"|""|""|""|""|""|""|""|""|""
"W63-500-16"|"next"|""|""|""|""|""|""|""|"2026-03-27"|"Multi Wide Leg Trousers"|"Next"|""|""|""|""|"Home"|"Women"|"Coord"|"Multi Wide Leg Trousers"|""|""|""|"36.00"|"36.00"|""|""|""|""|""|""|""|""|""|""|""|""|""|"GBP"|"Home > Women > coord > Multi Wide Leg Trousers"|"https://www.next.co.uk/style/su769546/w63500#w63500"|""|""|""|""|""|""|""|""|""|""|""|""|""|""|""|""|""|""|""|""|""|""|""|""|""|""|""|""|""|""|""|""|""|"Multi"|""|""|""|""|""|""|"16"|"2.7"|"3"|""|"https://xcdn.next.co.uk/common/items/default/default/itemimages/3_4Ratio/product/lge/W63500s.jpg?im=Resize,width=750"|""|"https://xcdn.next.co.uk/common/items/default/default/itemimages/3_4Ratio/product/lge/W63500s2.jpg?im=Resize,width=750"|""|"https://xcdn.next.co.uk/common/items/default/default/itemimages/3_4Ratio/product/lge/W63500s3.jpg?im=Resize,width=750"|""|"https://xcdn.next.co.uk/common/items/default/default/itemimages/3_4Ratio/product/lge/W63500s4.jpg?im=Resize,width=750"|""|"https://xcdn.next.co.uk/common/items/default/default/itemimages/3_4Ratio/product/lge/W63500s5.jpg?im=Resize,width=750"|""|"https://xcdn.next.co.uk/common/items/default/default/itemimages/3_4Ratio/product/lge/W63500s6.jpg?im=Resize,width=750"|""|"Regular"|""|"61% Livaeco™ Viscose, 39% Cotton."|""|"Machine washable."|""|""|""|""|""|""|""|""|""|""|""|""|""|""|""|""|""|""|"True"|""|"W63-500-16P"|""|""|""|""|""|""|""|""|""
"W63-500-18"|"next"|""|""|""|""|""|""|""|"2026-03-27"|"Multi Wide Leg Trousers"|"Next"|""|""|""|""|"Home"|"Women"|"Coord"|"Multi Wide Leg Trousers"|""|""|""|"36.00"|"36.00"|""|""|""|""|""|""|""|""|""|""|""|""|""|"GBP"|"Home > Women > coord > Multi Wide Leg Trousers"|"https://www.next.co.uk/style/su769546/w63500#w63500"|""|""|""|""|""|""|""|""|""|""|""|""|""|""|""|""|""|""|""|""|""|""|""|""|""|""|""|""|""|""|""|""|""|"Multi"|""|""|""|""|""|""|"18"|"2.7"|"3"|""|"https://xcdn.next.co.uk/common/items/default/default/itemimages/3_4Ratio/product/lge/W63500s.jpg?im=Resize,width=750"|""|"https://xcdn.next.co.uk/common/items/default/default/itemimages/3_4Ratio/product/lge/W63500s2.jpg?im=Resize,width=750"|""|"https://xcdn.next.co.uk/common/items/default/default/itemimages/3_4Ratio/product/lge/W63500s3.jpg?im=Resize,width=750"|""|"https://xcdn.next.co.uk/common/items/default/default/itemimages/3_4Ratio/product/lge/W63500s4.jpg?im=Resize,width=750"|""|"https://xcdn.next.co.uk/common/items/default/default/itemimages/3_4Ratio/product/lge/W63500s5.jpg?im=Resize,width=750"|""|"https://xcdn.next.co.uk/common/items/default/default/itemimages/3_4Ratio/product/lge/W63500s6.jpg?im=Resize,width=750"|""|"Regular"|""|"61% Livaeco™ Viscose, 39% Cotton."|""|"Machine washable."|""|""|""|""|""|""|""|""|""|""|""|""|""|""|""|""|""|""|"True"|""|"W63-500-18P"|""|""|""|""|""|""|""|""|""
"W63-500-20"|"next"|""|""|""|""|""|""|""|"2026-03-27"|"Multi Wide Leg Trousers"|"Next"|""|""|""|""|"Home"|"Women"|"Coord"|"Multi Wide Leg Trousers"|""|""|""|"36.00"|"36.00"|""|""|""|""|""|""|""|""|""|""|""|""|""|"GBP"|"Home > Women > coord > Multi Wide Leg Trousers"|"https://www.next.co.uk/style/su769546/w63500#w63500"|""|""|""|""|""|""|""|""|""|""|""|""|""|""|""|""|""|""|""|""|""|""|""|""|""|""|""|""|""|""|""|""|""|"Multi"|""|""|""|""|""|""|"20"|"2.7"|"3"|""|"https://xcdn.next.co.uk/common/items/default/default/itemimages/3_4Ratio/product/lge/W63500s.jpg?im=Resize,width=750"|""|"https://xcdn.next.co.uk/common/items/default/default/itemimages/3_4Ratio/product/lge/W63500s2.jpg?im=Resize,width=750"|""|"https://xcdn.next.co.uk/common/items/default/default/itemimages/3_4Ratio/product/lge/W63500s3.jpg?im=Resize,width=750"|""|"https://xcdn.next.co.uk/common/items/default/default/itemimages/3_4Ratio/product/lge/W63500s4.jpg?im=Resize,width=750"|""|"https://xcdn.next.co.uk/common/items/default/default/itemimages/3_4Ratio/product/lge/W63500s5.jpg?im=Resize,width=750"|""|"https://xcdn.next.co.uk/common/items/default/default/itemimages/3_4Ratio/product/lge/W63500s6.jpg?im=Resize,width=750"|""|"Regular"|""|"61% Livaeco™ Viscose, 39% Cotton."|""|"Machine washable."|""|""|""|""|""|""|""|""|""|""|""|""|""|""|""|""|""|""|"True"|""|"W63-500-20P"|""|""|""|""|""|""|""|""|""
"W63-500-22"|"next"|""|""|""|""|""|""|""|"2026-03-27"|"Multi Wide Leg Trousers"|"Next"|""|""|""|""|"Home"|"Women"|"Coord"|"Multi Wide Leg Trousers"|""|""|""|"36.00"|"36.00"|""|""|""|""|""|""|""|""|""|""|""|""|""|"GBP"|"Home > Women > coord > Multi Wide Leg Trousers"|"https://www.next.co.uk/style/su769546/w63500#w63500"|""|""|""|""|""|""|""|""|""|""|""|""|""|""|""|""|""|""|""|""|""|""|""|""|""|""|""|""|""|""|""|""|""|"Multi"|""|""|""|""|""|""|"22"|"2.7"|"3"|""|"https://xcdn.next.co.uk/common/items/default/default/itemimages/3_4Ratio/product/lge/W63500s.jpg?im=Resize,width=750"|""|"https://xcdn.next.co.uk/common/items/default/default/itemimages/3_4Ratio/product/lge/W63500s2.jpg?im=Resize,width=750"|""|"https://xcdn.next.co.uk/common/items/default/default/itemimages/3_4Ratio/product/lge/W63500s3.jpg?im=Resize,width=750"|""|"https://xcdn.next.co.uk/common/items/default/default/itemimages/3_4Ratio/product/lge/W63500s4.jpg?im=Resize,width=750"|""|"https://xcdn.next.co.uk/common/items/default/default/itemimages/3_4Ratio/product/lge/W63500s5.jpg?im=Resize,width=750"|""|"https://xcdn.next.co.uk/common/items/default/default/itemimages/3_4Ratio/product/lge/W63500s6.jpg?im=Resize,width=750"|""|"Regular"|""|"61% Livaeco™ Viscose, 39% Cotton."|""|"Machine washable."|""|""|""|""|""|""|""|""|""|""|""|""|""|""|""|""|""|""|"True"|""|"W63-500-22P"|""|""|""|""|""|""|""|""|""
"W63-500-24"|"next"|""|""|""|""|""|""|""|"2026-03-27"|"Multi Wide Leg Trousers"|"Next"|""|""|""|""|"Home"|"Women"|"Coord"|"Multi Wide Leg Trousers"|""|""|""|"36.00"|"36.00"|""|""|""|""|""|""|""|""|""|""|""|""|""|"GBP"|"Home > Women > coord > Multi Wide Leg Trousers"|"https://www.next.co.uk/style/su769546/w63500#w63500"|""|""|""|""|""|""|""|""|""|""|""|""|""|""|""|""|""|""|""|""|""|""|""|""|""|""|""|""|""|""|""|""|""|"Multi"|""|""|""|""|""|""|"24"|"2.7"|"3"|""|"https://xcdn.next.co.uk/common/items/default/default/itemimages/3_4Ratio/product/lge/W63500s.jpg?im=Resize,width=750"|""|"https://xcdn.next.co.uk/common/items/default/default/itemimages/3_4Ratio/product/lge/W63500s2.jpg?im=Resize,width=750"|""|"https://xcdn.next.co.uk/common/items/default/default/itemimages/3_4Ratio/product/lge/W63500s3.jpg?im=Resize,width=750"|""|"https://xcdn.next.co.uk/common/items/default/default/itemimages/3_4Ratio/product/lge/W63500s4.jpg?im=Resize,width=750"|""|"https://xcdn.next.co.uk/common/items/default/default/itemimages/3_4Ratio/product/lge/W63500s5.jpg?im=Resize,width=750"|""|"https://xcdn.next.co.uk/common/items/default/default/itemimages/3_4Ratio/product/lge/W63500s6.jpg?im=Resize,width=750"|""|"Regular"|""|"61% Livaeco™ Viscose, 39% Cotton."|""|"Machine washable."|""|""|""|""|""|""|""|""|""|""|""|""|""|""|""|""|""|""|"True"|""|"W63-500-24P"|""|""|""|""|""|""|""|""|""
"W63-500-26"|"next"|""|""|""|""|""|""|""|"2026-03-27"|"Multi Wide Leg Trousers"|"Next"|""|""|""|""|"Home"|"Women"|"Coord"|"Multi Wide Leg Trousers"|""|""|""|"36.00"|"36.00"|""|""|""|""|""|""|""|""|""|""|""|""|""|"GBP"|"Home > Women > coord > Multi Wide Leg Trousers"|"https://www.next.co.uk/style/su769546/w63500#w63500"|""|""|""|""|""|""|""|""|""|""|""|""|""|""|""|""|""|""|""|""|""|""|""|""|""|""|""|""|""|""|""|""|""|"Multi"|""|""|""|""|""|""|"26"|"2.7"|"3"|""|"https://xcdn.next.co.uk/common/items/default/default/itemimages/3_4Ratio/product/lge/W63500s.jpg?im=Resize,width=750"|""|"https://xcdn.next.co.uk/common/items/default/default/itemimages/3_4Ratio/product/lge/W63500s2.jpg?im=Resize,width=750"|""|"https://xcdn.next.co.uk/common/items/default/default/itemimages/3_4Ratio/product/lge/W63500s3.jpg?im=Resize,width=750"|""|"https://xcdn.next.co.uk/common/items/default/default/itemimages/3_4Ratio/product/lge/W63500s4.jpg?im=Resize,width=750"|""|"https://xcdn.next.co.uk/common/items/default/default/itemimages/3_4Ratio/product/lge/W63500s5.jpg?im=Resize,width=750"|""|"https://xcdn.next.co.uk/common/items/default/default/itemimages/3_4Ratio/product/lge/W63500s6.jpg?im=Resize,width=750"|""|"Regular"|""|"61% Livaeco™ Viscose, 39% Cotton."|""|"Machine washable."|""|""|""|""|""|""|""|""|""|""|""|""|""|""|""|""|""|""|"False"|""|"W63-500-26P"|""|""|""|""|""|""|""|""|""
"W63-500-10_Tall"|"next"|""|""|""|""|""|""|""|"2026-03-27"|"Multi Wide Leg Trousers"|"Next"|""|""|""|""|"Home"|"Women"|"Coord"|"Multi Wide Leg Trousers"|""|""|""|"36.00"|"36.00"|""|""|""|""|""|""|""|""|""|""|""|""|""|"GBP"|"Home > Women > coord > Multi Wide Leg Trousers"|"https://www.next.co.uk/style/su769546/w63500#w63500"|""|""|""|""|""|""|""|""|""|""|""|""|""|""|""|""|""|""|""|""|""|""|""|""|""|""|""|""|""|""|""|""|""|"Multi"|""|""|""|""|""|""|"10 Tall"|"2.7"|"3"|""|"https://xcdn.next.co.uk/common/items/default/default/itemimages/3_4Ratio/product/lge/W63500s.jpg?im=Resize,width=750"|""|"https://xcdn.next.co.uk/common/items/default/default/itemimages/3_4Ratio/product/lge/W63500s2.jpg?im=Resize,width=750"|""|"https://xcdn.next.co.uk/common/items/default/default/itemimages/3_4Ratio/product/lge/W63500s3.jpg?im=Resize,width=750"|""|"https://xcdn.next.co.uk/common/items/default/default/itemimages/3_4Ratio/product/lge/W63500s4.jpg?im=Resize,width=750"|""|"https://xcdn.next.co.uk/common/items/default/default/itemimages/3_4Ratio/product/lge/W63500s5.jpg?im=Resize,width=750"|""|"https://xcdn.next.co.uk/common/items/default/default/itemimages/3_4Ratio/product/lge/W63500s6.jpg?im=Resize,width=750"|""|"Regular"|""|"61% Livaeco™ Viscose, 39% Cotton."|""|"Machine washable."|""|""|""|""|""|""|""|""|""|""|""|""|""|""|""|""|""|""|"True"|""|"W63-500-10_TallP"|""|""|""|""|""|""|""|""|""
"W63-500-12_Tall"|"next"|""|""|""|""|""|""|""|"2026-03-27"|"Multi Wide Leg Trousers"|"Next"|""|""|""|""|"Home"|"Women"|"Coord"|"Multi Wide Leg Trousers"|""|""|""|"36.00"|"36.00"|""|""|""|""|""|""|""|""|""|""|""|""|""|"GBP"|"Home > Women > coord > Multi Wide Leg Trousers"|"https://www.next.co.uk/style/su769546/w63500#w63500"|""|""|""|""|""|""|""|""|""|""|""|""|""|""|""|""|""|""|""|""|""|""|""|""|""|""|""|""|""|""|""|""|""|"Multi"|""|""|""|""|""|""|"12 Tall"|"2.7"|"3"|""|"https://xcdn.next.co.uk/common/items/default/default/itemimages/3_4Ratio/product/lge/W63500s.jpg?im=Resize,width=750"|""|"https://xcdn.next.co.uk/common/items/default/default/itemimages/3_4Ratio/product/lge/W63500s2.jpg?im=Resize,width=750"|""|"https://xcdn.next.co.uk/common/items/default/default/itemimages/3_4Ratio/product/lge/W63500s3.jpg?im=Resize,width=750"|""|"https://xcdn.next.co.uk/common/items/default/default/itemimages/3_4Ratio/product/lge/W63500s4.jpg?im=Resize,width=750"|""|"https://xcdn.next.co.uk/common/items/default/default/itemimages/3_4Ratio/product/lge/W63500s5.jpg?im=Resize,width=750"|""|"https://xcdn.next.co.uk/common/items/default/default/itemimages/3_4Ratio/product/lge/W63500s6.jpg?im=Resize,width=750"|""|"Regular"|""|"61% Livaeco™ Viscose, 39% Cotton."|""|"Machine washable."|""|""|""|""|""|""|""|""|""|""|""|""|""|""|""|""|""|""|"True"|""|"W63-500-12_TallP"|""|""|""|""|""|""|""|""|""
"W63-500-14_Tall"|"next"|""|""|""|""|""|""|""|"2026-03-27"|"Multi Wide Leg Trousers"|"Next"|""|""|""|""|"Home"|"Women"|"Coord"|"Multi Wide Leg Trousers"|""|""|""|"36.00"|"36.00"|""|""|""|""|""|""|""|""|""|""|""|""|""|"GBP"|"Home > Women > coord > Multi Wide Leg Trousers"|"https://www.next.co.uk/style/su769546/w63500#w63500"|""|""|""|""|""|""|""|""|""|""|""|""|""|""|""|""|""|""|""|""|""|""|""|""|""|""|""|""|""|""|""|""|""|"Multi"|""|""|""|""|""|""|"14 Tall"|"2.7"|"3"|""|"https://xcdn.next.co.uk/common/items/default/default/itemimages/3_4Ratio/product/lge/W63500s.jpg?im=Resize,width=750"|""|"https://xcdn.next.co.uk/common/items/default/default/itemimages/3_4Ratio/product/lge/W63500s2.jpg?im=Resize,width=750"|""|"https://xcdn.next.co.uk/common/items/default/default/itemimages/3_4Ratio/product/lge/W63500s3.jpg?im=Resize,width=750"|""|"https://xcdn.next.co.uk/common/items/default/default/itemimages/3_4Ratio/product/lge/W63500s4.jpg?im=Resize,width=750"|""|"https://xcdn.next.co.uk/common/items/default/default/itemimages/3_4Ratio/product/lge/W63500s5.jpg?im=Resize,width=750"|""|"https://xcdn.next.co.uk/common/items/default/default/itemimages/3_4Ratio/product/lge/W63500s6.jpg?im=Resize,width=750"|""|"Regular"|""|"61% Livaeco™ Viscose, 39% Cotton."|""|"Machine washable."|""|""|""|""|""|""|""|""|""|""|""|""|""|""|""|""|""|""|"True"|""|"W63-500-14_TallP"|""|""|""|""|""|""|""|""|""
"W63-500-16_Tall"|"next"|""|""|""|""|""|""|""|"2026-03-27"|"Multi Wide Leg Trousers"|"Next"|""|""|""|""|"Home"|"Women"|"Coord"|"Multi Wide Leg Trousers"|""|""|""|"36.00"|"36.00"|""|""|""|""|""|""|""|""|""|""|""|""|""|"GBP"|"Home > Women > coord > Multi Wide Leg Trousers"|"https://www.next.co.uk/style/su769546/w63500#w63500"|""|""|""|""|""|""|""|""|""|""|""|""|""|""|""|""|""|""|""|""|""|""|""|""|""|""|""|""|""|""|""|""|""|"Multi"|""|""|""|""|""|""|"16 Tall"|"2.7"|"3"|""|"https://xcdn.next.co.uk/common/items/default/default/itemimages/3_4Ratio/product/lge/W63500s.jpg?im=Resize,width=750"|""|"https://xcdn.next.co.uk/common/items/default/default/itemimages/3_4Ratio/product/lge/W63500s2.jpg?im=Resize,width=750"|""|"https://xcdn.next.co.uk/common/items/default/default/itemimages/3_4Ratio/product/lge/W63500s3.jpg?im=Resize,width=750"|""|"https://xcdn.next.co.uk/common/items/default/default/itemimages/3_4Ratio/product/lge/W63500s4.jpg?im=Resize,width=750"|""|"https://xcdn.next.co.uk/common/items/default/default/itemimages/3_4Ratio/product/lge/W63500s5.jpg?im=Resize,width=750"|""|"https://xcdn.next.co.uk/common/items/default/default/itemimages/3_4Ratio/product/lge/W63500s6.jpg?im=Resize,width=750"|""|"Regular"|""|"61% Livaeco™ Viscose, 39% Cotton."|""|"Machine washable."|""|""|""|""|""|""|""|""|""|""|""|""|""|""|""|""|""|""|"True"|""|"W63-500-16_TallP"|""|""|""|""|""|""|""|""|""
"W63-500-18_Tall"|"next"|""|""|""|""|""|""|""|"2026-03-27"|"Multi Wide Leg Trousers"|"Next"|""|""|""|""|"Home"|"Women"|"Coord"|"Multi Wide Leg Trousers"|""|""|""|"36.00"|"36.00"|""|""|""|""|""|""|""|""|""|""|""|""|""|"GBP"|"Home > Women > coord > Multi Wide Leg Trousers"|"https://www.next.co.uk/style/su769546/w63500#w63500"|""|""|""|""|""|""|""|""|""|""|""|""|""|""|""|""|""|""|""|""|""|""|""|""|""|""|""|""|""|""|""|""|""|"Multi"|""|""|""|""|""|""|"18 Tall"|"2.7"|"3"|""|"https://xcdn.next.co.uk/common/items/default/default/itemimages/3_4Ratio/product/lge/W63500s.jpg?im=Resize,width=750"|""|"https://xcdn.next.co.uk/common/items/default/default/itemimages/3_4Ratio/product/lge/W63500s2.jpg?im=Resize,width=750"|""|"https://xcdn.next.co.uk/common/items/default/default/itemimages/3_4Ratio/product/lge/W63500s3.jpg?im=Resize,width=750"|""|"https://xcdn.next.co.uk/common/items/default/default/itemimages/3_4Ratio/product/lge/W63500s4.jpg?im=Resize,width=750"|""|"https://xcdn.next.co.uk/common/items/default/default/itemimages/3_4Ratio/product/lge/W63500s5.jpg?im=Resize,width=750"|""|"https://xcdn.next.co.uk/common/items/default/default/itemimages/3_4Ratio/product/lge/W63500s6.jpg?im=Resize,width=750"|""|"Regular"|""|"61% Livaeco™ Viscose, 39% Cotton."|""|"Machine washable."|""|""|""|""|""|""|""|""|""|""|""|""|""|""|""|""|""|""|"True"|""|"W63-500-18_TallP"|""|""|""|""|""|""|""|""|""
"V26-339-6"|"next"|""|""|""|""|""|""|""|"2026-03-27"|"White/Black Stripe Stripe One Shoulder Scarf Tie Top"|"Next"|""|""|""|""|"Home"|"Women"|"Coord"|"White/Black Stripe Stripe One Shoulder Scarf Tie Top"|""|""|""|"35.00"|"35.00"|""|""|""|""|""|""|""|""|""|""|""|""|""|"GBP"|"Home > Women > coord > White/Black Stripe Stripe One Shoulder Scarf Tie Top"|"https://www.next.co.uk/style/su903502/v26339#v26339"|""|""|""|""|""|""|""|""|""|""|""|""|""|""|""|""|""|""|""|""|""|""|""|""|""|""|""|""|""|""|""|""|""|"White/Black Stripe"|""|""|""|""|""|""|"6"|"3.5"|"2"|""|"https://xcdn.next.co.uk/common/items/default/default/itemimages/3_4Ratio/product/lge/V26339s.jpg?im=Resize,width=750"|""|"https://xcdn.next.co.uk/common/items/default/default/itemimages/3_4Ratio/product/lge/V26339s2.jpg?im=Resize,width=750"|""|"https://xcdn.next.co.uk/common/items/default/default/itemimages/3_4Ratio/product/lge/V26339s3.jpg?im=Resize,width=750"|""|"https://xcdn.next.co.uk/common/items/default/default/itemimages/3_4Ratio/product/lge/V26339s4.jpg?im=Resize,width=750"|""|"https://xcdn.next.co.uk/common/items/default/default/itemimages/3_4Ratio/product/lge/V26339s5.jpg?im=Resize,width=750"|""|"https://xcdn.next.co.uk/common/items/default/default/itemimages/3_4Ratio/product/lge/V26339s6.jpg?im=Resize,width=750"|""|"Regular"|""|"53% LENZING™ ECOVERO™ Viscose, 47% Viscose."|""|"Machine washable."|""|""|""|""|""|""|""|""|""|""|""|""|""|""|""|""|""|""|"True"|""|"V26-339-6P"|""|""|""|""|""|""|""|""|""
"V26-339-8"|"next"|""|""|""|""|""|""|""|"2026-03-27"|"White/Black Stripe Stripe One Shoulder Scarf Tie Top"|"Next"|""|""|""|""|"Home"|"Women"|"Coord"|"White/Black Stripe Stripe One Shoulder Scarf Tie Top"|""|""|""|"35.00"|"35.00"|""|""|""|""|""|""|""|""|""|""|""|""|""|"GBP"|"Home > Women > coord > White/Black Stripe Stripe One Shoulder Scarf Tie Top"|"https://www.next.co.uk/style/su903502/v26339#v26339"|""|""|""|""|""|""|""|""|""|""|""|""|""|""|""|""|""|""|""|""|""|""|""|""|""|""|""|""|""|""|""|""|""|"White/Black Stripe"|""|""|""|""|""|""|"8"|"3.5"|"2"|""|"https://xcdn.next.co.uk/common/items/default/default/itemimages/3_4Ratio/product/lge/V26339s.jpg?im=Resize,width=750"|""|"https://xcdn.next.co.uk/common/items/default/default/itemimages/3_4Ratio/product/lge/V26339s2.jpg?im=Resize,width=750"|""|"https://xcdn.next.co.uk/common/items/default/default/itemimages/3_4Ratio/product/lge/V26339s3.jpg?im=Resize,width=750"|""|"https://xcdn.next.co.uk/common/items/default/default/itemimages/3_4Ratio/product/lge/V26339s4.jpg?im=Resize,width=750"|""|"https://xcdn.next.co.uk/common/items/default/default/itemimages/3_4Ratio/product/lge/V26339s5.jpg?im=Resize,width=750"|""|"https://xcdn.next.co.uk/common/items/default/default/itemimages/3_4Ratio/product/lge/V26339s6.jpg?im=Resize,width=750"|""|"Regular"|""|"53% LENZING™ ECOVERO™ Viscose, 47% Viscose."|""|"Machine washable."|""|""|""|""|""|""|""|""|""|""|""|""|""|""|""|""|""|""|"False"|""|"V26-339-8P"|""|""|""|""|""|""|""|""|""
"V26-339-10"|"next"|""|""|""|""|""|""|""|"2026-03-27"|"White/Black Stripe Stripe One Shoulder Scarf Tie Top"|"Next"|""|""|""|""|"Home"|"Women"|"Coord"|"White/Black Stripe Stripe One Shoulder Scarf Tie Top"|""|""|""|"35.00"|"35.00"|""|""|""|""|""|""|""|""|""|""|""|""|""|"GBP"|"Home > Women > coord > White/Black Stripe Stripe One Shoulder Scarf Tie Top"|"https://www.next.co.uk/style/su903502/v26339#v26339"|""|""|""|""|""|""|""|""|""|""|""|""|""|""|""|""|""|""|""|""|""|""|""|""|""|""|""|""|""|""|""|""|""|"White/Black Stripe"|""|""|""|""|""|""|"10"|"3.5"|"2"|""|"https://xcdn.next.co.uk/common/items/default/default/itemimages/3_4Ratio/product/lge/V26339s.jpg?im=Resize,width=750"|""|"https://xcdn.next.co.uk/common/items/default/default/itemimages/3_4Ratio/product/lge/V26339s2.jpg?im=Resize,width=750"|""|"https://xcdn.next.co.uk/common/items/default/default/itemimages/3_4Ratio/product/lge/V26339s3.jpg?im=Resize,width=750"|""|"https://xcdn.next.co.uk/common/items/default/default/itemimages/3_4Ratio/product/lge/V26339s4.jpg?im=Resize,width=750"|""|"https://xcdn.next.co.uk/common/items/default/default/itemimages/3_4Ratio/product/lge/V26339s5.jpg?im=Resize,width=750"|""|"https://xcdn.next.co.uk/common/items/default/default/itemimages/3_4Ratio/product/lge/V26339s6.jpg?im=Resize,width=750"|""|"Regular"|""|"53% LENZING™ ECOVERO™ Viscose, 47% Viscose."|""|"Machine washable."|""|""|""|""|""|""|""|""|""|""|""|""|""|""|""|""|""|""|"True"|""|"V26-339-10P"|""|""|""|""|""|""|""|""|""
"V26-339-12"|"next"|""|""|""|""|""|""|""|"2026-03-27"|"White/Black Stripe Stripe One Shoulder Scarf Tie Top"|"Next"|""|""|""|""|"Home"|"Women"|"Coord"|"White/Black Stripe Stripe One Shoulder Scarf Tie Top"|""|""|""|"35.00"|"35.00"|""|""|""|""|""|""|""|""|""|""|""|""|""|"GBP"|"Home > Women > coord > White/Black Stripe Stripe One Shoulder Scarf Tie Top"|"https://www.next.co.uk/style/su903502/v26339#v26339"|""|""|""|""|""|""|""|""|""|""|""|""|""|""|""|""|""|""|""|""|""|""|""|""|""|""|""|""|""|""|""|""|""|"White/Black Stripe"|""|""|""|""|""|""|"12"|"3.5"|"2"|""|"https://xcdn.next.co.uk/common/items/default/default/itemimages/3_4Ratio/product/lge/V26339s.jpg?im=Resize,width=750"|""|"https://xcdn.next.co.uk/common/items/default/default/itemimages/3_4Ratio/product/lge/V26339s2.jpg?im=Resize,width=750"|""|"https://xcdn.next.co.uk/common/items/default/default/itemimages/3_4Ratio/product/lge/V26339s3.jpg?im=Resize,width=750"|""|"https://xcdn.next.co.uk/common/items/default/default/itemimages/3_4Ratio/product/lge/V26339s4.jpg?im=Resize,width=750"|""|"https://xcdn.next.co.uk/common/items/default/default/itemimages/3_4Ratio/product/lge/V26339s5.jpg?im=Resize,width=750"|""|"https://xcdn.next.co.uk/common/items/default/default/itemimages/3_4Ratio/product/lge/V26339s6.jpg?im=Resize,width=750"|""|"Regular"|""|"53% LENZING™ ECOVERO™ Viscose, 47% Viscose."|""|"Machine washable."|""|""|""|""|""|""|""|""|""|""|""|""|""|""|""|""|""|""|"True"|""|"V26-339-12P"|""|""|""|""|""|""|""|""|""
"V26-339-14"|"next"|""|""|""|""|""|""|""|"2026-03-27"|"White/Black Stripe Stripe One Shoulder Scarf Tie Top"|"Next"|""|""|""|""|"Home"|"Women"|"Coord"|"White/Black Stripe Stripe One Shoulder Scarf Tie Top"|""|""|""|"35.00"|"35.00"|""|""|""|""|""|""|""|""|""|""|""|""|""|"GBP"|"Home > Women > coord > White/Black Stripe Stripe One Shoulder Scarf Tie Top"|"https://www.next.co.uk/style/su903502/v26339#v26339"|""|""|""|""|""|""|""|""|""|""|""|""|""|""|""|""|""|""|""|""|""|""|""|""|""|""|""|""|""|""|""|""|""|"White/Black Stripe"|""|""|""|""|""|""|"14"|"3.5"|"2"|""|"https://xcdn.next.co.uk/common/items/default/default/itemimages/3_4Ratio/product/lge/V26339s.jpg?im=Resize,width=750"|""|"https://xcdn.next.co.uk/common/items/default/default/itemimages/3_4Ratio/product/lge/V26339s2.jpg?im=Resize,width=750"|""|"https://xcdn.next.co.uk/common/items/default/default/itemimages/3_4Ratio/product/lge/V26339s3.jpg?im=Resize,width=750"|""|"https://xcdn.next.co.uk/common/items/default/default/itemimages/3_4Ratio/product/lge/V26339s4.jpg?im=Resize,width=750"|""|"https://xcdn.next.co.uk/common/items/default/default/itemimages/3_4Ratio/product/lge/V26339s5.jpg?im=Resize,width=750"|""|"https://xcdn.next.co.uk/common/items/default/default/itemimages/3_4Ratio/product/lge/V26339s6.jpg?im=Resize,width=750"|""|"Regular"|""|"53% LENZING™ ECOVERO™ Viscose, 47% Viscose."|""|"Machine washable."|""|""|""|""|""|""|""|""|""|""|""|""|""|""|""|""|""|""|"True"|""|"V26-339-14P"|""|""|""|""|""|""|""|""|""
"V26-339-16"|"next"|""|""|""|""|""|""|""|"2026-03-27"|"White/Black Stripe Stripe One Shoulder Scarf Tie Top"|"Next"|""|""|""|""|"Home"|"Women"|"Coord"|"White/Black Stripe Stripe One Shoulder Scarf Tie Top"|""|""|""|"35.00"|"35.00"|""|""|""|""|""|""|""|""|""|""|""|""|""|"GBP"|"Home > Women > coord > White/Black Stripe Stripe One Shoulder Scarf Tie Top"|"https://www.next.co.uk/style/su903502/v26339#v26339"|""|""|""|""|""|""|""|""|""|""|""|""|""|""|""|""|""|""|""|""|""|""|""|""|""|""|""|""|""|""|""|""|""|"White/Black Stripe"|""|""|""|""|""|""|"16"|"3.5"|"2"|""|"https://xcdn.next.co.uk/common/items/default/default/itemimages/3_4Ratio/product/lge/V26339s.jpg?im=Resize,width=750"|""|"https://xcdn.next.co.uk/common/items/default/default/itemimages/3_4Ratio/product/lge/V26339s2.jpg?im=Resize,width=750"|""|"https://xcdn.next.co.uk/common/items/default/default/itemimages/3_4Ratio/product/lge/V26339s3.jpg?im=Resize,width=750"|""|"https://xcdn.next.co.uk/common/items/default/default/itemimages/3_4Ratio/product/lge/V26339s4.jpg?im=Resize,width=750"|""|"https://xcdn.next.co.uk/common/items/default/default/itemimages/3_4Ratio/product/lge/V26339s5.jpg?im=Resize,width=750"|""|"https://xcdn.next.co.uk/common/items/default/default/itemimages/3_4Ratio/product/lge/V26339s6.jpg?im=Resize,width=750"|""|"Regular"|""|"53% LENZING™ ECOVERO™ Viscose, 47% Viscose."|""|"Machine washable."|""|""|""|""|""|""|""|""|""|""|""|""|""|""|""|""|""|""|"True"|""|"V26-339-16P"|""|""|""|""|""|""|""|""|""
"V26-339-18"|"next"|""|""|""|""|""|""|""|"2026-03-27"|"White/Black Stripe Stripe One Shoulder Scarf Tie Top"|"Next"|""|""|""|""|"Home"|"Women"|"Coord"|"White/Black Stripe Stripe One Shoulder Scarf Tie Top"|""|""|""|"35.00"|"35.00"|""|""|""|""|""|""|""|""|""|""|""|""|""|"GBP"|"Home > Women > coord > White/Black Stripe Stripe One Shoulder Scarf Tie Top"|"https://www.next.co.uk/style/su903502/v26339#v26339"|""|""|""|""|""|""|""|""|""|""|""|""|""|""|""|""|""|""|""|""|""|""|""|""|""|""|""|""|""|""|""|""|""|"White/Black Stripe"|""|""|""|""|""|""|"18"|"3.5"|"2"|""|"https://xcdn.next.co.uk/common/items/default/default/itemimages/3_4Ratio/product/lge/V26339s.jpg?im=Resize,width=750"|""|"https://xcdn.next.co.uk/common/items/default/default/itemimages/3_4Ratio/product/lge/V26339s2.jpg?im=Resize,width=750"|""|"https://xcdn.next.co.uk/common/items/default/default/itemimages/3_4Ratio/product/lge/V26339s3.jpg?im=Resize,width=750"|""|"https://xcdn.next.co.uk/common/items/default/default/itemimages/3_4Ratio/product/lge/V26339s4.jpg?im=Resize,width=750"|""|"https://xcdn.next.co.uk/common/items/default/default/itemimages/3_4Ratio/product/lge/V26339s5.jpg?im=Resize,width=750"|""|"https://xcdn.next.co.uk/common/items/default/default/itemimages/3_4Ratio/product/lge/V26339s6.jpg?im=Resize,width=750"|""|"Regular"|""|"53% LENZING™ ECOVERO™ Viscose, 47% Viscose."|""|"Machine washable."|""|""|""|""|""|""|""|""|""|""|""|""|""|""|""|""|""|""|"True"|""|"V26-339-18P"|""|""|""|""|""|""|""|""|""
"V26-339-20"|"next"|""|""|""|""|""|""|""|"2026-03-27"|"White/Black Stripe Stripe One Shoulder Scarf Tie Top"|"Next"|""|""|""|""|"Home"|"Women"|"Coord"|"White/Black Stripe Stripe One Shoulder Scarf Tie Top"|""|""|""|"35.00"|"35.00"|""|""|""|""|""|""|""|""|""|""|""|""|""|"GBP"|"Home > Women > coord > White/Black Stripe Stripe One Shoulder Scarf Tie Top"|"https://www.next.co.uk/style/su903502/v26339#v26339"|""|""|""|""|""|""|""|""|""|""|""|""|""|""|""|""|""|""|""|""|""|""|""|""|""|""|""|""|""|""|""|""|""|"White/Black Stripe"|""|""|""|""|""|""|"20"|"3.5"|"2"|""|"https://xcdn.next.co.uk/common/items/default/default/itemimages/3_4Ratio/product/lge/V26339s.jpg?im=Resize,width=750"|""|"https://xcdn.next.co.uk/common/items/default/default/itemimages/3_4Ratio/product/lge/V26339s2.jpg?im=Resize,width=750"|""|"https://xcdn.next.co.uk/common/items/default/default/itemimages/3_4Ratio/product/lge/V26339s3.jpg?im=Resize,width=750"|""|"https://xcdn.next.co.uk/common/items/default/default/itemimages/3_4Ratio/product/lge/V26339s4.jpg?im=Resize,width=750"|""|"https://xcdn.next.co.uk/common/items/default/default/itemimages/3_4Ratio/product/lge/V26339s5.jpg?im=Resize,width=750"|""|"https://xcdn.next.co.uk/common/items/default/default/itemimages/3_4Ratio/product/lge/V26339s6.jpg?im=Resize,width=750"|""|"Regular"|""|"53% LENZING™ ECOVERO™ Viscose, 47% Viscose."|""|"Machine washable."|""|""|""|""|""|""|""|""|""|""|""|""|""|""|""|""|""|""|"True"|""|"V26-339-20P"|""|""|""|""|""|""|""|""|""
"V26-339-22"|"next"|""|""|""|""|""|""|""|"2026-03-27"|"White/Black Stripe Stripe One Shoulder Scarf Tie Top"|"Next"|""|""|""|""|"Home"|"Women"|"Coord"|"White/Black Stripe Stripe One Shoulder Scarf Tie Top"|""|""|""|"35.00"|"35.00"|""|""|""|""|""|""|""|""|""|""|""|""|""|"GBP"|"Home > Women > coord > White/Black Stripe Stripe One Shoulder Scarf Tie Top"|"https://www.next.co.uk/style/su903502/v26339#v26339"|""|""|""|""|""|""|""|""|""|""|""|""|""|""|""|""|""|""|""|""|""|""|""|""|""|""|""|""|""|""|""|""|""|"White/Black Stripe"|""|""|""|""|""|""|"22"|"3.5"|"2"|""|"https://xcdn.next.co.uk/common/items/default/default/itemimages/3_4Ratio/product/lge/V26339s.jpg?im=Resize,width=750"|""|"https://xcdn.next.co.uk/common/items/default/default/itemimages/3_4Ratio/product/lge/V26339s2.jpg?im=Resize,width=750"|""|"https://xcdn.next.co.uk/common/items/default/default/itemimages/3_4Ratio/product/lge/V26339s3.jpg?im=Resize,width=750"|""|"https://xcdn.next.co.uk/common/items/default/default/itemimages/3_4Ratio/product/lge/V26339s4.jpg?im=Resize,width=750"|""|"https://xcdn.next.co.uk/common/items/default/default/itemimages/3_4Ratio/product/lge/V26339s5.jpg?im=Resize,width=750"|""|"https://xcdn.next.co.uk/common/items/default/default/itemimages/3_4Ratio/product/lge/V26339s6.jpg?im=Resize,width=750"|""|"Regular"|""|"53% LENZING™ ECOVERO™ Viscose, 47% Viscose."|""|"Machine washable."|""|""|""|""|""|""|""|""|""|""|""|""|""|""|""|""|""|""|"True"|""|"V26-339-22P"|""|""|""|""|""|""|""|""|""
"V26-339-24"|"next"|""|""|""|""|""|""|""|"2026-03-27"|"White/Black Stripe Stripe One Shoulder Scarf Tie Top"|"Next"|""|""|""|""|"Home"|"Women"|"Coord"|"White/Black Stripe Stripe One Shoulder Scarf Tie Top"|""|""|""|"35.00"|"35.00"|""|""|""|""|""|""|""|""|""|""|""|""|""|"GBP"|"Home > Women > coord > White/Black Stripe Stripe One Shoulder Scarf Tie Top"|"https://www.next.co.uk/style/su903502/v26339#v26339"|""|""|""|""|""|""|""|""|""|""|""|""|""|""|""|""|""|""|""|""|""|""|""|""|""|""|""|""|""|""|""|""|""|"White/Black Stripe"|""|""|""|""|""|""|"24"|"3.5"|"2"|""|"https://xcdn.next.co.uk/common/items/default/default/itemimages/3_4Ratio/product/lge/V26339s.jpg?im=Resize,width=750"|""|"https://xcdn.next.co.uk/common/items/default/default/itemimages/3_4Ratio/product/lge/V26339s2.jpg?im=Resize,width=750"|""|"https://xcdn.next.co.uk/common/items/default/default/itemimages/3_4Ratio/product/lge/V26339s3.jpg?im=Resize,width=750"|""|"https://xcdn.next.co.uk/common/items/default/default/itemimages/3_4Ratio/product/lge/V26339s4.jpg?im=Resize,width=750"|""|"https://xcdn.next.co.uk/common/items/default/default/itemimages/3_4Ratio/product/lge/V26339s5.jpg?im=Resize,width=750"|""|"https://xcdn.next.co.uk/common/items/default/default/itemimages/3_4Ratio/product/lge/V26339s6.jpg?im=Resize,width=750"|""|"Regular"|""|"53% LENZING™ ECOVERO™ Viscose, 47% Viscose."|""|"Machine washable."|""|""|""|""|""|""|""|""|""|""|""|""|""|""|""|""|""|""|"True"|""|"V26-339-24P"|""|""|""|""|""|""|""|""|""
"V26-339-26"|"next"|""|""|""|""|""|""|""|"2026-03-27"|"White/Black Stripe Stripe One Shoulder Scarf Tie Top"|"Next"|""|""|""|""|"Home"|"Women"|"Coord"|"White/Black Stripe Stripe One Shoulder Scarf Tie Top"|""|""|""|"35.00"|"35.00"|""|""|""|""|""|""|""|""|""|""|""|""|""|"GBP"|"Home > Women > coord > White/Black Stripe Stripe One Shoulder Scarf Tie Top"|"https://www.next.co.uk/style/su903502/v26339#v26339"|""|""|""|""|""|""|""|""|""|""|""|""|""|""|""|""|""|""|""|""|""|""|""|""|""|""|""|""|""|""|""|""|""|"White/Black Stripe"|""|""|""|""|""|""|"26"|"3.5"|"2"|""|"https://xcdn.next.co.uk/common/items/default/default/itemimages/3_4Ratio/product/lge/V26339s.jpg?im=Resize,width=750"|""|"https://xcdn.next.co.uk/common/items/default/default/itemimages/3_4Ratio/product/lge/V26339s2.jpg?im=Resize,width=750"|""|"https://xcdn.next.co.uk/common/items/default/default/itemimages/3_4Ratio/product/lge/V26339s3.jpg?im=Resize,width=750"|""|"https://xcdn.next.co.uk/common/items/default/default/itemimages/3_4Ratio/product/lge/V26339s4.jpg?im=Resize,width=750"|""|"https://xcdn.next.co.uk/common/items/default/default/itemimages/3_4Ratio/product/lge/V26339s5.jpg?im=Resize,width=750"|""|"https://xcdn.next.co.uk/common/items/default/default/itemimages/3_4Ratio/product/lge/V26339s6.jpg?im=Resize,width=750"|""|"Regular"|""|"53% LENZING™ ECOVERO™ Viscose, 47% Viscose."|""|"Machine washable."|""|""|""|""|""|""|""|""|""|""|""|""|""|""|""|""|""|""|"True"|""|"V26-339-26P"|""|""|""|""|""|""|""|""|""
"G06-757-6"|"next"|""|""|""|""|""|""|""|"2026-03-27"|"Love & Roses Pink Palm Print Linen Blend Beach Shirt"|"Love & Roses"|""|""|""|""|"Home"|"Women"|"Coord"|"Love & Roses Pink Palm Print Linen Blend Beach Shirt"|""|""|""|"36.00"|"36.00"|""|""|""|""|""|""|""|""|""|""|""|""|""|"GBP"|"Home > Women > coord > Love & Roses Pink Palm Print Linen Blend Beach Shirt"|"https://www.next.co.uk/style/su925081/g06757#g06757"|""|""|""|""|""|""|""|""|""|""|""|""|""|""|""|""|""|""|""|""|""|""|""|""|""|""|""|""|""|""|""|""|""|"Pink Palm Print Linen Blend"|""|""|""|""|""|""|"6"|"5.0"|"1"|""|"https://xcdn.next.co.uk/common/items/default/default/itemimages/3_4Ratio/product/lge/G06757s.jpg?im=Resize,width=750"|""|"https://xcdn.next.co.uk/common/items/default/default/itemimages/3_4Ratio/product/lge/G06757s2.jpg?im=Resize,width=750"|""|"https://xcdn.next.co.uk/common/items/default/default/itemimages/3_4Ratio/product/lge/G06757s3.jpg?im=Resize,width=750"|""|"https://xcdn.next.co.uk/common/items/default/default/itemimages/3_4Ratio/product/lge/G06757s4.jpg?im=Resize,width=750"|""|""|""|""|""|"Regular"|""|"85% Cotton, 15% Linen."|""|""|""|""|""|""|""|""|""|""|""|""|""|""|""|""|""|""|""|""|"True"|""|"G06-757-6P"|""|""|""|""|""|""|""|""|""
"G06-757-8"|"next"|""|""|""|""|""|""|""|"2026-03-27"|"Love & Roses Pink Palm Print Linen Blend Beach Shirt"|"Love & Roses"|""|""|""|""|"Home"|"Women"|"Coord"|"Love & Roses Pink Palm Print Linen Blend Beach Shirt"|""|""|""|"36.00"|"36.00"|""|""|""|""|""|""|""|""|""|""|""|""|""|"GBP"|"Home > Women > coord > Love & Roses Pink Palm Print Linen Blend Beach Shirt"|"https://www.next.co.uk/style/su925081/g06757#g06757"|""|""|""|""|""|""|""|""|""|""|""|""|""|""|""|""|""|""|""|""|""|""|""|""|""|""|""|""|""|""|""|""|""|"Pink Palm Print Linen Blend"|""|""|""|""|""|""|"8"|"5.0"|"1"|""|"https://xcdn.next.co.uk/common/items/default/default/itemimages/3_4Ratio/product/lge/G06757s.jpg?im=Resize,width=750"|""|"https://xcdn.next.co.uk/common/items/default/default/itemimages/3_4Ratio/product/lge/G06757s2.jpg?im=Resize,width=750"|""|"https://xcdn.next.co.uk/common/items/default/default/itemimages/3_4Ratio/product/lge/G06757s3.jpg?im=Resize,width=750"|""|"https://xcdn.next.co.uk/common/items/default/default/itemimages/3_4Ratio/product/lge/G06757s4.jpg?im=Resize,width=750"|""|""|""|""|""|"Regular"|""|"85% Cotton, 15% Linen."|""|""|""|""|""|""|""|""|""|""|""|""|""|""|""|""|""|""|""|""|"True"|""|"G06-757-8P"|""|""|""|""|""|""|""|""|""
"G06-757-10"|"next"|""|""|""|""|""|""|""|"2026-03-27"|"Love & Roses Pink Palm Print Linen Blend Beach Shirt"|"Love & Roses"|""|""|""|""|"Home"|"Women"|"Coord"|"Love & Roses Pink Palm Print Linen Blend Beach Shirt"|""|""|""|"36.00"|"36.00"|""|""|""|""|""|""|""|""|""|""|""|""|""|"GBP"|"Home > Women > coord > Love & Roses Pink Palm Print Linen Blend Beach Shirt"|"https://www.next.co.uk/style/su925081/g06757#g06757"|""|""|""|""|""|""|""|""|""|""|""|""|""|""|""|""|""|""|""|""|""|""|""|""|""|""|""|""|""|""|""|""|""|"Pink Palm Print Linen Blend"|""|""|""|""|""|""|"10"|"5.0"|"1"|""|"https://xcdn.next.co.uk/common/items/default/default/itemimages/3_4Ratio/product/lge/G06757s.jpg?im=Resize,width=750"|""|"https://xcdn.next.co.uk/common/items/default/default/itemimages/3_4Ratio/product/lge/G06757s2.jpg?im=Resize,width=750"|""|"https://xcdn.next.co.uk/common/items/default/default/itemimages/3_4Ratio/product/lge/G06757s3.jpg?im=Resize,width=750"|""|"https://xcdn.next.co.uk/common/items/default/default/itemimages/3_4Ratio/product/lge/G06757s4.jpg?im=Resize,width=750"|""|""|""|""|""|"Regular"|""|"85% Cotton, 15% Linen."|""|""|""|""|""|""|""|""|""|""|""|""|""|""|""|""|""|""|""|""|"True"|""|"G06-757-10P"|""|""|""|""|""|""|""|""|""
"G06-757-12"|"next"|""|""|""|""|""|""|""|"2026-03-27"|"Love & Roses Pink Palm Print Linen Blend Beach Shirt"|"Love & Roses"|""|""|""|""|"Home"|"Women"|"Coord"|"Love & Roses Pink Palm Print Linen Blend Beach Shirt"|""|""|""|"36.00"|"36.00"|""|""|""|""|""|""|""|""|""|""|""|""|""|"GBP"|"Home > Women > coord > Love & Roses Pink Palm Print Linen Blend Beach Shirt"|"https://www.next.co.uk/style/su925081/g06757#g06757"|""|""|""|""|""|""|""|""|""|""|""|""|""|""|""|""|""|""|""|""|""|""|""|""|""|""|""|""|""|""|""|""|""|"Pink Palm Print Linen Blend"|""|""|""|""|""|""|"12"|"5.0"|"1"|""|"https://xcdn.next.co.uk/common/items/default/default/itemimages/3_4Ratio/product/lge/G06757s.jpg?im=Resize,width=750"|""|"https://xcdn.next.co.uk/common/items/default/default/itemimages/3_4Ratio/product/lge/G06757s2.jpg?im=Resize,width=750"|""|"https://xcdn.next.co.uk/common/items/default/default/itemimages/3_4Ratio/product/lge/G06757s3.jpg?im=Resize,width=750"|""|"https://xcdn.next.co.uk/common/items/default/default/itemimages/3_4Ratio/product/lge/G06757s4.jpg?im=Resize,width=750"|""|""|""|""|""|"Regular"|""|"85% Cotton, 15% Linen."|""|""|""|""|""|""|""|""|""|""|""|""|""|""|""|""|""|""|""|""|"True"|""|"G06-757-12P"|""|""|""|""|""|""|""|""|""
"G06-757-14"|"next"|""|""|""|""|""|""|""|"2026-03-27"|"Love & Roses Pink Palm Print Linen Blend Beach Shirt"|"Love & Roses"|""|""|""|""|"Home"|"Women"|"Coord"|"Love & Roses Pink Palm Print Linen Blend Beach Shirt"|""|""|""|"36.00"|"36.00"|""|""|""|""|""|""|""|""|""|""|""|""|""|"GBP"|"Home > Women > coord > Love & Roses Pink Palm Print Linen Blend Beach Shirt"|"https://www.next.co.uk/style/su925081/g06757#g06757"|""|""|""|""|""|""|""|""|""|""|""|""|""|""|""|""|""|""|""|""|""|""|""|""|""|""|""|""|""|""|""|""|""|"Pink Palm Print Linen Blend"|""|""|""|""|""|""|"14"|"5.0"|"1"|""|"https://xcdn.next.co.uk/common/items/default/default/itemimages/3_4Ratio/product/lge/G06757s.jpg?im=Resize,width=750"|""|"https://xcdn.next.co.uk/common/items/default/default/itemimages/3_4Ratio/product/lge/G06757s2.jpg?im=Resize,width=750"|""|"https://xcdn.next.co.uk/common/items/default/default/itemimages/3_4Ratio/product/lge/G06757s3.jpg?im=Resize,width=750"|""|"https://xcdn.next.co.uk/common/items/default/default/itemimages/3_4Ratio/product/lge/G06757s4.jpg?im=Resize,width=750"|""|""|""|""|""|"Regular"|""|"85% Cotton, 15% Linen."|""|""|""|""|""|""|""|""|""|""|""|""|""|""|""|""|""|""|""|""|"True"|""|"G06-757-14P"|""|""|""|""|""|""|""|""|""
"G06-757-16"|"next"|""|""|""|""|""|""|""|"2026-03-27"|"Love & Roses Pink Palm Print Linen Blend Beach Shirt"|"Love & Roses"|""|""|""|""|"Home"|"Women"|"Coord"|"Love & Roses Pink Palm Print Linen Blend Beach Shirt"|""|""|""|"36.00"|"36.00"|""|""|""|""|""|""|""|""|""|""|""|""|""|"GBP"|"Home > Women > coord > Love & Roses Pink Palm Print Linen Blend Beach Shirt"|"https://www.next.co.uk/style/su925081/g06757#g06757"|""|""|""|""|""|""|""|""|""|""|""|""|""|""|""|""|""|""|""|""|""|""|""|""|""|""|""|""|""|""|""|""|""|"Pink Palm Print Linen Blend"|""|""|""|""|""|""|"16"|"5.0"|"1"|""|"https://xcdn.next.co.uk/common/items/default/default/itemimages/3_4Ratio/product/lge/G06757s.jpg?im=Resize,width=750"|""|"https://xcdn.next.co.uk/common/items/default/default/itemimages/3_4Ratio/product/lge/G06757s2.jpg?im=Resize,width=750"|""|"https://xcdn.next.co.uk/common/items/default/default/itemimages/3_4Ratio/product/lge/G06757s3.jpg?im=Resize,width=750"|""|"https://xcdn.next.co.uk/common/items/default/default/itemimages/3_4Ratio/product/lge/G06757s4.jpg?im=Resize,width=750"|""|""|""|""|""|"Regular"|""|"85% Cotton, 15% Linen."|""|""|""|""|""|""|""|""|""|""|""|""|""|""|""|""|""|""|""|""|"True"|""|"G06-757-16P"|""|""|""|""|""|""|""|""|""
"G06-757-18"|"next"|""|""|""|""|""|""|""|"2026-03-27"|"Love & Roses Pink Palm Print Linen Blend Beach Shirt"|"Love & Roses"|""|""|""|""|"Home"|"Women"|"Coord"|"Love & Roses Pink Palm Print Linen Blend Beach Shirt"|""|""|""|"36.00"|"36.00"|""|""|""|""|""|""|""|""|""|""|""|""|""|"GBP"|"Home > Women > coord > Love & Roses Pink Palm Print Linen Blend Beach Shirt"|"https://www.next.co.uk/style/su925081/g06757#g06757"|""|""|""|""|""|""|""|""|""|""|""|""|""|""|""|""|""|""|""|""|""|""|""|""|""|""|""|""|""|""|""|""|""|"Pink Palm Print Linen Blend"|""|""|""|""|""|""|"18"|"5.0"|"1"|""|"https://xcdn.next.co.uk/common/items/default/default/itemimages/3_4Ratio/product/lge/G06757s.jpg?im=Resize,width=750"|""|"https://xcdn.next.co.uk/common/items/default/default/itemimages/3_4Ratio/product/lge/G06757s2.jpg?im=Resize,width=750"|""|"https://xcdn.next.co.uk/common/items/default/default/itemimages/3_4Ratio/product/lge/G06757s3.jpg?im=Resize,width=750"|""|"https://xcdn.next.co.uk/common/items/default/default/itemimages/3_4Ratio/product/lge/G06757s4.jpg?im=Resize,width=750"|""|""|""|""|""|"Regular"|""|"85% Cotton, 15% Linen."|""|""|""|""|""|""|""|""|""|""|""|""|""|""|""|""|""|""|""|""|"True"|""|"G06-757-18P"|""|""|""|""|""|""|""|""|""
"G06-757-20"|"next"|""|""|""|""|""|""|""|"2026-03-27"|"Love & Roses Pink Palm Print Linen Blend Beach Shirt"|"Love & Roses"|""|""|""|""|"Home"|"Women"|"Coord"|"Love & Roses Pink Palm Print Linen Blend Beach Shirt"|""|""|""|"36.00"|"36.00"|""|""|""|""|""|""|""|""|""|""|""|""|""|"GBP"|"Home > Women > coord > Love & Roses Pink Palm Print Linen Blend Beach Shirt"|"https://www.next.co.uk/style/su925081/g06757#g06757"|""|""|""|""|""|""|""|""|""|""|""|""|""|""|""|""|""|""|""|""|""|""|""|""|""|""|""|""|""|""|""|""|""|"Pink Palm Print Linen Blend"|""|""|""|""|""|""|"20"|"5.0"|"1"|""|"https://xcdn.next.co.uk/common/items/default/default/itemimages/3_4Ratio/product/lge/G06757s.jpg?im=Resize,width=750"|""|"https://xcdn.next.co.uk/common/items/default/default/itemimages/3_4Ratio/product/lge/G06757s2.jpg?im=Resize,width=750"|""|"https://xcdn.next.co.uk/common/items/default/default/itemimages/3_4Ratio/product/lge/G06757s3.jpg?im=Resize,width=750"|""|"https://xcdn.next.co.uk/common/items/default/default/itemimages/3_4Ratio/product/lge/G06757s4.jpg?im=Resize,width=750"|""|""|""|""|""|"Regular"|""|"85% Cotton, 15% Linen."|""|""|""|""|""|""|""|""|""|""|""|""|""|""|""|""|""|""|""|""|"True"|""|"G06-757-20P"|""|""|""|""|""|""|""|""|""
"G06-757-22"|"next"|""|""|""|""|""|""|""|"2026-03-27"|"Love & Roses Pink Palm Print Linen Blend Beach Shirt"|"Love & Roses"|""|""|""|""|"Home"|"Women"|"Coord"|"Love & Roses Pink Palm Print Linen Blend Beach Shirt"|""|""|""|"36.00"|"36.00"|""|""|""|""|""|""|""|""|""|""|""|""|""|"GBP"|"Home > Women > coord > Love & Roses Pink Palm Print Linen Blend Beach Shirt"|"https://www.next.co.uk/style/su925081/g06757#g06757"|""|""|""|""|""|""|""|""|""|""|""|""|""|""|""|""|""|""|""|""|""|""|""|""|""|""|""|""|""|""|""|""|""|"Pink Palm Print Linen Blend"|""|""|""|""|""|""|"22"|"5.0"|"1"|""|"https://xcdn.next.co.uk/common/items/default/default/itemimages/3_4Ratio/product/lge/G06757s.jpg?im=Resize,width=750"|""|"https://xcdn.next.co.uk/common/items/default/default/itemimages/3_4Ratio/product/lge/G06757s2.jpg?im=Resize,width=750"|""|"https://xcdn.next.co.uk/common/items/default/default/itemimages/3_4Ratio/product/lge/G06757s3.jpg?im=Resize,width=750"|""|"https://xcdn.next.co.uk/common/items/default/default/itemimages/3_4Ratio/product/lge/G06757s4.jpg?im=Resize,width=750"|""|""|""|""|""|"Regular"|""|"85% Cotton, 15% Linen."|""|""|""|""|""|""|""|""|""|""|""|""|""|""|""|""|""|""|""|""|"True"|""|"G06-757-22P"|""|""|""|""|""|""|""|""|""
"G06-764-6"|"next"|""|""|""|""|""|""|""|"2026-03-27"|"Love & Roses Pink Palm Print Linen Blend Beach Shorts"|"Love & Roses"|""|""|""|""|"Home"|"Women"|"Coord"|"Love & Roses Pink Palm Print Linen Blend Beach Shorts"|""|""|""|"34.00"|"34.00"|""|""|""|""|""|""|""|""|""|""|""|""|""|"GBP"|"Home > Women > coord > Love & Roses Pink Palm Print Linen Blend Beach Shorts"|"https://www.next.co.uk/style/su925082/g06764#g06764"|""|""|""|""|""|""|""|""|""|""|""|""|""|""|""|""|""|""|""|""|""|""|""|""|""|""|""|""|""|""|""|""|""|"Pink Palm Print Linen Blend"|""|""|""|""|""|""|"6"|"4.3"|"3"|""|"https://xcdn.next.co.uk/common/items/default/default/itemimages/3_4Ratio/product/lge/G06764s.jpg?im=Resize,width=750"|""|"https://xcdn.next.co.uk/common/items/default/default/itemimages/3_4Ratio/product/lge/G06764s2.jpg?im=Resize,width=750"|""|"https://xcdn.next.co.uk/common/items/default/default/itemimages/3_4Ratio/product/lge/G06764s3.jpg?im=Resize,width=750"|""|"https://xcdn.next.co.uk/common/items/default/default/itemimages/3_4Ratio/product/lge/G06764s4.jpg?im=Resize,width=750"|""|""|""|""|""|"Regular"|""|"85% Cotton, 15% Linen."|""|""|""|""|""|""|""|""|""|""|""|""|""|""|""|""|""|""|""|""|"True"|""|"G06-764-6P"|""|""|""|""|""|""|""|""|""
"G06-764-8"|"next"|""|""|""|""|""|""|""|"2026-03-27"|"Love & Roses Pink Palm Print Linen Blend Beach Shorts"|"Love & Roses"|""|""|""|""|"Home"|"Women"|"Coord"|"Love & Roses Pink Palm Print Linen Blend Beach Shorts"|""|""|""|"34.00"|"34.00"|""|""|""|""|""|""|""|""|""|""|""|""|""|"GBP"|"Home > Women > coord > Love & Roses Pink Palm Print Linen Blend Beach Shorts"|"https://www.next.co.uk/style/su925082/g06764#g06764"|""|""|""|""|""|""|""|""|""|""|""|""|""|""|""|""|""|""|""|""|""|""|""|""|""|""|""|""|""|""|""|""|""|"Pink Palm Print Linen Blend"|""|""|""|""|""|""|"8"|"4.3"|"3"|""|"https://xcdn.next.co.uk/common/items/default/default/itemimages/3_4Ratio/product/lge/G06764s.jpg?im=Resize,width=750"|""|"https://xcdn.next.co.uk/common/items/default/default/itemimages/3_4Ratio/product/lge/G06764s2.jpg?im=Resize,width=750"|""|"https://xcdn.next.co.uk/common/items/default/default/itemimages/3_4Ratio/product/lge/G06764s3.jpg?im=Resize,width=750"|""|"https://xcdn.next.co.uk/common/items/default/default/itemimages/3_4Ratio/product/lge/G06764s4.jpg?im=Resize,width=750"|""|""|""|""|""|"Regular"|""|"85% Cotton, 15% Linen."|""|""|""|""|""|""|""|""|""|""|""|""|""|""|""|""|""|""|""|""|"True"|""|"G06-764-8P"|""|""|""|""|""|""|""|""|""
"G06-764-10"|"next"|""|""|""|""|""|""|""|"2026-03-27"|"Love & Roses Pink Palm Print Linen Blend Beach Shorts"|"Love & Roses"|""|""|""|""|"Home"|"Women"|"Coord"|"Love & Roses Pink Palm Print Linen Blend Beach Shorts"|""|""|""|"34.00"|"34.00"|""|""|""|""|""|""|""|""|""|""|""|""|""|"GBP"|"Home > Women > coord > Love & Roses Pink Palm Print Linen Blend Beach Shorts"|"https://www.next.co.uk/style/su925082/g06764#g06764"|""|""|""|""|""|""|""|""|""|""|""|""|""|""|""|""|""|""|""|""|""|""|""|""|""|""|""|""|""|""|""|""|""|"Pink Palm Print Linen Blend"|""|""|""|""|""|""|"10"|"4.3"|"3"|""|"https://xcdn.next.co.uk/common/items/default/default/itemimages/3_4Ratio/product/lge/G06764s.jpg?im=Resize,width=750"|""|"https://xcdn.next.co.uk/common/items/default/default/itemimages/3_4Ratio/product/lge/G06764s2.jpg?im=Resize,width=750"|""|"https://xcdn.next.co.uk/common/items/default/default/itemimages/3_4Ratio/product/lge/G06764s3.jpg?im=Resize,width=750"|""|"https://xcdn.next.co.uk/common/items/default/default/itemimages/3_4Ratio/product/lge/G06764s4.jpg?im=Resize,width=750"|""|""|""|""|""|"Regular"|""|"85% Cotton, 15% Linen."|""|""|""|""|""|""|""|""|""|""|""|""|""|""|""|""|""|""|""|""|"True"|""|"G06-764-10P"|""|""|""|""|""|""|""|""|""
"G06-764-12"|"next"|""|""|""|""|""|""|""|"2026-03-27"|"Love & Roses Pink Palm Print Linen Blend Beach Shorts"|"Love & Roses"|""|""|""|""|"Home"|"Women"|"Coord"|"Love & Roses Pink Palm Print Linen Blend Beach Shorts"|""|""|""|"34.00"|"34.00"|""|""|""|""|""|""|""|""|""|""|""|""|""|"GBP"|"Home > Women > coord > Love & Roses Pink Palm Print Linen Blend Beach Shorts"|"https://www.next.co.uk/style/su925082/g06764#g06764"|""|""|""|""|""|""|""|""|""|""|""|""|""|""|""|""|""|""|""|""|""|""|""|""|""|""|""|""|""|""|""|""|""|"Pink Palm Print Linen Blend"|""|""|""|""|""|""|"12"|"4.3"|"3"|""|"https://xcdn.next.co.uk/common/items/default/default/itemimages/3_4Ratio/product/lge/G06764s.jpg?im=Resize,width=750"|""|"https://xcdn.next.co.uk/common/items/default/default/itemimages/3_4Ratio/product/lge/G06764s2.jpg?im=Resize,width=750"|""|"https://xcdn.next.co.uk/common/items/default/default/itemimages/3_4Ratio/product/lge/G06764s3.jpg?im=Resize,width=750"|""|"https://xcdn.next.co.uk/common/items/default/default/itemimages/3_4Ratio/product/lge/G06764s4.jpg?im=Resize,width=750"|""|""|""|""|""|"Regular"|""|"85% Cotton, 15% Linen."|""|""|""|""|""|""|""|""|""|""|""|""|""|""|""|""|""|""|""|""|"True"|""|"G06-764-12P"|""|""|""|""|""|""|""|""|""
"G06-764-14"|"next"|""|""|""|""|""|""|""|"2026-03-27"|"Love & Roses Pink Palm Print Linen Blend Beach Shorts"|"Love & Roses"|""|""|""|""|"Home"|"Women"|"Coord"|"Love & Roses Pink Palm Print Linen Blend Beach Shorts"|""|""|""|"34.00"|"34.00"|""|""|""|""|""|""|""|""|""|""|""|""|""|"GBP"|"Home > Women > coord > Love & Roses Pink Palm Print Linen Blend Beach Shorts"|"https://www.next.co.uk/style/su925082/g06764#g06764"|""|""|""|""|""|""|""|""|""|""|""|""|""|""|""|""|""|""|""|""|""|""|""|""|""|""|""|""|""|""|""|""|""|"Pink Palm Print Linen Blend"|""|""|""|""|""|""|"14"|"4.3"|"3"|""|"https://xcdn.next.co.uk/common/items/default/default/itemimages/3_4Ratio/product/lge/G06764s.jpg?im=Resize,width=750"|""|"https://xcdn.next.co.uk/common/items/default/default/itemimages/3_4Ratio/product/lge/G06764s2.jpg?im=Resize,width=750"|""|"https://xcdn.next.co.uk/common/items/default/default/itemimages/3_4Ratio/product/lge/G06764s3.jpg?im=Resize,width=750"|""|"https://xcdn.next.co.uk/common/items/default/default/itemimages/3_4Ratio/product/lge/G06764s4.jpg?im=Resize,width=750"|""|""|""|""|""|"Regular"|""|"85% Cotton, 15% Linen."|""|""|""|""|""|""|""|""|""|""|""|""|""|""|""|""|""|""|""|""|"True"|""|"G06-764-14P"|""|""|""|""|""|""|""|""|""
"G06-764-16"|"next"|""|""|""|""|""|""|""|"2026-03-27"|"Love & Roses Pink Palm Print Linen Blend Beach Shorts"|"Love & Roses"|""|""|""|""|"Home"|"Women"|"Coord"|"Love & Roses Pink Palm Print Linen Blend Beach Shorts"|""|""|""|"34.00"|"34.00"|""|""|""|""|""|""|""|""|""|""|""|""|""|"GBP"|"Home > Women > coord > Love & Roses Pink Palm Print Linen Blend Beach Shorts"|"https://www.next.co.uk/style/su925082/g06764#g06764"|""|""|""|""|""|""|""|""|""|""|""|""|""|""|""|""|""|""|""|""|""|""|""|""|""|""|""|""|""|""|""|""|""|"Pink Palm Print Linen Blend"|""|""|""|""|""|""|"16"|"4.3"|"3"|""|"https://xcdn.next.co.uk/common/items/default/default/itemimages/3_4Ratio/product/lge/G06764s.jpg?im=Resize,width=750"|""|"https://xcdn.next.co.uk/common/items/default/default/itemimages/3_4Ratio/product/lge/G06764s2.jpg?im=Resize,width=750"|""|"https://xcdn.next.co.uk/common/items/default/default/itemimages/3_4Ratio/product/lge/G06764s3.jpg?im=Resize,width=750"|""|"https://xcdn.next.co.uk/common/items/default/default/itemimages/3_4Ratio/product/lge/G06764s4.jpg?im=Resize,width=750"|""|""|""|""|""|"Regular"|""|"85% Cotton, 15% Linen."|""|""|""|""|""|""|""|""|""|""|""|""|""|""|""|""|""|""|""|""|"False"|""|"G06-764-16P"|""|""|""|""|""|""|""|""|""
"G06-764-18"|"next"|""|""|""|""|""|""|""|"2026-03-27"|"Love & Roses Pink Palm Print Linen Blend Beach Shorts"|"Love & Roses"|""|""|""|""|"Home"|"Women"|"Coord"|"Love & Roses Pink Palm Print Linen Blend Beach Shorts"|""|""|""|"34.00"|"34.00"|""|""|""|""|""|""|""|""|""|""|""|""|""|"GBP"|"Home > Women > coord > Love & Roses Pink Palm Print Linen Blend Beach Shorts"|"https://www.next.co.uk/style/su925082/g06764#g06764"|""|""|""|""|""|""|""|""|""|""|""|""|""|""|""|""|""|""|""|""|""|""|""|""|""|""|""|""|""|""|""|""|""|"Pink Palm Print Linen Blend"|""|""|""|""|""|""|"18"|"4.3"|"3"|""|"https://xcdn.next.co.uk/common/items/default/default/itemimages/3_4Ratio/product/lge/G06764s.jpg?im=Resize,width=750"|""|"https://xcdn.next.co.uk/common/items/default/default/itemimages/3_4Ratio/product/lge/G06764s2.jpg?im=Resize,width=750"|""|"https://xcdn.next.co.uk/common/items/default/default/itemimages/3_4Ratio/product/lge/G06764s3.jpg?im=Resize,width=750"|""|"https://xcdn.next.co.uk/common/items/default/default/itemimages/3_4Ratio/product/lge/G06764s4.jpg?im=Resize,width=750"|""|""|""|""|""|"Regular"|""|"85% Cotton, 15% Linen."|""|""|""|""|""|""|""|""|""|""|""|""|""|""|""|""|""|""|""|""|"True"|""|"G06-764-18P"|""|""|""|""|""|""|""|""|""
"G06-764-20"|"next"|""|""|""|""|""|""|""|"2026-03-27"|"Love & Roses Pink Palm Print Linen Blend Beach Shorts"|"Love & Roses"|""|""|""|""|"Home"|"Women"|"Coord"|"Love & Roses Pink Palm Print Linen Blend Beach Shorts"|""|""|""|"34.00"|"34.00"|""|""|""|""|""|""|""|""|""|""|""|""|""|"GBP"|"Home > Women > coord > Love & Roses Pink Palm Print Linen Blend Beach Shorts"|"https://www.next.co.uk/style/su925082/g06764#g06764"|""|""|""|""|""|""|""|""|""|""|""|""|""|""|""|""|""|""|""|""|""|""|""|""|""|""|""|""|""|""|""|""|""|"Pink Palm Print Linen Blend"|""|""|""|""|""|""|"20"|"4.3"|"3"|""|"https://xcdn.next.co.uk/common/items/default/default/itemimages/3_4Ratio/product/lge/G06764s.jpg?im=Resize,width=750"|""|"https://xcdn.next.co.uk/common/items/default/default/itemimages/3_4Ratio/product/lge/G06764s2.jpg?im=Resize,width=750"|""|"https://xcdn.next.co.uk/common/items/default/default/itemimages/3_4Ratio/product/lge/G06764s3.jpg?im=Resize,width=750"|""|"https://xcdn.next.co.uk/common/items/default/default/itemimages/3_4Ratio/product/lge/G06764s4.jpg?im=Resize,width=750"|""|""|""|""|""|"Regular"|""|"85% Cotton, 15% Linen."|""|""|""|""|""|""|""|""|""|""|""|""|""|""|""|""|""|""|""|""|"True"|""|"G06-764-20P"|""|""|""|""|""|""|""|""|""
"G06-764-22"|"next"|""|""|""|""|""|""|""|"2026-03-27"|"Love & Roses Pink Palm Print Linen Blend Beach Shorts"|"Love & Roses"|""|""|""|""|"Home"|"Women"|"Coord"|"Love & Roses Pink Palm Print Linen Blend Beach Shorts"|""|""|""|"34.00"|"34.00"|""|""|""|""|""|""|""|""|""|""|""|""|""|"GBP"|"Home > Women > coord > Love & Roses Pink Palm Print Linen Blend Beach Shorts"|"https://www.next.co.uk/style/su925082/g06764#g06764"|""|""|""|""|""|""|""|""|""|""|""|""|""|""|""|""|""|""|""|""|""|""|""|""|""|""|""|""|""|""|""|""|""|"Pink Palm Print Linen Blend"|""|""|""|""|""|""|"22"|"4.3"|"3"|""|"https://xcdn.next.co.uk/common/items/default/default/itemimages/3_4Ratio/product/lge/G06764s.jpg?im=Resize,width=750"|""|"https://xcdn.next.co.uk/common/items/default/default/itemimages/3_4Ratio/product/lge/G06764s2.jpg?im=Resize,width=750"|""|"https://xcdn.next.co.uk/common/items/default/default/itemimages/3_4Ratio/product/lge/G06764s3.jpg?im=Resize,width=750"|""|"https://xcdn.next.co.uk/common/items/default/default/itemimages/3_4Ratio/product/lge/G06764s4.jpg?im=Resize,width=750"|""|""|""|""|""|"Regular"|""|"85% Cotton, 15% Linen."|""|""|""|""|""|""|""|""|""|""|""|""|""|""|""|""|""|""|""|""|"False"|""|"G06-764-22P"|""|""|""|""|""|""|""|""|""
"W92-746-4"|"next"|""|""|""|""|""|""|""|"2026-03-27"|"Blue/Orange Scarf Print Scarf Bandeau Top"|"Next"|""|""|""|""|"Home"|"Women"|"Coord"|"Blue/Orange Scarf Print Scarf Bandeau Top"|""|""|""|"29.00"|"29.00"|""|""|""|""|""|""|""|""|""|""|""|""|""|"GBP"|"Home > Women > coord > Blue/Orange Scarf Print Scarf Bandeau Top"|"https://www.next.co.uk/style/su819343/w92746#w92746"|""|"This printed bandeau top in a lightweight fabric captures a relaxed scarf-style aesthetic for beach or city wear. The pull-on design offers a secure fit without the need for intricate tying, providing an effortless summer silhouette. Printed bandeau style Lightweight fabric construction Scarf-top aesthetic Strapless design"|""|""|""|""|""|""|""|""|""|""|""|""|""|""|""|""|""|""|""|""|""|""|""|""|""|""|""|""|""|""|""|"Blue/Orange Scarf Print"|""|""|""|""|""|""|"4"|""|""|""|"https://xcdn.next.co.uk/common/items/default/default/itemimages/3_4Ratio/product/lge/W92746s.jpg?im=Resize,width=750"|""|"https://xcdn.next.co.uk/common/items/default/default/itemimages/3_4Ratio/product/lge/W92746s2.jpg?im=Resize,width=750"|""|"https://xcdn.next.co.uk/common/items/default/default/itemimages/3_4Ratio/product/lge/W92746s3.jpg?im=Resize,width=750"|""|"https://xcdn.next.co.uk/common/items/default/default/itemimages/3_4Ratio/product/lge/W92746s4.jpg?im=Resize,width=750"|""|"https://xcdn.next.co.uk/common/items/default/default/itemimages/3_4Ratio/product/lge/W92746s5.jpg?im=Resize,width=750"|""|"https://xcdn.next.co.uk/common/items/default/default/itemimages/3_4Ratio/product/lge/W92746s6.jpg?im=Resize,width=750"|""|"Regular"|""|"100% Recycled polyester."|""|"Machine washable."|""|""|""|""|""|""|""|""|""|""|""|""|""|""|""|""|""|""|"True"|""|"W92-746-4P"|""|""|""|""|""|""|""|""|""
"W92-746-6"|"next"|""|""|""|""|""|""|""|"2026-03-27"|"Blue/Orange Scarf Print Scarf Bandeau Top"|"Next"|""|""|""|""|"Home"|"Women"|"Coord"|"Blue/Orange Scarf Print Scarf Bandeau Top"|""|""|""|"29.00"|"29.00"|""|""|""|""|""|""|""|""|""|""|""|""|""|"GBP"|"Home > Women > coord > Blue/Orange Scarf Print Scarf Bandeau Top"|"https://www.next.co.uk/style/su819343/w92746#w92746"|""|"This printed bandeau top in a lightweight fabric captures a relaxed scarf-style aesthetic for beach or city wear. The pull-on design offers a secure fit without the need for intricate tying, providing an effortless summer silhouette. Printed bandeau style Lightweight fabric construction Scarf-top aesthetic Strapless design"|""|""|""|""|""|""|""|""|""|""|""|""|""|""|""|""|""|""|""|""|""|""|""|""|""|""|""|""|""|""|""|"Blue/Orange Scarf Print"|""|""|""|""|""|""|"6"|""|""|""|"https://xcdn.next.co.uk/common/items/default/default/itemimages/3_4Ratio/product/lge/W92746s.jpg?im=Resize,width=750"|""|"https://xcdn.next.co.uk/common/items/default/default/itemimages/3_4Ratio/product/lge/W92746s2.jpg?im=Resize,width=750"|""|"https://xcdn.next.co.uk/common/items/default/default/itemimages/3_4Ratio/product/lge/W92746s3.jpg?im=Resize,width=750"|""|"https://xcdn.next.co.uk/common/items/default/default/itemimages/3_4Ratio/product/lge/W92746s4.jpg?im=Resize,width=750"|""|"https://xcdn.next.co.uk/common/items/default/default/itemimages/3_4Ratio/product/lge/W92746s5.jpg?im=Resize,width=750"|""|"https://xcdn.next.co.uk/common/items/default/default/itemimages/3_4Ratio/product/lge/W92746s6.jpg?im=Resize,width=750"|""|"Regular"|""|"100% Recycled polyester."|""|"Machine washable."|""|""|""|""|""|""|""|""|""|""|""|""|""|""|""|""|""|""|"True"|""|"W92-746-6P"|""|""|""|""|""|""|""|""|""
"W92-746-8"|"next"|""|""|""|""|""|""|""|"2026-03-27"|"Blue/Orange Scarf Print Scarf Bandeau Top"|"Next"|""|""|""|""|"Home"|"Women"|"Coord"|"Blue/Orange Scarf Print Scarf Bandeau Top"|""|""|""|"29.00"|"29.00"|""|""|""|""|""|""|""|""|""|""|""|""|""|"GBP"|"Home > Women > coord > Blue/Orange Scarf Print Scarf Bandeau Top"|"https://www.next.co.uk/style/su819343/w92746#w92746"|""|"This printed bandeau top in a lightweight fabric captures a relaxed scarf-style aesthetic for beach or city wear. The pull-on design offers a secure fit without the need for intricate tying, providing an effortless summer silhouette. Printed bandeau style Lightweight fabric construction Scarf-top aesthetic Strapless design"|""|""|""|""|""|""|""|""|""|""|""|""|""|""|""|""|""|""|""|""|""|""|""|""|""|""|""|""|""|""|""|"Blue/Orange Scarf Print"|""|""|""|""|""|""|"8"|""|""|""|"https://xcdn.next.co.uk/common/items/default/default/itemimages/3_4Ratio/product/lge/W92746s.jpg?im=Resize,width=750"|""|"https://xcdn.next.co.uk/common/items/default/default/itemimages/3_4Ratio/product/lge/W92746s2.jpg?im=Resize,width=750"|""|"https://xcdn.next.co.uk/common/items/default/default/itemimages/3_4Ratio/product/lge/W92746s3.jpg?im=Resize,width=750"|""|"https://xcdn.next.co.uk/common/items/default/default/itemimages/3_4Ratio/product/lge/W92746s4.jpg?im=Resize,width=750"|""|"https://xcdn.next.co.uk/common/items/default/default/itemimages/3_4Ratio/product/lge/W92746s5.jpg?im=Resize,width=750"|""|"https://xcdn.next.co.uk/common/items/default/default/itemimages/3_4Ratio/product/lge/W92746s6.jpg?im=Resize,width=750"|""|"Regular"|""|"100% Recycled polyester."|""|"Machine washable."|""|""|""|""|""|""|""|""|""|""|""|""|""|""|""|""|""|""|"True"|""|"W92-746-8P"|""|""|""|""|""|""|""|""|""
"W92-746-10"|"next"|""|""|""|""|""|""|""|"2026-03-27"|"Blue/Orange Scarf Print Scarf Bandeau Top"|"Next"|""|""|""|""|"Home"|"Women"|"Coord"|"Blue/Orange Scarf Print Scarf Bandeau Top"|""|""|""|"29.00"|"29.00"|""|""|""|""|""|""|""|""|""|""|""|""|""|"GBP"|"Home > Women > coord > Blue/Orange Scarf Print Scarf Bandeau Top"|"https://www.next.co.uk/style/su819343/w92746#w92746"|""|"This printed bandeau top in a lightweight fabric captures a relaxed scarf-style aesthetic for beach or city wear. The pull-on design offers a secure fit without the need for intricate tying, providing an effortless summer silhouette. Printed bandeau style Lightweight fabric construction Scarf-top aesthetic Strapless design"|""|""|""|""|""|""|""|""|""|""|""|""|""|""|""|""|""|""|""|""|""|""|""|""|""|""|""|""|""|""|""|"Blue/Orange Scarf Print"|""|""|""|""|""|""|"10"|""|""|""|"https://xcdn.next.co.uk/common/items/default/default/itemimages/3_4Ratio/product/lge/W92746s.jpg?im=Resize,width=750"|""|"https://xcdn.next.co.uk/common/items/default/default/itemimages/3_4Ratio/product/lge/W92746s2.jpg?im=Resize,width=750"|""|"https://xcdn.next.co.uk/common/items/default/default/itemimages/3_4Ratio/product/lge/W92746s3.jpg?im=Resize,width=750"|""|"https://xcdn.next.co.uk/common/items/default/default/itemimages/3_4Ratio/product/lge/W92746s4.jpg?im=Resize,width=750"|""|"https://xcdn.next.co.uk/common/items/default/default/itemimages/3_4Ratio/product/lge/W92746s5.jpg?im=Resize,width=750"|""|"https://xcdn.next.co.uk/common/items/default/default/itemimages/3_4Ratio/product/lge/W92746s6.jpg?im=Resize,width=750"|""|"Regular"|""|"100% Recycled polyester."|""|"Machine washable."|""|""|""|""|""|""|""|""|""|""|""|""|""|""|""|""|""|""|"True"|""|"W92-746-10P"|""|""|""|""|""|""|""|""|""
"W92-746-12"|"next"|""|""|""|""|""|""|""|"2026-03-27"|"Blue/Orange Scarf Print Scarf Bandeau Top"|"Next"|""|""|""|""|"Home"|"Women"|"Coord"|"Blue/Orange Scarf Print Scarf Bandeau Top"|""|""|""|"29.00"|"29.00"|""|""|""|""|""|""|""|""|""|""|""|""|""|"GBP"|"Home > Women > coord > Blue/Orange Scarf Print Scarf Bandeau Top"|"https://www.next.co.uk/style/su819343/w92746#w92746"|""|"This printed bandeau top in a lightweight fabric captures a relaxed scarf-style aesthetic for beach or city wear. The pull-on design offers a secure fit without the need for intricate tying, providing an effortless summer silhouette. Printed bandeau style Lightweight fabric construction Scarf-top aesthetic Strapless design"|""|""|""|""|""|""|""|""|""|""|""|""|""|""|""|""|""|""|""|""|""|""|""|""|""|""|""|""|""|""|""|"Blue/Orange Scarf Print"|""|""|""|""|""|""|"12"|""|""|""|"https://xcdn.next.co.uk/common/items/default/default/itemimages/3_4Ratio/product/lge/W92746s.jpg?im=Resize,width=750"|""|"https://xcdn.next.co.uk/common/items/default/default/itemimages/3_4Ratio/product/lge/W92746s2.jpg?im=Resize,width=750"|""|"https://xcdn.next.co.uk/common/items/default/default/itemimages/3_4Ratio/product/lge/W92746s3.jpg?im=Resize,width=750"|""|"https://xcdn.next.co.uk/common/items/default/default/itemimages/3_4Ratio/product/lge/W92746s4.jpg?im=Resize,width=750"|""|"https://xcdn.next.co.uk/common/items/default/default/itemimages/3_4Ratio/product/lge/W92746s5.jpg?im=Resize,width=750"|""|"https://xcdn.next.co.uk/common/items/default/default/itemimages/3_4Ratio/product/lge/W92746s6.jpg?im=Resize,width=750"|""|"Regular"|""|"100% Recycled polyester."|""|"Machine washable."|""|""|""|""|""|""|""|""|""|""|""|""|""|""|""|""|""|""|"True"|""|"W92-746-12P"|""|""|""|""|""|""|""|""|""
"W92-746-14"|"next"|""|""|""|""|""|""|""|"2026-03-27"|"Blue/Orange Scarf Print Scarf Bandeau Top"|"Next"|""|""|""|""|"Home"|"Women"|"Coord"|"Blue/Orange Scarf Print Scarf Bandeau Top"|""|""|""|"29.00"|"29.00"|""|""|""|""|""|""|""|""|""|""|""|""|""|"GBP"|"Home > Women > coord > Blue/Orange Scarf Print Scarf Bandeau Top"|"https://www.next.co.uk/style/su819343/w92746#w92746"|""|"This printed bandeau top in a lightweight fabric captures a relaxed scarf-style aesthetic for beach or city wear. The pull-on design offers a secure fit without the need for intricate tying, providing an effortless summer silhouette. Printed bandeau style Lightweight fabric construction Scarf-top aesthetic Strapless design"|""|""|""|""|""|""|""|""|""|""|""|""|""|""|""|""|""|""|""|""|""|""|""|""|""|""|""|""|""|""|""|"Blue/Orange Scarf Print"|""|""|""|""|""|""|"14"|""|""|""|"https://xcdn.next.co.uk/common/items/default/default/itemimages/3_4Ratio/product/lge/W92746s.jpg?im=Resize,width=750"|""|"https://xcdn.next.co.uk/common/items/default/default/itemimages/3_4Ratio/product/lge/W92746s2.jpg?im=Resize,width=750"|""|"https://xcdn.next.co.uk/common/items/default/default/itemimages/3_4Ratio/product/lge/W92746s3.jpg?im=Resize,width=750"|""|"https://xcdn.next.co.uk/common/items/default/default/itemimages/3_4Ratio/product/lge/W92746s4.jpg?im=Resize,width=750"|""|"https://xcdn.next.co.uk/common/items/default/default/itemimages/3_4Ratio/product/lge/W92746s5.jpg?im=Resize,width=750"|""|"https://xcdn.next.co.uk/common/items/default/default/itemimages/3_4Ratio/product/lge/W92746s6.jpg?im=Resize,width=750"|""|"Regular"|""|"100% Recycled polyester."|""|"Machine washable."|""|""|""|""|""|""|""|""|""|""|""|""|""|""|""|""|""|""|"True"|""|"W92-746-14P"|""|""|""|""|""|""|""|""|""
"W92-746-16"|"next"|""|""|""|""|""|""|""|"2026-03-27"|"Blue/Orange Scarf Print Scarf Bandeau Top"|"Next"|""|""|""|""|"Home"|"Women"|"Coord"|"Blue/Orange Scarf Print Scarf Bandeau Top"|""|""|""|"29.00"|"29.00"|""|""|""|""|""|""|""|""|""|""|""|""|""|"GBP"|"Home > Women > coord > Blue/Orange Scarf Print Scarf Bandeau Top"|"https://www.next.co.uk/style/su819343/w92746#w92746"|""|"This printed bandeau top in a lightweight fabric captures a relaxed scarf-style aesthetic for beach or city wear. The pull-on design offers a secure fit without the need for intricate tying, providing an effortless summer silhouette. Printed bandeau style Lightweight fabric construction Scarf-top aesthetic Strapless design"|""|""|""|""|""|""|""|""|""|""|""|""|""|""|""|""|""|""|""|""|""|""|""|""|""|""|""|""|""|""|""|"Blue/Orange Scarf Print"|""|""|""|""|""|""|"16"|""|""|""|"https://xcdn.next.co.uk/common/items/default/default/itemimages/3_4Ratio/product/lge/W92746s.jpg?im=Resize,width=750"|""|"https://xcdn.next.co.uk/common/items/default/default/itemimages/3_4Ratio/product/lge/W92746s2.jpg?im=Resize,width=750"|""|"https://xcdn.next.co.uk/common/items/default/default/itemimages/3_4Ratio/product/lge/W92746s3.jpg?im=Resize,width=750"|""|"https://xcdn.next.co.uk/common/items/default/default/itemimages/3_4Ratio/product/lge/W92746s4.jpg?im=Resize,width=750"|""|"https://xcdn.next.co.uk/common/items/default/default/itemimages/3_4Ratio/product/lge/W92746s5.jpg?im=Resize,width=750"|""|"https://xcdn.next.co.uk/common/items/default/default/itemimages/3_4Ratio/product/lge/W92746s6.jpg?im=Resize,width=750"|""|"Regular"|""|"100% Recycled polyester."|""|"Machine washable."|""|""|""|""|""|""|""|""|""|""|""|""|""|""|""|""|""|""|"True"|""|"W92-746-16P"|""|""|""|""|""|""|""|""|""
"W92-746-18"|"next"|""|""|""|""|""|""|""|"2026-03-27"|"Blue/Orange Scarf Print Scarf Bandeau Top"|"Next"|""|""|""|""|"Home"|"Women"|"Coord"|"Blue/Orange Scarf Print Scarf Bandeau Top"|""|""|""|"29.00"|"29.00"|""|""|""|""|""|""|""|""|""|""|""|""|""|"GBP"|"Home > Women > coord > Blue/Orange Scarf Print Scarf Bandeau Top"|"https://www.next.co.uk/style/su819343/w92746#w92746"|""|"This printed bandeau top in a lightweight fabric captures a relaxed scarf-style aesthetic for beach or city wear. The pull-on design offers a secure fit without the need for intricate tying, providing an effortless summer silhouette. Printed bandeau style Lightweight fabric construction Scarf-top aesthetic Strapless design"|""|""|""|""|""|""|""|""|""|""|""|""|""|""|""|""|""|""|""|""|""|""|""|""|""|""|""|""|""|""|""|"Blue/Orange Scarf Print"|""|""|""|""|""|""|"18"|""|""|""|"https://xcdn.next.co.uk/common/items/default/default/itemimages/3_4Ratio/product/lge/W92746s.jpg?im=Resize,width=750"|""|"https://xcdn.next.co.uk/common/items/default/default/itemimages/3_4Ratio/product/lge/W92746s2.jpg?im=Resize,width=750"|""|"https://xcdn.next.co.uk/common/items/default/default/itemimages/3_4Ratio/product/lge/W92746s3.jpg?im=Resize,width=750"|""|"https://xcdn.next.co.uk/common/items/default/default/itemimages/3_4Ratio/product/lge/W92746s4.jpg?im=Resize,width=750"|""|"https://xcdn.next.co.uk/common/items/default/default/itemimages/3_4Ratio/product/lge/W92746s5.jpg?im=Resize,width=750"|""|"https://xcdn.next.co.uk/common/items/default/default/itemimages/3_4Ratio/product/lge/W92746s6.jpg?im=Resize,width=750"|""|"Regular"|""|"100% Recycled polyester."|""|"Machine washable."|""|""|""|""|""|""|""|""|""|""|""|""|""|""|""|""|""|""|"True"|""|"W92-746-18P"|""|""|""|""|""|""|""|""|""
"W92-746-20"|"next"|""|""|""|""|""|""|""|"2026-03-27"|"Blue/Orange Scarf Print Scarf Bandeau Top"|"Next"|""|""|""|""|"Home"|"Women"|"Coord"|"Blue/Orange Scarf Print Scarf Bandeau Top"|""|""|""|"29.00"|"29.00"|""|""|""|""|""|""|""|""|""|""|""|""|""|"GBP"|"Home > Women > coord > Blue/Orange Scarf Print Scarf Bandeau Top"|"https://www.next.co.uk/style/su819343/w92746#w92746"|""|"This printed bandeau top in a lightweight fabric captures a relaxed scarf-style aesthetic for beach or city wear. The pull-on design offers a secure fit without the need for intricate tying, providing an effortless summer silhouette. Printed bandeau style Lightweight fabric construction Scarf-top aesthetic Strapless design"|""|""|""|""|""|""|""|""|""|""|""|""|""|""|""|""|""|""|""|""|""|""|""|""|""|""|""|""|""|""|""|"Blue/Orange Scarf Print"|""|""|""|""|""|""|"20"|""|""|""|"https://xcdn.next.co.uk/common/items/default/default/itemimages/3_4Ratio/product/lge/W92746s.jpg?im=Resize,width=750"|""|"https://xcdn.next.co.uk/common/items/default/default/itemimages/3_4Ratio/product/lge/W92746s2.jpg?im=Resize,width=750"|""|"https://xcdn.next.co.uk/common/items/default/default/itemimages/3_4Ratio/product/lge/W92746s3.jpg?im=Resize,width=750"|""|"https://xcdn.next.co.uk/common/items/default/default/itemimages/3_4Ratio/product/lge/W92746s4.jpg?im=Resize,width=750"|""|"https://xcdn.next.co.uk/common/items/default/default/itemimages/3_4Ratio/product/lge/W92746s5.jpg?im=Resize,width=750"|""|"https://xcdn.next.co.uk/common/items/default/default/itemimages/3_4Ratio/product/lge/W92746s6.jpg?im=Resize,width=750"|""|"Regular"|""|"100% Recycled polyester."|""|"Machine washable."|""|""|""|""|""|""|""|""|""|""|""|""|""|""|""|""|""|""|"True"|""|"W92-746-20P"|""|""|""|""|""|""|""|""|""
"W92-746-22"|"next"|""|""|""|""|""|""|""|"2026-03-27"|"Blue/Orange Scarf Print Scarf Bandeau Top"|"Next"|""|""|""|""|"Home"|"Women"|"Coord"|"Blue/Orange Scarf Print Scarf Bandeau Top"|""|""|""|"29.00"|"29.00"|""|""|""|""|""|""|""|""|""|""|""|""|""|"GBP"|"Home > Women > coord > Blue/Orange Scarf Print Scarf Bandeau Top"|"https://www.next.co.uk/style/su819343/w92746#w92746"|""|"This printed bandeau top in a lightweight fabric captures a relaxed scarf-style aesthetic for beach or city wear. The pull-on design offers a secure fit without the need for intricate tying, providing an effortless summer silhouette. Printed bandeau style Lightweight fabric construction Scarf-top aesthetic Strapless design"|""|""|""|""|""|""|""|""|""|""|""|""|""|""|""|""|""|""|""|""|""|""|""|""|""|""|""|""|""|""|""|"Blue/Orange Scarf Print"|""|""|""|""|""|""|"22"|""|""|""|"https://xcdn.next.co.uk/common/items/default/default/itemimages/3_4Ratio/product/lge/W92746s.jpg?im=Resize,width=750"|""|"https://xcdn.next.co.uk/common/items/default/default/itemimages/3_4Ratio/product/lge/W92746s2.jpg?im=Resize,width=750"|""|"https://xcdn.next.co.uk/common/items/default/default/itemimages/3_4Ratio/product/lge/W92746s3.jpg?im=Resize,width=750"|""|"https://xcdn.next.co.uk/common/items/default/default/itemimages/3_4Ratio/product/lge/W92746s4.jpg?im=Resize,width=750"|""|"https://xcdn.next.co.uk/common/items/default/default/itemimages/3_4Ratio/product/lge/W92746s5.jpg?im=Resize,width=750"|""|"https://xcdn.next.co.uk/common/items/default/default/itemimages/3_4Ratio/product/lge/W92746s6.jpg?im=Resize,width=750"|""|"Regular"|""|"100% Recycled polyester."|""|"Machine washable."|""|""|""|""|""|""|""|""|""|""|""|""|""|""|""|""|""|""|"False"|""|"W92-746-22P"|""|""|""|""|""|""|""|""|""
"W92-746-24"|"next"|""|""|""|""|""|""|""|"2026-03-27"|"Blue/Orange Scarf Print Scarf Bandeau Top"|"Next"|""|""|""|""|"Home"|"Women"|"Coord"|"Blue/Orange Scarf Print Scarf Bandeau Top"|""|""|""|"29.00"|"29.00"|""|""|""|""|""|""|""|""|""|""|""|""|""|"GBP"|"Home > Women > coord > Blue/Orange Scarf Print Scarf Bandeau Top"|"https://www.next.co.uk/style/su819343/w92746#w92746"|""|"This printed bandeau top in a lightweight fabric captures a relaxed scarf-style aesthetic for beach or city wear. The pull-on design offers a secure fit without the need for intricate tying, providing an effortless summer silhouette. Printed bandeau style Lightweight fabric construction Scarf-top aesthetic Strapless design"|""|""|""|""|""|""|""|""|""|""|""|""|""|""|""|""|""|""|""|""|""|""|""|""|""|""|""|""|""|""|""|"Blue/Orange Scarf Print"|""|""|""|""|""|""|"24"|""|""|""|"https://xcdn.next.co.uk/common/items/default/default/itemimages/3_4Ratio/product/lge/W92746s.jpg?im=Resize,width=750"|""|"https://xcdn.next.co.uk/common/items/default/default/itemimages/3_4Ratio/product/lge/W92746s2.jpg?im=Resize,width=750"|""|"https://xcdn.next.co.uk/common/items/default/default/itemimages/3_4Ratio/product/lge/W92746s3.jpg?im=Resize,width=750"|""|"https://xcdn.next.co.uk/common/items/default/default/itemimages/3_4Ratio/product/lge/W92746s4.jpg?im=Resize,width=750"|""|"https://xcdn.next.co.uk/common/items/default/default/itemimages/3_4Ratio/product/lge/W92746s5.jpg?im=Resize,width=750"|""|"https://xcdn.next.co.uk/common/items/default/default/itemimages/3_4Ratio/product/lge/W92746s6.jpg?im=Resize,width=750"|""|"Regular"|""|"100% Recycled polyester."|""|"Machine washable."|""|""|""|""|""|""|""|""|""|""|""|""|""|""|""|""|""|""|"True"|""|"W92-746-24P"|""|""|""|""|""|""|""|""|""
"W92-746-26"|"next"|""|""|""|""|""|""|""|"2026-03-27"|"Blue/Orange Scarf Print Scarf Bandeau Top"|"Next"|""|""|""|""|"Home"|"Women"|"Coord"|"Blue/Orange Scarf Print Scarf Bandeau Top"|""|""|""|"29.00"|"29.00"|""|""|""|""|""|""|""|""|""|""|""|""|""|"GBP"|"Home > Women > coord > Blue/Orange Scarf Print Scarf Bandeau Top"|"https://www.next.co.uk/style/su819343/w92746#w92746"|""|"This printed bandeau top in a lightweight fabric captures a relaxed scarf-style aesthetic for beach or city wear. The pull-on design offers a secure fit without the need for intricate tying, providing an effortless summer silhouette. Printed bandeau style Lightweight fabric construction Scarf-top aesthetic Strapless design"|""|""|""|""|""|""|""|""|""|""|""|""|""|""|""|""|""|""|""|""|""|""|""|""|""|""|""|""|""|""|""|"Blue/Orange Scarf Print"|""|""|""|""|""|""|"26"|""|""|""|"https://xcdn.next.co.uk/common/items/default/default/itemimages/3_4Ratio/product/lge/W92746s.jpg?im=Resize,width=750"|""|"https://xcdn.next.co.uk/common/items/default/default/itemimages/3_4Ratio/product/lge/W92746s2.jpg?im=Resize,width=750"|""|"https://xcdn.next.co.uk/common/items/default/default/itemimages/3_4Ratio/product/lge/W92746s3.jpg?im=Resize,width=750"|""|"https://xcdn.next.co.uk/common/items/default/default/itemimages/3_4Ratio/product/lge/W92746s4.jpg?im=Resize,width=750"|""|"https://xcdn.next.co.uk/common/items/default/default/itemimages/3_4Ratio/product/lge/W92746s5.jpg?im=Resize,width=750"|""|"https://xcdn.next.co.uk/common/items/default/default/itemimages/3_4Ratio/product/lge/W92746s6.jpg?im=Resize,width=750"|""|"Regular"|""|"100% Recycled polyester."|""|"Machine washable."|""|""|""|""|""|""|""|""|""|""|""|""|""|""|""|""|""|""|"True"|""|"W92-746-26P"|""|""|""|""|""|""|""|""|""
"Q69-867-8"|"next"|""|""|""|""|""|""|""|"2026-03-27"|"Threadbare Mid Wash Classic Denim Jacket"|"Threadbare"|""|""|""|""|"Home"|"Women"|"Coats & Jackets"|"Threadbare Mid Wash Classic Denim Jacket"|""|""|""|"30.00"|"30.00"|""|""|""|""|""|""|""|""|""|""|""|""|""|"GBP"|"Home > Women > coats & jackets > Threadbare Mid Wash Classic Denim Jacket"|"https://www.next.co.uk/style/su143404/q69867#q69867"|""|"This denim jacket from Threadbare features a classic collar, metal shank buttons and button cuffs. The jacket also has two chest pockets and two side pockets. Perfect for layering. Also available in other colours."|""|""|""|""|""|""|""|""|""|""|""|""|""|""|""|""|""|""|""|""|""|""|""|""|""|""|""|""|""|""|""|"Mid Wash"|""|""|""|""|""|""|"8"|"4.8"|"139"|""|"https://xcdn.next.co.uk/common/items/default/default/itemimages/3_4Ratio/product/lge/Q69867s.jpg?im=Resize,width=750"|""|"https://xcdn.next.co.uk/common/items/default/default/itemimages/3_4Ratio/product/lge/Q69867s2.jpg?im=Resize,width=750"|""|"https://xcdn.next.co.uk/common/items/default/default/itemimages/3_4Ratio/product/lge/Q69867s3.jpg?im=Resize,width=750"|""|"https://xcdn.next.co.uk/common/items/default/default/itemimages/3_4Ratio/product/lge/Q69867s4.jpg?im=Resize,width=750"|""|""|""|""|""|"Regular"|""|"98% Cotton, 2% Elastane."|""|"Machine washable."|""|""|""|""|""|""|""|""|""|""|""|""|""|""|""|""|""|""|"True"|""|"Q69-867-8P"|""|""|""|""|""|""|""|""|""
"Q69-867-10"|"next"|""|""|""|""|""|""|""|"2026-03-27"|"Threadbare Mid Wash Classic Denim Jacket"|"Threadbare"|""|""|""|""|"Home"|"Women"|"Coats & Jackets"|"Threadbare Mid Wash Classic Denim Jacket"|""|""|""|"30.00"|"30.00"|""|""|""|""|""|""|""|""|""|""|""|""|""|"GBP"|"Home > Women > coats & jackets > Threadbare Mid Wash Classic Denim Jacket"|"https://www.next.co.uk/style/su143404/q69867#q69867"|""|"This denim jacket from Threadbare features a classic collar, metal shank buttons and button cuffs. The jacket also has two chest pockets and two side pockets. Perfect for layering. Also available in other colours."|""|""|""|""|""|""|""|""|""|""|""|""|""|""|""|""|""|""|""|""|""|""|""|""|""|""|""|""|""|""|""|"Mid Wash"|""|""|""|""|""|""|"10"|"4.8"|"139"|""|"https://xcdn.next.co.uk/common/items/default/default/itemimages/3_4Ratio/product/lge/Q69867s.jpg?im=Resize,width=750"|""|"https://xcdn.next.co.uk/common/items/default/default/itemimages/3_4Ratio/product/lge/Q69867s2.jpg?im=Resize,width=750"|""|"https://xcdn.next.co.uk/common/items/default/default/itemimages/3_4Ratio/product/lge/Q69867s3.jpg?im=Resize,width=750"|""|"https://xcdn.next.co.uk/common/items/default/default/itemimages/3_4Ratio/product/lge/Q69867s4.jpg?im=Resize,width=750"|""|""|""|""|""|"Regular"|""|"98% Cotton, 2% Elastane."|""|"Machine washable."|""|""|""|""|""|""|""|""|""|""|""|""|""|""|""|""|""|""|"True"|""|"Q69-867-10P"|""|""|""|""|""|""|""|""|""
"Q69-867-12"|"next"|""|""|""|""|""|""|""|"2026-03-27"|"Threadbare Mid Wash Classic Denim Jacket"|"Threadbare"|""|""|""|""|"Home"|"Women"|"Coats & Jackets"|"Threadbare Mid Wash Classic Denim Jacket"|""|""|""|"30.00"|"30.00"|""|""|""|""|""|""|""|""|""|""|""|""|""|"GBP"|"Home > Women > coats & jackets > Threadbare Mid Wash Classic Denim Jacket"|"https://www.next.co.uk/style/su143404/q69867#q69867"|""|"This denim jacket from Threadbare features a classic collar, metal shank buttons and button cuffs. The jacket also has two chest pockets and two side pockets. Perfect for layering. Also available in other colours."|""|""|""|""|""|""|""|""|""|""|""|""|""|""|""|""|""|""|""|""|""|""|""|""|""|""|""|""|""|""|""|"Mid Wash"|""|""|""|""|""|""|"12"|"4.8"|"139"|""|"https://xcdn.next.co.uk/common/items/default/default/itemimages/3_4Ratio/product/lge/Q69867s.jpg?im=Resize,width=750"|""|"https://xcdn.next.co.uk/common/items/default/default/itemimages/3_4Ratio/product/lge/Q69867s2.jpg?im=Resize,width=750"|""|"https://xcdn.next.co.uk/common/items/default/default/itemimages/3_4Ratio/product/lge/Q69867s3.jpg?im=Resize,width=750"|""|"https://xcdn.next.co.uk/common/items/default/default/itemimages/3_4Ratio/product/lge/Q69867s4.jpg?im=Resize,width=750"|""|""|""|""|""|"Regular"|""|"98% Cotton, 2% Elastane."|""|"Machine washable."|""|""|""|""|""|""|""|""|""|""|""|""|""|""|""|""|""|""|"True"|""|"Q69-867-12P"|""|""|""|""|""|""|""|""|""
"Q69-867-14"|"next"|""|""|""|""|""|""|""|"2026-03-27"|"Threadbare Mid Wash Classic Denim Jacket"|"Threadbare"|""|""|""|""|"Home"|"Women"|"Coats & Jackets"|"Threadbare Mid Wash Classic Denim Jacket"|""|""|""|"30.00"|"30.00"|""|""|""|""|""|""|""|""|""|""|""|""|""|"GBP"|"Home > Women > coats & jackets > Threadbare Mid Wash Classic Denim Jacket"|"https://www.next.co.uk/style/su143404/q69867#q69867"|""|"This denim jacket from Threadbare features a classic collar, metal shank buttons and button cuffs. The jacket also has two chest pockets and two side pockets. Perfect for layering. Also available in other colours."|""|""|""|""|""|""|""|""|""|""|""|""|""|""|""|""|""|""|""|""|""|""|""|""|""|""|""|""|""|""|""|"Mid Wash"|""|""|""|""|""|""|"14"|"4.8"|"139"|""|"https://xcdn.next.co.uk/common/items/default/default/itemimages/3_4Ratio/product/lge/Q69867s.jpg?im=Resize,width=750"|""|"https://xcdn.next.co.uk/common/items/default/default/itemimages/3_4Ratio/product/lge/Q69867s2.jpg?im=Resize,width=750"|""|"https://xcdn.next.co.uk/common/items/default/default/itemimages/3_4Ratio/product/lge/Q69867s3.jpg?im=Resize,width=750"|""|"https://xcdn.next.co.uk/common/items/default/default/itemimages/3_4Ratio/product/lge/Q69867s4.jpg?im=Resize,width=750"|""|""|""|""|""|"Regular"|""|"98% Cotton, 2% Elastane."|""|"Machine washable."|""|""|""|""|""|""|""|""|""|""|""|""|""|""|""|""|""|""|"True"|""|"Q69-867-14P"|""|""|""|""|""|""|""|""|""
"Q69-867-16"|"next"|""|""|""|""|""|""|""|"2026-03-27"|"Threadbare Mid Wash Classic Denim Jacket"|"Threadbare"|""|""|""|""|"Home"|"Women"|"Coats & Jackets"|"Threadbare Mid Wash Classic Denim Jacket"|""|""|""|"30.00"|"30.00"|""|""|""|""|""|""|""|""|""|""|""|""|""|"GBP"|"Home > Women > coats & jackets > Threadbare Mid Wash Classic Denim Jacket"|"https://www.next.co.uk/style/su143404/q69867#q69867"|""|"This denim jacket from Threadbare features a classic collar, metal shank buttons and button cuffs. The jacket also has two chest pockets and two side pockets. Perfect for layering. Also available in other colours."|""|""|""|""|""|""|""|""|""|""|""|""|""|""|""|""|""|""|""|""|""|""|""|""|""|""|""|""|""|""|""|"Mid Wash"|""|""|""|""|""|""|"16"|"4.8"|"139"|""|"https://xcdn.next.co.uk/common/items/default/default/itemimages/3_4Ratio/product/lge/Q69867s.jpg?im=Resize,width=750"|""|"https://xcdn.next.co.uk/common/items/default/default/itemimages/3_4Ratio/product/lge/Q69867s2.jpg?im=Resize,width=750"|""|"https://xcdn.next.co.uk/common/items/default/default/itemimages/3_4Ratio/product/lge/Q69867s3.jpg?im=Resize,width=750"|""|"https://xcdn.next.co.uk/common/items/default/default/itemimages/3_4Ratio/product/lge/Q69867s4.jpg?im=Resize,width=750"|""|""|""|""|""|"Regular"|""|"98% Cotton, 2% Elastane."|""|"Machine washable."|""|""|""|""|""|""|""|""|""|""|""|""|""|""|""|""|""|""|"True"|""|"Q69-867-16P"|""|""|""|""|""|""|""|""|""
"Q69-867-18"|"next"|""|""|""|""|""|""|""|"2026-03-27"|"Threadbare Mid Wash Classic Denim Jacket"|"Threadbare"|""|""|""|""|"Home"|"Women"|"Coats & Jackets"|"Threadbare Mid Wash Classic Denim Jacket"|""|""|""|"30.00"|"30.00"|""|""|""|""|""|""|""|""|""|""|""|""|""|"GBP"|"Home > Women > coats & jackets > Threadbare Mid Wash Classic Denim Jacket"|"https://www.next.co.uk/style/su143404/q69867#q69867"|""|"This denim jacket from Threadbare features a classic collar, metal shank buttons and button cuffs. The jacket also has two chest pockets and two side pockets. Perfect for layering. Also available in other colours."|""|""|""|""|""|""|""|""|""|""|""|""|""|""|""|""|""|""|""|""|""|""|""|""|""|""|""|""|""|""|""|"Mid Wash"|""|""|""|""|""|""|"18"|"4.8"|"139"|""|"https://xcdn.next.co.uk/common/items/default/default/itemimages/3_4Ratio/product/lge/Q69867s.jpg?im=Resize,width=750"|""|"https://xcdn.next.co.uk/common/items/default/default/itemimages/3_4Ratio/product/lge/Q69867s2.jpg?im=Resize,width=750"|""|"https://xcdn.next.co.uk/common/items/default/default/itemimages/3_4Ratio/product/lge/Q69867s3.jpg?im=Resize,width=750"|""|"https://xcdn.next.co.uk/common/items/default/default/itemimages/3_4Ratio/product/lge/Q69867s4.jpg?im=Resize,width=750"|""|""|""|""|""|"Regular"|""|"98% Cotton, 2% Elastane."|""|"Machine washable."|""|""|""|""|""|""|""|""|""|""|""|""|""|""|""|""|""|""|"False"|""|"Q69-867-18P"|""|""|""|""|""|""|""|""|""
"V28-391-XS_Reg"|"next"|""|""|""|""|""|""|""|"2026-03-27"|"Green Crochet Short Sleeve Shirt"|"Next"|""|""|""|""|"Home"|"Women"|"Blouses & Shirts"|"Green Crochet Short Sleeve Shirt"|""|""|""|"48.00"|"48.00"|""|""|""|""|""|""|""|""|""|""|""|""|""|"GBP"|"Home > Women > blouses & shirts > Green Crochet Short Sleeve Shirt"|"https://www.next.co.uk/style/su788307/v28391#v28391"|""|"This blouse is a great transitional piece and can be worn from desk to dinner. It features long sleeves and an elegant V-neck design, showcasing a sophisticated floral print. Long sleeved V Neck Design Floral crochet Great transitional piece Can be worn desk to dinner"|""|""|""|""|""|""|""|""|""|""|""|""|""|""|""|""|""|""|""|""|""|""|""|""|""|""|""|""|""|""|""|"Green"|""|""|""|""|""|""|"XS Reg"|"4.7"|"22"|""|"https://xcdn.next.co.uk/common/items/default/default/itemimages/3_4Ratio/product/lge/V28391s.jpg?im=Resize,width=750"|""|"https://xcdn.next.co.uk/common/items/default/default/itemimages/3_4Ratio/product/lge/V28391s2.jpg?im=Resize,width=750"|""|"https://xcdn.next.co.uk/common/items/default/default/itemimages/3_4Ratio/product/lge/V28391s3.jpg?im=Resize,width=750"|""|""|""|""|""|""|""|"Regular"|""|"Main 100% Cotton. Mesh 100% Nylon."|""|"Machine washable."|""|""|""|""|""|""|""|""|""|""|""|""|""|""|""|""|""|""|"True"|""|"V28-391-XS_RegP"|""|""|""|""|""|""|""|""|""
"V28-391-S_Reg"|"next"|""|""|""|""|""|""|""|"2026-03-27"|"Green Crochet Short Sleeve Shirt"|"Next"|""|""|""|""|"Home"|"Women"|"Blouses & Shirts"|"Green Crochet Short Sleeve Shirt"|""|""|""|"48.00"|"48.00"|""|""|""|""|""|""|""|""|""|""|""|""|""|"GBP"|"Home > Women > blouses & shirts > Green Crochet Short Sleeve Shirt"|"https://www.next.co.uk/style/su788307/v28391#v28391"|""|"This blouse is a great transitional piece and can be worn from desk to dinner. It features long sleeves and an elegant V-neck design, showcasing a sophisticated floral print. Long sleeved V Neck Design Floral crochet Great transitional piece Can be worn desk to dinner"|""|""|""|""|""|""|""|""|""|""|""|""|""|""|""|""|""|""|""|""|""|""|""|""|""|""|""|""|""|""|""|"Green"|""|""|""|""|""|""|"S Reg"|"4.7"|"22"|""|"https://xcdn.next.co.uk/common/items/default/default/itemimages/3_4Ratio/product/lge/V28391s.jpg?im=Resize,width=750"|""|"https://xcdn.next.co.uk/common/items/default/default/itemimages/3_4Ratio/product/lge/V28391s2.jpg?im=Resize,width=750"|""|"https://xcdn.next.co.uk/common/items/default/default/itemimages/3_4Ratio/product/lge/V28391s3.jpg?im=Resize,width=750"|""|""|""|""|""|""|""|"Regular"|""|"Main 100% Cotton. Mesh 100% Nylon."|""|"Machine washable."|""|""|""|""|""|""|""|""|""|""|""|""|""|""|""|""|""|""|"True"|""|"V28-391-S_RegP"|""|""|""|""|""|""|""|""|""
"V28-391-M_Reg"|"next"|""|""|""|""|""|""|""|"2026-03-27"|"Green Crochet Short Sleeve Shirt"|"Next"|""|""|""|""|"Home"|"Women"|"Blouses & Shirts"|"Green Crochet Short Sleeve Shirt"|""|""|""|"48.00"|"48.00"|""|""|""|""|""|""|""|""|""|""|""|""|""|"GBP"|"Home > Women > blouses & shirts > Green Crochet Short Sleeve Shirt"|"https://www.next.co.uk/style/su788307/v28391#v28391"|""|"This blouse is a great transitional piece and can be worn from desk to dinner. It features long sleeves and an elegant V-neck design, showcasing a sophisticated floral print. Long sleeved V Neck Design Floral crochet Great transitional piece Can be worn desk to dinner"|""|""|""|""|""|""|""|""|""|""|""|""|""|""|""|""|""|""|""|""|""|""|""|""|""|""|""|""|""|""|""|"Green"|""|""|""|""|""|""|"M Reg"|"4.7"|"22"|""|"https://xcdn.next.co.uk/common/items/default/default/itemimages/3_4Ratio/product/lge/V28391s.jpg?im=Resize,width=750"|""|"https://xcdn.next.co.uk/common/items/default/default/itemimages/3_4Ratio/product/lge/V28391s2.jpg?im=Resize,width=750"|""|"https://xcdn.next.co.uk/common/items/default/default/itemimages/3_4Ratio/product/lge/V28391s3.jpg?im=Resize,width=750"|""|""|""|""|""|""|""|"Regular"|""|"Main 100% Cotton. Mesh 100% Nylon."|""|"Machine washable."|""|""|""|""|""|""|""|""|""|""|""|""|""|""|""|""|""|""|"True"|""|"V28-391-M_RegP"|""|""|""|""|""|""|""|""|""
"V28-391-L_Reg"|"next"|""|""|""|""|""|""|""|"2026-03-27"|"Green Crochet Short Sleeve Shirt"|"Next"|""|""|""|""|"Home"|"Women"|"Blouses & Shirts"|"Green Crochet Short Sleeve Shirt"|""|""|""|"48.00"|"48.00"|""|""|""|""|""|""|""|""|""|""|""|""|""|"GBP"|"Home > Women > blouses & shirts > Green Crochet Short Sleeve Shirt"|"https://www.next.co.uk/style/su788307/v28391#v28391"|""|"This blouse is a great transitional piece and can be worn from desk to dinner. It features long sleeves and an elegant V-neck design, showcasing a sophisticated floral print. Long sleeved V Neck Design Floral crochet Great transitional piece Can be worn desk to dinner"|""|""|""|""|""|""|""|""|""|""|""|""|""|""|""|""|""|""|""|""|""|""|""|""|""|""|""|""|""|""|""|"Green"|""|""|""|""|""|""|"L Reg"|"4.7"|"22"|""|"https://xcdn.next.co.uk/common/items/default/default/itemimages/3_4Ratio/product/lge/V28391s.jpg?im=Resize,width=750"|""|"https://xcdn.next.co.uk/common/items/default/default/itemimages/3_4Ratio/product/lge/V28391s2.jpg?im=Resize,width=750"|""|"https://xcdn.next.co.uk/common/items/default/default/itemimages/3_4Ratio/product/lge/V28391s3.jpg?im=Resize,width=750"|""|""|""|""|""|""|""|"Regular"|""|"Main 100% Cotton. Mesh 100% Nylon."|""|"Machine washable."|""|""|""|""|""|""|""|""|""|""|""|""|""|""|""|""|""|""|"True"|""|"V28-391-L_RegP"|""|""|""|""|""|""|""|""|""
"V28-391-XL_Reg"|"next"|""|""|""|""|""|""|""|"2026-03-27"|"Green Crochet Short Sleeve Shirt"|"Next"|""|""|""|""|"Home"|"Women"|"Blouses & Shirts"|"Green Crochet Short Sleeve Shirt"|""|""|""|"48.00"|"48.00"|""|""|""|""|""|""|""|""|""|""|""|""|""|"GBP"|"Home > Women > blouses & shirts > Green Crochet Short Sleeve Shirt"|"https://www.next.co.uk/style/su788307/v28391#v28391"|""|"This blouse is a great transitional piece and can be worn from desk to dinner. It features long sleeves and an elegant V-neck design, showcasing a sophisticated floral print. Long sleeved V Neck Design Floral crochet Great transitional piece Can be worn desk to dinner"|""|""|""|""|""|""|""|""|""|""|""|""|""|""|""|""|""|""|""|""|""|""|""|""|""|""|""|""|""|""|""|"Green"|""|""|""|""|""|""|"XL Reg"|"4.7"|"22"|""|"https://xcdn.next.co.uk/common/items/default/default/itemimages/3_4Ratio/product/lge/V28391s.jpg?im=Resize,width=750"|""|"https://xcdn.next.co.uk/common/items/default/default/itemimages/3_4Ratio/product/lge/V28391s2.jpg?im=Resize,width=750"|""|"https://xcdn.next.co.uk/common/items/default/default/itemimages/3_4Ratio/product/lge/V28391s3.jpg?im=Resize,width=750"|""|""|""|""|""|""|""|"Regular"|""|"Main 100% Cotton. Mesh 100% Nylon."|""|"Machine washable."|""|""|""|""|""|""|""|""|""|""|""|""|""|""|""|""|""|""|"True"|""|"V28-391-XL_RegP"|""|""|""|""|""|""|""|""|""
"V28-391-2XL_Reg"|"next"|""|""|""|""|""|""|""|"2026-03-27"|"Green Crochet Short Sleeve Shirt"|"Next"|""|""|""|""|"Home"|"Women"|"Blouses & Shirts"|"Green Crochet Short Sleeve Shirt"|""|""|""|"48.00"|"48.00"|""|""|""|""|""|""|""|""|""|""|""|""|""|"GBP"|"Home > Women > blouses & shirts > Green Crochet Short Sleeve Shirt"|"https://www.next.co.uk/style/su788307/v28391#v28391"|""|"This blouse is a great transitional piece and can be worn from desk to dinner. It features long sleeves and an elegant V-neck design, showcasing a sophisticated floral print. Long sleeved V Neck Design Floral crochet Great transitional piece Can be worn desk to dinner"|""|""|""|""|""|""|""|""|""|""|""|""|""|""|""|""|""|""|""|""|""|""|""|""|""|""|""|""|""|""|""|"Green"|""|""|""|""|""|""|"2XL Reg"|"4.7"|"22"|""|"https://xcdn.next.co.uk/common/items/default/default/itemimages/3_4Ratio/product/lge/V28391s.jpg?im=Resize,width=750"|""|"https://xcdn.next.co.uk/common/items/default/default/itemimages/3_4Ratio/product/lge/V28391s2.jpg?im=Resize,width=750"|""|"https://xcdn.next.co.uk/common/items/default/default/itemimages/3_4Ratio/product/lge/V28391s3.jpg?im=Resize,width=750"|""|""|""|""|""|""|""|"Regular"|""|"Main 100% Cotton. Mesh 100% Nylon."|""|"Machine washable."|""|""|""|""|""|""|""|""|""|""|""|""|""|""|""|""|""|""|"True"|""|"V28-391-2XL_RegP"|""|""|""|""|""|""|""|""|""
"H81-832-8"|"next"|""|""|""|""|""|""|""|"2026-03-27"|"Love & Roses Ivory Printed 3D Floral Tulip Notch Neck Long Sleeve Blouse"|"Love & Roses"|""|""|""|""|"Home"|"Women"|"Blouses & Shirts"|"Love & Roses Ivory Printed 3D Floral Tulip Notch Neck Long Sleeve Blouse"|""|""|""|"44.00"|"44.00"|""|""|""|""|""|""|""|""|""|""|""|""|""|"GBP"|"Home > Women > blouses & shirts > Love & Roses Ivory Printed 3D Floral Tulip Notch Neck Long Sleeve Blouse"|"https://www.next.co.uk/style/su810484/h81832#h81832"|""|"Add a touch of romantic texture to your wardrobe with the Love & Roses ivory printed 3D floral notch neck long sleeve blouse. This stunning piece features a delicate pink and purple tulip print, elevated by a unique 3d design that adds dimension and tactile interest to the floral print. Designed with a sophisticated notch neck and graceful long sleeves, this blouse is the perfect desk to dinner choice for an effortless transition from professional to evening wear. Unique 3D floral texture meticulously integrated into the fabric for a premium, high-fashion finish. Vibrant pink and purple tulip motif set against a soft ivory base, creating a fresh and feminine aesthetic. Sophisticated notch neckline that provides a modern and clean frame for the face. Elegant long sleeves finished with ruffled cuffs for a touch of romantic volume and movement. Sheer, lightweight fabrication with textured polka-dot accents throughout the material."|""|""|""|""|""|""|""|""|""|""|""|""|""|""|""|""|""|""|""|""|""|""|""|""|""|""|""|""|""|""|""|"Ivory Printed"|""|""|""|""|""|""|"8"|"4.9"|"41"|""|"https://xcdn.next.co.uk/common/items/default/default/itemimages/3_4Ratio/product/lge/H81832s.jpg?im=Resize,width=750"|""|"https://xcdn.next.co.uk/common/items/default/default/itemimages/3_4Ratio/product/lge/H81832s2.jpg?im=Resize,width=750"|""|"https://xcdn.next.co.uk/common/items/default/default/itemimages/3_4Ratio/product/lge/H81832s3.jpg?im=Resize,width=750"|""|"https://xcdn.next.co.uk/common/items/default/default/itemimages/3_4Ratio/product/lge/H81832s4.jpg?im=Resize,width=750"|""|""|""|""|""|"Regular"|""|"Main 100% Polyester. Lining 100% Polyester."|""|""|""|""|""|""|""|""|""|""|""|""|""|""|""|""|""|""|""|""|"False"|""|"H81-832-8P"|""|""|""|""|""|""|""|""|""
"H81-832-10"|"next"|""|""|""|""|""|""|""|"2026-03-27"|"Love & Roses Ivory Printed 3D Floral Tulip Notch Neck Long Sleeve Blouse"|"Love & Roses"|""|""|""|""|"Home"|"Women"|"Blouses & Shirts"|"Love & Roses Ivory Printed 3D Floral Tulip Notch Neck Long Sleeve Blouse"|""|""|""|"44.00"|"44.00"|""|""|""|""|""|""|""|""|""|""|""|""|""|"GBP"|"Home > Women > blouses & shirts > Love & Roses Ivory Printed 3D Floral Tulip Notch Neck Long Sleeve Blouse"|"https://www.next.co.uk/style/su810484/h81832#h81832"|""|"Add a touch of romantic texture to your wardrobe with the Love & Roses ivory printed 3D floral notch neck long sleeve blouse. This stunning piece features a delicate pink and purple tulip print, elevated by a unique 3d design that adds dimension and tactile interest to the floral print. Designed with a sophisticated notch neck and graceful long sleeves, this blouse is the perfect desk to dinner choice for an effortless transition from professional to evening wear. Unique 3D floral texture meticulously integrated into the fabric for a premium, high-fashion finish. Vibrant pink and purple tulip motif set against a soft ivory base, creating a fresh and feminine aesthetic. Sophisticated notch neckline that provides a modern and clean frame for the face. Elegant long sleeves finished with ruffled cuffs for a touch of romantic volume and movement. Sheer, lightweight fabrication with textured polka-dot accents throughout the material."|""|""|""|""|""|""|""|""|""|""|""|""|""|""|""|""|""|""|""|""|""|""|""|""|""|""|""|""|""|""|""|"Ivory Printed"|""|""|""|""|""|""|"10"|"4.9"|"41"|""|"https://xcdn.next.co.uk/common/items/default/default/itemimages/3_4Ratio/product/lge/H81832s.jpg?im=Resize,width=750"|""|"https://xcdn.next.co.uk/common/items/default/default/itemimages/3_4Ratio/product/lge/H81832s2.jpg?im=Resize,width=750"|""|"https://xcdn.next.co.uk/common/items/default/default/itemimages/3_4Ratio/product/lge/H81832s3.jpg?im=Resize,width=750"|""|"https://xcdn.next.co.uk/common/items/default/default/itemimages/3_4Ratio/product/lge/H81832s4.jpg?im=Resize,width=750"|""|""|""|""|""|"Regular"|""|"Main 100% Polyester. Lining 100% Polyester."|""|""|""|""|""|""|""|""|""|""|""|""|""|""|""|""|""|""|""|""|"True"|""|"H81-832-10P"|""|""|""|""|""|""|""|""|""
"H81-832-12"|"next"|""|""|""|""|""|""|""|"2026-03-27"|"Love & Roses Ivory Printed 3D Floral Tulip Notch Neck Long Sleeve Blouse"|"Love & Roses"|""|""|""|""|"Home"|"Women"|"Blouses & Shirts"|"Love & Roses Ivory Printed 3D Floral Tulip Notch Neck Long Sleeve Blouse"|""|""|""|"44.00"|"44.00"|""|""|""|""|""|""|""|""|""|""|""|""|""|"GBP"|"Home > Women > blouses & shirts > Love & Roses Ivory Printed 3D Floral Tulip Notch Neck Long Sleeve Blouse"|"https://www.next.co.uk/style/su810484/h81832#h81832"|""|"Add a touch of romantic texture to your wardrobe with the Love & Roses ivory printed 3D floral notch neck long sleeve blouse. This stunning piece features a delicate pink and purple tulip print, elevated by a unique 3d design that adds dimension and tactile interest to the floral print. Designed with a sophisticated notch neck and graceful long sleeves, this blouse is the perfect desk to dinner choice for an effortless transition from professional to evening wear. Unique 3D floral texture meticulously integrated into the fabric for a premium, high-fashion finish. Vibrant pink and purple tulip motif set against a soft ivory base, creating a fresh and feminine aesthetic. Sophisticated notch neckline that provides a modern and clean frame for the face. Elegant long sleeves finished with ruffled cuffs for a touch of romantic volume and movement. Sheer, lightweight fabrication with textured polka-dot accents throughout the material."|""|""|""|""|""|""|""|""|""|""|""|""|""|""|""|""|""|""|""|""|""|""|""|""|""|""|""|""|""|""|""|"Ivory Printed"|""|""|""|""|""|""|"12"|"4.9"|"41"|""|"https://xcdn.next.co.uk/common/items/default/default/itemimages/3_4Ratio/product/lge/H81832s.jpg?im=Resize,width=750"|""|"https://xcdn.next.co.uk/common/items/default/default/itemimages/3_4Ratio/product/lge/H81832s2.jpg?im=Resize,width=750"|""|"https://xcdn.next.co.uk/common/items/default/default/itemimages/3_4Ratio/product/lge/H81832s3.jpg?im=Resize,width=750"|""|"https://xcdn.next.co.uk/common/items/default/default/itemimages/3_4Ratio/product/lge/H81832s4.jpg?im=Resize,width=750"|""|""|""|""|""|"Regular"|""|"Main 100% Polyester. Lining 100% Polyester."|""|""|""|""|""|""|""|""|""|""|""|""|""|""|""|""|""|""|""|""|"True"|""|"H81-832-12P"|""|""|""|""|""|""|""|""|""
"H81-832-14"|"next"|""|""|""|""|""|""|""|"2026-03-27"|"Love & Roses Ivory Printed 3D Floral Tulip Notch Neck Long Sleeve Blouse"|"Love & Roses"|""|""|""|""|"Home"|"Women"|"Blouses & Shirts"|"Love & Roses Ivory Printed 3D Floral Tulip Notch Neck Long Sleeve Blouse"|""|""|""|"44.00"|"44.00"|""|""|""|""|""|""|""|""|""|""|""|""|""|"GBP"|"Home > Women > blouses & shirts > Love & Roses Ivory Printed 3D Floral Tulip Notch Neck Long Sleeve Blouse"|"https://www.next.co.uk/style/su810484/h81832#h81832"|""|"Add a touch of romantic texture to your wardrobe with the Love & Roses ivory printed 3D floral notch neck long sleeve blouse. This stunning piece features a delicate pink and purple tulip print, elevated by a unique 3d design that adds dimension and tactile interest to the floral print. Designed with a sophisticated notch neck and graceful long sleeves, this blouse is the perfect desk to dinner choice for an effortless transition from professional to evening wear. Unique 3D floral texture meticulously integrated into the fabric for a premium, high-fashion finish. Vibrant pink and purple tulip motif set against a soft ivory base, creating a fresh and feminine aesthetic. Sophisticated notch neckline that provides a modern and clean frame for the face. Elegant long sleeves finished with ruffled cuffs for a touch of romantic volume and movement. Sheer, lightweight fabrication with textured polka-dot accents throughout the material."|""|""|""|""|""|""|""|""|""|""|""|""|""|""|""|""|""|""|""|""|""|""|""|""|""|""|""|""|""|""|""|"Ivory Printed"|""|""|""|""|""|""|"14"|"4.9"|"41"|""|"https://xcdn.next.co.uk/common/items/default/default/itemimages/3_4Ratio/product/lge/H81832s.jpg?im=Resize,width=750"|""|"https://xcdn.next.co.uk/common/items/default/default/itemimages/3_4Ratio/product/lge/H81832s2.jpg?im=Resize,width=750"|""|"https://xcdn.next.co.uk/common/items/default/default/itemimages/3_4Ratio/product/lge/H81832s3.jpg?im=Resize,width=750"|""|"https://xcdn.next.co.uk/common/items/default/default/itemimages/3_4Ratio/product/lge/H81832s4.jpg?im=Resize,width=750"|""|""|""|""|""|"Regular"|""|"Main 100% Polyester. Lining 100% Polyester."|""|""|""|""|""|""|""|""|""|""|""|""|""|""|""|""|""|""|""|""|"True"|""|"H81-832-14P"|""|""|""|""|""|""|""|""|""
"H81-832-16"|"next"|""|""|""|""|""|""|""|"2026-03-27"|"Love & Roses Ivory Printed 3D Floral Tulip Notch Neck Long Sleeve Blouse"|"Love & Roses"|""|""|""|""|"Home"|"Women"|"Blouses & Shirts"|"Love & Roses Ivory Printed 3D Floral Tulip Notch Neck Long Sleeve Blouse"|""|""|""|"44.00"|"44.00"|""|""|""|""|""|""|""|""|""|""|""|""|""|"GBP"|"Home > Women > blouses & shirts > Love & Roses Ivory Printed 3D Floral Tulip Notch Neck Long Sleeve Blouse"|"https://www.next.co.uk/style/su810484/h81832#h81832"|""|"Add a touch of romantic texture to your wardrobe with the Love & Roses ivory printed 3D floral notch neck long sleeve blouse. This stunning piece features a delicate pink and purple tulip print, elevated by a unique 3d design that adds dimension and tactile interest to the floral print. Designed with a sophisticated notch neck and graceful long sleeves, this blouse is the perfect desk to dinner choice for an effortless transition from professional to evening wear. Unique 3D floral texture meticulously integrated into the fabric for a premium, high-fashion finish. Vibrant pink and purple tulip motif set against a soft ivory base, creating a fresh and feminine aesthetic. Sophisticated notch neckline that provides a modern and clean frame for the face. Elegant long sleeves finished with ruffled cuffs for a touch of romantic volume and movement. Sheer, lightweight fabrication with textured polka-dot accents throughout the material."|""|""|""|""|""|""|""|""|""|""|""|""|""|""|""|""|""|""|""|""|""|""|""|""|""|""|""|""|""|""|""|"Ivory Printed"|""|""|""|""|""|""|"16"|"4.9"|"41"|""|"https://xcdn.next.co.uk/common/items/default/default/itemimages/3_4Ratio/product/lge/H81832s.jpg?im=Resize,width=750"|""|"https://xcdn.next.co.uk/common/items/default/default/itemimages/3_4Ratio/product/lge/H81832s2.jpg?im=Resize,width=750"|""|"https://xcdn.next.co.uk/common/items/default/default/itemimages/3_4Ratio/product/lge/H81832s3.jpg?im=Resize,width=750"|""|"https://xcdn.next.co.uk/common/items/default/default/itemimages/3_4Ratio/product/lge/H81832s4.jpg?im=Resize,width=750"|""|""|""|""|""|"Regular"|""|"Main 100% Polyester. Lining 100% Polyester."|""|""|""|""|""|""|""|""|""|""|""|""|""|""|""|""|""|""|""|""|"True"|""|"H81-832-16P"|""|""|""|""|""|""|""|""|""
"H81-832-18"|"next"|""|""|""|""|""|""|""|"2026-03-27"|"Love & Roses Ivory Printed 3D Floral Tulip Notch Neck Long Sleeve Blouse"|"Love & Roses"|""|""|""|""|"Home"|"Women"|"Blouses & Shirts"|"Love & Roses Ivory Printed 3D Floral Tulip Notch Neck Long Sleeve Blouse"|""|""|""|"44.00"|"44.00"|""|""|""|""|""|""|""|""|""|""|""|""|""|"GBP"|"Home > Women > blouses & shirts > Love & Roses Ivory Printed 3D Floral Tulip Notch Neck Long Sleeve Blouse"|"https://www.next.co.uk/style/su810484/h81832#h81832"|""|"Add a touch of romantic texture to your wardrobe with the Love & Roses ivory printed 3D floral notch neck long sleeve blouse. This stunning piece features a delicate pink and purple tulip print, elevated by a unique 3d design that adds dimension and tactile interest to the floral print. Designed with a sophisticated notch neck and graceful long sleeves, this blouse is the perfect desk to dinner choice for an effortless transition from professional to evening wear. Unique 3D floral texture meticulously integrated into the fabric for a premium, high-fashion finish. Vibrant pink and purple tulip motif set against a soft ivory base, creating a fresh and feminine aesthetic. Sophisticated notch neckline that provides a modern and clean frame for the face. Elegant long sleeves finished with ruffled cuffs for a touch of romantic volume and movement. Sheer, lightweight fabrication with textured polka-dot accents throughout the material."|""|""|""|""|""|""|""|""|""|""|""|""|""|""|""|""|""|""|""|""|""|""|""|""|""|""|""|""|""|""|""|"Ivory Printed"|""|""|""|""|""|""|"18"|"4.9"|"41"|""|"https://xcdn.next.co.uk/common/items/default/default/itemimages/3_4Ratio/product/lge/H81832s.jpg?im=Resize,width=750"|""|"https://xcdn.next.co.uk/common/items/default/default/itemimages/3_4Ratio/product/lge/H81832s2.jpg?im=Resize,width=750"|""|"https://xcdn.next.co.uk/common/items/default/default/itemimages/3_4Ratio/product/lge/H81832s3.jpg?im=Resize,width=750"|""|"https://xcdn.next.co.uk/common/items/default/default/itemimages/3_4Ratio/product/lge/H81832s4.jpg?im=Resize,width=750"|""|""|""|""|""|"Regular"|""|"Main 100% Polyester. Lining 100% Polyester."|""|""|""|""|""|""|""|""|""|""|""|""|""|""|""|""|""|""|""|""|"True"|""|"H81-832-18P"|""|""|""|""|""|""|""|""|""
"H81-832-20"|"next"|""|""|""|""|""|""|""|"2026-03-27"|"Love & Roses Ivory Printed 3D Floral Tulip Notch Neck Long Sleeve Blouse"|"Love & Roses"|""|""|""|""|"Home"|"Women"|"Blouses & Shirts"|"Love & Roses Ivory Printed 3D Floral Tulip Notch Neck Long Sleeve Blouse"|""|""|""|"44.00"|"44.00"|""|""|""|""|""|""|""|""|""|""|""|""|""|"GBP"|"Home > Women > blouses & shirts > Love & Roses Ivory Printed 3D Floral Tulip Notch Neck Long Sleeve Blouse"|"https://www.next.co.uk/style/su810484/h81832#h81832"|""|"Add a touch of romantic texture to your wardrobe with the Love & Roses ivory printed 3D floral notch neck long sleeve blouse. This stunning piece features a delicate pink and purple tulip print, elevated by a unique 3d design that adds dimension and tactile interest to the floral print. Designed with a sophisticated notch neck and graceful long sleeves, this blouse is the perfect desk to dinner choice for an effortless transition from professional to evening wear. Unique 3D floral texture meticulously integrated into the fabric for a premium, high-fashion finish. Vibrant pink and purple tulip motif set against a soft ivory base, creating a fresh and feminine aesthetic. Sophisticated notch neckline that provides a modern and clean frame for the face. Elegant long sleeves finished with ruffled cuffs for a touch of romantic volume and movement. Sheer, lightweight fabrication with textured polka-dot accents throughout the material."|""|""|""|""|""|""|""|""|""|""|""|""|""|""|""|""|""|""|""|""|""|""|""|""|""|""|""|""|""|""|""|"Ivory Printed"|""|""|""|""|""|""|"20"|"4.9"|"41"|""|"https://xcdn.next.co.uk/common/items/default/default/itemimages/3_4Ratio/product/lge/H81832s.jpg?im=Resize,width=750"|""|"https://xcdn.next.co.uk/common/items/default/default/itemimages/3_4Ratio/product/lge/H81832s2.jpg?im=Resize,width=750"|""|"https://xcdn.next.co.uk/common/items/default/default/itemimages/3_4Ratio/product/lge/H81832s3.jpg?im=Resize,width=750"|""|"https://xcdn.next.co.uk/common/items/default/default/itemimages/3_4Ratio/product/lge/H81832s4.jpg?im=Resize,width=750"|""|""|""|""|""|"Regular"|""|"Main 100% Polyester. Lining 100% Polyester."|""|""|""|""|""|""|""|""|""|""|""|""|""|""|""|""|""|""|""|""|"True"|""|"H81-832-20P"|""|""|""|""|""|""|""|""|""
"H81-832-22"|"next"|""|""|""|""|""|""|""|"2026-03-27"|"Love & Roses Ivory Printed 3D Floral Tulip Notch Neck Long Sleeve Blouse"|"Love & Roses"|""|""|""|""|"Home"|"Women"|"Blouses & Shirts"|"Love & Roses Ivory Printed 3D Floral Tulip Notch Neck Long Sleeve Blouse"|""|""|""|"44.00"|"44.00"|""|""|""|""|""|""|""|""|""|""|""|""|""|"GBP"|"Home > Women > blouses & shirts > Love & Roses Ivory Printed 3D Floral Tulip Notch Neck Long Sleeve Blouse"|"https://www.next.co.uk/style/su810484/h81832#h81832"|""|"Add a touch of romantic texture to your wardrobe with the Love & Roses ivory printed 3D floral notch neck long sleeve blouse. This stunning piece features a delicate pink and purple tulip print, elevated by a unique 3d design that adds dimension and tactile interest to the floral print. Designed with a sophisticated notch neck and graceful long sleeves, this blouse is the perfect desk to dinner choice for an effortless transition from professional to evening wear. Unique 3D floral texture meticulously integrated into the fabric for a premium, high-fashion finish. Vibrant pink and purple tulip motif set against a soft ivory base, creating a fresh and feminine aesthetic. Sophisticated notch neckline that provides a modern and clean frame for the face. Elegant long sleeves finished with ruffled cuffs for a touch of romantic volume and movement. Sheer, lightweight fabrication with textured polka-dot accents throughout the material."|""|""|""|""|""|""|""|""|""|""|""|""|""|""|""|""|""|""|""|""|""|""|""|""|""|""|""|""|""|""|""|"Ivory Printed"|""|""|""|""|""|""|"22"|"4.9"|"41"|""|"https://xcdn.next.co.uk/common/items/default/default/itemimages/3_4Ratio/product/lge/H81832s.jpg?im=Resize,width=750"|""|"https://xcdn.next.co.uk/common/items/default/default/itemimages/3_4Ratio/product/lge/H81832s2.jpg?im=Resize,width=750"|""|"https://xcdn.next.co.uk/common/items/default/default/itemimages/3_4Ratio/product/lge/H81832s3.jpg?im=Resize,width=750"|""|"https://xcdn.next.co.uk/common/items/default/default/itemimages/3_4Ratio/product/lge/H81832s4.jpg?im=Resize,width=750"|""|""|""|""|""|"Regular"|""|"Main 100% Polyester. Lining 100% Polyester."|""|""|""|""|""|""|""|""|""|""|""|""|""|""|""|""|""|""|""|""|"True"|""|"H81-832-22P"|""|""|""|""|""|""|""|""|""
"V06-597-XS_Reg"|"next"|""|""|""|""|""|""|""|"2026-03-27"|"Mid Blue N.Premium Denim Boyfriend Oversized Shirt"|"Next"|""|""|""|""|"Home"|"Women"|"Blouses & Shirts"|"Mid Blue N.Premium Denim Boyfriend Oversized Shirt"|""|""|""|"38.00"|"38.00"|""|""|""|""|""|""|""|""|""|""|""|""|""|"GBP"|"Home > Women > blouses & shirts > Mid Blue N.Premium Denim Boyfriend Oversized Shirt"|"https://www.next.co.uk/style/su862377/v06597#v06597"|""|""|""|""|""|""|""|""|""|""|""|""|""|""|""|""|""|""|""|""|""|""|""|""|""|""|""|""|""|""|""|""|""|"Mid Blue"|""|""|""|""|""|""|"XS Reg"|"5.0"|"3"|""|"https://xcdn.next.co.uk/common/items/default/default/itemimages/3_4Ratio/product/lge/V06597s.jpg?im=Resize,width=750"|""|"https://xcdn.next.co.uk/common/items/default/default/itemimages/3_4Ratio/product/lge/V06597s2.jpg?im=Resize,width=750"|""|"https://xcdn.next.co.uk/common/items/default/default/itemimages/3_4Ratio/product/lge/V06597s3.jpg?im=Resize,width=750"|""|"https://xcdn.next.co.uk/common/items/default/default/itemimages/3_4Ratio/product/lge/V06597s4.jpg?im=Resize,width=750"|""|"https://xcdn.next.co.uk/common/items/default/default/itemimages/3_4Ratio/product/lge/V06597s5.jpg?im=Resize,width=750"|""|"https://xcdn.next.co.uk/common/items/default/default/itemimages/3_4Ratio/product/lge/V06597s6.jpg?im=Resize,width=750"|""|"Regular"|""|"50% TENCEL™ lyocell, 50% Viscose."|""|"Machine washable."|""|""|""|""|""|""|""|""|""|""|""|""|""|""|""|""|""|""|"True"|""|"V06-597-XS_RegP"|""|""|""|""|""|""|""|""|""
"V06-597-S_Reg"|"next"|""|""|""|""|""|""|""|"2026-03-27"|"Mid Blue N.Premium Denim Boyfriend Oversized Shirt"|"Next"|""|""|""|""|"Home"|"Women"|"Blouses & Shirts"|"Mid Blue N.Premium Denim Boyfriend Oversized Shirt"|""|""|""|"38.00"|"38.00"|""|""|""|""|""|""|""|""|""|""|""|""|""|"GBP"|"Home > Women > blouses & shirts > Mid Blue N.Premium Denim Boyfriend Oversized Shirt"|"https://www.next.co.uk/style/su862377/v06597#v06597"|""|""|""|""|""|""|""|""|""|""|""|""|""|""|""|""|""|""|""|""|""|""|""|""|""|""|""|""|""|""|""|""|""|"Mid Blue"|""|""|""|""|""|""|"S Reg"|"5.0"|"3"|""|"https://xcdn.next.co.uk/common/items/default/default/itemimages/3_4Ratio/product/lge/V06597s.jpg?im=Resize,width=750"|""|"https://xcdn.next.co.uk/common/items/default/default/itemimages/3_4Ratio/product/lge/V06597s2.jpg?im=Resize,width=750"|""|"https://xcdn.next.co.uk/common/items/default/default/itemimages/3_4Ratio/product/lge/V06597s3.jpg?im=Resize,width=750"|""|"https://xcdn.next.co.uk/common/items/default/default/itemimages/3_4Ratio/product/lge/V06597s4.jpg?im=Resize,width=750"|""|"https://xcdn.next.co.uk/common/items/default/default/itemimages/3_4Ratio/product/lge/V06597s5.jpg?im=Resize,width=750"|""|"https://xcdn.next.co.uk/common/items/default/default/itemimages/3_4Ratio/product/lge/V06597s6.jpg?im=Resize,width=750"|""|"Regular"|""|"50% TENCEL™ lyocell, 50% Viscose."|""|"Machine washable."|""|""|""|""|""|""|""|""|""|""|""|""|""|""|""|""|""|""|"True"|""|"V06-597-S_RegP"|""|""|""|""|""|""|""|""|""
"V06-597-M_Reg"|"next"|""|""|""|""|""|""|""|"2026-03-27"|"Mid Blue N.Premium Denim Boyfriend Oversized Shirt"|"Next"|""|""|""|""|"Home"|"Women"|"Blouses & Shirts"|"Mid Blue N.Premium Denim Boyfriend Oversized Shirt"|""|""|""|"38.00"|"38.00"|""|""|""|""|""|""|""|""|""|""|""|""|""|"GBP"|"Home > Women > blouses & shirts > Mid Blue N.Premium Denim Boyfriend Oversized Shirt"|"https://www.next.co.uk/style/su862377/v06597#v06597"|""|""|""|""|""|""|""|""|""|""|""|""|""|""|""|""|""|""|""|""|""|""|""|""|""|""|""|""|""|""|""|""|""|"Mid Blue"|""|""|""|""|""|""|"M Reg"|"5.0"|"3"|""|"https://xcdn.next.co.uk/common/items/default/default/itemimages/3_4Ratio/product/lge/V06597s.jpg?im=Resize,width=750"|""|"https://xcdn.next.co.uk/common/items/default/default/itemimages/3_4Ratio/product/lge/V06597s2.jpg?im=Resize,width=750"|""|"https://xcdn.next.co.uk/common/items/default/default/itemimages/3_4Ratio/product/lge/V06597s3.jpg?im=Resize,width=750"|""|"https://xcdn.next.co.uk/common/items/default/default/itemimages/3_4Ratio/product/lge/V06597s4.jpg?im=Resize,width=750"|""|"https://xcdn.next.co.uk/common/items/default/default/itemimages/3_4Ratio/product/lge/V06597s5.jpg?im=Resize,width=750"|""|"https://xcdn.next.co.uk/common/items/default/default/itemimages/3_4Ratio/product/lge/V06597s6.jpg?im=Resize,width=750"|""|"Regular"|""|"50% TENCEL™ lyocell, 50% Viscose."|""|"Machine washable."|""|""|""|""|""|""|""|""|""|""|""|""|""|""|""|""|""|""|"True"|""|"V06-597-M_RegP"|""|""|""|""|""|""|""|""|""
"V06-597-L_Reg"|"next"|""|""|""|""|""|""|""|"2026-03-27"|"Mid Blue N.Premium Denim Boyfriend Oversized Shirt"|"Next"|""|""|""|""|"Home"|"Women"|"Blouses & Shirts"|"Mid Blue N.Premium Denim Boyfriend Oversized Shirt"|""|""|""|"38.00"|"38.00"|""|""|""|""|""|""|""|""|""|""|""|""|""|"GBP"|"Home > Women > blouses & shirts > Mid Blue N.Premium Denim Boyfriend Oversized Shirt"|"https://www.next.co.uk/style/su862377/v06597#v06597"|""|""|""|""|""|""|""|""|""|""|""|""|""|""|""|""|""|""|""|""|""|""|""|""|""|""|""|""|""|""|""|""|""|"Mid Blue"|""|""|""|""|""|""|"L Reg"|"5.0"|"3"|""|"https://xcdn.next.co.uk/common/items/default/default/itemimages/3_4Ratio/product/lge/V06597s.jpg?im=Resize,width=750"|""|"https://xcdn.next.co.uk/common/items/default/default/itemimages/3_4Ratio/product/lge/V06597s2.jpg?im=Resize,width=750"|""|"https://xcdn.next.co.uk/common/items/default/default/itemimages/3_4Ratio/product/lge/V06597s3.jpg?im=Resize,width=750"|""|"https://xcdn.next.co.uk/common/items/default/default/itemimages/3_4Ratio/product/lge/V06597s4.jpg?im=Resize,width=750"|""|"https://xcdn.next.co.uk/common/items/default/default/itemimages/3_4Ratio/product/lge/V06597s5.jpg?im=Resize,width=750"|""|"https://xcdn.next.co.uk/common/items/default/default/itemimages/3_4Ratio/product/lge/V06597s6.jpg?im=Resize,width=750"|""|"Regular"|""|"50% TENCEL™ lyocell, 50% Viscose."|""|"Machine washable."|""|""|""|""|""|""|""|""|""|""|""|""|""|""|""|""|""|""|"True"|""|"V06-597-L_RegP"|""|""|""|""|""|""|""|""|""
"V06-597-XL_Reg"|"next"|""|""|""|""|""|""|""|"2026-03-27"|"Mid Blue N.Premium Denim Boyfriend Oversized Shirt"|"Next"|""|""|""|""|"Home"|"Women"|"Blouses & Shirts"|"Mid Blue N.Premium Denim Boyfriend Oversized Shirt"|""|""|""|"38.00"|"38.00"|""|""|""|""|""|""|""|""|""|""|""|""|""|"GBP"|"Home > Women > blouses & shirts > Mid Blue N.Premium Denim Boyfriend Oversized Shirt"|"https://www.next.co.uk/style/su862377/v06597#v06597"|""|""|""|""|""|""|""|""|""|""|""|""|""|""|""|""|""|""|""|""|""|""|""|""|""|""|""|""|""|""|""|""|""|"Mid Blue"|""|""|""|""|""|""|"XL Reg"|"5.0"|"3"|""|"https://xcdn.next.co.uk/common/items/default/default/itemimages/3_4Ratio/product/lge/V06597s.jpg?im=Resize,width=750"|""|"https://xcdn.next.co.uk/common/items/default/default/itemimages/3_4Ratio/product/lge/V06597s2.jpg?im=Resize,width=750"|""|"https://xcdn.next.co.uk/common/items/default/default/itemimages/3_4Ratio/product/lge/V06597s3.jpg?im=Resize,width=750"|""|"https://xcdn.next.co.uk/common/items/default/default/itemimages/3_4Ratio/product/lge/V06597s4.jpg?im=Resize,width=750"|""|"https://xcdn.next.co.uk/common/items/default/default/itemimages/3_4Ratio/product/lge/V06597s5.jpg?im=Resize,width=750"|""|"https://xcdn.next.co.uk/common/items/default/default/itemimages/3_4Ratio/product/lge/V06597s6.jpg?im=Resize,width=750"|""|"Regular"|""|"50% TENCEL™ lyocell, 50% Viscose."|""|"Machine washable."|""|""|""|""|""|""|""|""|""|""|""|""|""|""|""|""|""|""|"True"|""|"V06-597-XL_RegP"|""|""|""|""|""|""|""|""|""
"V06-597-2XL_Reg"|"next"|""|""|""|""|""|""|""|"2026-03-27"|"Mid Blue N.Premium Denim Boyfriend Oversized Shirt"|"Next"|""|""|""|""|"Home"|"Women"|"Blouses & Shirts"|"Mid Blue N.Premium Denim Boyfriend Oversized Shirt"|""|""|""|"38.00"|"38.00"|""|""|""|""|""|""|""|""|""|""|""|""|""|"GBP"|"Home > Women > blouses & shirts > Mid Blue N.Premium Denim Boyfriend Oversized Shirt"|"https://www.next.co.uk/style/su862377/v06597#v06597"|""|""|""|""|""|""|""|""|""|""|""|""|""|""|""|""|""|""|""|""|""|""|""|""|""|""|""|""|""|""|""|""|""|"Mid Blue"|""|""|""|""|""|""|"2XL Reg"|"5.0"|"3"|""|"https://xcdn.next.co.uk/common/items/default/default/itemimages/3_4Ratio/product/lge/V06597s.jpg?im=Resize,width=750"|""|"https://xcdn.next.co.uk/common/items/default/default/itemimages/3_4Ratio/product/lge/V06597s2.jpg?im=Resize,width=750"|""|"https://xcdn.next.co.uk/common/items/default/default/itemimages/3_4Ratio/product/lge/V06597s3.jpg?im=Resize,width=750"|""|"https://xcdn.next.co.uk/common/items/default/default/itemimages/3_4Ratio/product/lge/V06597s4.jpg?im=Resize,width=750"|""|"https://xcdn.next.co.uk/common/items/default/default/itemimages/3_4Ratio/product/lge/V06597s5.jpg?im=Resize,width=750"|""|"https://xcdn.next.co.uk/common/items/default/default/itemimages/3_4Ratio/product/lge/V06597s6.jpg?im=Resize,width=750"|""|"Regular"|""|"50% TENCEL™ lyocell, 50% Viscose."|""|"Machine washable."|""|""|""|""|""|""|""|""|""|""|""|""|""|""|""|""|""|""|"True"|""|"V06-597-2XL_RegP"|""|""|""|""|""|""|""|""|""
"V06-597-3XL_Reg"|"next"|""|""|""|""|""|""|""|"2026-03-27"|"Mid Blue N.Premium Denim Boyfriend Oversized Shirt"|"Next"|""|""|""|""|"Home"|"Women"|"Blouses & Shirts"|"Mid Blue N.Premium Denim Boyfriend Oversized Shirt"|""|""|""|"38.00"|"38.00"|""|""|""|""|""|""|""|""|""|""|""|""|""|"GBP"|"Home > Women > blouses & shirts > Mid Blue N.Premium Denim Boyfriend Oversized Shirt"|"https://www.next.co.uk/style/su862377/v06597#v06597"|""|""|""|""|""|""|""|""|""|""|""|""|""|""|""|""|""|""|""|""|""|""|""|""|""|""|""|""|""|""|""|""|""|"Mid Blue"|""|""|""|""|""|""|"3XL Reg"|"5.0"|"3"|""|"https://xcdn.next.co.uk/common/items/default/default/itemimages/3_4Ratio/product/lge/V06597s.jpg?im=Resize,width=750"|""|"https://xcdn.next.co.uk/common/items/default/default/itemimages/3_4Ratio/product/lge/V06597s2.jpg?im=Resize,width=750"|""|"https://xcdn.next.co.uk/common/items/default/default/itemimages/3_4Ratio/product/lge/V06597s3.jpg?im=Resize,width=750"|""|"https://xcdn.next.co.uk/common/items/default/default/itemimages/3_4Ratio/product/lge/V06597s4.jpg?im=Resize,width=750"|""|"https://xcdn.next.co.uk/common/items/default/default/itemimages/3_4Ratio/product/lge/V06597s5.jpg?im=Resize,width=750"|""|"https://xcdn.next.co.uk/common/items/default/default/itemimages/3_4Ratio/product/lge/V06597s6.jpg?im=Resize,width=750"|""|"Regular"|""|"50% TENCEL™ lyocell, 50% Viscose."|""|"Machine washable."|""|""|""|""|""|""|""|""|""|""|""|""|""|""|""|""|""|""|"True"|""|"V06-597-3XL_RegP"|""|""|""|""|""|""|""|""|""
"V06-597-S_Tall"|"next"|""|""|""|""|""|""|""|"2026-03-27"|"Mid Blue N.Premium Denim Boyfriend Oversized Shirt"|"Next"|""|""|""|""|"Home"|"Women"|"Blouses & Shirts"|"Mid Blue N.Premium Denim Boyfriend Oversized Shirt"|""|""|""|"38.00"|"38.00"|""|""|""|""|""|""|""|""|""|""|""|""|""|"GBP"|"Home > Women > blouses & shirts > Mid Blue N.Premium Denim Boyfriend Oversized Shirt"|"https://www.next.co.uk/style/su862377/v06597#v06597"|""|""|""|""|""|""|""|""|""|""|""|""|""|""|""|""|""|""|""|""|""|""|""|""|""|""|""|""|""|""|""|""|""|"Mid Blue"|""|""|""|""|""|""|"S Tall"|"5.0"|"3"|""|"https://xcdn.next.co.uk/common/items/default/default/itemimages/3_4Ratio/product/lge/V06597s.jpg?im=Resize,width=750"|""|"https://xcdn.next.co.uk/common/items/default/default/itemimages/3_4Ratio/product/lge/V06597s2.jpg?im=Resize,width=750"|""|"https://xcdn.next.co.uk/common/items/default/default/itemimages/3_4Ratio/product/lge/V06597s3.jpg?im=Resize,width=750"|""|"https://xcdn.next.co.uk/common/items/default/default/itemimages/3_4Ratio/product/lge/V06597s4.jpg?im=Resize,width=750"|""|"https://xcdn.next.co.uk/common/items/default/default/itemimages/3_4Ratio/product/lge/V06597s5.jpg?im=Resize,width=750"|""|"https://xcdn.next.co.uk/common/items/default/default/itemimages/3_4Ratio/product/lge/V06597s6.jpg?im=Resize,width=750"|""|"Regular"|""|"50% TENCEL™ lyocell, 50% Viscose."|""|"Machine washable."|""|""|""|""|""|""|""|""|""|""|""|""|""|""|""|""|""|""|"False"|""|"V06-597-S_TallP"|""|""|""|""|""|""|""|""|""
"V06-597-M_Tall"|"next"|""|""|""|""|""|""|""|"2026-03-27"|"Mid Blue N.Premium Denim Boyfriend Oversized Shirt"|"Next"|""|""|""|""|"Home"|"Women"|"Blouses & Shirts"|"Mid Blue N.Premium Denim Boyfriend Oversized Shirt"|""|""|""|"38.00"|"38.00"|""|""|""|""|""|""|""|""|""|""|""|""|""|"GBP"|"Home > Women > blouses & shirts > Mid Blue N.Premium Denim Boyfriend Oversized Shirt"|"https://www.next.co.uk/style/su862377/v06597#v06597"|""|""|""|""|""|""|""|""|""|""|""|""|""|""|""|""|""|""|""|""|""|""|""|""|""|""|""|""|""|""|""|""|""|"Mid Blue"|""|""|""|""|""|""|"M Tall"|"5.0"|"3"|""|"https://xcdn.next.co.uk/common/items/default/default/itemimages/3_4Ratio/product/lge/V06597s.jpg?im=Resize,width=750"|""|"https://xcdn.next.co.uk/common/items/default/default/itemimages/3_4Ratio/product/lge/V06597s2.jpg?im=Resize,width=750"|""|"https://xcdn.next.co.uk/common/items/default/default/itemimages/3_4Ratio/product/lge/V06597s3.jpg?im=Resize,width=750"|""|"https://xcdn.next.co.uk/common/items/default/default/itemimages/3_4Ratio/product/lge/V06597s4.jpg?im=Resize,width=750"|""|"https://xcdn.next.co.uk/common/items/default/default/itemimages/3_4Ratio/product/lge/V06597s5.jpg?im=Resize,width=750"|""|"https://xcdn.next.co.uk/common/items/default/default/itemimages/3_4Ratio/product/lge/V06597s6.jpg?im=Resize,width=750"|""|"Regular"|""|"50% TENCEL™ lyocell, 50% Viscose."|""|"Machine washable."|""|""|""|""|""|""|""|""|""|""|""|""|""|""|""|""|""|""|"False"|""|"V06-597-M_TallP"|""|""|""|""|""|""|""|""|""
"V06-597-L_Tall"|"next"|""|""|""|""|""|""|""|"2026-03-27"|"Mid Blue N.Premium Denim Boyfriend Oversized Shirt"|"Next"|""|""|""|""|"Home"|"Women"|"Blouses & Shirts"|"Mid Blue N.Premium Denim Boyfriend Oversized Shirt"|""|""|""|"38.00"|"38.00"|""|""|""|""|""|""|""|""|""|""|""|""|""|"GBP"|"Home > Women > blouses & shirts > Mid Blue N.Premium Denim Boyfriend Oversized Shirt"|"https://www.next.co.uk/style/su862377/v06597#v06597"|""|""|""|""|""|""|""|""|""|""|""|""|""|""|""|""|""|""|""|""|""|""|""|""|""|""|""|""|""|""|""|""|""|"Mid Blue"|""|""|""|""|""|""|"L Tall"|"5.0"|"3"|""|"https://xcdn.next.co.uk/common/items/default/default/itemimages/3_4Ratio/product/lge/V06597s.jpg?im=Resize,width=750"|""|"https://xcdn.next.co.uk/common/items/default/default/itemimages/3_4Ratio/product/lge/V06597s2.jpg?im=Resize,width=750"|""|"https://xcdn.next.co.uk/common/items/default/default/itemimages/3_4Ratio/product/lge/V06597s3.jpg?im=Resize,width=750"|""|"https://xcdn.next.co.uk/common/items/default/default/itemimages/3_4Ratio/product/lge/V06597s4.jpg?im=Resize,width=750"|""|"https://xcdn.next.co.uk/common/items/default/default/itemimages/3_4Ratio/product/lge/V06597s5.jpg?im=Resize,width=750"|""|"https://xcdn.next.co.uk/common/items/default/default/itemimages/3_4Ratio/product/lge/V06597s6.jpg?im=Resize,width=750"|""|"Regular"|""|"50% TENCEL™ lyocell, 50% Viscose."|""|"Machine washable."|""|""|""|""|""|""|""|""|""|""|""|""|""|""|""|""|""|""|"True"|""|"V06-597-L_TallP"|""|""|""|""|""|""|""|""|""
"V06-597-XL_Tall"|"next"|""|""|""|""|""|""|""|"2026-03-27"|"Mid Blue N.Premium Denim Boyfriend Oversized Shirt"|"Next"|""|""|""|""|"Home"|"Women"|"Blouses & Shirts"|"Mid Blue N.Premium Denim Boyfriend Oversized Shirt"|""|""|""|"38.00"|"38.00"|""|""|""|""|""|""|""|""|""|""|""|""|""|"GBP"|"Home > Women > blouses & shirts > Mid Blue N.Premium Denim Boyfriend Oversized Shirt"|"https://www.next.co.uk/style/su862377/v06597#v06597"|""|""|""|""|""|""|""|""|""|""|""|""|""|""|""|""|""|""|""|""|""|""|""|""|""|""|""|""|""|""|""|""|""|"Mid Blue"|""|""|""|""|""|""|"XL Tall"|"5.0"|"3"|""|"https://xcdn.next.co.uk/common/items/default/default/itemimages/3_4Ratio/product/lge/V06597s.jpg?im=Resize,width=750"|""|"https://xcdn.next.co.uk/common/items/default/default/itemimages/3_4Ratio/product/lge/V06597s2.jpg?im=Resize,width=750"|""|"https://xcdn.next.co.uk/common/items/default/default/itemimages/3_4Ratio/product/lge/V06597s3.jpg?im=Resize,width=750"|""|"https://xcdn.next.co.uk/common/items/default/default/itemimages/3_4Ratio/product/lge/V06597s4.jpg?im=Resize,width=750"|""|"https://xcdn.next.co.uk/common/items/default/default/itemimages/3_4Ratio/product/lge/V06597s5.jpg?im=Resize,width=750"|""|"https://xcdn.next.co.uk/common/items/default/default/itemimages/3_4Ratio/product/lge/V06597s6.jpg?im=Resize,width=750"|""|"Regular"|""|"50% TENCEL™ lyocell, 50% Viscose."|""|"Machine washable."|""|""|""|""|""|""|""|""|""|""|""|""|""|""|""|""|""|""|"False"|""|"V06-597-XL_TallP"|""|""|""|""|""|""|""|""|""
"V06-597-2XL_Tall"|"next"|""|""|""|""|""|""|""|"2026-03-27"|"Mid Blue N.Premium Denim Boyfriend Oversized Shirt"|"Next"|""|""|""|""|"Home"|"Women"|"Blouses & Shirts"|"Mid Blue N.Premium Denim Boyfriend Oversized Shirt"|""|""|""|"38.00"|"38.00"|""|""|""|""|""|""|""|""|""|""|""|""|""|"GBP"|"Home > Women > blouses & shirts > Mid Blue N.Premium Denim Boyfriend Oversized Shirt"|"https://www.next.co.uk/style/su862377/v06597#v06597"|""|""|""|""|""|""|""|""|""|""|""|""|""|""|""|""|""|""|""|""|""|""|""|""|""|""|""|""|""|""|""|""|""|"Mid Blue"|""|""|""|""|""|""|"2XL Tall"|"5.0"|"3"|""|"https://xcdn.next.co.uk/common/items/default/default/itemimages/3_4Ratio/product/lge/V06597s.jpg?im=Resize,width=750"|""|"https://xcdn.next.co.uk/common/items/default/default/itemimages/3_4Ratio/product/lge/V06597s2.jpg?im=Resize,width=750"|""|"https://xcdn.next.co.uk/common/items/default/default/itemimages/3_4Ratio/product/lge/V06597s3.jpg?im=Resize,width=750"|""|"https://xcdn.next.co.uk/common/items/default/default/itemimages/3_4Ratio/product/lge/V06597s4.jpg?im=Resize,width=750"|""|"https://xcdn.next.co.uk/common/items/default/default/itemimages/3_4Ratio/product/lge/V06597s5.jpg?im=Resize,width=750"|""|"https://xcdn.next.co.uk/common/items/default/default/itemimages/3_4Ratio/product/lge/V06597s6.jpg?im=Resize,width=750"|""|"Regular"|""|"50% TENCEL™ lyocell, 50% Viscose."|""|"Machine washable."|""|""|""|""|""|""|""|""|""|""|""|""|""|""|""|""|""|""|"False"|""|"V06-597-2XL_TallP"|""|""|""|""|""|""|""|""|""
"V26-333-6"|"next"|""|""|""|""|""|""|""|"2026-03-27"|"White/Black Stripe Stripe High Waist Wide Leg Trousers"|"Next"|""|""|""|""|"Home"|"Women"|"Coord"|"White/Black Stripe Stripe High Waist Wide Leg Trousers"|""|""|""|"45.00"|"45.00"|""|""|""|""|""|""|""|""|""|""|""|""|""|"GBP"|"Home > Women > coord > White/Black Stripe Stripe High Waist Wide Leg Trousers"|"https://www.next.co.uk/style/su903500/v26333#v26333"|""|""|""|""|""|""|""|""|""|""|""|""|""|""|""|""|""|""|""|""|""|""|""|""|""|""|""|""|""|""|""|""|""|"White/Black Stripe"|""|""|""|""|""|""|"6"|"2.0"|"1"|""|"https://xcdn.next.co.uk/common/items/default/default/itemimages/3_4Ratio/product/lge/V26333s.jpg?im=Resize,width=750"|""|"https://xcdn.next.co.uk/common/items/default/default/itemimages/3_4Ratio/product/lge/V26333s2.jpg?im=Resize,width=750"|""|"https://xcdn.next.co.uk/common/items/default/default/itemimages/3_4Ratio/product/lge/V26333s3.jpg?im=Resize,width=750"|""|"https://xcdn.next.co.uk/common/items/default/default/itemimages/3_4Ratio/product/lge/V26333s4.jpg?im=Resize,width=750"|""|"https://xcdn.next.co.uk/common/items/default/default/itemimages/3_4Ratio/product/lge/V26333s5.jpg?im=Resize,width=750"|""|"https://xcdn.next.co.uk/common/items/default/default/itemimages/3_4Ratio/product/lge/V26333s6.jpg?im=Resize,width=750"|""|"Regular"|""|"53% LENZING™ ECOVERO™ Viscose, 47% Viscose."|""|"Machine washable."|""|""|""|""|""|""|""|""|""|""|""|""|""|""|""|""|""|""|"False"|""|"V26-333-6P"|""|""|""|""|""|""|""|""|""
"V26-333-8"|"next"|""|""|""|""|""|""|""|"2026-03-27"|"White/Black Stripe Stripe High Waist Wide Leg Trousers"|"Next"|""|""|""|""|"Home"|"Women"|"Coord"|"White/Black Stripe Stripe High Waist Wide Leg Trousers"|""|""|""|"45.00"|"45.00"|""|""|""|""|""|""|""|""|""|""|""|""|""|"GBP"|"Home > Women > coord > White/Black Stripe Stripe High Waist Wide Leg Trousers"|"https://www.next.co.uk/style/su903500/v26333#v26333"|""|""|""|""|""|""|""|""|""|""|""|""|""|""|""|""|""|""|""|""|""|""|""|""|""|""|""|""|""|""|""|""|""|"White/Black Stripe"|""|""|""|""|""|""|"8"|"2.0"|"1"|""|"https://xcdn.next.co.uk/common/items/default/default/itemimages/3_4Ratio/product/lge/V26333s.jpg?im=Resize,width=750"|""|"https://xcdn.next.co.uk/common/items/default/default/itemimages/3_4Ratio/product/lge/V26333s2.jpg?im=Resize,width=750"|""|"https://xcdn.next.co.uk/common/items/default/default/itemimages/3_4Ratio/product/lge/V26333s3.jpg?im=Resize,width=750"|""|"https://xcdn.next.co.uk/common/items/default/default/itemimages/3_4Ratio/product/lge/V26333s4.jpg?im=Resize,width=750"|""|"https://xcdn.next.co.uk/common/items/default/default/itemimages/3_4Ratio/product/lge/V26333s5.jpg?im=Resize,width=750"|""|"https://xcdn.next.co.uk/common/items/default/default/itemimages/3_4Ratio/product/lge/V26333s6.jpg?im=Resize,width=750"|""|"Regular"|""|"53% LENZING™ ECOVERO™ Viscose, 47% Viscose."|""|"Machine washable."|""|""|""|""|""|""|""|""|""|""|""|""|""|""|""|""|""|""|"True"|""|"V26-333-8P"|""|""|""|""|""|""|""|""|""
"V26-333-10"|"next"|""|""|""|""|""|""|""|"2026-03-27"|"White/Black Stripe Stripe High Waist Wide Leg Trousers"|"Next"|""|""|""|""|"Home"|"Women"|"Coord"|"White/Black Stripe Stripe High Waist Wide Leg Trousers"|""|""|""|"45.00"|"45.00"|""|""|""|""|""|""|""|""|""|""|""|""|""|"GBP"|"Home > Women > coord > White/Black Stripe Stripe High Waist Wide Leg Trousers"|"https://www.next.co.uk/style/su903500/v26333#v26333"|""|""|""|""|""|""|""|""|""|""|""|""|""|""|""|""|""|""|""|""|""|""|""|""|""|""|""|""|""|""|""|""|""|"White/Black Stripe"|""|""|""|""|""|""|"10"|"2.0"|"1"|""|"https://xcdn.next.co.uk/common/items/default/default/itemimages/3_4Ratio/product/lge/V26333s.jpg?im=Resize,width=750"|""|"https://xcdn.next.co.uk/common/items/default/default/itemimages/3_4Ratio/product/lge/V26333s2.jpg?im=Resize,width=750"|""|"https://xcdn.next.co.uk/common/items/default/default/itemimages/3_4Ratio/product/lge/V26333s3.jpg?im=Resize,width=750"|""|"https://xcdn.next.co.uk/common/items/default/default/itemimages/3_4Ratio/product/lge/V26333s4.jpg?im=Resize,width=750"|""|"https://xcdn.next.co.uk/common/items/default/default/itemimages/3_4Ratio/product/lge/V26333s5.jpg?im=Resize,width=750"|""|"https://xcdn.next.co.uk/common/items/default/default/itemimages/3_4Ratio/product/lge/V26333s6.jpg?im=Resize,width=750"|""|"Regular"|""|"53% LENZING™ ECOVERO™ Viscose, 47% Viscose."|""|"Machine washable."|""|""|""|""|""|""|""|""|""|""|""|""|""|""|""|""|""|""|"True"|""|"V26-333-10P"|""|""|""|""|""|""|""|""|""
"V26-333-12"|"next"|""|""|""|""|""|""|""|"2026-03-27"|"White/Black Stripe Stripe High Waist Wide Leg Trousers"|"Next"|""|""|""|""|"Home"|"Women"|"Coord"|"White/Black Stripe Stripe High Waist Wide Leg Trousers"|""|""|""|"45.00"|"45.00"|""|""|""|""|""|""|""|""|""|""|""|""|""|"GBP"|"Home > Women > coord > White/Black Stripe Stripe High Waist Wide Leg Trousers"|"https://www.next.co.uk/style/su903500/v26333#v26333"|""|""|""|""|""|""|""|""|""|""|""|""|""|""|""|""|""|""|""|""|""|""|""|""|""|""|""|""|""|""|""|""|""|"White/Black Stripe"|""|""|""|""|""|""|"12"|"2.0"|"1"|""|"https://xcdn.next.co.uk/common/items/default/default/itemimages/3_4Ratio/product/lge/V26333s.jpg?im=Resize,width=750"|""|"https://xcdn.next.co.uk/common/items/default/default/itemimages/3_4Ratio/product/lge/V26333s2.jpg?im=Resize,width=750"|""|"https://xcdn.next.co.uk/common/items/default/default/itemimages/3_4Ratio/product/lge/V26333s3.jpg?im=Resize,width=750"|""|"https://xcdn.next.co.uk/common/items/default/default/itemimages/3_4Ratio/product/lge/V26333s4.jpg?im=Resize,width=750"|""|"https://xcdn.next.co.uk/common/items/default/default/itemimages/3_4Ratio/product/lge/V26333s5.jpg?im=Resize,width=750"|""|"https://xcdn.next.co.uk/common/items/default/default/itemimages/3_4Ratio/product/lge/V26333s6.jpg?im=Resize,width=750"|""|"Regular"|""|"53% LENZING™ ECOVERO™ Viscose, 47% Viscose."|""|"Machine washable."|""|""|""|""|""|""|""|""|""|""|""|""|""|""|""|""|""|""|"True"|""|"V26-333-12P"|""|""|""|""|""|""|""|""|""
"V26-333-14"|"next"|""|""|""|""|""|""|""|"2026-03-27"|"White/Black Stripe Stripe High Waist Wide Leg Trousers"|"Next"|""|""|""|""|"Home"|"Women"|"Coord"|"White/Black Stripe Stripe High Waist Wide Leg Trousers"|""|""|""|"45.00"|"45.00"|""|""|""|""|""|""|""|""|""|""|""|""|""|"GBP"|"Home > Women > coord > White/Black Stripe Stripe High Waist Wide Leg Trousers"|"https://www.next.co.uk/style/su903500/v26333#v26333"|""|""|""|""|""|""|""|""|""|""|""|""|""|""|""|""|""|""|""|""|""|""|""|""|""|""|""|""|""|""|""|""|""|"White/Black Stripe"|""|""|""|""|""|""|"14"|"2.0"|"1"|""|"https://xcdn.next.co.uk/common/items/default/default/itemimages/3_4Ratio/product/lge/V26333s.jpg?im=Resize,width=750"|""|"https://xcdn.next.co.uk/common/items/default/default/itemimages/3_4Ratio/product/lge/V26333s2.jpg?im=Resize,width=750"|""|"https://xcdn.next.co.uk/common/items/default/default/itemimages/3_4Ratio/product/lge/V26333s3.jpg?im=Resize,width=750"|""|"https://xcdn.next.co.uk/common/items/default/default/itemimages/3_4Ratio/product/lge/V26333s4.jpg?im=Resize,width=750"|""|"https://xcdn.next.co.uk/common/items/default/default/itemimages/3_4Ratio/product/lge/V26333s5.jpg?im=Resize,width=750"|""|"https://xcdn.next.co.uk/common/items/default/default/itemimages/3_4Ratio/product/lge/V26333s6.jpg?im=Resize,width=750"|""|"Regular"|""|"53% LENZING™ ECOVERO™ Viscose, 47% Viscose."|""|"Machine washable."|""|""|""|""|""|""|""|""|""|""|""|""|""|""|""|""|""|""|"True"|""|"V26-333-14P"|""|""|""|""|""|""|""|""|""
"V26-333-16"|"next"|""|""|""|""|""|""|""|"2026-03-27"|"White/Black Stripe Stripe High Waist Wide Leg Trousers"|"Next"|""|""|""|""|"Home"|"Women"|"Coord"|"White/Black Stripe Stripe High Waist Wide Leg Trousers"|""|""|""|"45.00"|"45.00"|""|""|""|""|""|""|""|""|""|""|""|""|""|"GBP"|"Home > Women > coord > White/Black Stripe Stripe High Waist Wide Leg Trousers"|"https://www.next.co.uk/style/su903500/v26333#v26333"|""|""|""|""|""|""|""|""|""|""|""|""|""|""|""|""|""|""|""|""|""|""|""|""|""|""|""|""|""|""|""|""|""|"White/Black Stripe"|""|""|""|""|""|""|"16"|"2.0"|"1"|""|"https://xcdn.next.co.uk/common/items/default/default/itemimages/3_4Ratio/product/lge/V26333s.jpg?im=Resize,width=750"|""|"https://xcdn.next.co.uk/common/items/default/default/itemimages/3_4Ratio/product/lge/V26333s2.jpg?im=Resize,width=750"|""|"https://xcdn.next.co.uk/common/items/default/default/itemimages/3_4Ratio/product/lge/V26333s3.jpg?im=Resize,width=750"|""|"https://xcdn.next.co.uk/common/items/default/default/itemimages/3_4Ratio/product/lge/V26333s4.jpg?im=Resize,width=750"|""|"https://xcdn.next.co.uk/common/items/default/default/itemimages/3_4Ratio/product/lge/V26333s5.jpg?im=Resize,width=750"|""|"https://xcdn.next.co.uk/common/items/default/default/itemimages/3_4Ratio/product/lge/V26333s6.jpg?im=Resize,width=750"|""|"Regular"|""|"53% LENZING™ ECOVERO™ Viscose, 47% Viscose."|""|"Machine washable."|""|""|""|""|""|""|""|""|""|""|""|""|""|""|""|""|""|""|"True"|""|"V26-333-16P"|""|""|""|""|""|""|""|""|""
"V26-333-18"|"next"|""|""|""|""|""|""|""|"2026-03-27"|"White/Black Stripe Stripe High Waist Wide Leg Trousers"|"Next"|""|""|""|""|"Home"|"Women"|"Coord"|"White/Black Stripe Stripe High Waist Wide Leg Trousers"|""|""|""|"45.00"|"45.00"|""|""|""|""|""|""|""|""|""|""|""|""|""|"GBP"|"Home > Women > coord > White/Black Stripe Stripe High Waist Wide Leg Trousers"|"https://www.next.co.uk/style/su903500/v26333#v26333"|""|""|""|""|""|""|""|""|""|""|""|""|""|""|""|""|""|""|""|""|""|""|""|""|""|""|""|""|""|""|""|""|""|"White/Black Stripe"|""|""|""|""|""|""|"18"|"2.0"|"1"|""|"https://xcdn.next.co.uk/common/items/default/default/itemimages/3_4Ratio/product/lge/V26333s.jpg?im=Resize,width=750"|""|"https://xcdn.next.co.uk/common/items/default/default/itemimages/3_4Ratio/product/lge/V26333s2.jpg?im=Resize,width=750"|""|"https://xcdn.next.co.uk/common/items/default/default/itemimages/3_4Ratio/product/lge/V26333s3.jpg?im=Resize,width=750"|""|"https://xcdn.next.co.uk/common/items/default/default/itemimages/3_4Ratio/product/lge/V26333s4.jpg?im=Resize,width=750"|""|"https://xcdn.next.co.uk/common/items/default/default/itemimages/3_4Ratio/product/lge/V26333s5.jpg?im=Resize,width=750"|""|"https://xcdn.next.co.uk/common/items/default/default/itemimages/3_4Ratio/product/lge/V26333s6.jpg?im=Resize,width=750"|""|"Regular"|""|"53% LENZING™ ECOVERO™ Viscose, 47% Viscose."|""|"Machine washable."|""|""|""|""|""|""|""|""|""|""|""|""|""|""|""|""|""|""|"True"|""|"V26-333-18P"|""|""|""|""|""|""|""|""|""
"V26-333-20"|"next"|""|""|""|""|""|""|""|"2026-03-27"|"White/Black Stripe Stripe High Waist Wide Leg Trousers"|"Next"|""|""|""|""|"Home"|"Women"|"Coord"|"White/Black Stripe Stripe High Waist Wide Leg Trousers"|""|""|""|"45.00"|"45.00"|""|""|""|""|""|""|""|""|""|""|""|""|""|"GBP"|"Home > Women > coord > White/Black Stripe Stripe High Waist Wide Leg Trousers"|"https://www.next.co.uk/style/su903500/v26333#v26333"|""|""|""|""|""|""|""|""|""|""|""|""|""|""|""|""|""|""|""|""|""|""|""|""|""|""|""|""|""|""|""|""|""|"White/Black Stripe"|""|""|""|""|""|""|"20"|"2.0"|"1"|""|"https://xcdn.next.co.uk/common/items/default/default/itemimages/3_4Ratio/product/lge/V26333s.jpg?im=Resize,width=750"|""|"https://xcdn.next.co.uk/common/items/default/default/itemimages/3_4Ratio/product/lge/V26333s2.jpg?im=Resize,width=750"|""|"https://xcdn.next.co.uk/common/items/default/default/itemimages/3_4Ratio/product/lge/V26333s3.jpg?im=Resize,width=750"|""|"https://xcdn.next.co.uk/common/items/default/default/itemimages/3_4Ratio/product/lge/V26333s4.jpg?im=Resize,width=750"|""|"https://xcdn.next.co.uk/common/items/default/default/itemimages/3_4Ratio/product/lge/V26333s5.jpg?im=Resize,width=750"|""|"https://xcdn.next.co.uk/common/items/default/default/itemimages/3_4Ratio/product/lge/V26333s6.jpg?im=Resize,width=750"|""|"Regular"|""|"53% LENZING™ ECOVERO™ Viscose, 47% Viscose."|""|"Machine washable."|""|""|""|""|""|""|""|""|""|""|""|""|""|""|""|""|""|""|"True"|""|"V26-333-20P"|""|""|""|""|""|""|""|""|""
"V26-333-22"|"next"|""|""|""|""|""|""|""|"2026-03-27"|"White/Black Stripe Stripe High Waist Wide Leg Trousers"|"Next"|""|""|""|""|"Home"|"Women"|"Coord"|"White/Black Stripe Stripe High Waist Wide Leg Trousers"|""|""|""|"45.00"|"45.00"|""|""|""|""|""|""|""|""|""|""|""|""|""|"GBP"|"Home > Women > coord > White/Black Stripe Stripe High Waist Wide Leg Trousers"|"https://www.next.co.uk/style/su903500/v26333#v26333"|""|""|""|""|""|""|""|""|""|""|""|""|""|""|""|""|""|""|""|""|""|""|""|""|""|""|""|""|""|""|""|""|""|"White/Black Stripe"|""|""|""|""|""|""|"22"|"2.0"|"1"|""|"https://xcdn.next.co.uk/common/items/default/default/itemimages/3_4Ratio/product/lge/V26333s.jpg?im=Resize,width=750"|""|"https://xcdn.next.co.uk/common/items/default/default/itemimages/3_4Ratio/product/lge/V26333s2.jpg?im=Resize,width=750"|""|"https://xcdn.next.co.uk/common/items/default/default/itemimages/3_4Ratio/product/lge/V26333s3.jpg?im=Resize,width=750"|""|"https://xcdn.next.co.uk/common/items/default/default/itemimages/3_4Ratio/product/lge/V26333s4.jpg?im=Resize,width=750"|""|"https://xcdn.next.co.uk/common/items/default/default/itemimages/3_4Ratio/product/lge/V26333s5.jpg?im=Resize,width=750"|""|"https://xcdn.next.co.uk/common/items/default/default/itemimages/3_4Ratio/product/lge/V26333s6.jpg?im=Resize,width=750"|""|"Regular"|""|"53% LENZING™ ECOVERO™ Viscose, 47% Viscose."|""|"Machine washable."|""|""|""|""|""|""|""|""|""|""|""|""|""|""|""|""|""|""|"True"|""|"V26-333-22P"|""|""|""|""|""|""|""|""|""
